ISO-10303-21;
HEADER;
FILE_DESCRIPTION (( 'STEP AP203' ),
    '1' );
FILE_NAME ('шарнир.STEP',
    '2024-03-25T13:37:40',
    ( '' ),
    ( '' ),
    'SwSTEP 2.0',
    'SolidWorks 2018',
    '' );
FILE_SCHEMA (( 'CONFIG_CONTROL_DESIGN' ));
ENDSEC;

DATA;
#1 = DIRECTION ( 'NONE',  ( -1.000000000000000000, 0.0000000000000000000, 0.0000000000000000000 ) ) ;
#2 = VERTEX_POINT ( 'NONE', #752 ) ;
#3 = CARTESIAN_POINT ( 'NONE',  ( 13.00000000000000000, 1.999999999999998668, 10.00000000000000000 ) ) ;
#4 = VECTOR ( 'NONE', #1400, 1000.000000000000000 ) ;
#5 = LOCAL_TIME ( 16, 37, 40.00000000000000000, #566 ) ;
#6 = DIRECTION ( 'NONE',  ( 0.0000000000000000000, 0.0000000000000000000, -1.000000000000000000 ) ) ;
#7 = COORDINATED_UNIVERSAL_TIME_OFFSET ( 3, 0, .AHEAD. ) ;
#8 = CARTESIAN_POINT ( 'NONE',  ( 20.99999999999999645, -10.10000000000000142, 1.000000000000001332 ) ) ;
#9 = CC_DESIGN_DATE_AND_TIME_ASSIGNMENT ( #587, #1061, ( #975 ) ) ;
#10 = AXIS2_PLACEMENT_3D ( 'NONE', #26, #1155, #1045 ) ;
#11 = ORIENTED_EDGE ( 'NONE', *, *, #189, .F. ) ;
#12 = DIRECTION ( 'NONE',  ( -1.728896933618474661E-16, 1.000000000000000000, 0.0000000000000000000 ) ) ;
#13 = PLANE ( 'NONE',  #135 ) ;
#14 = VERTEX_POINT ( 'NONE', #529 ) ;
#15 = DIRECTION ( 'NONE',  ( -1.000000000000000000, 0.0000000000000000000, -0.0000000000000000000 ) ) ;
#16 = FACE_BOUND ( 'NONE', #848, .T. ) ;
#17 = EDGE_LOOP ( 'NONE', ( #1145, #1310, #707, #1315, #931 ) ) ;
#18 = VECTOR ( 'NONE', #713, 1000.000000000000000 ) ;
#19 = CARTESIAN_POINT ( 'NONE',  ( 24.00000000000000000, -12.10000000000000142, 10.00000000000000000 ) ) ;
#20 = FACE_OUTER_BOUND ( 'NONE', #1091, .T. ) ;
#21 = CARTESIAN_POINT ( 'NONE',  ( 5.000000000000001776, -14.20000000000000462, 5.000000000000000000 ) ) ;
#22 = EDGE_CURVE ( 'NONE', #1380, #1280, #1031, .T. ) ;
#23 = CARTESIAN_POINT ( 'NONE',  ( 15.99999999999999645, -10.10000000000000320, 10.00000000000000000 ) ) ;
#24 = CARTESIAN_POINT ( 'NONE',  ( 24.00000000000000000, -2.100000000000000089, 4.000000000000000000 ) ) ;
#25 = AXIS2_PLACEMENT_3D ( 'NONE', #766, #98, #887 ) ;
#26 = CARTESIAN_POINT ( 'NONE',  ( 11.00000000000000000, -6.100000000000001421, 1.000000000000000000 ) ) ;
#27 = DIRECTION ( 'NONE',  ( 0.0000000000000000000, 0.0000000000000000000, -1.000000000000000000 ) ) ;
#28 = ORIENTED_EDGE ( 'NONE', *, *, #1428, .T. ) ;
#29 = ORIENTED_EDGE ( 'NONE', *, *, #1062, .T. ) ;
#30 = DIRECTION ( 'NONE',  ( 1.000000000000000000, 1.846055003172022053E-16, 0.0000000000000000000 ) ) ;
#31 = ORIENTED_EDGE ( 'NONE', *, *, #220, .T. ) ;
#32 = FACE_OUTER_BOUND ( 'NONE', #368, .T. ) ;
#33 = VERTEX_POINT ( 'NONE', #436 ) ;
#34 = ORIENTED_EDGE ( 'NONE', *, *, #289, .F. ) ;
#35 = AXIS2_PLACEMENT_3D ( 'NONE', #522, #92, #753 ) ;
#36 = EDGE_CURVE ( 'NONE', #53, #1380, #659, .T. ) ;
#37 = VECTOR ( 'NONE', #880, 1000.000000000000000 ) ;
#38 = VERTEX_POINT ( 'NONE', #1116 ) ;
#39 = LINE ( 'NONE', #632, #648 ) ;
#40 = DIRECTION ( 'NONE',  ( 1.000000000000000000, 0.0000000000000000000, 0.0000000000000000000 ) ) ;
#41 = CARTESIAN_POINT ( 'NONE',  ( 0.6169246707852970024, -12.70000000000000639, 6.650000000000000355 ) ) ;
#42 = CYLINDRICAL_SURFACE ( 'NONE', #780, 1.500000000000000444 ) ;
#43 = DATE_AND_TIME ( #296, #1364 ) ;
#44 = DIRECTION ( 'NONE',  ( -0.0000000000000000000, 1.000000000000000000, -0.0000000000000000000 ) ) ;
#45 = CARTESIAN_POINT ( 'NONE',  ( 5.000000000000001776, -12.20000000000000639, 5.000000000000000000 ) ) ;
#46 = CARTESIAN_POINT ( 'NONE',  ( 13.00000000000000000, 1.999999999999998668, 10.00000000000000000 ) ) ;
#47 = ORIENTED_EDGE ( 'NONE', *, *, #681, .F. ) ;
#48 = DIRECTION ( 'NONE',  ( 0.0000000000000000000, 0.0000000000000000000, 1.000000000000000000 ) ) ;
#49 = ORIENTED_EDGE ( 'NONE', *, *, #447, .F. ) ;
#50 = CARTESIAN_POINT ( 'NONE',  ( 24.00000000000000000, -0.09999999999999971412, 10.00000000000000000 ) ) ;
#51 = EDGE_LOOP ( 'NONE', ( #701, #861, #845, #758 ) ) ;
#52 = EDGE_CURVE ( 'NONE', #740, #814, #1242, .T. ) ;
#53 = VERTEX_POINT ( 'NONE', #1100 ) ;
#54 = CARTESIAN_POINT ( 'NONE',  ( 18.09999999999999787, 1.400000000000000133, 5.000000000000000000 ) ) ;
#55 = VERTEX_POINT ( 'NONE', #439 ) ;
#56 = CARTESIAN_POINT ( 'NONE',  ( 6.000000000000000000, 0.0000000000000000000, 4.000000000000000000 ) ) ;
#57 = ORIENTED_EDGE ( 'NONE', *, *, #1101, .F. ) ;
#58 = FACE_BOUND ( 'NONE', #1447, .T. ) ;
#59 = DIRECTION ( 'NONE',  ( -0.0000000000000000000, 0.0000000000000000000, -1.000000000000000000 ) ) ;
#60 = ADVANCED_FACE ( 'NONE', ( #1285 ), #875, .T. ) ;
#61 = AXIS2_PLACEMENT_3D ( 'NONE', #481, #471, #238 ) ;
#62 = DIRECTION ( 'NONE',  ( -1.000000000000000000, 1.113315271952140498E-17, -0.0000000000000000000 ) ) ;
#63 = EDGE_CURVE ( 'NONE', #899, #446, #1009, .T. ) ;
#64 = EDGE_CURVE ( 'NONE', #1096, #218, #97, .T. ) ;
#65 = DIRECTION ( 'NONE',  ( -1.000000000000000000, -2.891205793294678326E-16, -4.481368979606751924E-15 ) ) ;
#66 = ADVANCED_FACE ( 'NONE', ( #512 ), #1072, .T. ) ;
#67 = ORIENTED_EDGE ( 'NONE', *, *, #621, .T. ) ;
#68 = EDGE_LOOP ( 'NONE', ( #1082, #69, #950, #1287, #1049, #465, #775, #835, #167, #876, #746, #1224, #1263, #1393, #1258, #721 ) ) ;
#69 = ORIENTED_EDGE ( 'NONE', *, *, #1166, .F. ) ;
#70 = VECTOR ( 'NONE', #413, 1000.000000000000000 ) ;
#71 = VECTOR ( 'NONE', #111, 1000.000000000000000 ) ;
#72 = EDGE_CURVE ( 'NONE', #658, #448, #338, .T. ) ;
#73 = VECTOR ( 'NONE', #1080, 1000.000000000000000 ) ;
#74 = VECTOR ( 'NONE', #431, 1000.000000000000000 ) ;
#75 = ADVANCED_FACE ( 'NONE', ( #451 ), #317, .T. ) ;
#76 = PERSON_AND_ORGANIZATION ( #1039, #873 ) ;
#77 = DIRECTION ( 'NONE',  ( 7.339214706055730761E-17, -1.000000000000000000, 0.0000000000000000000 ) ) ;
#78 = PERSON_AND_ORGANIZATION ( #1039, #873 ) ;
#79 = DIRECTION ( 'NONE',  ( 5.826542358333473423E-19, -1.000000000000000000, -0.0000000000000000000 ) ) ;
#80 = CARTESIAN_POINT ( 'NONE',  ( 1.058181320345853511E-15, -12.20000000000000639, 3.349999999999999645 ) ) ;
#81 = ORIENTED_EDGE ( 'NONE', *, *, #981, .T. ) ;
#82 = ORIENTED_EDGE ( 'NONE', *, *, #459, .F. ) ;
#83 = AXIS2_PLACEMENT_3D ( 'NONE', #1385, #143, #794 ) ;
#84 = LINE ( 'NONE', #1427, #629 ) ;
#85 = CARTESIAN_POINT ( 'NONE',  ( 1.150484070504454626E-15, -12.70000000000000639, 0.0000000000000000000 ) ) ;
#86 = CARTESIAN_POINT ( 'NONE',  ( 24.00000000000000000, -0.09999999999999971412, 0.0000000000000000000 ) ) ;
#87 = PRODUCT_DEFINITION_SHAPE ( 'NONE', 'NONE',  #507 ) ;
#88 = VECTOR ( 'NONE', #336, 1000.000000000000000 ) ;
#89 = VECTOR ( 'NONE', #44, 1000.000000000000000 ) ;
#90 = CARTESIAN_POINT ( 'NONE',  ( 18.00000000000000355, -12.20000000000000284, 4.000000000000000000 ) ) ;
#91 = DIRECTION ( 'NONE',  ( -1.000802005371235004E-16, 1.000000000000000000, -0.0000000000000000000 ) ) ;
#92 = DIRECTION ( 'NONE',  ( 0.0000000000000000000, 0.0000000000000000000, -1.000000000000000000 ) ) ;
#93 = EDGE_CURVE ( 'NONE', #676, #974, #1227, .T. ) ;
#94 = VERTEX_POINT ( 'NONE', #1228 ) ;
#95 = ORIENTED_EDGE ( 'NONE', *, *, #1066, .F. ) ;
#96 = LINE ( 'NONE', #818, #70 ) ;
#97 = LINE ( 'NONE', #213, #1262 ) ;
#98 = DIRECTION ( 'NONE',  ( 1.846055003172022053E-16, -1.000000000000000000, 0.0000000000000000000 ) ) ;
#99 = FACE_OUTER_BOUND ( 'NONE', #1352, .T. ) ;
#100 = VECTOR ( 'NONE', #48, 1000.000000000000000 ) ;
#101 = CARTESIAN_POINT ( 'NONE',  ( -0.6895995171110637090, -12.70000000000000639, 6.650000000000000355 ) ) ;
#102 = CARTESIAN_POINT ( 'NONE',  ( 18.09999999999999787, 1.400000000000000133, 5.000000000000000000 ) ) ;
#103 = CARTESIAN_POINT ( 'NONE',  ( 24.00000000000000000, -12.10000000000000142, 0.0000000000000000000 ) ) ;
#104 = AXIS2_PLACEMENT_3D ( 'NONE', #267, #715, #708 ) ;
#105 = CARTESIAN_POINT ( 'NONE',  ( 1.058181320345853511E-15, -12.20000000000000639, 0.0000000000000000000 ) ) ;
#106 = ORIENTED_EDGE ( 'NONE', *, *, #934, .F. ) ;
#107 = DIRECTION ( 'NONE',  ( -0.0000000000000000000, -1.000000000000000000, -0.0000000000000000000 ) ) ;
#108 = ORIENTED_EDGE ( 'NONE', *, *, #289, .T. ) ;
#109 = VERTEX_POINT ( 'NONE', #1216 ) ;
#110 = ORIENTED_EDGE ( 'NONE', *, *, #168, .T. ) ;
#111 = DIRECTION ( 'NONE',  ( -0.0000000000000000000, -0.0000000000000000000, -1.000000000000000000 ) ) ;
#112 = VECTOR ( 'NONE', #274, 1000.000000000000000 ) ;
#113 = CARTESIAN_POINT ( 'NONE',  ( 13.00000000000000178, -14.20000000000000284, 10.00000000000000000 ) ) ;
#114 = ORIENTED_EDGE ( 'NONE', *, *, #1078, .F. ) ;
#115 = SHAPE_DEFINITION_REPRESENTATION ( #87, #940 ) ;
#116 = EDGE_CURVE ( 'NONE', #38, #478, #850, .T. ) ;
#117 = DIRECTION ( 'NONE',  ( 1.000000000000000000, 8.673617379884040402E-17, 0.0000000000000000000 ) ) ;
#118 = LINE ( 'NONE', #383, #869 ) ;
#119 = CARTESIAN_POINT ( 'NONE',  ( 11.00000000000000000, -2.100000000000000977, 1.000000000000000000 ) ) ;
#120 = CARTESIAN_POINT ( 'NONE',  ( 0.6169246707852957812, 0.0000000000000000000, 6.650000000000000355 ) ) ;
#121 = CC_DESIGN_PERSON_AND_ORGANIZATION_ASSIGNMENT ( #1147, #1028, ( #975 ) ) ;
#122 = AXIS2_PLACEMENT_3D ( 'NONE', #102, #1343, #1231 ) ;
#123 = CARTESIAN_POINT ( 'NONE',  ( 11.00000000000000178, -12.20000000000000462, 0.0000000000000000000 ) ) ;
#124 = ORIENTED_EDGE ( 'NONE', *, *, #72, .F. ) ;
#125 = DIRECTION ( 'NONE',  ( 0.0000000000000000000, 0.0000000000000000000, -1.000000000000000000 ) ) ;
#126 = ORIENTED_EDGE ( 'NONE', *, *, #64, .T. ) ;
#127 = ORIENTED_EDGE ( 'NONE', *, *, #889, .T. ) ;
#128 = DIRECTION ( 'NONE',  ( 1.000802005371235004E-16, -1.000000000000000000, 0.0000000000000000000 ) ) ;
#129 = CIRCLE ( 'NONE', #1306, 1.500000000000000444 ) ;
#130 = VERTEX_POINT ( 'NONE', #423 ) ;
#131 = EDGE_CURVE ( 'NONE', #109, #653, #1088, .T. ) ;
#132 = ORIENTED_EDGE ( 'NONE', *, *, #261, .T. ) ;
#133 = DIRECTION ( 'NONE',  ( -1.000000000000000000, -1.846055003172022053E-16, 0.0000000000000000000 ) ) ;
#134 = LINE ( 'NONE', #1405, #18 ) ;
#135 = AXIS2_PLACEMENT_3D ( 'NONE', #1002, #327, #552 ) ;
#136 = CARTESIAN_POINT ( 'NONE',  ( 1.144917494144693866E-15, -12.70000000000000639, 3.349999999999999645 ) ) ;
#137 = ORIENTED_EDGE ( 'NONE', *, *, #261, .F. ) ;
#138 = FACE_OUTER_BOUND ( 'NONE', #480, .T. ) ;
#139 = CARTESIAN_POINT ( 'NONE',  ( 18.00000000000000355, -10.10000000000000320, 10.00000000000000000 ) ) ;
#140 = PLANE ( 'NONE',  #883 ) ;
#141 = VECTOR ( 'NONE', #678, 1000.000000000000000 ) ;
#142 = CARTESIAN_POINT ( 'NONE',  ( 11.00000000000000000, -2.100000000000000977, 9.000000000000001776 ) ) ;
#143 = DIRECTION ( 'NONE',  ( 5.826542358333473423E-19, -1.000000000000000000, 0.0000000000000000000 ) ) ;
#144 = DIRECTION ( 'NONE',  ( 1.113315271952140498E-17, 1.000000000000000000, -0.0000000000000000000 ) ) ;
#145 = VERTEX_POINT ( 'NONE', #593 ) ;
#146 = VECTOR ( 'NONE', #1246, 1000.000000000000000 ) ;
#147 = ORIENTED_EDGE ( 'NONE', *, *, #934, .T. ) ;
#148 = EDGE_LOOP ( 'NONE', ( #409, #476, #879, #791, #774, #353 ) ) ;
#149 = CARTESIAN_POINT ( 'NONE',  ( 11.00000000000000178, -12.20000000000000462, 10.00000000000000000 ) ) ;
#150 = EDGE_CURVE ( 'NONE', #1390, #609, #291, .T. ) ;
#151 = FACE_OUTER_BOUND ( 'NONE', #388, .T. ) ;
#152 = CARTESIAN_POINT ( 'NONE',  ( 11.00000000000000000, -1.224646799147354440E-16, 10.00000000000000000 ) ) ;
#153 = VERTEX_POINT ( 'NONE', #41 ) ;
#154 = ADVANCED_FACE ( 'NONE', ( #221 ), #256, .T. ) ;
#155 = AXIS2_PLACEMENT_3D ( 'NONE', #56, #1414, #825 ) ;
#156 = DIRECTION ( 'NONE',  ( -1.734723475976808080E-16, 1.000000000000000000, -0.0000000000000000000 ) ) ;
#157 = ORIENTED_EDGE ( 'NONE', *, *, #749, .T. ) ;
#158 = CIRCLE ( 'NONE', #1233, 6.000000000000000000 ) ;
#159 = VECTOR ( 'NONE', #716, 1000.000000000000000 ) ;
#160 = EDGE_CURVE ( 'NONE', #1413, #38, #617, .T. ) ;
#161 = CIRCLE ( 'NONE', #1370, 1.650000000000000355 ) ;
#162 = CARTESIAN_POINT ( 'NONE',  ( 6.650000000000003020, -12.20000000000000639, 5.000000000000000000 ) ) ;
#163 = EDGE_LOOP ( 'NONE', ( #1004, #1022, #177, #1161, #728 ) ) ;
#164 = ORIENTED_EDGE ( 'NONE', *, *, #1124, .F. ) ;
#165 = CARTESIAN_POINT ( 'NONE',  ( 18.09999999999999787, -0.09999999999999982514, 5.000000000000000000 ) ) ;
#166 = EDGE_LOOP ( 'NONE', ( #1420, #1115, #702, #132 ) ) ;
#167 = ORIENTED_EDGE ( 'NONE', *, *, #339, .T. ) ;
#168 = EDGE_CURVE ( 'NONE', #998, #268, #1357, .T. ) ;
#169 = ORIENTED_EDGE ( 'NONE', *, *, #751, .F. ) ;
#170 = ADVANCED_FACE ( 'NONE', ( #779 ), #1042, .F. ) ;
#171 = ORIENTED_EDGE ( 'NONE', *, *, #63, .T. ) ;
#172 = CARTESIAN_POINT ( 'NONE',  ( 24.00000000000000000, -10.10000000000000142, 0.0000000000000000000 ) ) ;
#173 = FACE_OUTER_BOUND ( 'NONE', #969, .T. ) ;
#174 = ADVANCED_FACE ( 'NONE', ( #151 ), #1443, .T. ) ;
#175 = AXIS2_PLACEMENT_3D ( 'NONE', #505, #500, #403 ) ;
#176 = EDGE_CURVE ( 'NONE', #1204, #1027, #987, .T. ) ;
#177 = ORIENTED_EDGE ( 'NONE', *, *, #1337, .F. ) ;
#178 = ORIENTED_EDGE ( 'NONE', *, *, #406, .T. ) ;
#179 = ORIENTED_EDGE ( 'NONE', *, *, #460, .T. ) ;
#180 = AXIS2_PLACEMENT_3D ( 'NONE', #85, #209, #1215 ) ;
#181 = CLOSED_SHELL ( 'NONE', ( #1189, #837, #154, #1290, #1426, #1407, #733, #400, #170, #272, #849, #503, #842, #393, #1065, #614, #60, #174, #1302, #498, #1081, #709, #700, #591, #1193, #266, #1419, #255, #597, #1074, #960, #1170, #384, #282, #66, #485, #75, #1434, #949, #929, #724 ) ) ;
#182 = UNCERTAINTY_MEASURE_WITH_UNIT (LENGTH_MEASURE( 1.000000000000000082E-05 ), #229, 'distance_accuracy_value', 'NONE');
#183 = ORIENTED_EDGE ( 'NONE', *, *, #501, .F. ) ;
#184 = DIRECTION ( 'NONE',  ( 1.846055003172022053E-16, -1.000000000000000000, 0.0000000000000000000 ) ) ;
#185 = ORIENTED_EDGE ( 'NONE', *, *, #908, .F. ) ;
#186 = DIRECTION ( 'NONE',  ( -1.000000000000000000, 1.807003620809173954E-17, -4.481368979606751924E-15 ) ) ;
#187 = DIRECTION ( 'NONE',  ( 0.0000000000000000000, 1.000000000000000000, 0.0000000000000000000 ) ) ;
#188 = LINE ( 'NONE', #1040, #748 ) ;
#189 = EDGE_CURVE ( 'NONE', #1204, #446, #134, .T. ) ;
#190 = DIRECTION ( 'NONE',  ( -1.113315271952140498E-17, -1.000000000000000000, 0.0000000000000000000 ) ) ;
#191 = ORIENTED_EDGE ( 'NONE', *, *, #326, .T. ) ;
#192 = AXIS2_PLACEMENT_3D ( 'NONE', #925, #264, #1421 ) ;
#193 = CARTESIAN_POINT ( 'NONE',  ( 11.00000000000000000, -1.224646799147354440E-16, 10.00000000000000000 ) ) ;
#194 = DIRECTION ( 'NONE',  ( 0.0000000000000000000, 0.0000000000000000000, 1.000000000000000000 ) ) ;
#195 = ORIENTED_EDGE ( 'NONE', *, *, #667, .F. ) ;
#196 = CARTESIAN_POINT ( 'NONE',  ( 5.999999999999998224, 1.999999999999999556, 10.00000000000000000 ) ) ;
#197 = VERTEX_POINT ( 'NONE', #265 ) ;
#198 = CIRCLE ( 'NONE', #343, 6.000000000000000000 ) ;
#199 = ORIENTED_EDGE ( 'NONE', *, *, #1428, .F. ) ;
#200 = AXIS2_PLACEMENT_3D ( 'NONE', #822, #270, #937 ) ;
#201 = AXIS2_PLACEMENT_3D ( 'NONE', #90, #865, #194 ) ;
#202 = ORIENTED_EDGE ( 'NONE', *, *, #667, .T. ) ;
#203 = CARTESIAN_POINT ( 'NONE',  ( 11.00000000000000000, -6.100000000000001421, 1.000000000000000000 ) ) ;
#204 = CARTESIAN_POINT ( 'NONE',  ( 5.000000000000001776, -12.70000000000000462, 6.650000000000000355 ) ) ;
#205 = ORIENTED_EDGE ( 'NONE', *, *, #488, .T. ) ;
#206 = EDGE_CURVE ( 'NONE', #513, #1123, #683, .T. ) ;
#207 = ORIENTED_EDGE ( 'NONE', *, *, #710, .T. ) ;
#208 = LINE ( 'NONE', #80, #1075 ) ;
#209 = DIRECTION ( 'NONE',  ( 1.846055003172022053E-16, -1.000000000000000000, 0.0000000000000000000 ) ) ;
#210 = CARTESIAN_POINT ( 'NONE',  ( 3.350000000000000977, -12.70000000000000462, 5.000000000000000000 ) ) ;
#211 = VECTOR ( 'NONE', #1281, 1000.000000000000000 ) ;
#212 = LINE ( 'NONE', #897, #309 ) ;
#213 = CARTESIAN_POINT ( 'NONE',  ( 13.00000000000000000, 1.999999999999998668, 0.0000000000000000000 ) ) ;
#214 = EDGE_CURVE ( 'NONE', #609, #935, #798, .T. ) ;
#215 = VERTEX_POINT ( 'NONE', #1289 ) ;
#216 = CARTESIAN_POINT ( 'NONE',  ( 18.09999999999999787, 1.400000000000000133, 3.499999999999999112 ) ) ;
#217 = ORIENTED_EDGE ( 'NONE', *, *, #557, .T. ) ;
#218 = VERTEX_POINT ( 'NONE', #489 ) ;
#219 = FACE_OUTER_BOUND ( 'NONE', #17, .T. ) ;
#220 = EDGE_CURVE ( 'NONE', #796, #55, #1087, .T. ) ;
#221 = FACE_OUTER_BOUND ( 'NONE', #1296, .T. ) ;
#222 = APPROVAL_DATE_TIME ( #781, #357 ) ;
#223 = VERTEX_POINT ( 'NONE', #1037 ) ;
#224 = ORIENTED_EDGE ( 'NONE', *, *, #634, .T. ) ;
#225 = AXIS2_PLACEMENT_3D ( 'NONE', #1272, #819, #474 ) ;
#226 = CIRCLE ( 'NONE', #83, 1.650000000000000355 ) ;
#227 = CARTESIAN_POINT ( 'NONE',  ( 6.000000000000000000, 1.999999999999999556, 4.000000000000000000 ) ) ;
#228 = DIRECTION ( 'NONE',  ( 0.0000000000000000000, 0.0000000000000000000, 1.000000000000000000 ) ) ;
#229 =( LENGTH_UNIT ( ) NAMED_UNIT ( * ) SI_UNIT ( .MILLI., .METRE. ) );
#230 = ORIENTED_EDGE ( 'NONE', *, *, #829, .T. ) ;
#231 = DIRECTION ( 'NONE',  ( 0.0000000000000000000, 0.0000000000000000000, -1.000000000000000000 ) ) ;
#232 =( NAMED_UNIT ( * ) SI_UNIT ( $, .STERADIAN. ) SOLID_ANGLE_UNIT ( ) );
#233 = EDGE_LOOP ( 'NONE', ( #1003, #293, #301, #1334, #508, #583 ) ) ;
#234 = CIRCLE ( 'NONE', #762, 1.500000000000000444 ) ;
#235 = CARTESIAN_POINT ( 'NONE',  ( 11.00000000000000000, -2.100000000000000977, 9.000000000000001776 ) ) ;
#236 = CARTESIAN_POINT ( 'NONE',  ( 18.00000000000000355, -12.10000000000000320, 10.00000000000000000 ) ) ;
#237 = DIRECTION ( 'NONE',  ( 0.0000000000000000000, 0.0000000000000000000, -1.000000000000000000 ) ) ;
#238 = DIRECTION ( 'NONE',  ( 1.000000000000000000, 0.0000000000000000000, 0.0000000000000000000 ) ) ;
#239 = VECTOR ( 'NONE', #107, 1000.000000000000000 ) ;
#240 = EDGE_CURVE ( 'NONE', #639, #1390, #615, .T. ) ;
#241 = EDGE_CURVE ( 'NONE', #218, #1206, #884, .T. ) ;
#242 = CARTESIAN_POINT ( 'NONE',  ( 6.000000000000000888, -12.20000000000000462, 4.000000000000000000 ) ) ;
#243 = VECTOR ( 'NONE', #117, 1000.000000000000000 ) ;
#244 = PLANE ( 'NONE',  #1345 ) ;
#245 = CARTESIAN_POINT ( 'NONE',  ( 18.00000000000000355, -10.10000000000000320, 4.000000000000000000 ) ) ;
#246 = DIRECTION ( 'NONE',  ( 0.0000000000000000000, 1.000000000000000000, 0.0000000000000000000 ) ) ;
#247 = ORIENTED_EDGE ( 'NONE', *, *, #526, .F. ) ;
#248 = ORIENTED_EDGE ( 'NONE', *, *, #557, .F. ) ;
#249 = ORIENTED_EDGE ( 'NONE', *, *, #240, .F. ) ;
#250 = CARTESIAN_POINT ( 'NONE',  ( 5.000000000000001776, -12.20000000000000639, 5.000000000000000000 ) ) ;
#251 = EDGE_CURVE ( 'NONE', #444, #1096, #467, .T. ) ;
#252 = EDGE_LOOP ( 'NONE', ( #730, #114, #527, #217, #1149, #469 ) ) ;
#253 = LINE ( 'NONE', #1435, #604 ) ;
#254 = DIRECTION ( 'NONE',  ( 5.826542358333473423E-19, -1.000000000000000000, -0.0000000000000000000 ) ) ;
#255 = ADVANCED_FACE ( 'NONE', ( #1355 ), #292, .F. ) ;
#256 = CYLINDRICAL_SURFACE ( 'NONE', #616, 1.500000000000000444 ) ;
#257 = DIRECTION ( 'NONE',  ( 1.728896933618474661E-16, -1.000000000000000000, -0.0000000000000000000 ) ) ;
#258 = ORIENTED_EDGE ( 'NONE', *, *, #1069, .T. ) ;
#259 = LINE ( 'NONE', #907, #1436 ) ;
#260 = PERSON_AND_ORGANIZATION_ROLE ( 'creator' ) ;
#261 = EDGE_CURVE ( 'NONE', #867, #130, #864, .T. ) ;
#262 = CARTESIAN_POINT ( 'NONE',  ( 20.99999999999999645, -2.100000000000000089, 1.224646799147352862E-15 ) ) ;
#263 = CYLINDRICAL_SURFACE ( 'NONE', #200, 1.650000000000000355 ) ;
#264 = DIRECTION ( 'NONE',  ( 0.0000000000000000000, -0.0000000000000000000, 1.000000000000000000 ) ) ;
#265 = CARTESIAN_POINT ( 'NONE',  ( 0.0000000000000000000, 0.5000000000000000000, 4.000000000000000000 ) ) ;
#266 = ADVANCED_FACE ( 'NONE', ( #1052 ), #738, .F. ) ;
#267 = CARTESIAN_POINT ( 'NONE',  ( 5.566576359760703260E-18, 0.5000000000000000000, 0.0000000000000000000 ) ) ;
#268 = VERTEX_POINT ( 'NONE', #1188 ) ;
#269 = VERTEX_POINT ( 'NONE', #1076 ) ;
#270 = DIRECTION ( 'NONE',  ( 5.826542358333473423E-19, -1.000000000000000000, -0.0000000000000000000 ) ) ;
#271 = EDGE_LOOP ( 'NONE', ( #882, #199, #1327, #1169 ) ) ;
#272 = ADVANCED_FACE ( 'NONE', ( #303, #219 ), #392, .F. ) ;
#273 = ORIENTED_EDGE ( 'NONE', *, *, #131, .T. ) ;
#274 = DIRECTION ( 'NONE',  ( -1.734723475976808080E-16, 1.000000000000000000, -0.0000000000000000000 ) ) ;
#275 = ORIENTED_EDGE ( 'NONE', *, *, #962, .F. ) ;
#276 = CC_DESIGN_PERSON_AND_ORGANIZATION_ASSIGNMENT ( #1340, #670, ( #1366 ) ) ;
#277 = CARTESIAN_POINT ( 'NONE',  ( 18.09999999999999787, -0.09999999999999982514, 6.500000000000000888 ) ) ;
#278 = LINE ( 'NONE', #310, #417 ) ;
#279 = CARTESIAN_POINT ( 'NONE',  ( 1.405126015541214930E-15, -14.20000000000000639, 10.00000000000000000 ) ) ;
#280 = EDGE_CURVE ( 'NONE', #55, #509, #1226, .T. ) ;
#281 = FACE_OUTER_BOUND ( 'NONE', #252, .T. ) ;
#282 = ADVANCED_FACE ( 'NONE', ( #585 ), #840, .F. ) ;
#283 = ORIENTED_EDGE ( 'NONE', *, *, #320, .F. ) ;
#284 = ORIENTED_EDGE ( 'NONE', *, *, #1101, .T. ) ;
#285 = ORIENTED_EDGE ( 'NONE', *, *, #751, .T. ) ;
#286 = FACE_OUTER_BOUND ( 'NONE', #166, .T. ) ;
#287 = CARTESIAN_POINT ( 'NONE',  ( 0.0000000000000000000, 0.5000000000000000000, 3.349999999999999645 ) ) ;
#288 = ORIENTED_EDGE ( 'NONE', *, *, #1107, .F. ) ;
#289 = EDGE_CURVE ( 'NONE', #153, #627, #290, .T. ) ;
#290 = CIRCLE ( 'NONE', #1112, 6.000000000000000000 ) ;
#291 = LINE ( 'NONE', #603, #4 ) ;
#292 = PLANE ( 'NONE',  #953 ) ;
#293 = ORIENTED_EDGE ( 'NONE', *, *, #477, .T. ) ;
#294 = VECTOR ( 'NONE', #805, 1000.000000000000000 ) ;
#295 = VECTOR ( 'NONE', #901, 1000.000000000000000 ) ;
#296 = CALENDAR_DATE ( 2024, 25, 3 ) ;
#297 = AXIS2_PLACEMENT_3D ( 'NONE', #1118, #769, #1241 ) ;
#298 = CARTESIAN_POINT ( 'NONE',  ( 24.00000000000000000, -0.09999999999999971412, 0.0000000000000000000 ) ) ;
#299 = CARTESIAN_POINT ( 'NONE',  ( 0.6169246707852957812, -6.868316576293165889E-18, 6.650000000000000355 ) ) ;
#300 = VERTEX_POINT ( 'NONE', #287 ) ;
#301 = ORIENTED_EDGE ( 'NONE', *, *, #962, .T. ) ;
#302 = DIRECTION ( 'NONE',  ( 0.0000000000000000000, 0.0000000000000000000, -1.000000000000000000 ) ) ;
#303 = FACE_BOUND ( 'NONE', #844, .T. ) ;
#304 = EDGE_CURVE ( 'NONE', #1097, #94, #253, .T. ) ;
#305 = CARTESIAN_POINT ( 'NONE',  ( 0.0000000000000000000, 2.000000000000000000, 10.00000000000000000 ) ) ;
#306 = DIRECTION ( 'NONE',  ( -1.113315271952140498E-17, -1.000000000000000000, 0.0000000000000000000 ) ) ;
#307 = VECTOR ( 'NONE', #530, 1000.000000000000000 ) ;
#308 = CARTESIAN_POINT ( 'NONE',  ( 5.000000000000000888, 2.913271179166737482E-18, 5.000000000000000000 ) ) ;
#309 = VECTOR ( 'NONE', #564, 1000.000000000000000 ) ;
#310 = CARTESIAN_POINT ( 'NONE',  ( -0.6895995171110648192, 0.5000000000000000000, 3.349999999999999645 ) ) ;
#311 = EDGE_CURVE ( 'NONE', #625, #893, #449, .T. ) ;
#312 = APPROVAL_STATUS ( 'not_yet_approved' ) ;
#313 = DIRECTION ( 'NONE',  ( -1.113315271952140498E-17, -1.000000000000000000, 0.0000000000000000000 ) ) ;
#314 = ORIENTED_EDGE ( 'NONE', *, *, #150, .T. ) ;
#315 = LINE ( 'NONE', #193, #1395 ) ;
#316 = CARTESIAN_POINT ( 'NONE',  ( 3.350000000000000089, 0.5000000000000000000, 5.000000000000000000 ) ) ;
#317 = CYLINDRICAL_SURFACE ( 'NONE', #201, 6.000000000000000000 ) ;
#318 = AXIS2_PLACEMENT_3D ( 'NONE', #1219, #1203, #516 ) ;
#319 = CALENDAR_DATE ( 2024, 25, 3 ) ;
#320 = EDGE_CURVE ( 'NONE', #658, #1244, #744, .T. ) ;
#321 = CIRCLE ( 'NONE', #297, 1.500000000000000444 ) ;
#322 = DIRECTION ( 'NONE',  ( -0.0000000000000000000, 0.0000000000000000000, 1.000000000000000000 ) ) ;
#323 = PLANE ( 'NONE',  #851 ) ;
#324 = LINE ( 'NONE', #120, #514 ) ;
#325 = CALENDAR_DATE ( 2024, 25, 3 ) ;
#326 = EDGE_CURVE ( 'NONE', #676, #1347, #84, .T. ) ;
#327 = DIRECTION ( 'NONE',  ( -0.0000000000000000000, 0.0000000000000000000, -1.000000000000000000 ) ) ;
#328 = DIRECTION ( 'NONE',  ( -1.000000000000000000, 1.000802005371235128E-16, -0.0000000000000000000 ) ) ;
#329 = PLANE ( 'NONE',  #1150 ) ;
#330 = EDGE_CURVE ( 'NONE', #1378, #957, #412, .T. ) ;
#331 = APPROVAL_STATUS ( 'not_yet_approved' ) ;
#332 = ORIENTED_EDGE ( 'NONE', *, *, #1394, .F. ) ;
#333 = DIRECTION ( 'NONE',  ( -1.000000000000000000, -0.0000000000000000000, -0.0000000000000000000 ) ) ;
#334 = ORIENTED_EDGE ( 'NONE', *, *, #1194, .T. ) ;
#335 = ORIENTED_EDGE ( 'NONE', *, *, #93, .F. ) ;
#336 = DIRECTION ( 'NONE',  ( -1.734723475976808080E-16, 1.000000000000000000, -0.0000000000000000000 ) ) ;
#337 = CARTESIAN_POINT ( 'NONE',  ( 18.00000000000000355, -2.100000000000000089, 4.000000000000000000 ) ) ;
#338 = CIRCLE ( 'NONE', #1212, 6.000000000000000000 ) ;
#339 = EDGE_CURVE ( 'NONE', #676, #688, #1396, .T. ) ;
#340 = DIRECTION ( 'NONE',  ( -1.000000000000000000, -1.000802005371235004E-16, 0.0000000000000000000 ) ) ;
#341 = FACE_BOUND ( 'NONE', #712, .T. ) ;
#342 = CARTESIAN_POINT ( 'NONE',  ( 13.00000000000000000, -0.09999999999999971412, 10.00000000000000000 ) ) ;
#343 = AXIS2_PLACEMENT_3D ( 'NONE', #1175, #823, #828 ) ;
#344 = DIRECTION ( 'NONE',  ( 0.0000000000000000000, 0.0000000000000000000, 1.000000000000000000 ) ) ;
#345 = CARTESIAN_POINT ( 'NONE',  ( 18.09999999999999787, -0.09999999999999982514, 5.000000000000000000 ) ) ;
#346 = CC_DESIGN_APPROVAL ( #1269, ( #507 ) ) ;
#347 = DIRECTION ( 'NONE',  ( 1.000000000000000000, 0.0000000000000000000, 0.0000000000000000000 ) ) ;
#348 = DIRECTION ( 'NONE',  ( -0.0000000000000000000, 1.000000000000000000, -0.0000000000000000000 ) ) ;
#349 = CARTESIAN_POINT ( 'NONE',  ( 18.09999999999999787, -12.10000000000000320, 6.500000000000000888 ) ) ;
#350 = VERTEX_POINT ( 'NONE', #1309 ) ;
#351 = EDGE_CURVE ( 'NONE', #1413, #1096, #118, .T. ) ;
#352 = CARTESIAN_POINT ( 'NONE',  ( 5.000000000000001776, -14.20000000000000462, 5.000000000000000000 ) ) ;
#353 = ORIENTED_EDGE ( 'NONE', *, *, #420, .F. ) ;
#354 = ORIENTED_EDGE ( 'NONE', *, *, #833, .F. ) ;
#355 = DIRECTION ( 'NONE',  ( -0.0000000000000000000, 0.0000000000000000000, -1.000000000000000000 ) ) ;
#356 = LINE ( 'NONE', #1234, #71 ) ;
#357 = APPROVAL ( #312, 'UNSPECIFIED' ) ;
#358 = CC_DESIGN_PERSON_AND_ORGANIZATION_ASSIGNMENT ( #668, #1377, ( #507 ) ) ;
#359 = CARTESIAN_POINT ( 'NONE',  ( 24.00000000000000000, -2.100000000000000089, 0.0000000000000000000 ) ) ;
#360 = CARTESIAN_POINT ( 'NONE',  ( 0.0000000000000000000, 2.000000000000000000, 0.0000000000000000000 ) ) ;
#361 = VECTOR ( 'NONE', #79, 1000.000000000000000 ) ;
#362 = VECTOR ( 'NONE', #994, 1000.000000000000000 ) ;
#363 = CARTESIAN_POINT ( 'NONE',  ( 24.00000000000000000, -12.10000000000000142, 10.00000000000000000 ) ) ;
#364 = CARTESIAN_POINT ( 'NONE',  ( -0.6895995171110648192, 7.677416739305698883E-18, 3.349999999999999645 ) ) ;
#365 = CARTESIAN_POINT ( 'NONE',  ( 18.09999999999999787, 1.400000000000000133, 6.500000000000000888 ) ) ;
#366 = ORIENTED_EDGE ( 'NONE', *, *, #1144, .F. ) ;
#367 = DIRECTION ( 'NONE',  ( -0.0000000000000000000, 0.0000000000000000000, -1.000000000000000000 ) ) ;
#368 = EDGE_LOOP ( 'NONE', ( #595, #137, #1346, #896 ) ) ;
#369 = FACE_OUTER_BOUND ( 'NONE', #1086, .T. ) ;
#370 = DIRECTION ( 'NONE',  ( -1.000000000000000000, -1.734723475976808080E-16, -0.0000000000000000000 ) ) ;
#371 = ORIENTED_EDGE ( 'NONE', *, *, #1305, .T. ) ;
#372 = VECTOR ( 'NONE', #948, 1000.000000000000000 ) ;
#373 = CARTESIAN_POINT ( 'NONE',  ( 0.0000000000000000000, 0.0000000000000000000, 0.0000000000000000000 ) ) ;
#374 = PLANE ( 'NONE',  #421 ) ;
#375 = EDGE_CURVE ( 'NONE', #598, #899, #1423, .T. ) ;
#376 = ORIENTED_EDGE ( 'NONE', *, *, #280, .F. ) ;
#377 = DIRECTION ( 'NONE',  ( 0.0000000000000000000, 0.0000000000000000000, -1.000000000000000000 ) ) ;
#378 = ORIENTED_EDGE ( 'NONE', *, *, #402, .T. ) ;
#379 = VECTOR ( 'NONE', #628, 1000.000000000000000 ) ;
#380 = CARTESIAN_POINT ( 'NONE',  ( 0.0000000000000000000, 0.0000000000000000000, 4.000000000000000000 ) ) ;
#381 = LINE ( 'NONE', #380, #89 ) ;
#382 = DIRECTION ( 'NONE',  ( -1.734723475976808080E-16, 1.000000000000000000, 0.0000000000000000000 ) ) ;
#383 = CARTESIAN_POINT ( 'NONE',  ( 13.00000000000000000, -0.09999999999999971412, 10.00000000000000000 ) ) ;
#384 = ADVANCED_FACE ( 'NONE', ( #58, #1106 ), #1433, .F. ) ;
#385 = CARTESIAN_POINT ( 'NONE',  ( 11.00000000000000000, -1.224646799147354440E-16, 10.00000000000000000 ) ) ;
#386 = DIRECTION ( 'NONE',  ( -1.000000000000000000, -7.339214706055730761E-17, 0.0000000000000000000 ) ) ;
#387 = ORIENTED_EDGE ( 'NONE', *, *, #903, .T. ) ;
#388 = EDGE_LOOP ( 'NONE', ( #569, #1143, #95, #1044 ) ) ;
#389 = ORIENTED_EDGE ( 'NONE', *, *, #390, .T. ) ;
#390 = EDGE_CURVE ( 'NONE', #673, #627, #731, .T. ) ;
#391 = CIRCLE ( 'NONE', #797, 1.500000000000000444 ) ;
#392 = PLANE ( 'NONE',  #898 ) ;
#393 = ADVANCED_FACE ( 'NONE', ( #1288 ), #637, .F. ) ;
#394 = EDGE_CURVE ( 'NONE', #269, #215, #502, .T. ) ;
#395 = ORIENTED_EDGE ( 'NONE', *, *, #433, .T. ) ;
#396 = CIRCLE ( 'NONE', #401, 1.500000000000000444 ) ;
#397 = CARTESIAN_POINT ( 'NONE',  ( 24.00000000000000000, -12.10000000000000142, 4.000000000000000000 ) ) ;
#398 = VECTOR ( 'NONE', #599, 1000.000000000000000 ) ;
#399 = LOCAL_TIME ( 16, 37, 40.00000000000000000, #694 ) ;
#400 = ADVANCED_FACE ( 'NONE', ( #1185, #1016 ), #1321, .F. ) ;
#401 = AXIS2_PLACEMENT_3D ( 'NONE', #1210, #187, #1326 ) ;
#402 = EDGE_CURVE ( 'NONE', #877, #677, #1304, .T. ) ;
#403 = DIRECTION ( 'NONE',  ( 1.000000000000000000, 0.0000000000000000000, 0.0000000000000000000 ) ) ;
#404 = AXIS2_PLACEMENT_3D ( 'NONE', #422, #1439, #1328 ) ;
#405 = EDGE_LOOP ( 'NONE', ( #519, #285, #185, #521 ) ) ;
#406 = EDGE_CURVE ( 'NONE', #33, #463, #906, .T. ) ;
#407 = FACE_OUTER_BOUND ( 'NONE', #1318, .T. ) ;
#408 = CARTESIAN_POINT ( 'NONE',  ( 5.000000000000000888, 0.5000000000000000000, 5.000000000000000000 ) ) ;
#409 = ORIENTED_EDGE ( 'NONE', *, *, #176, .T. ) ;
#410 = EDGE_CURVE ( 'NONE', #688, #513, #608, .T. ) ;
#411 = ORIENTED_EDGE ( 'NONE', *, *, #1294, .T. ) ;
#412 = LINE ( 'NONE', #1418, #361 ) ;
#413 = DIRECTION ( 'NONE',  ( 1.000000000000000000, 1.000802005371234881E-16, -0.0000000000000000000 ) ) ;
#414 = VECTOR ( 'NONE', #979, 1000.000000000000000 ) ;
#415 = LOCAL_TIME ( 16, 37, 40.00000000000000000, #1011 ) ;
#416 = EDGE_LOOP ( 'NONE', ( #1297, #1275, #579, #1178 ) ) ;
#417 = VECTOR ( 'NONE', #1451, 1000.000000000000000 ) ;
#418 = CIRCLE ( 'NONE', #61, 1.650000000000000355 ) ;
#419 = DIRECTION ( 'NONE',  ( 1.734723475976808080E-16, -1.000000000000000000, -0.0000000000000000000 ) ) ;
#420 = EDGE_CURVE ( 'NONE', #1204, #673, #208, .T. ) ;
#421 = AXIS2_PLACEMENT_3D ( 'NONE', #385, #144, #1274 ) ;
#422 = CARTESIAN_POINT ( 'NONE',  ( 5.000000000000001776, -12.70000000000000462, 5.000000000000000000 ) ) ;
#423 = CARTESIAN_POINT ( 'NONE',  ( 15.99999999999999645, -2.100000000000000533, 9.000000000000001776 ) ) ;
#424 = DIRECTION ( 'NONE',  ( -1.846055003172022053E-16, 1.000000000000000000, -0.0000000000000000000 ) ) ;
#425 = ORIENTED_EDGE ( 'NONE', *, *, #1284, .F. ) ;
#426 = ORIENTED_EDGE ( 'NONE', *, *, #160, .T. ) ;
#427 = VECTOR ( 'NONE', #808, 1000.000000000000000 ) ;
#428 = CARTESIAN_POINT ( 'NONE',  ( 6.000000000000000000, 0.4999999999999998890, 4.000000000000000000 ) ) ;
#429 = EDGE_CURVE ( 'NONE', #1205, #153, #839, .T. ) ;
#430 = VERTEX_POINT ( 'NONE', #860 ) ;
#431 = DIRECTION ( 'NONE',  ( -0.0000000000000000000, -0.0000000000000000000, -1.000000000000000000 ) ) ;
#432 = ORIENTED_EDGE ( 'NONE', *, *, #773, .F. ) ;
#433 = EDGE_CURVE ( 'NONE', #478, #658, #991, .T. ) ;
#434 = ORIENTED_EDGE ( 'NONE', *, *, #793, .F. ) ;
#435 = PLANE ( 'NONE',  #685 ) ;
#436 = CARTESIAN_POINT ( 'NONE',  ( 5.000000000000001776, -12.70000000000000462, 6.650000000000000355 ) ) ;
#437 = DIRECTION ( 'NONE',  ( -0.0000000000000000000, -0.0000000000000000000, -1.000000000000000000 ) ) ;
#438 = VECTOR ( 'NONE', #254, 1000.000000000000000 ) ;
#439 = CARTESIAN_POINT ( 'NONE',  ( 5.999999999999999112, -14.20000000000000462, 10.00000000000000000 ) ) ;
#440 = CARTESIAN_POINT ( 'NONE',  ( 0.0000000000000000000, 0.0000000000000000000, 10.00000000000000000 ) ) ;
#441 = AXIS2_PLACEMENT_3D ( 'NONE', #250, #1270, #1041 ) ;
#442 = DIRECTION ( 'NONE',  ( -1.113315271952140498E-17, -1.000000000000000000, 0.0000000000000000000 ) ) ;
#443 = DIRECTION ( 'NONE',  ( 1.734723475976808327E-16, -1.000000000000000000, 0.0000000000000000000 ) ) ;
#444 = VERTEX_POINT ( 'NONE', #86 ) ;
#445 = VECTOR ( 'NONE', #1094, 1000.000000000000000 ) ;
#446 = VERTEX_POINT ( 'NONE', #965 ) ;
#447 = EDGE_CURVE ( 'NONE', #740, #998, #396, .T. ) ;
#448 = VERTEX_POINT ( 'NONE', #299 ) ;
#449 = LINE ( 'NONE', #397, #112 ) ;
#450 = DIRECTION ( 'NONE',  ( 1.000000000000000000, 5.826542358333473423E-19, 0.0000000000000000000 ) ) ;
#451 = FACE_OUTER_BOUND ( 'NONE', #1197, .T. ) ;
#452 = AXIS2_PLACEMENT_3D ( 'NONE', #997, #556, #1128 ) ;
#453 = CARTESIAN_POINT ( 'NONE',  ( 1.405126015541214930E-15, -14.20000000000000639, 10.00000000000000000 ) ) ;
#454 = VECTOR ( 'NONE', #475, 1000.000000000000000 ) ;
#455 = DIRECTION ( 'NONE',  ( -1.734723475976808080E-16, 1.000000000000000000, 0.0000000000000000000 ) ) ;
#456 = LINE ( 'NONE', #1249, #438 ) ;
#457 = AXIS2_PLACEMENT_3D ( 'NONE', #561, #1136, #806 ) ;
#458 = EDGE_CURVE ( 'NONE', #300, #968, #278, .T. ) ;
#459 = EDGE_CURVE ( 'NONE', #957, #968, #922, .T. ) ;
#460 = EDGE_CURVE ( 'NONE', #2, #966, #39, .T. ) ;
#461 = APPLICATION_PROTOCOL_DEFINITION ( 'international standard', 'config_control_design', 1994, #909 ) ;
#462 = CARTESIAN_POINT ( 'NONE',  ( 11.00000000000000178, -10.10000000000000320, 1.000000000000000000 ) ) ;
#463 = VERTEX_POINT ( 'NONE', #1089 ) ;
#464 = CARTESIAN_POINT ( 'NONE',  ( 11.00000000000000178, -10.10000000000000320, 9.000000000000001776 ) ) ;
#465 = ORIENTED_EDGE ( 'NONE', *, *, #903, .F. ) ;
#466 = APPROVAL_STATUS ( 'not_yet_approved' ) ;
#467 = LINE ( 'NONE', #692, #1126 ) ;
#468 = ORIENTED_EDGE ( 'NONE', *, *, #866, .F. ) ;
#469 = ORIENTED_EDGE ( 'NONE', *, *, #1014, .T. ) ;
#470 = VECTOR ( 'NONE', #790, 1000.000000000000000 ) ;
#471 = DIRECTION ( 'NONE',  ( 5.826542358333473423E-19, -1.000000000000000000, 0.0000000000000000000 ) ) ;
#472 = VECTOR ( 'NONE', #333, 1000.000000000000000 ) ;
#473 = DIRECTION ( 'NONE',  ( -0.0000000000000000000, -1.000000000000000000, -0.0000000000000000000 ) ) ;
#474 = DIRECTION ( 'NONE',  ( 1.000000000000000000, 2.891205793294678819E-16, -8.673617379884036458E-16 ) ) ;
#475 = DIRECTION ( 'NONE',  ( -1.000802005371235004E-16, 1.000000000000000000, -0.0000000000000000000 ) ) ;
#476 = ORIENTED_EDGE ( 'NONE', *, *, #518, .F. ) ;
#477 = EDGE_CURVE ( 'NONE', #1083, #300, #1448, .T. ) ;
#478 = VERTEX_POINT ( 'NONE', #196 ) ;
#479 = VECTOR ( 'NONE', #767, 1000.000000000000000 ) ;
#480 = EDGE_LOOP ( 'NONE', ( #912, #947, #28, #719, #207, #862, #1313, #541, #1135 ) ) ;
#481 = CARTESIAN_POINT ( 'NONE',  ( 5.000000000000000888, 2.000000000000000000, 5.000000000000000000 ) ) ;
#482 = AXIS2_PLACEMENT_3D ( 'NONE', #337, #684, #558 ) ;
#483 = CARTESIAN_POINT ( 'NONE',  ( -0.6895995171110648192, 0.5000000000000000000, 6.650000000000000355 ) ) ;
#484 = DIRECTION ( 'NONE',  ( -0.0000000000000000000, 1.000000000000000000, -0.0000000000000000000 ) ) ;
#485 = ADVANCED_FACE ( 'NONE', ( #958 ), #323, .T. ) ;
#486 = PLANE ( 'NONE',  #104 ) ;
#487 = ORIENTED_EDGE ( 'NONE', *, *, #1455, .F. ) ;
#488 = EDGE_CURVE ( 'NONE', #935, #1073, #1229, .T. ) ;
#489 = CARTESIAN_POINT ( 'NONE',  ( 13.00000000000000000, 1.999999999999998668, 0.0000000000000000000 ) ) ;
#490 = FACE_OUTER_BOUND ( 'NONE', #1371, .T. ) ;
#491 = CARTESIAN_POINT ( 'NONE',  ( 0.0000000000000000000, 2.000000000000000000, 0.0000000000000000000 ) ) ;
#492 = EDGE_CURVE ( 'NONE', #630, #834, #1381, .T. ) ;
#493 = EDGE_LOOP ( 'NONE', ( #126, #531, #1253, #990 ) ) ;
#494 = ORIENTED_EDGE ( 'NONE', *, *, #729, .F. ) ;
#495 = AXIS2_PLACEMENT_3D ( 'NONE', #602, #836, #499 ) ;
#496 = EDGE_CURVE ( 'NONE', #1083, #1254, #1245, .T. ) ;
#497 = LINE ( 'NONE', #902, #427 ) ;
#498 = ADVANCED_FACE ( 'NONE', ( #99 ), #892, .F. ) ;
#499 = DIRECTION ( 'NONE',  ( 1.000000000000000000, 0.0000000000000000000, 0.0000000000000000000 ) ) ;
#500 = DIRECTION ( 'NONE',  ( -0.0000000000000000000, 0.0000000000000000000, 1.000000000000000000 ) ) ;
#501 = EDGE_CURVE ( 'NONE', #1244, #916, #620, .T. ) ;
#502 = LINE ( 'NONE', #1333, #307 ) ;
#503 = ADVANCED_FACE ( 'NONE', ( #341, #1199 ), #1111, .F. ) ;
#504 = LINE ( 'NONE', #1058, #211 ) ;
#505 = CARTESIAN_POINT ( 'NONE',  ( -0.6895995171110648192, 0.5000000000000000000, 6.650000000000000355 ) ) ;
#506 = CC_DESIGN_APPROVAL ( #357, ( #975 ) ) ;
#507 = PRODUCT_DEFINITION ( 'UNKNOWN', '', #580, #1311 ) ;
#508 = ORIENTED_EDGE ( 'NONE', *, *, #866, .T. ) ;
#509 = VERTEX_POINT ( 'NONE', #1012 ) ;
#510 = ORIENTED_EDGE ( 'NONE', *, *, #725, .T. ) ;
#511 = CARTESIAN_POINT ( 'NONE',  ( 11.00000000000000000, -1.224646799147354440E-16, 10.00000000000000000 ) ) ;
#512 = FACE_OUTER_BOUND ( 'NONE', #1152, .T. ) ;
#513 = VERTEX_POINT ( 'NONE', #103 ) ;
#514 = VECTOR ( 'NONE', #348, 1000.000000000000000 ) ;
#515 = DIRECTION ( 'NONE',  ( -0.0000000000000000000, 1.000000000000000000, -0.0000000000000000000 ) ) ;
#516 = DIRECTION ( 'NONE',  ( 0.0000000000000000000, 0.0000000000000000000, -1.000000000000000000 ) ) ;
#517 = PRODUCT_RELATED_PRODUCT_CATEGORY ( 'detail', '', ( #1366 ) ) ;
#518 = EDGE_CURVE ( 'NONE', #215, #1027, #532, .T. ) ;
#519 = ORIENTED_EDGE ( 'NONE', *, *, #729, .T. ) ;
#520 = ORIENTED_EDGE ( 'NONE', *, *, #22, .T. ) ;
#521 = ORIENTED_EDGE ( 'NONE', *, *, #402, .F. ) ;
#522 = CARTESIAN_POINT ( 'NONE',  ( 0.0000000000000000000, 0.0000000000000000000, 10.00000000000000000 ) ) ;
#523 = ORIENTED_EDGE ( 'NONE', *, *, #93, .T. ) ;
#524 = VECTOR ( 'NONE', #1332, 1000.000000000000000 ) ;
#525 = EDGE_LOOP ( 'NONE', ( #1160, #1192, #810, #224, #1351, #1237 ) ) ;
#526 = EDGE_CURVE ( 'NONE', #14, #877, #321, .T. ) ;
#527 = ORIENTED_EDGE ( 'NONE', *, *, #1186, .T. ) ;
#528 = ORIENTED_EDGE ( 'NONE', *, *, #1036, .T. ) ;
#529 = CARTESIAN_POINT ( 'NONE',  ( 18.09999999999999787, -13.60000000000000320, 6.500000000000000888 ) ) ;
#530 = DIRECTION ( 'NONE',  ( -1.000000000000000000, -2.735525481348043208E-16, 0.0000000000000000000 ) ) ;
#531 = ORIENTED_EDGE ( 'NONE', *, *, #550, .F. ) ;
#532 = LINE ( 'NONE', #786, #88 ) ;
#533 = CARTESIAN_POINT ( 'NONE',  ( 0.0000000000000000000, 2.000000000000000000, 10.00000000000000000 ) ) ;
#534 = CARTESIAN_POINT ( 'NONE',  ( 18.09999999999999787, -13.60000000000000320, 5.000000000000000000 ) ) ;
#535 = LINE ( 'NONE', #462, #141 ) ;
#536 = EDGE_CURVE ( 'NONE', #627, #796, #761, .T. ) ;
#537 = CYLINDRICAL_SURFACE ( 'NONE', #457, 1.650000000000000355 ) ;
#538 = DIRECTION ( 'NONE',  ( -1.728896933618474661E-16, 1.000000000000000000, 0.0000000000000000000 ) ) ;
#539 = CARTESIAN_POINT ( 'NONE',  ( 24.00000000000000000, -2.100000000000000089, 10.00000000000000000 ) ) ;
#540 = CARTESIAN_POINT ( 'NONE',  ( 18.00000000000000355, -12.10000000000000320, 4.000000000000000000 ) ) ;
#541 = ORIENTED_EDGE ( 'NONE', *, *, #176, .F. ) ;
#542 = ORIENTED_EDGE ( 'NONE', *, *, #458, .T. ) ;
#543 = CIRCLE ( 'NONE', #1025, 1.500000000000000444 ) ;
#544 = DIRECTION ( 'NONE',  ( 1.000802005371235128E-16, 1.000000000000000000, -0.0000000000000000000 ) ) ;
#545 = ORIENTED_EDGE ( 'NONE', *, *, #116, .F. ) ;
#546 = EDGE_LOOP ( 'NONE', ( #11, #726, #1220, #171 ) ) ;
#547 = CARTESIAN_POINT ( 'NONE',  ( 6.000000000000000000, -6.679891631712842063E-17, 4.000000000000000000 ) ) ;
#548 = DIRECTION ( 'NONE',  ( 1.000802005371235004E-16, -1.000000000000000000, 0.0000000000000000000 ) ) ;
#549 = VECTOR ( 'NONE', #1173, 1000.000000000000000 ) ;
#550 = EDGE_CURVE ( 'NONE', #38, #218, #888, .T. ) ;
#551 = VECTOR ( 'NONE', #1276, 1000.000000000000000 ) ;
#552 = DIRECTION ( 'NONE',  ( -1.000000000000000000, -1.734723475976808080E-16, 0.0000000000000000000 ) ) ;
#553 = ORIENTED_EDGE ( 'NONE', *, *, #1113, .F. ) ;
#554 = AXIS2_PLACEMENT_3D ( 'NONE', #1383, #1361, #1365 ) ;
#555 = CIRCLE ( 'NONE', #1120, 6.000000000000000000 ) ;
#556 = DIRECTION ( 'NONE',  ( -1.000802005371235128E-16, -1.000000000000000000, 0.0000000000000000000 ) ) ;
#557 = EDGE_CURVE ( 'NONE', #1411, #94, #588, .T. ) ;
#558 = DIRECTION ( 'NONE',  ( -1.000000000000000000, -7.228014483236695816E-17, 0.0000000000000000000 ) ) ;
#559 = CARTESIAN_POINT ( 'NONE',  ( 5.000000000000000888, 0.4999999999999998890, 3.349999999999999645 ) ) ;
#560 = DIRECTION ( 'NONE',  ( -1.000000000000000000, -1.000802005371235004E-16, 0.0000000000000000000 ) ) ;
#561 = CARTESIAN_POINT ( 'NONE',  ( 5.000000000000000888, 2.000000000000000000, 5.000000000000000000 ) ) ;
#562 = ORIENTED_EDGE ( 'NONE', *, *, #1375, .F. ) ;
#563 = ORIENTED_EDGE ( 'NONE', *, *, #669, .F. ) ;
#564 = DIRECTION ( 'NONE',  ( 1.000000000000000000, 1.846055003172022053E-16, 0.0000000000000000000 ) ) ;
#565 = AXIS2_PLACEMENT_3D ( 'NONE', #45, #257, #718 ) ;
#566 = COORDINATED_UNIVERSAL_TIME_OFFSET ( 3, 0, .AHEAD. ) ;
#567 = ORIENTED_EDGE ( 'NONE', *, *, #1146, .T. ) ;
#568 = CARTESIAN_POINT ( 'NONE',  ( 0.6169246707852968914, -12.20000000000000639, 6.650000000000000355 ) ) ;
#569 = ORIENTED_EDGE ( 'NONE', *, *, #1349, .F. ) ;
#570 = VECTOR ( 'NONE', #640, 1000.000000000000000 ) ;
#571 = DIRECTION ( 'NONE',  ( -0.0000000000000000000, 0.0000000000000000000, 1.000000000000000000 ) ) ;
#572 = DIRECTION ( 'NONE',  ( 1.728896933618474661E-16, -1.000000000000000000, -0.0000000000000000000 ) ) ;
#573 = CARTESIAN_POINT ( 'NONE',  ( 20.99999999999999645, -6.100000000000000533, 1.000000000000001332 ) ) ;
#574 = DIRECTION ( 'NONE',  ( -0.0000000000000000000, 0.0000000000000000000, -1.000000000000000000 ) ) ;
#575 = AXIS2_PLACEMENT_3D ( 'NONE', #1176, #246, #1057 ) ;
#576 = EDGE_CURVE ( 'NONE', #609, #625, #158, .T. ) ;
#577 = DIRECTION ( 'NONE',  ( 1.000000000000000000, 0.0000000000000000000, 0.0000000000000000000 ) ) ;
#578 = ORIENTED_EDGE ( 'NONE', *, *, #706, .F. ) ;
#579 = ORIENTED_EDGE ( 'NONE', *, *, #981, .F. ) ;
#580 = PRODUCT_DEFINITION_FORMATION_WITH_SPECIFIED_SOURCE ( 'ANY', '', #1366, .NOT_KNOWN. ) ;
#581 = DIRECTION ( 'NONE',  ( -1.000000000000000000, 0.0000000000000000000, 0.0000000000000000000 ) ) ;
#582 = VECTOR ( 'NONE', #62, 1000.000000000000000 ) ;
#583 = ORIENTED_EDGE ( 'NONE', *, *, #1166, .T. ) ;
#584 = DIRECTION ( 'NONE',  ( -1.000000000000000000, 0.0000000000000000000, 0.0000000000000000000 ) ) ;
#585 = FACE_OUTER_BOUND ( 'NONE', #148, .T. ) ;
#586 = DIRECTION ( 'NONE',  ( 1.000000000000000000, -1.113315271952140498E-17, 0.0000000000000000000 ) ) ;
#587 = DATE_AND_TIME ( #319, #5 ) ;
#588 = CIRCLE ( 'NONE', #1172, 1.650000000000000355 ) ;
#589 = CARTESIAN_POINT ( 'NONE',  ( 24.00000000000000000, -10.10000000000000142, 10.00000000000000000 ) ) ;
#590 = CARTESIAN_POINT ( 'NONE',  ( 0.0000000000000000000, 0.0000000000000000000, 3.349999999999999645 ) ) ;
#591 = ADVANCED_FACE ( 'NONE', ( #173 ), #329, .F. ) ;
#592 = APPROVAL_PERSON_ORGANIZATION ( #1202, #647, #1238 ) ;
#593 = CARTESIAN_POINT ( 'NONE',  ( 0.6169246707852957812, 0.5000000000000000000, 6.650000000000000355 ) ) ;
#594 = CARTESIAN_POINT ( 'NONE',  ( 1.058181320345853511E-15, -12.20000000000000639, 3.349999999999999645 ) ) ;
#595 = ORIENTED_EDGE ( 'NONE', *, *, #669, .T. ) ;
#596 = CARTESIAN_POINT ( 'NONE',  ( 1.058181320345853511E-15, -12.20000000000000639, 10.00000000000000000 ) ) ;
#597 = ADVANCED_FACE ( 'NONE', ( #138 ), #988, .F. ) ;
#598 = VERTEX_POINT ( 'NONE', #210 ) ;
#599 = DIRECTION ( 'NONE',  ( -1.000000000000000000, 1.113315271952140498E-17, -0.0000000000000000000 ) ) ;
#600 = EDGE_LOOP ( 'NONE', ( #164, #952, #411, #1006, #857, #654 ) ) ;
#601 = AXIS2_PLACEMENT_3D ( 'NONE', #242, #792, #237 ) ;
#602 = CARTESIAN_POINT ( 'NONE',  ( 5.000000000000001776, -14.20000000000000462, 5.000000000000000000 ) ) ;
#603 = CARTESIAN_POINT ( 'NONE',  ( 18.00000000000000355, -12.20000000000000284, 10.00000000000000000 ) ) ;
#604 = VECTOR ( 'NONE', #742, 1000.000000000000000 ) ;
#605 = CARTESIAN_POINT ( 'NONE',  ( 6.650000000000002132, -14.20000000000000462, 5.000000000000000000 ) ) ;
#606 = EDGE_CURVE ( 'NONE', #639, #1184, #1265, .T. ) ;
#607 = CARTESIAN_POINT ( 'NONE',  ( 13.00000000000000178, -14.20000000000000284, 0.0000000000000000000 ) ) ;
#608 = LINE ( 'NONE', #1440, #570 ) ;
#609 = VERTEX_POINT ( 'NONE', #236 ) ;
#610 = AXIS2_PLACEMENT_3D ( 'NONE', #1450, #538, #972 ) ;
#611 = LINE ( 'NONE', #149, #1191 ) ;
#612 = ORIENTED_EDGE ( 'NONE', *, *, #725, .F. ) ;
#613 = LINE ( 'NONE', #651, #1374 ) ;
#614 = ADVANCED_FACE ( 'NONE', ( #20 ), #852, .T. ) ;
#615 = LINE ( 'NONE', #589, #1260 ) ;
#616 = AXIS2_PLACEMENT_3D ( 'NONE', #54, #705, #377 ) ;
#617 = LINE ( 'NONE', #46, #1398 ) ;
#618 = CARTESIAN_POINT ( 'NONE',  ( 15.99999999999999645, -6.100000000000001421, 9.000000000000001776 ) ) ;
#619 = ORIENTED_EDGE ( 'NONE', *, *, #938, .F. ) ;
#620 = LINE ( 'NONE', #1225, #239 ) ;
#621 = EDGE_CURVE ( 'NONE', #1347, #1280, #1323, .T. ) ;
#622 = DIRECTION ( 'NONE',  ( 0.0000000000000000000, 0.0000000000000000000, -1.000000000000000000 ) ) ;
#623 = LOCAL_TIME ( 16, 37, 40.00000000000000000, #7 ) ;
#624 =( GEOMETRIC_REPRESENTATION_CONTEXT ( 3 ) GLOBAL_UNCERTAINTY_ASSIGNED_CONTEXT ( ( #182 ) ) GLOBAL_UNIT_ASSIGNED_CONTEXT ( ( #229, #1154, #232 ) ) REPRESENTATION_CONTEXT ( 'NONE', 'WORKASPACE' ) );
#625 = VERTEX_POINT ( 'NONE', #1148 ) ;
#626 = EDGE_LOOP ( 'NONE', ( #1070, #563, #81, #1409, #1300, #67, #714, #1399, #672 ) ) ;
#627 = VERTEX_POINT ( 'NONE', #795 ) ;
#628 = DIRECTION ( 'NONE',  ( -0.0000000000000000000, 1.000000000000000000, 0.0000000000000000000 ) ) ;
#629 = VECTOR ( 'NONE', #853, 1000.000000000000000 ) ;
#630 = VERTEX_POINT ( 'NONE', #464 ) ;
#631 = PLANE ( 'NONE',  #180 ) ;
#632 = CARTESIAN_POINT ( 'NONE',  ( 11.00000000000000000, -2.100000000000000977, 0.0000000000000000000 ) ) ;
#633 = VECTOR ( 'NONE', #1105, 1000.000000000000000 ) ;
#634 = EDGE_CURVE ( 'NONE', #968, #657, #259, .T. ) ;
#635 = DIRECTION ( 'NONE',  ( 1.000000000000000000, 0.0000000000000000000, 0.0000000000000000000 ) ) ;
#636 = FACE_OUTER_BOUND ( 'NONE', #600, .T. ) ;
#637 = PLANE ( 'NONE',  #35 ) ;
#638 = CARTESIAN_POINT ( 'NONE',  ( 18.09999999999999787, -13.60000000000000320, 3.499999999999999112 ) ) ;
#639 = VERTEX_POINT ( 'NONE', #23 ) ;
#640 = DIRECTION ( 'NONE',  ( 1.734723475976808080E-16, -1.000000000000000000, 0.0000000000000000000 ) ) ;
#641 = AXIS2_PLACEMENT_3D ( 'NONE', #279, #1317, #980 ) ;
#642 = EDGE_LOOP ( 'NONE', ( #273, #1139, #675, #284 ) ) ;
#643 = LINE ( 'NONE', #660, #479 ) ;
#644 = CARTESIAN_POINT ( 'NONE',  ( 11.00000000000000178, -10.10000000000000320, 1.000000000000000000 ) ) ;
#645 = VECTOR ( 'NONE', #811, 1000.000000000000000 ) ;
#646 = CARTESIAN_POINT ( 'NONE',  ( 5.000000000000001776, -12.70000000000000462, 3.349999999999999645 ) ) ;
#647 = APPROVAL ( #331, 'UNSPECIFIED' ) ;
#648 = VECTOR ( 'NONE', #970, 1000.000000000000000 ) ;
#649 = DIRECTION ( 'NONE',  ( 0.0000000000000000000, 0.0000000000000000000, 1.000000000000000000 ) ) ;
#650 = DIRECTION ( 'NONE',  ( -1.000000000000000000, 1.113315271952140498E-17, 1.734723475976807094E-15 ) ) ;
#651 = CARTESIAN_POINT ( 'NONE',  ( 15.99999999999999645, -2.100000000000000533, 9.000000000000001776 ) ) ;
#652 = CARTESIAN_POINT ( 'NONE',  ( 11.00000000000000178, -10.10000000000000320, 10.00000000000000000 ) ) ;
#653 = VERTEX_POINT ( 'NONE', #119 ) ;
#654 = ORIENTED_EDGE ( 'NONE', *, *, #375, .F. ) ;
#655 = CIRCLE ( 'NONE', #404, 1.650000000000000355 ) ;
#656 = CARTESIAN_POINT ( 'NONE',  ( 11.00000000000000178, -12.20000000000000462, 0.0000000000000000000 ) ) ;
#657 = VERTEX_POINT ( 'NONE', #1382 ) ;
#658 = VERTEX_POINT ( 'NONE', #1387 ) ;
#659 = LINE ( 'NONE', #765, #37 ) ;
#660 = CARTESIAN_POINT ( 'NONE',  ( 1.405126015541214930E-15, -14.20000000000000639, 10.00000000000000000 ) ) ;
#661 = DIRECTION ( 'NONE',  ( 0.0000000000000000000, 0.0000000000000000000, -1.000000000000000000 ) ) ;
#662 = AXIS2_PLACEMENT_3D ( 'NONE', #1024, #1030, #1250 ) ;
#663 = VERTEX_POINT ( 'NONE', #349 ) ;
#664 = VECTOR ( 'NONE', #419, 1000.000000000000000 ) ;
#665 = PLANE ( 'NONE',  #554 ) ;
#666 = CIRCLE ( 'NONE', #482, 6.000000000000000000 ) ;
#667 = EDGE_CURVE ( 'NONE', #625, #513, #1034, .T. ) ;
#668 = PERSON_AND_ORGANIZATION ( #1039, #873 ) ;
#669 = EDGE_CURVE ( 'NONE', #1181, #130, #847, .T. ) ;
#670 = PERSON_AND_ORGANIZATION_ROLE ( 'design_owner' ) ;
#671 = DIRECTION ( 'NONE',  ( 7.339214706055730761E-17, -1.000000000000000000, 0.0000000000000000000 ) ) ;
#672 = ORIENTED_EDGE ( 'NONE', *, *, #829, .F. ) ;
#673 = VERTEX_POINT ( 'NONE', #136 ) ;
#674 = CARTESIAN_POINT ( 'NONE',  ( 3.350000000000000089, 2.000000000000000000, 5.000000000000000000 ) ) ;
#675 = ORIENTED_EDGE ( 'NONE', *, *, #1159, .F. ) ;
#676 = VERTEX_POINT ( 'NONE', #914 ) ;
#677 = VERTEX_POINT ( 'NONE', #690 ) ;
#678 = DIRECTION ( 'NONE',  ( -1.000000000000000000, -8.673617379884044100E-17, -1.301042606982605567E-16 ) ) ;
#679 = LINE ( 'NONE', #996, #1196 ) ;
#680 = ORIENTED_EDGE ( 'NONE', *, *, #783, .F. ) ;
#681 = EDGE_CURVE ( 'NONE', #268, #814, #915, .T. ) ;
#682 = DIRECTION ( 'NONE',  ( -1.113315271952140652E-17, -1.000000000000000000, -0.0000000000000000000 ) ) ;
#683 = LINE ( 'NONE', #932, #757 ) ;
#684 = DIRECTION ( 'NONE',  ( 1.000802005371235004E-16, -1.000000000000000000, -0.0000000000000000000 ) ) ;
#685 = AXIS2_PLACEMENT_3D ( 'NONE', #1103, #635, #1320 ) ;
#686 = ORIENTED_EDGE ( 'NONE', *, *, #311, .F. ) ;
#687 = DIRECTION ( 'NONE',  ( 0.0000000000000000000, 0.0000000000000000000, -1.000000000000000000 ) ) ;
#688 = VERTEX_POINT ( 'NONE', #1156 ) ;
#689 = VECTOR ( 'NONE', #424, 1000.000000000000000 ) ;
#690 = CARTESIAN_POINT ( 'NONE',  ( 18.09999999999999787, -12.10000000000000320, 3.499999999999999556 ) ) ;
#691 = AXIS2_PLACEMENT_3D ( 'NONE', #534, #1110, #1442 ) ;
#692 = CARTESIAN_POINT ( 'NONE',  ( 13.00000000000000000, -0.09999999999999971412, 0.0000000000000000000 ) ) ;
#693 = FACE_OUTER_BOUND ( 'NONE', #1454, .T. ) ;
#694 = COORDINATED_UNIVERSAL_TIME_OFFSET ( 3, 0, .AHEAD. ) ;
#695 = CARTESIAN_POINT ( 'NONE',  ( 0.0000000000000000000, 0.0000000000000000000, 0.0000000000000000000 ) ) ;
#696 = EDGE_CURVE ( 'NONE', #893, #1390, #1222, .T. ) ;
#697 = CARTESIAN_POINT ( 'NONE',  ( 11.00000000000000000, -6.100000000000001421, 9.000000000000001776 ) ) ;
#698 = EDGE_CURVE ( 'NONE', #446, #760, #723, .T. ) ;
#699 = DIRECTION ( 'NONE',  ( -1.000000000000000000, -0.0000000000000000000, -0.0000000000000000000 ) ) ;
#700 = ADVANCED_FACE ( 'NONE', ( #32 ), #911, .F. ) ;
#701 = ORIENTED_EDGE ( 'NONE', *, *, #1113, .T. ) ;
#702 = ORIENTED_EDGE ( 'NONE', *, *, #1243, .F. ) ;
#703 = CC_DESIGN_DATE_AND_TIME_ASSIGNMENT ( #43, #1259, ( #507 ) ) ;
#704 = VECTOR ( 'NONE', #515, 1000.000000000000000 ) ;
#705 = DIRECTION ( 'NONE',  ( -0.0000000000000000000, -1.000000000000000000, -0.0000000000000000000 ) ) ;
#706 = EDGE_CURVE ( 'NONE', #935, #1123, #497, .T. ) ;
#707 = ORIENTED_EDGE ( 'NONE', *, *, #793, .T. ) ;
#708 = DIRECTION ( 'NONE',  ( -1.000000000000000000, 1.113315271952140498E-17, 0.0000000000000000000 ) ) ;
#709 = ADVANCED_FACE ( 'NONE', ( #286 ), #1019, .F. ) ;
#710 = EDGE_CURVE ( 'NONE', #509, #916, #611, .T. ) ;
#711 = CARTESIAN_POINT ( 'NONE',  ( 18.09999999999999787, 1.400000000000000133, 5.000000000000000000 ) ) ;
#712 = EDGE_LOOP ( 'NONE', ( #846, #567 ) ) ;
#713 = DIRECTION ( 'NONE',  ( 1.000000000000000000, 1.846055003172022053E-16, 0.0000000000000000000 ) ) ;
#714 = ORIENTED_EDGE ( 'NONE', *, *, #22, .F. ) ;
#715 = DIRECTION ( 'NONE',  ( 1.113315271952140498E-17, 1.000000000000000000, -0.0000000000000000000 ) ) ;
#716 = DIRECTION ( 'NONE',  ( 0.0000000000000000000, 1.000000000000000000, 0.0000000000000000000 ) ) ;
#717 = EDGE_CURVE ( 'NONE', #998, #740, #878, .T. ) ;
#718 = DIRECTION ( 'NONE',  ( 1.000000000000000000, 0.0000000000000000000, 0.0000000000000000000 ) ) ;
#719 = ORIENTED_EDGE ( 'NONE', *, *, #749, .F. ) ;
#720 = AXIS2_PLACEMENT_3D ( 'NONE', #245, #671, #581 ) ;
#721 = ORIENTED_EDGE ( 'NONE', *, *, #460, .F. ) ;
#722 = ORIENTED_EDGE ( 'NONE', *, *, #938, .T. ) ;
#723 = CIRCLE ( 'NONE', #441, 1.650000000000000355 ) ;
#724 = ADVANCED_FACE ( 'NONE', ( #813 ), #930, .F. ) ;
#725 = EDGE_CURVE ( 'NONE', #814, #268, #129, .T. ) ;
#726 = ORIENTED_EDGE ( 'NONE', *, *, #420, .T. ) ;
#727 = EDGE_CURVE ( 'NONE', #1097, #145, #1312, .T. ) ;
#728 = ORIENTED_EDGE ( 'NONE', *, *, #220, .F. ) ;
#729 = EDGE_CURVE ( 'NONE', #877, #14, #543, .T. ) ;
#730 = ORIENTED_EDGE ( 'NONE', *, *, #330, .F. ) ;
#731 = LINE ( 'NONE', #745, #1214 ) ;
#732 = DIRECTION ( 'NONE',  ( -1.734723475976808080E-16, 1.000000000000000000, 0.0000000000000000000 ) ) ;
#733 = ADVANCED_FACE ( 'NONE', ( #1099 ), #374, .F. ) ;
#734 = CC_DESIGN_SECURITY_CLASSIFICATION ( #975, ( #580 ) ) ;
#735 = LINE ( 'NONE', #1252, #1362 ) ;
#736 = CC_DESIGN_APPROVAL ( #647, ( #580 ) ) ;
#737 = APPROVAL_PERSON_ORGANIZATION ( #78, #1269, #918 ) ;
#738 = PLANE ( 'NONE',  #175 ) ;
#739 = ORIENTED_EDGE ( 'NONE', *, *, #410, .F. ) ;
#740 = VERTEX_POINT ( 'NONE', #365 ) ;
#741 = LINE ( 'NONE', #863, #445 ) ;
#742 = DIRECTION ( 'NONE',  ( -1.113315271952140652E-17, -1.000000000000000000, -0.0000000000000000000 ) ) ;
#743 = ORIENTED_EDGE ( 'NONE', *, *, #447, .T. ) ;
#744 = LINE ( 'NONE', #511, #372 ) ;
#745 = CARTESIAN_POINT ( 'NONE',  ( 1.144917494144693866E-15, -12.70000000000000639, 10.00000000000000000 ) ) ;
#746 = ORIENTED_EDGE ( 'NONE', *, *, #206, .T. ) ;
#747 = CARTESIAN_POINT ( 'NONE',  ( 13.00000000000000000, 1.999999999999998668, 10.00000000000000000 ) ) ;
#748 = VECTOR ( 'NONE', #1379, 1000.000000000000000 ) ;
#749 = EDGE_CURVE ( 'NONE', #509, #1205, #198, .T. ) ;
#750 = CARTESIAN_POINT ( 'NONE',  ( 13.00000000000000178, -12.10000000000000497, 10.00000000000000000 ) ) ;
#751 = EDGE_CURVE ( 'NONE', #14, #663, #1298, .T. ) ;
#752 = CARTESIAN_POINT ( 'NONE',  ( 11.00000000000000000, -1.224646799147354440E-16, 0.0000000000000000000 ) ) ;
#753 = DIRECTION ( 'NONE',  ( -1.000000000000000000, 0.0000000000000000000, -0.0000000000000000000 ) ) ;
#754 = ORIENTED_EDGE ( 'NONE', *, *, #812, .T. ) ;
#755 = CIRCLE ( 'NONE', #565, 1.650000000000000355 ) ;
#756 = VERTEX_POINT ( 'NONE', #1054 ) ;
#757 = VECTOR ( 'NONE', #1167, 1000.000000000000000 ) ;
#758 = ORIENTED_EDGE ( 'NONE', *, *, #1284, .T. ) ;
#759 = DIRECTION ( 'NONE',  ( 1.000000000000000000, 5.826542358333473423E-19, 0.0000000000000000000 ) ) ;
#760 = VERTEX_POINT ( 'NONE', #162 ) ;
#761 = LINE ( 'NONE', #1134, #470 ) ;
#762 = AXIS2_PLACEMENT_3D ( 'NONE', #1445, #977, #302 ) ;
#763 = CARTESIAN_POINT ( 'NONE',  ( 5.000000000000000888, 0.5000000000000000000, 5.000000000000000000 ) ) ;
#764 = FACE_OUTER_BOUND ( 'NONE', #1195, .T. ) ;
#765 = CARTESIAN_POINT ( 'NONE',  ( 24.00000000000000000, -0.09999999999999971412, 4.000000000000000000 ) ) ;
#766 = CARTESIAN_POINT ( 'NONE',  ( 11.00000000000000178, -12.20000000000000462, 10.00000000000000000 ) ) ;
#767 = DIRECTION ( 'NONE',  ( -1.000000000000000000, -2.735525481348043208E-16, 0.0000000000000000000 ) ) ;
#768 = DIRECTION ( 'NONE',  ( -0.0000000000000000000, -1.000000000000000000, -0.0000000000000000000 ) ) ;
#769 = DIRECTION ( 'NONE',  ( -1.734723475976808080E-16, 1.000000000000000000, -0.0000000000000000000 ) ) ;
#770 = EDGE_LOOP ( 'NONE', ( #494, #247 ) ) ;
#771 = FACE_OUTER_BOUND ( 'NONE', #233, .T. ) ;
#772 = ORIENTED_EDGE ( 'NONE', *, *, #52, .F. ) ;
#773 = EDGE_CURVE ( 'NONE', #1123, #269, #1163, .T. ) ;
#774 = ORIENTED_EDGE ( 'NONE', *, *, #390, .F. ) ;
#775 = ORIENTED_EDGE ( 'NONE', *, *, #621, .F. ) ;
#776 = CARTESIAN_POINT ( 'NONE',  ( 11.00000000000000178, -10.10000000000000320, 9.000000000000001776 ) ) ;
#777 = VECTOR ( 'NONE', #370, 1000.000000000000000 ) ;
#778 = DIRECTION ( 'NONE',  ( -0.0000000000000000000, -0.0000000000000000000, -1.000000000000000000 ) ) ;
#779 = FACE_OUTER_BOUND ( 'NONE', #936, .T. ) ;
#780 = AXIS2_PLACEMENT_3D ( 'NONE', #799, #1158, #687 ) ;
#781 = DATE_AND_TIME ( #1090, #415 ) ;
#782 = EDGE_LOOP ( 'NONE', ( #354, #288, #815, #127, #619, #283, #830, #425, #248 ) ) ;
#783 = EDGE_CURVE ( 'NONE', #1050, #430, #1392, .T. ) ;
#784 = DIRECTION ( 'NONE',  ( -1.734723475976808080E-16, 1.000000000000000000, 0.0000000000000000000 ) ) ;
#785 = ORIENTED_EDGE ( 'NONE', *, *, #717, .T. ) ;
#786 = CARTESIAN_POINT ( 'NONE',  ( 1.058181320345853511E-15, -12.20000000000000639, 0.0000000000000000000 ) ) ;
#787 = LINE ( 'NONE', #776, #243 ) ;
#788 = EDGE_CURVE ( 'NONE', #760, #463, #755, .T. ) ;
#789 = COORDINATED_UNIVERSAL_TIME_OFFSET ( 3, 0, .AHEAD. ) ;
#790 = DIRECTION ( 'NONE',  ( 1.734723475976808080E-16, -1.000000000000000000, -0.0000000000000000000 ) ) ;
#791 = ORIENTED_EDGE ( 'NONE', *, *, #536, .F. ) ;
#792 = DIRECTION ( 'NONE',  ( -1.734723475976808080E-16, 1.000000000000000000, 0.0000000000000000000 ) ) ;
#793 = EDGE_CURVE ( 'NONE', #53, #444, #1431, .T. ) ;
#794 = DIRECTION ( 'NONE',  ( 1.000000000000000000, 0.0000000000000000000, 0.0000000000000000000 ) ) ;
#795 = CARTESIAN_POINT ( 'NONE',  ( 1.144917494144693866E-15, -12.70000000000000639, 4.000000000000000000 ) ) ;
#796 = VERTEX_POINT ( 'NONE', #945 ) ;
#797 = AXIS2_PLACEMENT_3D ( 'NONE', #1283, #382, #1223 ) ;
#798 = LINE ( 'NONE', #928, #777 ) ;
#799 = CARTESIAN_POINT ( 'NONE',  ( 18.09999999999999787, -13.60000000000000320, 5.000000000000000000 ) ) ;
#800 = ORIENTED_EDGE ( 'NONE', *, *, #206, .F. ) ;
#801 = ORIENTED_EDGE ( 'NONE', *, *, #488, .F. ) ;
#802 = VECTOR ( 'NONE', #1329, 1000.000000000000000 ) ;
#803 = CARTESIAN_POINT ( 'NONE',  ( 13.00000000000000178, -14.20000000000000284, 10.00000000000000000 ) ) ;
#804 = LINE ( 'NONE', #262, #100 ) ;
#805 = DIRECTION ( 'NONE',  ( 1.000000000000000000, 1.000802005371234881E-16, -0.0000000000000000000 ) ) ;
#806 = DIRECTION ( 'NONE',  ( 1.000000000000000000, 0.0000000000000000000, 0.0000000000000000000 ) ) ;
#807 = AXIS2_PLACEMENT_3D ( 'NONE', #891, #784, #1342 ) ;
#808 = DIRECTION ( 'NONE',  ( -0.0000000000000000000, 0.0000000000000000000, -1.000000000000000000 ) ) ;
#809 = ORIENTED_EDGE ( 'NONE', *, *, #1043, .F. ) ;
#810 = ORIENTED_EDGE ( 'NONE', *, *, #459, .T. ) ;
#811 = DIRECTION ( 'NONE',  ( -1.000000000000000000, 1.000802005371235128E-16, -0.0000000000000000000 ) ) ;
#812 = EDGE_CURVE ( 'NONE', #663, #677, #391, .T. ) ;
#813 = FACE_OUTER_BOUND ( 'NONE', #271, .T. ) ;
#814 = VERTEX_POINT ( 'NONE', #277 ) ;
#815 = ORIENTED_EDGE ( 'NONE', *, *, #496, .T. ) ;
#816 = DIRECTION ( 'NONE',  ( 0.0000000000000000000, 0.0000000000000000000, 1.000000000000000000 ) ) ;
#817 = EDGE_CURVE ( 'NONE', #145, #197, #1255, .T. ) ;
#818 = CARTESIAN_POINT ( 'NONE',  ( 24.00000000000000000, -2.100000000000000089, 10.00000000000000000 ) ) ;
#819 = DIRECTION ( 'NONE',  ( -2.735525481348043208E-16, 1.000000000000000000, 0.0000000000000000000 ) ) ;
#820 = VECTOR ( 'NONE', #768, 1000.000000000000000 ) ;
#821 = PERSON_AND_ORGANIZATION ( #1039, #873 ) ;
#822 = CARTESIAN_POINT ( 'NONE',  ( 5.000000000000000888, 2.000000000000000000, 5.000000000000000000 ) ) ;
#823 = DIRECTION ( 'NONE',  ( 1.846055003172022053E-16, -1.000000000000000000, 0.0000000000000000000 ) ) ;
#824 = FACE_OUTER_BOUND ( 'NONE', #1417, .T. ) ;
#825 = DIRECTION ( 'NONE',  ( 0.0000000000000000000, 0.0000000000000000000, -1.000000000000000000 ) ) ;
#826 = DIRECTION ( 'NONE',  ( 1.000000000000000000, 7.339214706055731994E-17, 0.0000000000000000000 ) ) ;
#827 = DIRECTION ( 'NONE',  ( -1.728896933618474661E-16, 1.000000000000000000, 0.0000000000000000000 ) ) ;
#828 = DIRECTION ( 'NONE',  ( -1.000000000000000000, -2.891205793294678326E-16, 1.734723475976807094E-15 ) ) ;
#829 = EDGE_CURVE ( 'NONE', #1184, #756, #96, .T. ) ;
#830 = ORIENTED_EDGE ( 'NONE', *, *, #72, .T. ) ;
#831 = VECTOR ( 'NONE', #91, 1000.000000000000000 ) ;
#832 = ORIENTED_EDGE ( 'NONE', *, *, #433, .F. ) ;
#833 = EDGE_CURVE ( 'NONE', #657, #1411, #1121, .T. ) ;
#834 = VERTEX_POINT ( 'NONE', #644 ) ;
#835 = ORIENTED_EDGE ( 'NONE', *, *, #326, .F. ) ;
#836 = DIRECTION ( 'NONE',  ( 1.728896933618474661E-16, -1.000000000000000000, -0.0000000000000000000 ) ) ;
#837 = ADVANCED_FACE ( 'NONE', ( #1441 ), #1084, .F. ) ;
#838 = ORIENTED_EDGE ( 'NONE', *, *, #311, .T. ) ;
#839 = LINE ( 'NONE', #872, #664 ) ;
#840 = PLANE ( 'NONE',  #1264 ) ;
#841 = LINE ( 'NONE', #904, #1079 ) ;
#842 = ADVANCED_FACE ( 'NONE', ( #771 ), #435, .F. ) ;
#843 = AXIS2_PLACEMENT_3D ( 'NONE', #747, #1452, #1336 ) ;
#844 = EDGE_LOOP ( 'NONE', ( #47, #612 ) ) ;
#845 = ORIENTED_EDGE ( 'NONE', *, *, #304, .T. ) ;
#846 = ORIENTED_EDGE ( 'NONE', *, *, #1078, .T. ) ;
#847 = LINE ( 'NONE', #142, #146 ) ;
#848 = EDGE_LOOP ( 'NONE', ( #921, #754 ) ) ;
#849 = ADVANCED_FACE ( 'NONE', ( #1001 ), #1209, .F. ) ;
#850 = LINE ( 'NONE', #305, #955 ) ;
#851 = AXIS2_PLACEMENT_3D ( 'NONE', #895, #1353, #228 ) ;
#852 = CYLINDRICAL_SURFACE ( 'NONE', #1162, 1.500000000000000444 ) ;
#853 = DIRECTION ( 'NONE',  ( -1.000802005371235004E-16, 1.000000000000000000, -0.0000000000000000000 ) ) ;
#854 = CYLINDRICAL_SURFACE ( 'NONE', #155, 6.000000000000000000 ) ;
#855 = CARTESIAN_POINT ( 'NONE',  ( 24.00000000000000000, -10.10000000000000142, 4.000000000000000000 ) ) ;
#856 = CARTESIAN_POINT ( 'NONE',  ( 6.000000000000000000, 0.0000000000000000000, 10.00000000000000000 ) ) ;
#857 = ORIENTED_EDGE ( 'NONE', *, *, #63, .F. ) ;
#858 = APPROVAL_ROLE ( '' ) ;
#859 = ORIENTED_EDGE ( 'NONE', *, *, #240, .T. ) ;
#860 = CARTESIAN_POINT ( 'NONE',  ( 6.650000000000002132, -14.20000000000000462, 5.000000000000000000 ) ) ;
#861 = ORIENTED_EDGE ( 'NONE', *, *, #727, .F. ) ;
#862 = ORIENTED_EDGE ( 'NONE', *, *, #1144, .T. ) ;
#863 = CARTESIAN_POINT ( 'NONE',  ( 11.00000000000000000, -1.224646799147354440E-16, 0.0000000000000000000 ) ) ;
#864 = LINE ( 'NONE', #618, #73 ) ;
#865 = DIRECTION ( 'NONE',  ( 1.734723475976808080E-16, -1.000000000000000000, 0.0000000000000000000 ) ) ;
#866 = EDGE_CURVE ( 'NONE', #350, #1206, #1048, .T. ) ;
#867 = VERTEX_POINT ( 'NONE', #1092 ) ;
#868 = ORIENTED_EDGE ( 'NONE', *, *, #1337, .T. ) ;
#869 = VECTOR ( 'NONE', #1198, 1000.000000000000000 ) ;
#870 = CARTESIAN_POINT ( 'NONE',  ( 5.000000000000001776, -12.70000000000000462, 3.349999999999999645 ) ) ;
#871 = CARTESIAN_POINT ( 'NONE',  ( 20.99999999999999645, -10.10000000000000142, 1.224646799147352862E-15 ) ) ;
#872 = CARTESIAN_POINT ( 'NONE',  ( 0.6169246707852968914, -12.20000000000000639, 6.650000000000000355 ) ) ;
#873 = ORGANIZATION ( 'UNSPECIFIED', 'UNSPECIFIED', '' ) ;
#874 = CARTESIAN_POINT ( 'NONE',  ( 11.00000000000000178, -12.20000000000000462, 10.00000000000000000 ) ) ;
#875 = PLANE ( 'NONE',  #122 ) ;
#876 = ORIENTED_EDGE ( 'NONE', *, *, #410, .T. ) ;
#877 = VERTEX_POINT ( 'NONE', #638 ) ;
#878 = CIRCLE ( 'NONE', #1356, 1.500000000000000444 ) ;
#879 = ORIENTED_EDGE ( 'NONE', *, *, #954, .F. ) ;
#880 = DIRECTION ( 'NONE',  ( -0.0000000000000000000, -1.000000000000000000, -0.0000000000000000000 ) ) ;
#881 = SECURITY_CLASSIFICATION_LEVEL ( 'unclassified' ) ;
#882 = ORIENTED_EDGE ( 'NONE', *, *, #429, .F. ) ;
#883 = AXIS2_PLACEMENT_3D ( 'NONE', #803, #1033, #816 ) ;
#884 = LINE ( 'NONE', #360, #645 ) ;
#885 = PERSON_AND_ORGANIZATION ( #1039, #873 ) ;
#886 = DIRECTION ( 'NONE',  ( -1.846055003172022053E-16, 1.000000000000000000, -0.0000000000000000000 ) ) ;
#887 = DIRECTION ( 'NONE',  ( -1.000000000000000000, -1.846055003172022053E-16, 0.0000000000000000000 ) ) ;
#888 = LINE ( 'NONE', #3, #1335 ) ;
#889 = EDGE_CURVE ( 'NONE', #1254, #2, #741, .T. ) ;
#890 = LINE ( 'NONE', #1286, #398 ) ;
#891 = CARTESIAN_POINT ( 'NONE',  ( 13.00000000000000178, -12.10000000000000497, 10.00000000000000000 ) ) ;
#892 = PLANE ( 'NONE',  #927 ) ;
#893 = VERTEX_POINT ( 'NONE', #855 ) ;
#894 = CARTESIAN_POINT ( 'NONE',  ( 11.00000000000000000, -2.100000000000000977, 1.000000000000000000 ) ) ;
#895 = CARTESIAN_POINT ( 'NONE',  ( 18.09999999999999787, -13.60000000000000320, 5.000000000000000000 ) ) ;
#896 = ORIENTED_EDGE ( 'NONE', *, *, #989, .T. ) ;
#897 = CARTESIAN_POINT ( 'NONE',  ( -0.6895995171110637090, -12.70000000000000639, 3.349999999999999645 ) ) ;
#898 = AXIS2_PLACEMENT_3D ( 'NONE', #1183, #963, #1190 ) ;
#899 = VERTEX_POINT ( 'NONE', #870 ) ;
#900 = ORIENTED_EDGE ( 'NONE', *, *, #606, .T. ) ;
#901 = DIRECTION ( 'NONE',  ( -1.000000000000000000, -1.846055003172022053E-16, 0.0000000000000000000 ) ) ;
#902 = CARTESIAN_POINT ( 'NONE',  ( 13.00000000000000178, -12.10000000000000497, 10.00000000000000000 ) ) ;
#903 = EDGE_CURVE ( 'NONE', #1280, #444, #1350, .T. ) ;
#904 = CARTESIAN_POINT ( 'NONE',  ( -0.6895995171110637090, -12.20000000000000639, 6.650000000000000355 ) ) ;
#905 = CARTESIAN_POINT ( 'NONE',  ( 13.00000000000000178, -14.20000000000000284, 10.00000000000000000 ) ) ;
#906 = LINE ( 'NONE', #204, #689 ) ;
#907 = CARTESIAN_POINT ( 'NONE',  ( 5.000000000000000888, 0.4999999999999998890, 3.349999999999999645 ) ) ;
#908 = EDGE_CURVE ( 'NONE', #677, #663, #234, .T. ) ;
#909 = APPLICATION_CONTEXT ( 'configuration controlled 3d designs of mechanical parts and assemblies' ) ;
#910 = CARTESIAN_POINT ( 'NONE',  ( 6.650000000000001243, 2.000000000000000000, 5.000000000000000000 ) ) ;
#911 = PLANE ( 'NONE',  #992 ) ;
#912 = ORIENTED_EDGE ( 'NONE', *, *, #698, .T. ) ;
#913 = EDGE_CURVE ( 'NONE', #834, #653, #1142, .T. ) ;
#914 = CARTESIAN_POINT ( 'NONE',  ( 20.99999999999999645, -10.10000000000000142, 0.0000000000000000000 ) ) ;
#915 = CIRCLE ( 'NONE', #1051, 1.500000000000000444 ) ;
#916 = VERTEX_POINT ( 'NONE', #874 ) ;
#917 = LINE ( 'NONE', #453, #1208 ) ;
#918 = APPROVAL_ROLE ( '' ) ;
#919 = VECTOR ( 'NONE', #732, 1000.000000000000000 ) ;
#920 = VECTOR ( 'NONE', #1388, 1000.000000000000000 ) ;
#921 = ORIENTED_EDGE ( 'NONE', *, *, #908, .T. ) ;
#922 = CIRCLE ( 'NONE', #971, 1.650000000000000355 ) ;
#923 = CARTESIAN_POINT ( 'NONE',  ( 13.00000000000000178, -12.10000000000000497, 0.0000000000000000000 ) ) ;
#924 = LINE ( 'NONE', #364, #1449 ) ;
#925 = CARTESIAN_POINT ( 'NONE',  ( -0.6895995171110637090, -12.70000000000000639, 6.650000000000000355 ) ) ;
#926 = DATE_AND_TIME ( #964, #399 ) ;
#927 = AXIS2_PLACEMENT_3D ( 'NONE', #1232, #560, #548 ) ;
#928 = CARTESIAN_POINT ( 'NONE',  ( 13.00000000000000178, -12.10000000000000497, 10.00000000000000000 ) ) ;
#929 = ADVANCED_FACE ( 'NONE', ( #407 ), #631, .F. ) ;
#930 = PLANE ( 'NONE',  #192 ) ;
#931 = ORIENTED_EDGE ( 'NONE', *, *, #351, .F. ) ;
#932 = CARTESIAN_POINT ( 'NONE',  ( 13.00000000000000178, -12.10000000000000497, 0.0000000000000000000 ) ) ;
#933 = EDGE_LOOP ( 'NONE', ( #1213, #1140, #106, #178, #982, #1453 ) ) ;
#934 = EDGE_CURVE ( 'NONE', #33, #598, #655, .T. ) ;
#935 = VERTEX_POINT ( 'NONE', #750 ) ;
#936 = EDGE_LOOP ( 'NONE', ( #434, #1180, #520, #387 ) ) ;
#937 = DIRECTION ( 'NONE',  ( 1.000000000000000000, 0.0000000000000000000, 0.0000000000000000000 ) ) ;
#938 = EDGE_CURVE ( 'NONE', #1244, #2, #315, .T. ) ;
#939 = DIRECTION ( 'NONE',  ( 0.0000000000000000000, 0.0000000000000000000, 1.000000000000000000 ) ) ;
#940 = ADVANCED_BREP_SHAPE_REPRESENTATION ( '°рЁэшЁ', ( #1151, #662 ), #624 ) ;
#941 = VECTOR ( 'NONE', #886, 1000.000000000000000 ) ;
#942 = CARTESIAN_POINT ( 'NONE',  ( 18.09999999999999787, -13.60000000000000320, 6.500000000000000888 ) ) ;
#943 = VECTOR ( 'NONE', #437, 1000.000000000000000 ) ;
#944 = LINE ( 'NONE', #1291, #1247 ) ;
#945 = CARTESIAN_POINT ( 'NONE',  ( 1.405126015541214930E-15, -14.20000000000000639, 4.000000000000000000 ) ) ;
#946 = AXIS2_PLACEMENT_3D ( 'NONE', #428, #190, #186 ) ;
#947 = ORIENTED_EDGE ( 'NONE', *, *, #788, .T. ) ;
#948 = DIRECTION ( 'NONE',  ( 1.000000000000000000, -1.113315271952140498E-17, -0.0000000000000000000 ) ) ;
#949 = ADVANCED_FACE ( 'NONE', ( #1278 ), #13, .F. ) ;
#950 = ORIENTED_EDGE ( 'NONE', *, *, #241, .F. ) ;
#951 = VECTOR ( 'NONE', #1133, 1000.000000000000000 ) ;
#952 = ORIENTED_EDGE ( 'NONE', *, *, #783, .T. ) ;
#953 = AXIS2_PLACEMENT_3D ( 'NONE', #1293, #77, #386 ) ;
#954 = EDGE_CURVE ( 'NONE', #796, #215, #917, .T. ) ;
#955 = VECTOR ( 'NONE', #328, 1000.000000000000000 ) ;
#956 = CARTESIAN_POINT ( 'NONE',  ( 1.058181320345853511E-15, -12.20000000000000639, 10.00000000000000000 ) ) ;
#957 = VERTEX_POINT ( 'NONE', #316 ) ;
#958 = FACE_OUTER_BOUND ( 'NONE', #770, .T. ) ;
#959 = AXIS2_PLACEMENT_3D ( 'NONE', #352, #12, #347 ) ;
#960 = ADVANCED_FACE ( 'NONE', ( #16, #369 ), #1363, .F. ) ;
#961 = FACE_OUTER_BOUND ( 'NONE', #405, .T. ) ;
#962 = EDGE_CURVE ( 'NONE', #300, #197, #679, .T. ) ;
#963 = DIRECTION ( 'NONE',  ( 0.0000000000000000000, -1.000000000000000000, 0.0000000000000000000 ) ) ;
#964 = CALENDAR_DATE ( 2024, 25, 3 ) ;
#965 = CARTESIAN_POINT ( 'NONE',  ( 5.000000000000001776, -12.20000000000000462, 3.349999999999999645 ) ) ;
#966 = VERTEX_POINT ( 'NONE', #656 ) ;
#967 = CIRCLE ( 'NONE', #976, 1.650000000000000355 ) ;
#968 = VERTEX_POINT ( 'NONE', #559 ) ;
#969 = EDGE_LOOP ( 'NONE', ( #1063, #1348, #1282, #1444 ) ) ;
#970 = DIRECTION ( 'NONE',  ( -0.0000000000000000000, -1.000000000000000000, -0.0000000000000000000 ) ) ;
#971 = AXIS2_PLACEMENT_3D ( 'NONE', #408, #306, #1217 ) ;
#972 = DIRECTION ( 'NONE',  ( 1.000000000000000000, 0.0000000000000000000, 0.0000000000000000000 ) ) ;
#973 = PERSON_AND_ORGANIZATION_ROLE ( 'design_supplier' ) ;
#974 = VERTEX_POINT ( 'NONE', #8 ) ;
#975 = SECURITY_CLASSIFICATION ( '', '', #881 ) ;
#976 = AXIS2_PLACEMENT_3D ( 'NONE', #763, #442, #1 ) ;
#977 = DIRECTION ( 'NONE',  ( -1.734723475976808080E-16, 1.000000000000000000, 0.0000000000000000000 ) ) ;
#978 = APPROVAL_DATE_TIME ( #926, #1269 ) ;
#979 = DIRECTION ( 'NONE',  ( 0.0000000000000000000, 0.0000000000000000000, 1.000000000000000000 ) ) ;
#980 = DIRECTION ( 'NONE',  ( 1.000000000000000000, 2.735525481348043208E-16, 0.0000000000000000000 ) ) ;
#981 = EDGE_CURVE ( 'NONE', #1181, #653, #356, .T. ) ;
#982 = ORIENTED_EDGE ( 'NONE', *, *, #788, .F. ) ;
#983 = DIRECTION ( 'NONE',  ( 1.734723475976808080E-16, -1.000000000000000000, 0.0000000000000000000 ) ) ;
#984 = VECTOR ( 'NONE', #1295, 1000.000000000000000 ) ;
#985 = ORIENTED_EDGE ( 'NONE', *, *, #696, .F. ) ;
#986 = EDGE_LOOP ( 'NONE', ( #1119, #1412, #275, #542, #82, #1032 ) ) ;
#987 = LINE ( 'NONE', #596, #549 ) ;
#988 = PLANE ( 'NONE',  #25 ) ;
#989 = EDGE_CURVE ( 'NONE', #630, #1181, #1257, .T. ) ;
#990 = ORIENTED_EDGE ( 'NONE', *, *, #351, .T. ) ;
#991 = LINE ( 'NONE', #856, #633 ) ;
#992 = AXIS2_PLACEMENT_3D ( 'NONE', #697, #571, #40 ) ;
#993 = CARTESIAN_POINT ( 'NONE',  ( 11.00000000000000000, -6.100000000000001421, 9.000000000000001776 ) ) ;
#994 = DIRECTION ( 'NONE',  ( -0.0000000000000000000, 0.0000000000000000000, -1.000000000000000000 ) ) ;
#995 = VECTOR ( 'NONE', #1165, 1000.000000000000000 ) ;
#996 = CARTESIAN_POINT ( 'NONE',  ( 0.0000000000000000000, 0.5000000000000000000, 10.00000000000000000 ) ) ;
#997 = CARTESIAN_POINT ( 'NONE',  ( 0.0000000000000000000, 2.000000000000000000, 10.00000000000000000 ) ) ;
#998 = VERTEX_POINT ( 'NONE', #216 ) ;
#999 = EDGE_CURVE ( 'NONE', #130, #1184, #613, .T. ) ;
#1000 = ORIENTED_EDGE ( 'NONE', *, *, #150, .F. ) ;
#1001 = FACE_OUTER_BOUND ( 'NONE', #493, .T. ) ;
#1002 = CARTESIAN_POINT ( 'NONE',  ( -0.6895995171110637090, -12.70000000000000639, 3.349999999999999645 ) ) ;
#1003 = ORIENTED_EDGE ( 'NONE', *, *, #496, .F. ) ;
#1004 = ORIENTED_EDGE ( 'NONE', *, *, #954, .T. ) ;
#1005 = ORIENTED_EDGE ( 'NONE', *, *, #817, .F. ) ;
#1006 = ORIENTED_EDGE ( 'NONE', *, *, #698, .F. ) ;
#1007 = ORIENTED_EDGE ( 'NONE', *, *, #168, .F. ) ;
#1008 = CARTESIAN_POINT ( 'NONE',  ( 6.650000000000001243, 3.874650668291762330E-18, 5.000000000000000000 ) ) ;
#1009 = LINE ( 'NONE', #646, #941 ) ;
#1010 = CARTESIAN_POINT ( 'NONE',  ( 0.0000000000000000000, 0.0000000000000000000, 0.0000000000000000000 ) ) ;
#1011 = COORDINATED_UNIVERSAL_TIME_OFFSET ( 3, 0, .AHEAD. ) ;
#1012 = CARTESIAN_POINT ( 'NONE',  ( 6.000000000000000888, -12.20000000000000462, 10.00000000000000000 ) ) ;
#1013 = ORIENTED_EDGE ( 'NONE', *, *, #1159, .T. ) ;
#1014 = EDGE_CURVE ( 'NONE', #1097, #957, #967, .T. ) ;
#1015 = ORIENTED_EDGE ( 'NONE', *, *, #576, .F. ) ;
#1016 = FACE_BOUND ( 'NONE', #416, .T. ) ;
#1017 = FACE_OUTER_BOUND ( 'NONE', #525, .T. ) ;
#1018 = CARTESIAN_POINT ( 'NONE',  ( 18.00000000000000355, -0.09999999999999971412, 4.000000000000000000 ) ) ;
#1019 = PLANE ( 'NONE',  #1251 ) ;
#1020 = APPLICATION_PROTOCOL_DEFINITION ( 'international standard', 'config_control_design', 1994, #1157 ) ;
#1021 = CARTESIAN_POINT ( 'NONE',  ( 15.99999999999999645, -2.100000000000000533, 10.00000000000000000 ) ) ;
#1022 = ORIENTED_EDGE ( 'NONE', *, *, #394, .F. ) ;
#1023 = EDGE_LOOP ( 'NONE', ( #1376, #859, #985, #371, #1316, #523, #1013, #1164, #29 ) ) ;
#1024 = CARTESIAN_POINT ( 'NONE',  ( 0.0000000000000000000, 0.0000000000000000000, 0.0000000000000000000 ) ) ;
#1025 = AXIS2_PLACEMENT_3D ( 'NONE', #1292, #156, #1182 ) ;
#1026 = DIRECTION ( 'NONE',  ( -1.000802005371235004E-16, 1.000000000000000000, -0.0000000000000000000 ) ) ;
#1027 = VERTEX_POINT ( 'NONE', #105 ) ;
#1028 = PERSON_AND_ORGANIZATION_ROLE ( 'classification_officer' ) ;
#1029 = EDGE_CURVE ( 'NONE', #1073, #55, #643, .T. ) ;
#1030 = DIRECTION ( 'NONE',  ( 0.0000000000000000000, 0.0000000000000000000, 1.000000000000000000 ) ) ;
#1031 = LINE ( 'NONE', #539, #74 ) ;
#1032 = ORIENTED_EDGE ( 'NONE', *, *, #1014, .F. ) ;
#1033 = DIRECTION ( 'NONE',  ( -1.000000000000000000, -1.734723475976808080E-16, 0.0000000000000000000 ) ) ;
#1034 = LINE ( 'NONE', #363, #1330 ) ;
#1035 = CARTESIAN_POINT ( 'NONE',  ( 18.09999999999999787, 1.400000000000000133, 5.000000000000000000 ) ) ;
#1036 = EDGE_CURVE ( 'NONE', #350, #478, #555, .T. ) ;
#1037 = CARTESIAN_POINT ( 'NONE',  ( 18.00000000000000355, -0.09999999999999971412, 10.00000000000000000 ) ) ;
#1038 = FACE_OUTER_BOUND ( 'NONE', #68, .T. ) ;
#1039 = PERSON ( 'UNSPECIFIED', 'UNSPECIFIED', 'UNSPECIFIED', ('UNSPECIFIED'), ('UNSPECIFIED'), ('UNSPECIFIED') ) ;
#1040 = CARTESIAN_POINT ( 'NONE',  ( 3.350000000000001421, -14.20000000000000462, 5.000000000000000000 ) ) ;
#1041 = DIRECTION ( 'NONE',  ( 1.000000000000000000, 0.0000000000000000000, 0.0000000000000000000 ) ) ;
#1042 = PLANE ( 'NONE',  #1308 ) ;
#1043 = EDGE_CURVE ( 'NONE', #33, #153, #1307, .T. ) ;
#1044 = ORIENTED_EDGE ( 'NONE', *, *, #1314, .F. ) ;
#1045 = DIRECTION ( 'NONE',  ( -1.000000000000000000, 0.0000000000000000000, -1.301042606982605567E-16 ) ) ;
#1046 = ORIENTED_EDGE ( 'NONE', *, *, #116, .T. ) ;
#1047 = DIRECTION ( 'NONE',  ( 0.0000000000000000000, 1.000000000000000000, 0.0000000000000000000 ) ) ;
#1048 = LINE ( 'NONE', #533, #524 ) ;
#1049 = ORIENTED_EDGE ( 'NONE', *, *, #251, .F. ) ;
#1050 = VERTEX_POINT ( 'NONE', #1367 ) ;
#1051 = AXIS2_PLACEMENT_3D ( 'NONE', #345, #1391, #27 ) ;
#1052 = FACE_OUTER_BOUND ( 'NONE', #51, .T. ) ;
#1053 = CARTESIAN_POINT ( 'NONE',  ( 20.99999999999999645, -2.100000000000000089, 0.0000000000000000000 ) ) ;
#1054 = CARTESIAN_POINT ( 'NONE',  ( 18.00000000000000355, -2.100000000000000089, 10.00000000000000000 ) ) ;
#1055 = APPROVAL_DATE_TIME ( #1129, #647 ) ;
#1056 = ORIENTED_EDGE ( 'NONE', *, *, #526, .T. ) ;
#1057 = DIRECTION ( 'NONE',  ( 0.0000000000000000000, 0.0000000000000000000, 1.000000000000000000 ) ) ;
#1058 = CARTESIAN_POINT ( 'NONE',  ( 15.99999999999999645, -10.10000000000000320, 9.000000000000001776 ) ) ;
#1059 = LINE ( 'NONE', #1060, #159 ) ;
#1060 = CARTESIAN_POINT ( 'NONE',  ( 18.00000000000000355, 0.0000000000000000000, 10.00000000000000000 ) ) ;
#1061 = DATE_TIME_ROLE ( 'classification_date' ) ;
#1062 = EDGE_CURVE ( 'NONE', #630, #867, #787, .T. ) ;
#1063 = ORIENTED_EDGE ( 'NONE', *, *, #1107, .T. ) ;
#1064 = DIRECTION ( 'NONE',  ( 1.000000000000000000, 7.339214706055731994E-17, 0.0000000000000000000 ) ) ;
#1065 = ADVANCED_FACE ( 'NONE', ( #1038 ), #1230, .T. ) ;
#1066 = EDGE_CURVE ( 'NONE', #223, #53, #1425, .T. ) ;
#1067 = ORIENTED_EDGE ( 'NONE', *, *, #536, .T. ) ;
#1068 = VECTOR ( 'NONE', #1187, 1000.000000000000000 ) ;
#1069 = EDGE_CURVE ( 'NONE', #223, #1413, #1077, .T. ) ;
#1070 = ORIENTED_EDGE ( 'NONE', *, *, #999, .F. ) ;
#1071 = CARTESIAN_POINT ( 'NONE',  ( 5.000000000000001776, -12.70000000000000462, 5.000000000000000000 ) ) ;
#1072 = CYLINDRICAL_SURFACE ( 'NONE', #691, 1.500000000000000444 ) ;
#1073 = VERTEX_POINT ( 'NONE', #905 ) ;
#1074 = ADVANCED_FACE ( 'NONE', ( #490 ), #244, .F. ) ;
#1075 = VECTOR ( 'NONE', #983, 1000.000000000000000 ) ;
#1076 = CARTESIAN_POINT ( 'NONE',  ( 13.00000000000000178, -14.20000000000000284, 0.0000000000000000000 ) ) ;
#1077 = LINE ( 'NONE', #1358, #472 ) ;
#1078 = EDGE_CURVE ( 'NONE', #1098, #1378, #418, .T. ) ;
#1079 = VECTOR ( 'NONE', #133, 1000.000000000000000 ) ;
#1080 = DIRECTION ( 'NONE',  ( -1.000802005371235004E-16, 1.000000000000000000, -0.0000000000000000000 ) ) ;
#1081 = ADVANCED_FACE ( 'NONE', ( #1108 ), #1397, .F. ) ;
#1082 = ORIENTED_EDGE ( 'NONE', *, *, #889, .F. ) ;
#1083 = VERTEX_POINT ( 'NONE', #590 ) ;
#1084 = CYLINDRICAL_SURFACE ( 'NONE', #610, 1.650000000000000355 ) ;
#1085 = DIRECTION ( 'NONE',  ( 1.846055003172022053E-16, -1.000000000000000000, 0.0000000000000000000 ) ) ;
#1086 = EDGE_LOOP ( 'NONE', ( #1303, #1277, #800, #195, #1015 ) ) ;
#1087 = CIRCLE ( 'NONE', #225, 5.999999999999999112 ) ;
#1088 = LINE ( 'NONE', #894, #551 ) ;
#1089 = CARTESIAN_POINT ( 'NONE',  ( 5.000000000000001776, -12.20000000000000462, 6.650000000000000355 ) ) ;
#1090 = CALENDAR_DATE ( 2024, 25, 3 ) ;
#1091 = EDGE_LOOP ( 'NONE', ( #772, #1422, #110, #1354 ) ) ;
#1092 = CARTESIAN_POINT ( 'NONE',  ( 15.99999999999999645, -10.10000000000000320, 9.000000000000001776 ) ) ;
#1093 = CARTESIAN_POINT ( 'NONE',  ( 0.0000000000000000000, 0.0000000000000000000, 3.349999999999999645 ) ) ;
#1094 = DIRECTION ( 'NONE',  ( 1.000000000000000000, -1.113315271952140498E-17, -0.0000000000000000000 ) ) ;
#1095 = DIRECTION ( 'NONE',  ( -1.000000000000000000, 0.0000000000000000000, 0.0000000000000000000 ) ) ;
#1096 = VERTEX_POINT ( 'NONE', #1261 ) ;
#1097 = VERTEX_POINT ( 'NONE', #1267 ) ;
#1098 = VERTEX_POINT ( 'NONE', #910 ) ;
#1099 = FACE_OUTER_BOUND ( 'NONE', #782, .T. ) ;
#1100 = CARTESIAN_POINT ( 'NONE',  ( 24.00000000000000000, -0.09999999999999971412, 4.000000000000000000 ) ) ;
#1101 = EDGE_CURVE ( 'NONE', #974, #109, #1339, .T. ) ;
#1102 = AXIS2_PLACEMENT_3D ( 'NONE', #308, #1109, #759 ) ;
#1103 = CARTESIAN_POINT ( 'NONE',  ( 0.0000000000000000000, 0.0000000000000000000, 10.00000000000000000 ) ) ;
#1104 = DIRECTION ( 'NONE',  ( -0.0000000000000000000, 1.000000000000000000, -0.0000000000000000000 ) ) ;
#1105 = DIRECTION ( 'NONE',  ( 0.0000000000000000000, -1.000000000000000000, 0.0000000000000000000 ) ) ;
#1106 = FACE_OUTER_BOUND ( 'NONE', #163, .T. ) ;
#1107 = EDGE_CURVE ( 'NONE', #1083, #657, #924, .T. ) ;
#1108 = FACE_OUTER_BOUND ( 'NONE', #642, .T. ) ;
#1109 = DIRECTION ( 'NONE',  ( 5.826542358333473423E-19, -1.000000000000000000, 0.0000000000000000000 ) ) ;
#1110 = DIRECTION ( 'NONE',  ( -1.734723475976808080E-16, 1.000000000000000000, -0.0000000000000000000 ) ) ;
#1111 = PLANE ( 'NONE',  #452 ) ;
#1112 = AXIS2_PLACEMENT_3D ( 'NONE', #1424, #1085, #65 ) ;
#1113 = EDGE_CURVE ( 'NONE', #448, #145, #324, .T. ) ;
#1114 = DIRECTION ( 'NONE',  ( -0.0000000000000000000, -0.0000000000000000000, -1.000000000000000000 ) ) ;
#1115 = ORIENTED_EDGE ( 'NONE', *, *, #606, .F. ) ;
#1116 = CARTESIAN_POINT ( 'NONE',  ( 13.00000000000000000, 1.999999999999998668, 10.00000000000000000 ) ) ;
#1117 = ORIENTED_EDGE ( 'NONE', *, *, #501, .T. ) ;
#1118 = CARTESIAN_POINT ( 'NONE',  ( 18.09999999999999787, -13.60000000000000320, 5.000000000000000000 ) ) ;
#1119 = ORIENTED_EDGE ( 'NONE', *, *, #727, .T. ) ;
#1120 = AXIS2_PLACEMENT_3D ( 'NONE', #227, #544, #1125 ) ;
#1121 = CIRCLE ( 'NONE', #1102, 1.650000000000000355 ) ;
#1122 = ORIENTED_EDGE ( 'NONE', *, *, #1305, .F. ) ;
#1123 = VERTEX_POINT ( 'NONE', #923 ) ;
#1124 = EDGE_CURVE ( 'NONE', #1050, #598, #188, .T. ) ;
#1125 = DIRECTION ( 'NONE',  ( 1.000000000000000000, -7.228014483236695816E-17, -8.673617379884035472E-16 ) ) ;
#1126 = VECTOR ( 'NONE', #699, 1000.000000000000000 ) ;
#1127 = CARTESIAN_POINT ( 'NONE',  ( 18.09999999999999787, 1.400000000000000133, 6.500000000000000888 ) ) ;
#1128 = DIRECTION ( 'NONE',  ( 1.000000000000000000, -1.000802005371235128E-16, 0.0000000000000000000 ) ) ;
#1129 = DATE_AND_TIME ( #325, #623 ) ;
#1130 = DIRECTION ( 'NONE',  ( -0.0000000000000000000, 0.0000000000000000000, -1.000000000000000000 ) ) ;
#1131 = CARTESIAN_POINT ( 'NONE',  ( 5.000000000000000888, 2.913271179166737482E-18, 5.000000000000000000 ) ) ;
#1132 = VECTOR ( 'NONE', #367, 1000.000000000000000 ) ;
#1133 = DIRECTION ( 'NONE',  ( -1.000802005371235004E-16, 1.000000000000000000, -0.0000000000000000000 ) ) ;
#1134 = CARTESIAN_POINT ( 'NONE',  ( 1.058181320345853511E-15, -12.20000000000000639, 4.000000000000000000 ) ) ;
#1135 = ORIENTED_EDGE ( 'NONE', *, *, #189, .T. ) ;
#1136 = DIRECTION ( 'NONE',  ( 5.826542358333473423E-19, -1.000000000000000000, -0.0000000000000000000 ) ) ;
#1137 = ORIENTED_EDGE ( 'NONE', *, *, #710, .F. ) ;
#1138 = DIRECTION ( 'NONE',  ( -1.000000000000000000, 0.0000000000000000000, -0.0000000000000000000 ) ) ;
#1139 = ORIENTED_EDGE ( 'NONE', *, *, #913, .F. ) ;
#1140 = ORIENTED_EDGE ( 'NONE', *, *, #1124, .T. ) ;
#1141 = CARTESIAN_POINT ( 'NONE',  ( 15.99999999999999645, -6.100000000000001421, 9.000000000000001776 ) ) ;
#1142 = LINE ( 'NONE', #203, #831 ) ;
#1143 = ORIENTED_EDGE ( 'NONE', *, *, #36, .F. ) ;
#1144 = EDGE_CURVE ( 'NONE', #916, #966, #735, .T. ) ;
#1145 = ORIENTED_EDGE ( 'NONE', *, *, #1069, .F. ) ;
#1146 = EDGE_CURVE ( 'NONE', #1378, #1098, #226, .T. ) ;
#1147 = PERSON_AND_ORGANIZATION ( #1039, #873 ) ;
#1148 = CARTESIAN_POINT ( 'NONE',  ( 24.00000000000000000, -12.10000000000000142, 4.000000000000000000 ) ) ;
#1149 = ORIENTED_EDGE ( 'NONE', *, *, #304, .F. ) ;
#1150 = AXIS2_PLACEMENT_3D ( 'NONE', #1235, #1359, #15 ) ;
#1151 = MANIFOLD_SOLID_BREP ( 'Зеркальное отражение1', #181 ) ;
#1152 = EDGE_LOOP ( 'NONE', ( #169, #1056, #378, #1256 ) ) ;
#1153 = VECTOR ( 'NONE', #443, 1000.000000000000000 ) ;
#1154 =( NAMED_UNIT ( * ) PLANE_ANGLE_UNIT ( ) SI_UNIT ( $, .RADIAN. ) );
#1155 = DIRECTION ( 'NONE',  ( 1.301042606982605567E-16, 1.302086050141611115E-32, -1.000000000000000000 ) ) ;
#1156 = CARTESIAN_POINT ( 'NONE',  ( 24.00000000000000000, -10.10000000000000142, 0.0000000000000000000 ) ) ;
#1157 = APPLICATION_CONTEXT ( 'configuration controlled 3d designs of mechanical parts and assemblies' ) ;
#1158 = DIRECTION ( 'NONE',  ( -1.734723475976808080E-16, 1.000000000000000000, -0.0000000000000000000 ) ) ;
#1159 = EDGE_CURVE ( 'NONE', #974, #834, #535, .T. ) ;
#1160 = ORIENTED_EDGE ( 'NONE', *, *, #1146, .F. ) ;
#1161 = ORIENTED_EDGE ( 'NONE', *, *, #1029, .T. ) ;
#1162 = AXIS2_PLACEMENT_3D ( 'NONE', #1035, #473, #231 ) ;
#1163 = LINE ( 'NONE', #607, #984 ) ;
#1164 = ORIENTED_EDGE ( 'NONE', *, *, #492, .F. ) ;
#1165 = DIRECTION ( 'NONE',  ( -0.0000000000000000000, -1.000000000000000000, -0.0000000000000000000 ) ) ;
#1166 = EDGE_CURVE ( 'NONE', #1206, #1254, #1324, .T. ) ;
#1167 = DIRECTION ( 'NONE',  ( -1.000000000000000000, -1.734723475976808080E-16, -0.0000000000000000000 ) ) ;
#1168 = DIRECTION ( 'NONE',  ( -0.0000000000000000000, 1.000000000000000000, -0.0000000000000000000 ) ) ;
#1169 = ORIENTED_EDGE ( 'NONE', *, *, #1043, .T. ) ;
#1170 = ADVANCED_FACE ( 'NONE', ( #693 ), #140, .F. ) ;
#1171 = DIRECTION ( 'NONE',  ( -0.0000000000000000000, 1.000000000000000000, -0.0000000000000000000 ) ) ;
#1172 = AXIS2_PLACEMENT_3D ( 'NONE', #1131, #1338, #450 ) ;
#1173 = DIRECTION ( 'NONE',  ( -0.0000000000000000000, 0.0000000000000000000, -1.000000000000000000 ) ) ;
#1174 = LINE ( 'NONE', #605, #1384 ) ;
#1175 = CARTESIAN_POINT ( 'NONE',  ( 6.000000000000000888, -12.20000000000000462, 4.000000000000000000 ) ) ;
#1176 = CARTESIAN_POINT ( 'NONE',  ( 18.00000000000000355, 0.0000000000000000000, 4.000000000000000000 ) ) ;
#1177 = ORIENTED_EDGE ( 'NONE', *, *, #429, .T. ) ;
#1178 = ORIENTED_EDGE ( 'NONE', *, *, #989, .F. ) ;
#1179 = DIRECTION ( 'NONE',  ( 0.0000000000000000000, 0.0000000000000000000, 1.000000000000000000 ) ) ;
#1180 = ORIENTED_EDGE ( 'NONE', *, *, #36, .T. ) ;
#1181 = VERTEX_POINT ( 'NONE', #235 ) ;
#1182 = DIRECTION ( 'NONE',  ( 0.0000000000000000000, 0.0000000000000000000, 1.000000000000000000 ) ) ;
#1183 = CARTESIAN_POINT ( 'NONE',  ( 13.00000000000000000, -0.09999999999999971412, 10.00000000000000000 ) ) ;
#1184 = VERTEX_POINT ( 'NONE', #1021 ) ;
#1185 = FACE_OUTER_BOUND ( 'NONE', #1389, .T. ) ;
#1186 = EDGE_CURVE ( 'NONE', #1098, #1411, #456, .T. ) ;
#1187 = DIRECTION ( 'NONE',  ( -1.734723475976808080E-16, 1.000000000000000000, -0.0000000000000000000 ) ) ;
#1188 = CARTESIAN_POINT ( 'NONE',  ( 18.09999999999999787, -0.09999999999999982514, 3.499999999999999556 ) ) ;
#1189 = ADVANCED_FACE ( 'NONE', ( #961 ), #42, .T. ) ;
#1190 = DIRECTION ( 'NONE',  ( 0.0000000000000000000, -0.0000000000000000000, -1.000000000000000000 ) ) ;
#1191 = VECTOR ( 'NONE', #1408, 1000.000000000000000 ) ;
#1192 = ORIENTED_EDGE ( 'NONE', *, *, #330, .T. ) ;
#1193 = ADVANCED_FACE ( 'NONE', ( #1201 ), #486, .F. ) ;
#1194 = EDGE_CURVE ( 'NONE', #1347, #109, #804, .T. ) ;
#1195 = EDGE_LOOP ( 'NONE', ( #1177, #108, #1067, #31, #1239, #157 ) ) ;
#1196 = VECTOR ( 'NONE', #322, 1000.000000000000000 ) ;
#1197 = EDGE_LOOP ( 'NONE', ( #1415, #314, #1429, #838 ) ) ;
#1198 = DIRECTION ( 'NONE',  ( -0.0000000000000000000, -0.0000000000000000000, -1.000000000000000000 ) ) ;
#1199 = FACE_OUTER_BOUND ( 'NONE', #1299, .T. ) ;
#1200 = CARTESIAN_POINT ( 'NONE',  ( 6.000000000000000888, -12.20000000000000462, 10.00000000000000000 ) ) ;
#1201 = FACE_OUTER_BOUND ( 'NONE', #986, .T. ) ;
#1202 = PERSON_AND_ORGANIZATION ( #1039, #873 ) ;
#1203 = DIRECTION ( 'NONE',  ( 1.000000000000000000, 0.0000000000000000000, 0.0000000000000000000 ) ) ;
#1204 = VERTEX_POINT ( 'NONE', #594 ) ;
#1205 = VERTEX_POINT ( 'NONE', #568 ) ;
#1206 = VERTEX_POINT ( 'NONE', #491 ) ;
#1207 = ORIENTED_EDGE ( 'NONE', *, *, #52, .T. ) ;
#1208 = VECTOR ( 'NONE', #1130, 1000.000000000000000 ) ;
#1209 = PLANE ( 'NONE',  #843 ) ;
#1210 = CARTESIAN_POINT ( 'NONE',  ( 18.09999999999999787, 1.400000000000000133, 5.000000000000000000 ) ) ;
#1211 = AXIS2_PLACEMENT_3D ( 'NONE', #1010, #6, #1138 ) ;
#1212 = AXIS2_PLACEMENT_3D ( 'NONE', #547, #313, #650 ) ;
#1213 = ORIENTED_EDGE ( 'NONE', *, *, #1394, .T. ) ;
#1214 = VECTOR ( 'NONE', #1438, 1000.000000000000000 ) ;
#1215 = DIRECTION ( 'NONE',  ( -1.000000000000000000, -1.846055003172022053E-16, 0.0000000000000000000 ) ) ;
#1216 = CARTESIAN_POINT ( 'NONE',  ( 20.99999999999999645, -2.100000000000000089, 1.000000000000001332 ) ) ;
#1217 = DIRECTION ( 'NONE',  ( -1.000000000000000000, 0.0000000000000000000, 0.0000000000000000000 ) ) ;
#1218 = CYLINDRICAL_SURFACE ( 'NONE', #959, 1.650000000000000355 ) ;
#1219 = CARTESIAN_POINT ( 'NONE',  ( 11.00000000000000000, -2.100000000000000977, 10.00000000000000000 ) ) ;
#1220 = ORIENTED_EDGE ( 'NONE', *, *, #1455, .T. ) ;
#1221 = ORIENTED_EDGE ( 'NONE', *, *, #1036, .F. ) ;
#1222 = CIRCLE ( 'NONE', #720, 6.000000000000000000 ) ;
#1223 = DIRECTION ( 'NONE',  ( 0.0000000000000000000, 0.0000000000000000000, -1.000000000000000000 ) ) ;
#1224 = ORIENTED_EDGE ( 'NONE', *, *, #773, .T. ) ;
#1225 = CARTESIAN_POINT ( 'NONE',  ( 11.00000000000000000, -2.100000000000000977, 10.00000000000000000 ) ) ;
#1226 = LINE ( 'NONE', #1200, #919 ) ;
#1227 = LINE ( 'NONE', #871, #414 ) ;
#1228 = CARTESIAN_POINT ( 'NONE',  ( 5.000000000000000888, -5.566576359760703568E-17, 6.650000000000000355 ) ) ;
#1229 = LINE ( 'NONE', #113, #1153 ) ;
#1230 = PLANE ( 'NONE',  #1211 ) ;
#1231 = DIRECTION ( 'NONE',  ( 0.0000000000000000000, -0.0000000000000000000, 1.000000000000000000 ) ) ;
#1232 = CARTESIAN_POINT ( 'NONE',  ( 20.99999999999999645, -6.100000000000000533, 1.224646799147352862E-15 ) ) ;
#1233 = AXIS2_PLACEMENT_3D ( 'NONE', #540, #455, #661 ) ;
#1234 = CARTESIAN_POINT ( 'NONE',  ( 11.00000000000000000, -2.100000000000000977, 10.00000000000000000 ) ) ;
#1235 = CARTESIAN_POINT ( 'NONE',  ( -0.6895995171110648192, 0.5000000000000000000, 3.349999999999999645 ) ) ;
#1236 = CC_DESIGN_PERSON_AND_ORGANIZATION_ASSIGNMENT ( #885, #260, ( #580 ) ) ;
#1237 = ORIENTED_EDGE ( 'NONE', *, *, #1186, .F. ) ;
#1238 = APPROVAL_ROLE ( '' ) ;
#1239 = ORIENTED_EDGE ( 'NONE', *, *, #280, .T. ) ;
#1240 = VECTOR ( 'NONE', #1064, 1000.000000000000000 ) ;
#1241 = DIRECTION ( 'NONE',  ( 0.0000000000000000000, 0.0000000000000000000, 1.000000000000000000 ) ) ;
#1242 = LINE ( 'NONE', #1127, #820 ) ;
#1243 = EDGE_CURVE ( 'NONE', #867, #639, #504, .T. ) ;
#1244 = VERTEX_POINT ( 'NONE', #152 ) ;
#1245 = LINE ( 'NONE', #440, #943 ) ;
#1246 = DIRECTION ( 'NONE',  ( 1.000000000000000000, 8.673617379884040402E-17, 0.0000000000000000000 ) ) ;
#1247 = VECTOR ( 'NONE', #59, 1000.000000000000000 ) ;
#1248 = FACE_OUTER_BOUND ( 'NONE', #626, .T. ) ;
#1249 = CARTESIAN_POINT ( 'NONE',  ( 6.650000000000001243, 2.000000000000000000, 5.000000000000000000 ) ) ;
#1250 = DIRECTION ( 'NONE',  ( 1.000000000000000000, 0.0000000000000000000, 0.0000000000000000000 ) ) ;
#1251 = AXIS2_PLACEMENT_3D ( 'NONE', #1141, #340, #128 ) ;
#1252 = CARTESIAN_POINT ( 'NONE',  ( 11.00000000000000178, -12.20000000000000462, 10.00000000000000000 ) ) ;
#1253 = ORIENTED_EDGE ( 'NONE', *, *, #160, .F. ) ;
#1254 = VERTEX_POINT ( 'NONE', #373 ) ;
#1255 = CIRCLE ( 'NONE', #946, 6.000000000000000000 ) ;
#1256 = ORIENTED_EDGE ( 'NONE', *, *, #812, .F. ) ;
#1257 = LINE ( 'NONE', #993, #951 ) ;
#1258 = ORIENTED_EDGE ( 'NONE', *, *, #1386, .T. ) ;
#1259 = DATE_TIME_ROLE ( 'creation_date' ) ;
#1260 = VECTOR ( 'NONE', #826, 1000.000000000000000 ) ;
#1261 = CARTESIAN_POINT ( 'NONE',  ( 13.00000000000000000, -0.09999999999999971412, 0.0000000000000000000 ) ) ;
#1262 = VECTOR ( 'NONE', #1104, 1000.000000000000000 ) ;
#1263 = ORIENTED_EDGE ( 'NONE', *, *, #394, .T. ) ;
#1264 = AXIS2_PLACEMENT_3D ( 'NONE', #956, #1301, #622 ) ;
#1265 = LINE ( 'NONE', #1344, #454 ) ;
#1266 = CARTESIAN_POINT ( 'NONE',  ( 18.09999999999999787, 1.400000000000000133, 3.499999999999999556 ) ) ;
#1267 = CARTESIAN_POINT ( 'NONE',  ( 5.000000000000000888, 0.4999999999999998890, 6.650000000000000355 ) ) ;
#1268 = LINE ( 'NONE', #123, #1271 ) ;
#1269 = APPROVAL ( #466, 'UNSPECIFIED' ) ;
#1270 = DIRECTION ( 'NONE',  ( 1.728896933618474661E-16, -1.000000000000000000, -0.0000000000000000000 ) ) ;
#1271 = VECTOR ( 'NONE', #30, 1000.000000000000000 ) ;
#1272 = CARTESIAN_POINT ( 'NONE',  ( 6.000000000000000888, -14.20000000000000462, 4.000000000000000000 ) ) ;
#1273 = DIRECTION ( 'NONE',  ( -1.000000000000000000, -1.734723475976808080E-16, 0.0000000000000000000 ) ) ;
#1274 = DIRECTION ( 'NONE',  ( -1.000000000000000000, 1.113315271952140498E-17, 0.0000000000000000000 ) ) ;
#1275 = ORIENTED_EDGE ( 'NONE', *, *, #913, .T. ) ;
#1276 = DIRECTION ( 'NONE',  ( -1.000000000000000000, -8.673617379884036705E-17, -1.301042606982605567E-16 ) ) ;
#1277 = ORIENTED_EDGE ( 'NONE', *, *, #706, .T. ) ;
#1278 = FACE_OUTER_BOUND ( 'NONE', #546, .T. ) ;
#1279 = ORIENTED_EDGE ( 'NONE', *, *, #550, .T. ) ;
#1280 = VERTEX_POINT ( 'NONE', #1401 ) ;
#1281 = DIRECTION ( 'NONE',  ( 0.0000000000000000000, 0.0000000000000000000, 1.000000000000000000 ) ) ;
#1282 = ORIENTED_EDGE ( 'NONE', *, *, #458, .F. ) ;
#1283 = CARTESIAN_POINT ( 'NONE',  ( 18.09999999999999787, -12.10000000000000320, 5.000000000000000000 ) ) ;
#1284 = EDGE_CURVE ( 'NONE', #94, #448, #890, .T. ) ;
#1285 = FACE_OUTER_BOUND ( 'NONE', #1373, .T. ) ;
#1286 = CARTESIAN_POINT ( 'NONE',  ( -0.6895995171110648192, 7.677416739305698883E-18, 6.650000000000000355 ) ) ;
#1287 = ORIENTED_EDGE ( 'NONE', *, *, #64, .F. ) ;
#1288 = FACE_OUTER_BOUND ( 'NONE', #1360, .T. ) ;
#1289 = CARTESIAN_POINT ( 'NONE',  ( 1.405126015541214930E-15, -14.20000000000000639, 0.0000000000000000000 ) ) ;
#1290 = ADVANCED_FACE ( 'NONE', ( #1017 ), #263, .F. ) ;
#1291 = CARTESIAN_POINT ( 'NONE',  ( 13.00000000000000178, -14.20000000000000284, 10.00000000000000000 ) ) ;
#1292 = CARTESIAN_POINT ( 'NONE',  ( 18.09999999999999787, -13.60000000000000320, 5.000000000000000000 ) ) ;
#1293 = CARTESIAN_POINT ( 'NONE',  ( 24.00000000000000000, -10.10000000000000142, 10.00000000000000000 ) ) ;
#1294 = EDGE_CURVE ( 'NONE', #430, #760, #1174, .T. ) ;
#1295 = DIRECTION ( 'NONE',  ( 1.734723475976808327E-16, -1.000000000000000000, 0.0000000000000000000 ) ) ;
#1296 = EDGE_LOOP ( 'NONE', ( #49, #1207, #510, #1007 ) ) ;
#1297 = ORIENTED_EDGE ( 'NONE', *, *, #492, .T. ) ;
#1298 = LINE ( 'NONE', #942, #1068 ) ;
#1299 = EDGE_LOOP ( 'NONE', ( #468, #528, #545, #1279, #1331 ) ) ;
#1300 = ORIENTED_EDGE ( 'NONE', *, *, #1194, .F. ) ;
#1301 = DIRECTION ( 'NONE',  ( 1.000000000000000000, 1.734723475976808080E-16, 0.0000000000000000000 ) ) ;
#1302 = ADVANCED_FACE ( 'NONE', ( #824 ), #854, .T. ) ;
#1303 = ORIENTED_EDGE ( 'NONE', *, *, #214, .T. ) ;
#1304 = LINE ( 'NONE', #1446, #802 ) ;
#1305 = EDGE_CURVE ( 'NONE', #893, #688, #1437, .T. ) ;
#1306 = AXIS2_PLACEMENT_3D ( 'NONE', #165, #1171, #1416 ) ;
#1307 = LINE ( 'NONE', #101, #295 ) ;
#1308 = AXIS2_PLACEMENT_3D ( 'NONE', #1410, #584, #1179 ) ;
#1309 = CARTESIAN_POINT ( 'NONE',  ( 0.0000000000000000000, 2.000000000000000000, 4.000000000000000000 ) ) ;
#1310 = ORIENTED_EDGE ( 'NONE', *, *, #1066, .T. ) ;
#1311 = DESIGN_CONTEXT ( 'detailed design', #909, 'design' ) ;
#1312 = LINE ( 'NONE', #483, #582 ) ;
#1313 = ORIENTED_EDGE ( 'NONE', *, *, #1386, .F. ) ;
#1314 = EDGE_CURVE ( 'NONE', #756, #223, #1059, .T. ) ;
#1315 = ORIENTED_EDGE ( 'NONE', *, *, #251, .T. ) ;
#1316 = ORIENTED_EDGE ( 'NONE', *, *, #339, .F. ) ;
#1317 = DIRECTION ( 'NONE',  ( -2.735525481348043208E-16, 1.000000000000000000, 0.0000000000000000000 ) ) ;
#1318 = EDGE_LOOP ( 'NONE', ( #809, #147, #1430, #487, #389, #34 ) ) ;
#1319 = APPROVAL_PERSON_ORGANIZATION ( #821, #357, #858 ) ;
#1320 = DIRECTION ( 'NONE',  ( 0.0000000000000000000, 0.0000000000000000000, -1.000000000000000000 ) ) ;
#1321 = PLANE ( 'NONE',  #318 ) ;
#1322 = ORIENTED_EDGE ( 'NONE', *, *, #214, .F. ) ;
#1323 = LINE ( 'NONE', #359, #294 ) ;
#1324 = LINE ( 'NONE', #695, #995 ) ;
#1325 = CYLINDRICAL_SURFACE ( 'NONE', #601, 6.000000000000000000 ) ;
#1326 = DIRECTION ( 'NONE',  ( 0.0000000000000000000, 0.0000000000000000000, 1.000000000000000000 ) ) ;
#1327 = ORIENTED_EDGE ( 'NONE', *, *, #406, .F. ) ;
#1328 = DIRECTION ( 'NONE',  ( -1.000000000000000000, 0.0000000000000000000, 0.0000000000000000000 ) ) ;
#1329 = DIRECTION ( 'NONE',  ( -1.734723475976808080E-16, 1.000000000000000000, -0.0000000000000000000 ) ) ;
#1330 = VECTOR ( 'NONE', #574, 1000.000000000000000 ) ;
#1331 = ORIENTED_EDGE ( 'NONE', *, *, #241, .T. ) ;
#1332 = DIRECTION ( 'NONE',  ( -0.0000000000000000000, -0.0000000000000000000, -1.000000000000000000 ) ) ;
#1333 = CARTESIAN_POINT ( 'NONE',  ( 1.405126015541214930E-15, -14.20000000000000639, 0.0000000000000000000 ) ) ;
#1334 = ORIENTED_EDGE ( 'NONE', *, *, #1375, .T. ) ;
#1335 = VECTOR ( 'NONE', #778, 1000.000000000000000 ) ;
#1336 = DIRECTION ( 'NONE',  ( 0.0000000000000000000, 0.0000000000000000000, 1.000000000000000000 ) ) ;
#1337 = EDGE_CURVE ( 'NONE', #1073, #269, #944, .T. ) ;
#1338 = DIRECTION ( 'NONE',  ( 5.826542358333473423E-19, -1.000000000000000000, 0.0000000000000000000 ) ) ;
#1339 = LINE ( 'NONE', #573, #1402 ) ;
#1340 = PERSON_AND_ORGANIZATION ( #1039, #873 ) ;
#1341 = AXIS2_PLACEMENT_3D ( 'NONE', #1071, #184, #1095 ) ;
#1342 = DIRECTION ( 'NONE',  ( 0.0000000000000000000, 0.0000000000000000000, -1.000000000000000000 ) ) ;
#1343 = DIRECTION ( 'NONE',  ( 0.0000000000000000000, 1.000000000000000000, 0.0000000000000000000 ) ) ;
#1344 = CARTESIAN_POINT ( 'NONE',  ( 15.99999999999999645, -6.100000000000001421, 10.00000000000000000 ) ) ;
#1345 = AXIS2_PLACEMENT_3D ( 'NONE', #19, #1273, #344 ) ;
#1346 = ORIENTED_EDGE ( 'NONE', *, *, #1062, .F. ) ;
#1347 = VERTEX_POINT ( 'NONE', #1053 ) ;
#1348 = ORIENTED_EDGE ( 'NONE', *, *, #634, .F. ) ;
#1349 = EDGE_CURVE ( 'NONE', #1380, #756, #666, .T. ) ;
#1350 = LINE ( 'NONE', #298, #704 ) ;
#1351 = ORIENTED_EDGE ( 'NONE', *, *, #833, .T. ) ;
#1352 = EDGE_LOOP ( 'NONE', ( #334, #57, #335, #191 ) ) ;
#1353 = DIRECTION ( 'NONE',  ( 1.734723475976808080E-16, -1.000000000000000000, 0.0000000000000000000 ) ) ;
#1354 = ORIENTED_EDGE ( 'NONE', *, *, #681, .T. ) ;
#1355 = FACE_OUTER_BOUND ( 'NONE', #1023, .T. ) ;
#1356 = AXIS2_PLACEMENT_3D ( 'NONE', #711, #1047, #939 ) ;
#1357 = LINE ( 'NONE', #1266, #920 ) ;
#1358 = CARTESIAN_POINT ( 'NONE',  ( 13.00000000000000000, -0.09999999999999971412, 10.00000000000000000 ) ) ;
#1359 = DIRECTION ( 'NONE',  ( 0.0000000000000000000, 0.0000000000000000000, -1.000000000000000000 ) ) ;
#1360 = EDGE_LOOP ( 'NONE', ( #1117, #1137, #376, #1457, #801, #1322, #1000, #249, #900, #230, #1432, #258, #426, #1046, #395, #1368 ) ) ;
#1361 = DIRECTION ( 'NONE',  ( -1.000802005371235004E-16, 1.000000000000000000, 0.0000000000000000000 ) ) ;
#1362 = VECTOR ( 'NONE', #355, 1000.000000000000000 ) ;
#1363 = PLANE ( 'NONE',  #807 ) ;
#1364 = LOCAL_TIME ( 16, 37, 40.00000000000000000, #789 ) ;
#1365 = DIRECTION ( 'NONE',  ( -1.000000000000000000, -1.000802005371235004E-16, 0.0000000000000000000 ) ) ;
#1366 = PRODUCT ( 'шарнир', 'шарнир', '', ( #1372 ) ) ;
#1367 = CARTESIAN_POINT ( 'NONE',  ( 3.350000000000000977, -14.20000000000000462, 5.000000000000000000 ) ) ;
#1368 = ORIENTED_EDGE ( 'NONE', *, *, #320, .T. ) ;
#1369 = CC_DESIGN_PERSON_AND_ORGANIZATION_ASSIGNMENT ( #76, #973, ( #580 ) ) ;
#1370 = AXIS2_PLACEMENT_3D ( 'NONE', #21, #572, #577 ) ;
#1371 = EDGE_LOOP ( 'NONE', ( #202, #739, #1122, #686 ) ) ;
#1372 = MECHANICAL_CONTEXT ( 'NONE', #1157, 'mechanical' ) ;
#1373 = EDGE_LOOP ( 'NONE', ( #785, #743 ) ) ;
#1374 = VECTOR ( 'NONE', #649, 1000.000000000000000 ) ;
#1375 = EDGE_CURVE ( 'NONE', #197, #350, #381, .T. ) ;
#1376 = ORIENTED_EDGE ( 'NONE', *, *, #1243, .T. ) ;
#1377 = PERSON_AND_ORGANIZATION_ROLE ( 'creator' ) ;
#1378 = VERTEX_POINT ( 'NONE', #674 ) ;
#1379 = DIRECTION ( 'NONE',  ( -1.728896933618474661E-16, 1.000000000000000000, 0.0000000000000000000 ) ) ;
#1380 = VERTEX_POINT ( 'NONE', #24 ) ;
#1381 = LINE ( 'NONE', #652, #362 ) ;
#1382 = CARTESIAN_POINT ( 'NONE',  ( 5.000000000000000888, -5.566576359760703568E-17, 3.349999999999999645 ) ) ;
#1383 = CARTESIAN_POINT ( 'NONE',  ( 24.00000000000000000, -2.100000000000000089, 10.00000000000000000 ) ) ;
#1384 = VECTOR ( 'NONE', #827, 1000.000000000000000 ) ;
#1385 = CARTESIAN_POINT ( 'NONE',  ( 5.000000000000000888, 2.000000000000000000, 5.000000000000000000 ) ) ;
#1386 = EDGE_CURVE ( 'NONE', #1027, #966, #1268, .T. ) ;
#1387 = CARTESIAN_POINT ( 'NONE',  ( 6.000000000000000000, -6.679891631712842063E-17, 10.00000000000000000 ) ) ;
#1388 = DIRECTION ( 'NONE',  ( -0.0000000000000000000, -1.000000000000000000, -0.0000000000000000000 ) ) ;
#1389 = EDGE_LOOP ( 'NONE', ( #179, #366, #183, #722 ) ) ;
#1390 = VERTEX_POINT ( 'NONE', #139 ) ;
#1391 = DIRECTION ( 'NONE',  ( -0.0000000000000000000, 1.000000000000000000, -0.0000000000000000000 ) ) ;
#1392 = CIRCLE ( 'NONE', #495, 1.650000000000000355 ) ;
#1393 = ORIENTED_EDGE ( 'NONE', *, *, #518, .T. ) ;
#1394 = EDGE_CURVE ( 'NONE', #430, #1050, #161, .T. ) ;
#1395 = VECTOR ( 'NONE', #1114, 1000.000000000000000 ) ;
#1396 = LINE ( 'NONE', #172, #1240 ) ;
#1397 = PLANE ( 'NONE',  #10 ) ;
#1398 = VECTOR ( 'NONE', #484, 1000.000000000000000 ) ;
#1399 = ORIENTED_EDGE ( 'NONE', *, *, #1349, .T. ) ;
#1400 = DIRECTION ( 'NONE',  ( 1.734723475976808080E-16, -1.000000000000000000, 0.0000000000000000000 ) ) ;
#1401 = CARTESIAN_POINT ( 'NONE',  ( 24.00000000000000000, -2.100000000000000089, 0.0000000000000000000 ) ) ;
#1402 = VECTOR ( 'NONE', #1026, 1000.000000000000000 ) ;
#1403 = AXIS2_PLACEMENT_3D ( 'NONE', #1018, #1168, #125 ) ;
#1404 = DIRECTION ( 'NONE',  ( -0.0000000000000000000, -0.0000000000000000000, -1.000000000000000000 ) ) ;
#1405 = CARTESIAN_POINT ( 'NONE',  ( -0.6895995171110637090, -12.20000000000000639, 3.349999999999999645 ) ) ;
#1406 = CARTESIAN_POINT ( 'NONE',  ( 24.00000000000000000, -10.10000000000000142, 10.00000000000000000 ) ) ;
#1407 = ADVANCED_FACE ( 'NONE', ( #1248 ), #665, .F. ) ;
#1408 = DIRECTION ( 'NONE',  ( 1.000000000000000000, 1.846055003172022053E-16, 0.0000000000000000000 ) ) ;
#1409 = ORIENTED_EDGE ( 'NONE', *, *, #131, .F. ) ;
#1410 = CARTESIAN_POINT ( 'NONE',  ( 24.00000000000000000, -0.09999999999999971412, 10.00000000000000000 ) ) ;
#1411 = VERTEX_POINT ( 'NONE', #1008 ) ;
#1412 = ORIENTED_EDGE ( 'NONE', *, *, #817, .T. ) ;
#1413 = VERTEX_POINT ( 'NONE', #342 ) ;
#1414 = DIRECTION ( 'NONE',  ( 0.0000000000000000000, -1.000000000000000000, 0.0000000000000000000 ) ) ;
#1415 = ORIENTED_EDGE ( 'NONE', *, *, #696, .T. ) ;
#1416 = DIRECTION ( 'NONE',  ( 0.0000000000000000000, 0.0000000000000000000, -1.000000000000000000 ) ) ;
#1417 = EDGE_LOOP ( 'NONE', ( #553, #124, #832, #1221, #562, #1005 ) ) ;
#1418 = CARTESIAN_POINT ( 'NONE',  ( 3.350000000000000533, 2.000000000000000000, 5.000000000000000000 ) ) ;
#1419 = ADVANCED_FACE ( 'NONE', ( #636 ), #1218, .F. ) ;
#1420 = ORIENTED_EDGE ( 'NONE', *, *, #999, .T. ) ;
#1421 = DIRECTION ( 'NONE',  ( 1.000000000000000000, 1.734723475976808080E-16, 0.0000000000000000000 ) ) ;
#1422 = ORIENTED_EDGE ( 'NONE', *, *, #717, .F. ) ;
#1423 = CIRCLE ( 'NONE', #1341, 1.650000000000000355 ) ;
#1424 = CARTESIAN_POINT ( 'NONE',  ( 6.000000000000000888, -12.70000000000000462, 4.000000000000000000 ) ) ;
#1425 = CIRCLE ( 'NONE', #1403, 6.000000000000000000 ) ;
#1426 = ADVANCED_FACE ( 'NONE', ( #281 ), #537, .F. ) ;
#1427 = CARTESIAN_POINT ( 'NONE',  ( 20.99999999999999645, -6.100000000000000533, 1.224646799147352862E-15 ) ) ;
#1428 = EDGE_CURVE ( 'NONE', #463, #1205, #841, .T. ) ;
#1429 = ORIENTED_EDGE ( 'NONE', *, *, #576, .T. ) ;
#1430 = ORIENTED_EDGE ( 'NONE', *, *, #375, .T. ) ;
#1431 = LINE ( 'NONE', #50, #1456 ) ;
#1432 = ORIENTED_EDGE ( 'NONE', *, *, #1314, .T. ) ;
#1433 = PLANE ( 'NONE',  #641 ) ;
#1434 = ADVANCED_FACE ( 'NONE', ( #764 ), #1325, .T. ) ;
#1435 = CARTESIAN_POINT ( 'NONE',  ( 5.000000000000000888, 0.4999999999999998890, 6.650000000000000355 ) ) ;
#1436 = VECTOR ( 'NONE', #682, 1000.000000000000000 ) ;
#1437 = LINE ( 'NONE', #1406, #1132 ) ;
#1438 = DIRECTION ( 'NONE',  ( 0.0000000000000000000, 0.0000000000000000000, 1.000000000000000000 ) ) ;
#1439 = DIRECTION ( 'NONE',  ( 1.846055003172022053E-16, -1.000000000000000000, 0.0000000000000000000 ) ) ;
#1440 = CARTESIAN_POINT ( 'NONE',  ( 24.00000000000000000, -12.10000000000000142, 0.0000000000000000000 ) ) ;
#1441 = FACE_OUTER_BOUND ( 'NONE', #933, .T. ) ;
#1442 = DIRECTION ( 'NONE',  ( 0.0000000000000000000, 0.0000000000000000000, -1.000000000000000000 ) ) ;
#1443 = CYLINDRICAL_SURFACE ( 'NONE', #575, 6.000000000000000000 ) ;
#1444 = ORIENTED_EDGE ( 'NONE', *, *, #477, .F. ) ;
#1445 = CARTESIAN_POINT ( 'NONE',  ( 18.09999999999999787, -12.10000000000000320, 5.000000000000000000 ) ) ;
#1446 = CARTESIAN_POINT ( 'NONE',  ( 18.09999999999999787, -13.60000000000000320, 3.499999999999999556 ) ) ;
#1447 = EDGE_LOOP ( 'NONE', ( #332, #680 ) ) ;
#1448 = LINE ( 'NONE', #1093, #379 ) ;
#1449 = VECTOR ( 'NONE', #586, 1000.000000000000000 ) ;
#1450 = CARTESIAN_POINT ( 'NONE',  ( 5.000000000000001776, -14.20000000000000462, 5.000000000000000000 ) ) ;
#1451 = DIRECTION ( 'NONE',  ( 1.000000000000000000, -1.113315271952140498E-17, 0.0000000000000000000 ) ) ;
#1452 = DIRECTION ( 'NONE',  ( -1.000000000000000000, 0.0000000000000000000, 0.0000000000000000000 ) ) ;
#1453 = ORIENTED_EDGE ( 'NONE', *, *, #1294, .F. ) ;
#1454 = EDGE_LOOP ( 'NONE', ( #432, #578, #205, #868 ) ) ;
#1455 = EDGE_CURVE ( 'NONE', #673, #899, #212, .T. ) ;
#1456 = VECTOR ( 'NONE', #1404, 1000.000000000000000 ) ;
#1457 = ORIENTED_EDGE ( 'NONE', *, *, #1029, .F. ) ;
ENDSEC;
END-ISO-10303-21;
