ISO-10303-21;
HEADER;
FILE_DESCRIPTION(('STEP AP242'),
    '1');
FILE_NAME('NumberTablet_108',
    '',
    ('UNSPECIFIED'),
    ('UNSPECIFIED'),
    'C3D Converter',
    'C3D Toolkit',
    '');
FILE_SCHEMA(('AP242_MANAGED_MODEL_BASED_3D_ENGINEERING_MIM_LF { 1 0 10303 442 1 1 4 }'));
ENDSEC;

DATA;
#1=PRODUCT_DEFINITION('','UNSPECIFIED',#28,#31);
#2=SHAPE_DEFINITION_REPRESENTATION(#26,#3);
#3=SHAPE_REPRESENTATION('NONE',(#4),#8);
#4=AXIS2_PLACEMENT_3D('',#5,#6,#7);
#5=CARTESIAN_POINT('',(0.,0.,0.));
#6=DIRECTION('',(0.,0.,1.));
#7=DIRECTION('',(1.,0.,0.));
#8=(GEOMETRIC_REPRESENTATION_CONTEXT(3)GLOBAL_UNCERTAINTY_ASSIGNED_CONTEXT((#10))
GLOBAL_UNIT_ASSIGNED_CONTEXT((#9,#11,#12))REPRESENTATION_CONTEXT('NONE','NONE'));
#9=(LENGTH_UNIT()NAMED_UNIT(*)SI_UNIT(.MILLI.,.METRE.));
#10=UNCERTAINTY_MEASURE_WITH_UNIT(LENGTH_MEASURE(1.E-5),#9,'NONE','NONE');
#11=(NAMED_UNIT(*)PLANE_ANGLE_UNIT()SI_UNIT($,.RADIAN.));
#12=(NAMED_UNIT(*)SI_UNIT($,.STERADIAN.)SOLID_ANGLE_UNIT());
#13=MANIFOLD_SOLID_BREP('',#14);
#14=CLOSED_SHELL('',(#53,#54,#55,#56,#57,#58,#59,#60,#61,#62,#63,#64,#65,#66,#67,
#68,#69,#70,#71,#72,#73,#74,#75,#76,#77,#78,#79,#80,#81,#82,#83,#84,#85,#86,#87,
#88,#89,#90,#91,#92,#93,#94,#95,#96,#97,#98,#99,#100,#101,#102,#103,#104,#105,#106,
#107,#108,#109,#110,#111,#112,#113,#114,#115,#116,#117,#118,#119,#120,#121,#122,
#123,#124,#125));
#15=COLOUR_RGB('',0.564705882352941,0.564705882352941,0.564705882352941);
#16=FILL_AREA_STYLE_COLOUR('',#15);
#17=FILL_AREA_STYLE($,(#16));
#18=SURFACE_STYLE_FILL_AREA(#17);
#19=SURFACE_SIDE_STYLE('',(#18));
#20=SURFACE_STYLE_USAGE(.BOTH.,#19);
#21=PRESENTATION_STYLE_ASSIGNMENT((#20));
#22=MECHANICAL_DESIGN_GEOMETRIC_PRESENTATION_REPRESENTATION('NONE',(#23),#8);
#23=STYLED_ITEM('',(#21),#13);
#24=ADVANCED_BREP_SHAPE_REPRESENTATION('NONE',(#13),#8);
#25=SHAPE_REPRESENTATION_RELATIONSHIP('','',#3,#24);
#26=PRODUCT_DEFINITION_SHAPE('NONE','NONE',#1);
#27=MECHANICAL_CONTEXT('NONE',#32,'mechanical');
#28=PRODUCT_DEFINITION_FORMATION_WITH_SPECIFIED_SOURCE('ANY','UNSPECIFIED',#29,.NOT_KNOWN.);
#29=PRODUCT('','\X2\0414043504420430043B044C\X0\','NONE',(#27));
#30=PRODUCT_RELATED_PRODUCT_CATEGORY('detail','',(#29));
#31=DESIGN_CONTEXT('detailed design',#32,'design');
#32=APPLICATION_CONTEXT('configuration controlled 3d designs of mechanical parts and assemblies');
#33=APPLICATION_PROTOCOL_DEFINITION('international standard','config_control_design',
1994,#32);
#34=CC_DESIGN_DATE_AND_TIME_ASSIGNMENT(#35,#39,(#1));
#35=DATE_AND_TIME(#36,#37);
#36=CALENDAR_DATE(0,1,1);
#37=LOCAL_TIME(0,0,0.,#38);
#38=COORDINATED_UNIVERSAL_TIME_OFFSET(0,0,.AHEAD.);
#39=DATE_TIME_ROLE('creation_date');
#40=CC_DESIGN_APPROVAL(#41,(#1));
#41=APPROVAL(#42,'UNSPECIFIED');
#42=APPROVAL_STATUS('not_yet_approved');
#43=APPROVAL_DATE_TIME(#44,#41);
#44=DATE_AND_TIME(#45,#46);
#45=CALENDAR_DATE(0,1,1);
#46=LOCAL_TIME(0,0,0.,#47);
#47=COORDINATED_UNIVERSAL_TIME_OFFSET(0,0,.AHEAD.);
#48=PERSON('UNSPECIFIED','Cybermeatball','UNSPECIFIED',('UNSPECIFIED'),('UNSPECIFIED'),
('UNSPECIFIED'));
#49=ORGANIZATION('UNSPECIFIED','UNSPECIFIED','UNSPECIFIED');
#50=PERSON_AND_ORGANIZATION(#48,#49);
#51=PERSON_AND_ORGANIZATION_ROLE('creator');
#52=CC_DESIGN_PERSON_AND_ORGANIZATION_ASSIGNMENT(#50,#51,(#28,#1));
#53=ADVANCED_FACE('',(#126),#128,.T.);
#54=ADVANCED_FACE('',(#133),#135,.T.);
#55=ADVANCED_FACE('',(#140),#142,.T.);
#56=ADVANCED_FACE('',(#147,#149,#151,#153),#155,.T.);
#57=ADVANCED_FACE('',(#160),#162,.T.);
#58=ADVANCED_FACE('',(#166),#168,.T.);
#59=ADVANCED_FACE('',(#172),#174,.T.);
#60=ADVANCED_FACE('',(#178),#180,.T.);
#61=ADVANCED_FACE('',(#184),#186,.T.);
#62=ADVANCED_FACE('',(#190),#192,.T.);
#63=ADVANCED_FACE('',(#196),#198,.T.);
#64=ADVANCED_FACE('',(#202),#204,.T.);
#65=ADVANCED_FACE('',(#208),#210,.T.);
#66=ADVANCED_FACE('',(#214),#216,.T.);
#67=ADVANCED_FACE('',(#220),#222,.T.);
#68=ADVANCED_FACE('',(#226),#228,.T.);
#69=ADVANCED_FACE('',(#232),#234,.T.);
#70=ADVANCED_FACE('',(#238),#240,.T.);
#71=ADVANCED_FACE('',(#244),#246,.T.);
#72=ADVANCED_FACE('',(#250),#252,.T.);
#73=ADVANCED_FACE('',(#256),#258,.F.);
#74=ADVANCED_FACE('',(#262),#264,.F.);
#75=ADVANCED_FACE('',(#268),#270,.F.);
#76=ADVANCED_FACE('',(#274),#276,.F.);
#77=ADVANCED_FACE('',(#280),#282,.F.);
#78=ADVANCED_FACE('',(#286),#288,.F.);
#79=ADVANCED_FACE('',(#292),#294,.F.);
#80=ADVANCED_FACE('',(#298),#300,.F.);
#81=ADVANCED_FACE('',(#304),#306,.F.);
#82=ADVANCED_FACE('',(#310),#312,.F.);
#83=ADVANCED_FACE('',(#316),#318,.F.);
#84=ADVANCED_FACE('',(#322),#324,.F.);
#85=ADVANCED_FACE('',(#328),#330,.F.);
#86=ADVANCED_FACE('',(#334),#336,.F.);
#87=ADVANCED_FACE('',(#340),#342,.F.);
#88=ADVANCED_FACE('',(#346),#348,.F.);
#89=ADVANCED_FACE('',(#352),#354,.T.);
#90=ADVANCED_FACE('',(#358),#360,.T.);
#91=ADVANCED_FACE('',(#364),#366,.T.);
#92=ADVANCED_FACE('',(#370),#372,.T.);
#93=ADVANCED_FACE('',(#376),#378,.T.);
#94=ADVANCED_FACE('',(#382),#384,.T.);
#95=ADVANCED_FACE('',(#388),#390,.T.);
#96=ADVANCED_FACE('',(#394),#396,.T.);
#97=ADVANCED_FACE('',(#400),#402,.T.);
#98=ADVANCED_FACE('',(#406),#408,.T.);
#99=ADVANCED_FACE('',(#412),#414,.F.);
#100=ADVANCED_FACE('',(#418),#420,.F.);
#101=ADVANCED_FACE('',(#424),#426,.F.);
#102=ADVANCED_FACE('',(#430),#432,.F.);
#103=ADVANCED_FACE('',(#436),#438,.F.);
#104=ADVANCED_FACE('',(#442),#444,.F.);
#105=ADVANCED_FACE('',(#448),#450,.F.);
#106=ADVANCED_FACE('',(#454),#456,.F.);
#107=ADVANCED_FACE('',(#460),#462,.T.);
#108=ADVANCED_FACE('',(#467),#469,.T.);
#109=ADVANCED_FACE('',(#474),#476,.T.);
#110=ADVANCED_FACE('',(#481),#483,.T.);
#111=ADVANCED_FACE('',(#488),#490,.T.);
#112=ADVANCED_FACE('',(#495),#497,.T.);
#113=ADVANCED_FACE('',(#502),#504,.F.);
#114=ADVANCED_FACE('',(#509),#511,.F.);
#115=ADVANCED_FACE('',(#516),#518,.F.);
#116=ADVANCED_FACE('',(#523),#525,.F.);
#117=ADVANCED_FACE('',(#530,#532,#534),#536,.T.);
#118=ADVANCED_FACE('',(#541,#543),#545,.T.);
#119=ADVANCED_FACE('',(#550),#552,.T.);
#120=ADVANCED_FACE('',(#557,#559),#561,.T.);
#121=ADVANCED_FACE('',(#566),#568,.T.);
#122=ADVANCED_FACE('',(#573),#575,.T.);
#123=ADVANCED_FACE('',(#580),#582,.T.);
#124=ADVANCED_FACE('',(#587),#589,.T.);
#125=ADVANCED_FACE('',(#594),#596,.F.);
#126=FACE_BOUND('',#127,.T.);
#127=EDGE_LOOP('',(#601,#602,#603,#604,#605,#606,#607,#608));
#128=PLANE('',#129);
#129=AXIS2_PLACEMENT_3D('',#130,#131,#132);
#130=CARTESIAN_POINT('',(0.,0.,1.));
#131=DIRECTION('',(0.,0.,1.));
#132=DIRECTION('',(1.,0.,0.));
#133=FACE_BOUND('',#134,.T.);
#134=EDGE_LOOP('',(#609,#610,#611,#612,#613,#614,#615,#616));
#135=PLANE('',#136);
#136=AXIS2_PLACEMENT_3D('',#137,#138,#139);
#137=CARTESIAN_POINT('',(0.,0.,1.));
#138=DIRECTION('',(0.,0.,1.));
#139=DIRECTION('',(1.,0.,0.));
#140=FACE_BOUND('',#141,.T.);
#141=EDGE_LOOP('',(#617,#618,#619,#620,#621,#622,#623,#624));
#142=PLANE('',#143);
#143=AXIS2_PLACEMENT_3D('',#144,#145,#146);
#144=CARTESIAN_POINT('',(0.,0.,1.));
#145=DIRECTION('',(0.,0.,1.));
#146=DIRECTION('',(1.,0.,0.));
#147=FACE_BOUND('',#148,.T.);
#148=EDGE_LOOP('',(#625,#626,#627,#628));
#149=FACE_BOUND('',#150,.T.);
#150=EDGE_LOOP('',(#629,#630,#631,#632,#633,#634));
#151=FACE_BOUND('',#152,.T.);
#152=EDGE_LOOP('',(#635,#636,#637,#638,#639,#640,#641,#642,#643,#644));
#153=FACE_BOUND('',#154,.T.);
#154=EDGE_LOOP('',(#645,#646,#647,#648,#649,#650,#651,#652,#653,#654,#655,#656,#657,
#658,#659,#660));
#155=PLANE('',#156);
#156=AXIS2_PLACEMENT_3D('',#157,#158,#159);
#157=CARTESIAN_POINT('',(0.,0.,1.));
#158=DIRECTION('',(0.,0.,1.));
#159=DIRECTION('',(1.,0.,0.));
#160=FACE_BOUND('',#161,.T.);
#161=EDGE_LOOP('',(#661,#662,#663,#664));
#162=SURFACE_OF_LINEAR_EXTRUSION('',#163,#164);
#163=B_SPLINE_CURVE_WITH_KNOTS('',2,
(#665,#666,#667),
.UNSPECIFIED.,.F.,.F.,
(3,3),
(0.,1.),
.UNSPECIFIED.);
#164=VECTOR('',#165,1.);
#165=DIRECTION('',(0.,0.,1.));
#166=FACE_BOUND('',#167,.T.);
#167=EDGE_LOOP('',(#668,#669,#670,#671));
#168=SURFACE_OF_LINEAR_EXTRUSION('',#169,#170);
#169=B_SPLINE_CURVE_WITH_KNOTS('',2,
(#672,#673,#674),
.UNSPECIFIED.,.F.,.F.,
(3,3),
(0.,1.),
.UNSPECIFIED.);
#170=VECTOR('',#171,1.);
#171=DIRECTION('',(0.,0.,1.));
#172=FACE_BOUND('',#173,.T.);
#173=EDGE_LOOP('',(#675,#676,#677,#678));
#174=SURFACE_OF_LINEAR_EXTRUSION('',#175,#176);
#175=B_SPLINE_CURVE_WITH_KNOTS('',2,
(#679,#680,#681),
.UNSPECIFIED.,.F.,.F.,
(3,3),
(0.,1.),
.UNSPECIFIED.);
#176=VECTOR('',#177,1.);
#177=DIRECTION('',(0.,0.,1.));
#178=FACE_BOUND('',#179,.T.);
#179=EDGE_LOOP('',(#682,#683,#684,#685));
#180=SURFACE_OF_LINEAR_EXTRUSION('',#181,#182);
#181=B_SPLINE_CURVE_WITH_KNOTS('',2,
(#686,#687,#688),
.UNSPECIFIED.,.F.,.F.,
(3,3),
(0.,1.),
.UNSPECIFIED.);
#182=VECTOR('',#183,1.);
#183=DIRECTION('',(0.,0.,1.));
#184=FACE_BOUND('',#185,.T.);
#185=EDGE_LOOP('',(#689,#690,#691,#692));
#186=SURFACE_OF_LINEAR_EXTRUSION('',#187,#188);
#187=B_SPLINE_CURVE_WITH_KNOTS('',2,
(#693,#694,#695),
.UNSPECIFIED.,.F.,.F.,
(3,3),
(0.,1.),
.UNSPECIFIED.);
#188=VECTOR('',#189,1.);
#189=DIRECTION('',(0.,0.,1.));
#190=FACE_BOUND('',#191,.T.);
#191=EDGE_LOOP('',(#696,#697,#698,#699));
#192=SURFACE_OF_LINEAR_EXTRUSION('',#193,#194);
#193=B_SPLINE_CURVE_WITH_KNOTS('',2,
(#700,#701,#702),
.UNSPECIFIED.,.F.,.F.,
(3,3),
(0.,1.),
.UNSPECIFIED.);
#194=VECTOR('',#195,1.);
#195=DIRECTION('',(0.,0.,1.));
#196=FACE_BOUND('',#197,.T.);
#197=EDGE_LOOP('',(#703,#704,#705,#706));
#198=SURFACE_OF_LINEAR_EXTRUSION('',#199,#200);
#199=B_SPLINE_CURVE_WITH_KNOTS('',2,
(#707,#708,#709),
.UNSPECIFIED.,.F.,.F.,
(3,3),
(0.,1.),
.UNSPECIFIED.);
#200=VECTOR('',#201,1.);
#201=DIRECTION('',(0.,0.,1.));
#202=FACE_BOUND('',#203,.T.);
#203=EDGE_LOOP('',(#710,#711,#712,#713));
#204=SURFACE_OF_LINEAR_EXTRUSION('',#205,#206);
#205=B_SPLINE_CURVE_WITH_KNOTS('',2,
(#714,#715,#716),
.UNSPECIFIED.,.F.,.F.,
(3,3),
(0.,1.),
.UNSPECIFIED.);
#206=VECTOR('',#207,1.);
#207=DIRECTION('',(0.,0.,1.));
#208=FACE_BOUND('',#209,.T.);
#209=EDGE_LOOP('',(#717,#718,#719,#720));
#210=SURFACE_OF_LINEAR_EXTRUSION('',#211,#212);
#211=B_SPLINE_CURVE_WITH_KNOTS('',2,
(#721,#722,#723),
.UNSPECIFIED.,.F.,.F.,
(3,3),
(0.,1.),
.UNSPECIFIED.);
#212=VECTOR('',#213,1.);
#213=DIRECTION('',(0.,0.,1.));
#214=FACE_BOUND('',#215,.T.);
#215=EDGE_LOOP('',(#724,#725,#726,#727));
#216=SURFACE_OF_LINEAR_EXTRUSION('',#217,#218);
#217=B_SPLINE_CURVE_WITH_KNOTS('',2,
(#728,#729,#730),
.UNSPECIFIED.,.F.,.F.,
(3,3),
(0.,1.),
.UNSPECIFIED.);
#218=VECTOR('',#219,1.);
#219=DIRECTION('',(0.,0.,1.));
#220=FACE_BOUND('',#221,.T.);
#221=EDGE_LOOP('',(#731,#732,#733,#734));
#222=SURFACE_OF_LINEAR_EXTRUSION('',#223,#224);
#223=B_SPLINE_CURVE_WITH_KNOTS('',2,
(#735,#736,#737),
.UNSPECIFIED.,.F.,.F.,
(3,3),
(0.,1.),
.UNSPECIFIED.);
#224=VECTOR('',#225,1.);
#225=DIRECTION('',(0.,0.,1.));
#226=FACE_BOUND('',#227,.T.);
#227=EDGE_LOOP('',(#738,#739,#740,#741));
#228=SURFACE_OF_LINEAR_EXTRUSION('',#229,#230);
#229=B_SPLINE_CURVE_WITH_KNOTS('',2,
(#742,#743,#744),
.UNSPECIFIED.,.F.,.F.,
(3,3),
(0.,1.),
.UNSPECIFIED.);
#230=VECTOR('',#231,1.);
#231=DIRECTION('',(0.,0.,1.));
#232=FACE_BOUND('',#233,.T.);
#233=EDGE_LOOP('',(#745,#746,#747,#748));
#234=SURFACE_OF_LINEAR_EXTRUSION('',#235,#236);
#235=B_SPLINE_CURVE_WITH_KNOTS('',2,
(#749,#750,#751),
.UNSPECIFIED.,.F.,.F.,
(3,3),
(0.,1.),
.UNSPECIFIED.);
#236=VECTOR('',#237,1.);
#237=DIRECTION('',(0.,0.,1.));
#238=FACE_BOUND('',#239,.T.);
#239=EDGE_LOOP('',(#752,#753,#754,#755));
#240=SURFACE_OF_LINEAR_EXTRUSION('',#241,#242);
#241=B_SPLINE_CURVE_WITH_KNOTS('',2,
(#756,#757,#758),
.UNSPECIFIED.,.F.,.F.,
(3,3),
(0.,1.),
.UNSPECIFIED.);
#242=VECTOR('',#243,1.);
#243=DIRECTION('',(0.,0.,1.));
#244=FACE_BOUND('',#245,.T.);
#245=EDGE_LOOP('',(#759,#760,#761,#762));
#246=SURFACE_OF_LINEAR_EXTRUSION('',#247,#248);
#247=B_SPLINE_CURVE_WITH_KNOTS('',2,
(#763,#764,#765),
.UNSPECIFIED.,.F.,.F.,
(3,3),
(0.,1.),
.UNSPECIFIED.);
#248=VECTOR('',#249,1.);
#249=DIRECTION('',(0.,0.,1.));
#250=FACE_BOUND('',#251,.T.);
#251=EDGE_LOOP('',(#766,#767,#768,#769));
#252=SURFACE_OF_LINEAR_EXTRUSION('',#253,#254);
#253=B_SPLINE_CURVE_WITH_KNOTS('',2,
(#770,#771,#772),
.UNSPECIFIED.,.F.,.F.,
(3,3),
(0.,1.),
.UNSPECIFIED.);
#254=VECTOR('',#255,1.);
#255=DIRECTION('',(0.,0.,1.));
#256=FACE_BOUND('',#257,.T.);
#257=EDGE_LOOP('',(#773,#774,#775,#776));
#258=SURFACE_OF_LINEAR_EXTRUSION('',#259,#260);
#259=B_SPLINE_CURVE_WITH_KNOTS('',2,
(#777,#778,#779),
.UNSPECIFIED.,.F.,.F.,
(3,3),
(0.,1.),
.UNSPECIFIED.);
#260=VECTOR('',#261,1.);
#261=DIRECTION('',(0.,0.,1.));
#262=FACE_BOUND('',#263,.T.);
#263=EDGE_LOOP('',(#780,#781,#782,#783));
#264=SURFACE_OF_LINEAR_EXTRUSION('',#265,#266);
#265=B_SPLINE_CURVE_WITH_KNOTS('',2,
(#784,#785,#786),
.UNSPECIFIED.,.F.,.F.,
(3,3),
(0.,1.),
.UNSPECIFIED.);
#266=VECTOR('',#267,1.);
#267=DIRECTION('',(0.,0.,1.));
#268=FACE_BOUND('',#269,.T.);
#269=EDGE_LOOP('',(#787,#788,#789,#790));
#270=SURFACE_OF_LINEAR_EXTRUSION('',#271,#272);
#271=B_SPLINE_CURVE_WITH_KNOTS('',2,
(#791,#792,#793),
.UNSPECIFIED.,.F.,.F.,
(3,3),
(0.,1.),
.UNSPECIFIED.);
#272=VECTOR('',#273,1.);
#273=DIRECTION('',(0.,0.,1.));
#274=FACE_BOUND('',#275,.T.);
#275=EDGE_LOOP('',(#794,#795,#796,#797));
#276=SURFACE_OF_LINEAR_EXTRUSION('',#277,#278);
#277=B_SPLINE_CURVE_WITH_KNOTS('',2,
(#798,#799,#800),
.UNSPECIFIED.,.F.,.F.,
(3,3),
(0.,1.),
.UNSPECIFIED.);
#278=VECTOR('',#279,1.);
#279=DIRECTION('',(0.,0.,1.));
#280=FACE_BOUND('',#281,.T.);
#281=EDGE_LOOP('',(#801,#802,#803,#804));
#282=SURFACE_OF_LINEAR_EXTRUSION('',#283,#284);
#283=B_SPLINE_CURVE_WITH_KNOTS('',2,
(#805,#806,#807),
.UNSPECIFIED.,.F.,.F.,
(3,3),
(0.,1.),
.UNSPECIFIED.);
#284=VECTOR('',#285,1.);
#285=DIRECTION('',(0.,0.,1.));
#286=FACE_BOUND('',#287,.T.);
#287=EDGE_LOOP('',(#808,#809,#810,#811));
#288=SURFACE_OF_LINEAR_EXTRUSION('',#289,#290);
#289=B_SPLINE_CURVE_WITH_KNOTS('',2,
(#812,#813,#814),
.UNSPECIFIED.,.F.,.F.,
(3,3),
(0.,1.),
.UNSPECIFIED.);
#290=VECTOR('',#291,1.);
#291=DIRECTION('',(0.,0.,1.));
#292=FACE_BOUND('',#293,.T.);
#293=EDGE_LOOP('',(#815,#816,#817,#818));
#294=SURFACE_OF_LINEAR_EXTRUSION('',#295,#296);
#295=B_SPLINE_CURVE_WITH_KNOTS('',2,
(#819,#820,#821),
.UNSPECIFIED.,.F.,.F.,
(3,3),
(0.,1.),
.UNSPECIFIED.);
#296=VECTOR('',#297,1.);
#297=DIRECTION('',(0.,0.,1.));
#298=FACE_BOUND('',#299,.T.);
#299=EDGE_LOOP('',(#822,#823,#824,#825));
#300=SURFACE_OF_LINEAR_EXTRUSION('',#301,#302);
#301=B_SPLINE_CURVE_WITH_KNOTS('',2,
(#826,#827,#828),
.UNSPECIFIED.,.F.,.F.,
(3,3),
(0.,1.),
.UNSPECIFIED.);
#302=VECTOR('',#303,1.);
#303=DIRECTION('',(0.,0.,1.));
#304=FACE_BOUND('',#305,.T.);
#305=EDGE_LOOP('',(#829,#830,#831,#832));
#306=SURFACE_OF_LINEAR_EXTRUSION('',#307,#308);
#307=B_SPLINE_CURVE_WITH_KNOTS('',2,
(#833,#834,#835),
.UNSPECIFIED.,.F.,.F.,
(3,3),
(0.,1.),
.UNSPECIFIED.);
#308=VECTOR('',#309,1.);
#309=DIRECTION('',(0.,0.,1.));
#310=FACE_BOUND('',#311,.T.);
#311=EDGE_LOOP('',(#836,#837,#838,#839));
#312=SURFACE_OF_LINEAR_EXTRUSION('',#313,#314);
#313=B_SPLINE_CURVE_WITH_KNOTS('',2,
(#840,#841,#842),
.UNSPECIFIED.,.F.,.F.,
(3,3),
(0.,1.),
.UNSPECIFIED.);
#314=VECTOR('',#315,1.);
#315=DIRECTION('',(0.,0.,1.));
#316=FACE_BOUND('',#317,.T.);
#317=EDGE_LOOP('',(#843,#844,#845,#846));
#318=SURFACE_OF_LINEAR_EXTRUSION('',#319,#320);
#319=B_SPLINE_CURVE_WITH_KNOTS('',2,
(#847,#848,#849),
.UNSPECIFIED.,.F.,.F.,
(3,3),
(0.,1.),
.UNSPECIFIED.);
#320=VECTOR('',#321,1.);
#321=DIRECTION('',(0.,0.,1.));
#322=FACE_BOUND('',#323,.T.);
#323=EDGE_LOOP('',(#850,#851,#852,#853));
#324=SURFACE_OF_LINEAR_EXTRUSION('',#325,#326);
#325=B_SPLINE_CURVE_WITH_KNOTS('',2,
(#854,#855,#856),
.UNSPECIFIED.,.F.,.F.,
(3,3),
(0.,1.),
.UNSPECIFIED.);
#326=VECTOR('',#327,1.);
#327=DIRECTION('',(0.,0.,1.));
#328=FACE_BOUND('',#329,.T.);
#329=EDGE_LOOP('',(#857,#858,#859,#860));
#330=SURFACE_OF_LINEAR_EXTRUSION('',#331,#332);
#331=B_SPLINE_CURVE_WITH_KNOTS('',2,
(#861,#862,#863),
.UNSPECIFIED.,.F.,.F.,
(3,3),
(0.,1.),
.UNSPECIFIED.);
#332=VECTOR('',#333,1.);
#333=DIRECTION('',(0.,0.,1.));
#334=FACE_BOUND('',#335,.T.);
#335=EDGE_LOOP('',(#864,#865,#866,#867));
#336=SURFACE_OF_LINEAR_EXTRUSION('',#337,#338);
#337=B_SPLINE_CURVE_WITH_KNOTS('',2,
(#868,#869,#870),
.UNSPECIFIED.,.F.,.F.,
(3,3),
(0.,1.),
.UNSPECIFIED.);
#338=VECTOR('',#339,1.);
#339=DIRECTION('',(0.,0.,1.));
#340=FACE_BOUND('',#341,.T.);
#341=EDGE_LOOP('',(#871,#872,#873,#874));
#342=SURFACE_OF_LINEAR_EXTRUSION('',#343,#344);
#343=B_SPLINE_CURVE_WITH_KNOTS('',2,
(#875,#876,#877),
.UNSPECIFIED.,.F.,.F.,
(3,3),
(0.,1.),
.UNSPECIFIED.);
#344=VECTOR('',#345,1.);
#345=DIRECTION('',(0.,0.,1.));
#346=FACE_BOUND('',#347,.T.);
#347=EDGE_LOOP('',(#878,#879,#880,#881));
#348=SURFACE_OF_LINEAR_EXTRUSION('',#349,#350);
#349=B_SPLINE_CURVE_WITH_KNOTS('',2,
(#882,#883,#884),
.UNSPECIFIED.,.F.,.F.,
(3,3),
(0.,1.),
.UNSPECIFIED.);
#350=VECTOR('',#351,1.);
#351=DIRECTION('',(0.,0.,1.));
#352=FACE_BOUND('',#353,.T.);
#353=EDGE_LOOP('',(#885,#886,#887,#888));
#354=SURFACE_OF_LINEAR_EXTRUSION('',#355,#356);
#355=B_SPLINE_CURVE_WITH_KNOTS('',2,
(#889,#890,#891),
.UNSPECIFIED.,.F.,.F.,
(3,3),
(0.,1.),
.UNSPECIFIED.);
#356=VECTOR('',#357,1.);
#357=DIRECTION('',(0.,0.,1.));
#358=FACE_BOUND('',#359,.T.);
#359=EDGE_LOOP('',(#892,#893,#894,#895));
#360=SURFACE_OF_LINEAR_EXTRUSION('',#361,#362);
#361=B_SPLINE_CURVE_WITH_KNOTS('',2,
(#896,#897,#898),
.UNSPECIFIED.,.F.,.F.,
(3,3),
(0.,1.),
.UNSPECIFIED.);
#362=VECTOR('',#363,1.);
#363=DIRECTION('',(0.,0.,1.));
#364=FACE_BOUND('',#365,.T.);
#365=EDGE_LOOP('',(#899,#900,#901,#902));
#366=SURFACE_OF_LINEAR_EXTRUSION('',#367,#368);
#367=B_SPLINE_CURVE_WITH_KNOTS('',2,
(#903,#904,#905),
.UNSPECIFIED.,.F.,.F.,
(3,3),
(0.,1.),
.UNSPECIFIED.);
#368=VECTOR('',#369,1.);
#369=DIRECTION('',(0.,0.,1.));
#370=FACE_BOUND('',#371,.T.);
#371=EDGE_LOOP('',(#906,#907,#908,#909));
#372=SURFACE_OF_LINEAR_EXTRUSION('',#373,#374);
#373=B_SPLINE_CURVE_WITH_KNOTS('',2,
(#910,#911,#912),
.UNSPECIFIED.,.F.,.F.,
(3,3),
(0.,1.),
.UNSPECIFIED.);
#374=VECTOR('',#375,1.);
#375=DIRECTION('',(0.,0.,1.));
#376=FACE_BOUND('',#377,.T.);
#377=EDGE_LOOP('',(#913,#914,#915,#916));
#378=SURFACE_OF_LINEAR_EXTRUSION('',#379,#380);
#379=B_SPLINE_CURVE_WITH_KNOTS('',2,
(#917,#918,#919),
.UNSPECIFIED.,.F.,.F.,
(3,3),
(0.,1.),
.UNSPECIFIED.);
#380=VECTOR('',#381,1.);
#381=DIRECTION('',(0.,0.,1.));
#382=FACE_BOUND('',#383,.T.);
#383=EDGE_LOOP('',(#920,#921,#922,#923));
#384=SURFACE_OF_LINEAR_EXTRUSION('',#385,#386);
#385=B_SPLINE_CURVE_WITH_KNOTS('',2,
(#924,#925,#926),
.UNSPECIFIED.,.F.,.F.,
(3,3),
(0.,1.),
.UNSPECIFIED.);
#386=VECTOR('',#387,1.);
#387=DIRECTION('',(0.,0.,1.));
#388=FACE_BOUND('',#389,.T.);
#389=EDGE_LOOP('',(#927,#928,#929,#930));
#390=SURFACE_OF_LINEAR_EXTRUSION('',#391,#392);
#391=B_SPLINE_CURVE_WITH_KNOTS('',2,
(#931,#932,#933),
.UNSPECIFIED.,.F.,.F.,
(3,3),
(0.,1.),
.UNSPECIFIED.);
#392=VECTOR('',#393,1.);
#393=DIRECTION('',(0.,0.,1.));
#394=FACE_BOUND('',#395,.T.);
#395=EDGE_LOOP('',(#934,#935,#936,#937));
#396=SURFACE_OF_LINEAR_EXTRUSION('',#397,#398);
#397=B_SPLINE_CURVE_WITH_KNOTS('',2,
(#938,#939,#940),
.UNSPECIFIED.,.F.,.F.,
(3,3),
(0.,1.),
.UNSPECIFIED.);
#398=VECTOR('',#399,1.);
#399=DIRECTION('',(0.,0.,1.));
#400=FACE_BOUND('',#401,.T.);
#401=EDGE_LOOP('',(#941,#942,#943,#944));
#402=SURFACE_OF_LINEAR_EXTRUSION('',#403,#404);
#403=B_SPLINE_CURVE_WITH_KNOTS('',2,
(#945,#946,#947),
.UNSPECIFIED.,.F.,.F.,
(3,3),
(0.,1.),
.UNSPECIFIED.);
#404=VECTOR('',#405,1.);
#405=DIRECTION('',(0.,0.,1.));
#406=FACE_BOUND('',#407,.T.);
#407=EDGE_LOOP('',(#948,#949,#950,#951));
#408=SURFACE_OF_LINEAR_EXTRUSION('',#409,#410);
#409=B_SPLINE_CURVE_WITH_KNOTS('',2,
(#952,#953,#954),
.UNSPECIFIED.,.F.,.F.,
(3,3),
(0.,1.),
.UNSPECIFIED.);
#410=VECTOR('',#411,1.);
#411=DIRECTION('',(0.,0.,1.));
#412=FACE_BOUND('',#413,.T.);
#413=EDGE_LOOP('',(#955,#956,#957,#958));
#414=SURFACE_OF_LINEAR_EXTRUSION('',#415,#416);
#415=B_SPLINE_CURVE_WITH_KNOTS('',2,
(#959,#960,#961),
.UNSPECIFIED.,.F.,.F.,
(3,3),
(0.,1.),
.UNSPECIFIED.);
#416=VECTOR('',#417,1.);
#417=DIRECTION('',(0.,0.,1.));
#418=FACE_BOUND('',#419,.T.);
#419=EDGE_LOOP('',(#962,#963,#964,#965));
#420=SURFACE_OF_LINEAR_EXTRUSION('',#421,#422);
#421=B_SPLINE_CURVE_WITH_KNOTS('',2,
(#966,#967,#968),
.UNSPECIFIED.,.F.,.F.,
(3,3),
(0.,1.),
.UNSPECIFIED.);
#422=VECTOR('',#423,1.);
#423=DIRECTION('',(0.,0.,1.));
#424=FACE_BOUND('',#425,.T.);
#425=EDGE_LOOP('',(#969,#970,#971,#972));
#426=SURFACE_OF_LINEAR_EXTRUSION('',#427,#428);
#427=B_SPLINE_CURVE_WITH_KNOTS('',2,
(#973,#974,#975),
.UNSPECIFIED.,.F.,.F.,
(3,3),
(0.,1.),
.UNSPECIFIED.);
#428=VECTOR('',#429,1.);
#429=DIRECTION('',(0.,0.,1.));
#430=FACE_BOUND('',#431,.T.);
#431=EDGE_LOOP('',(#976,#977,#978,#979));
#432=SURFACE_OF_LINEAR_EXTRUSION('',#433,#434);
#433=B_SPLINE_CURVE_WITH_KNOTS('',2,
(#980,#981,#982),
.UNSPECIFIED.,.F.,.F.,
(3,3),
(0.,1.),
.UNSPECIFIED.);
#434=VECTOR('',#435,1.);
#435=DIRECTION('',(0.,0.,1.));
#436=FACE_BOUND('',#437,.T.);
#437=EDGE_LOOP('',(#983,#984,#985,#986));
#438=SURFACE_OF_LINEAR_EXTRUSION('',#439,#440);
#439=B_SPLINE_CURVE_WITH_KNOTS('',2,
(#987,#988,#989),
.UNSPECIFIED.,.F.,.F.,
(3,3),
(0.,1.),
.UNSPECIFIED.);
#440=VECTOR('',#441,1.);
#441=DIRECTION('',(0.,0.,1.));
#442=FACE_BOUND('',#443,.T.);
#443=EDGE_LOOP('',(#990,#991,#992,#993));
#444=SURFACE_OF_LINEAR_EXTRUSION('',#445,#446);
#445=B_SPLINE_CURVE_WITH_KNOTS('',2,
(#994,#995,#996),
.UNSPECIFIED.,.F.,.F.,
(3,3),
(0.,1.),
.UNSPECIFIED.);
#446=VECTOR('',#447,1.);
#447=DIRECTION('',(0.,0.,1.));
#448=FACE_BOUND('',#449,.T.);
#449=EDGE_LOOP('',(#997,#998,#999,#1000));
#450=SURFACE_OF_LINEAR_EXTRUSION('',#451,#452);
#451=B_SPLINE_CURVE_WITH_KNOTS('',2,
(#1001,#1002,#1003),
.UNSPECIFIED.,.F.,.F.,
(3,3),
(0.,1.),
.UNSPECIFIED.);
#452=VECTOR('',#453,1.);
#453=DIRECTION('',(0.,0.,1.));
#454=FACE_BOUND('',#455,.T.);
#455=EDGE_LOOP('',(#1004,#1005,#1006,#1007));
#456=SURFACE_OF_LINEAR_EXTRUSION('',#457,#458);
#457=B_SPLINE_CURVE_WITH_KNOTS('',2,
(#1008,#1009,#1010),
.UNSPECIFIED.,.F.,.F.,
(3,3),
(0.,1.),
.UNSPECIFIED.);
#458=VECTOR('',#459,1.);
#459=DIRECTION('',(0.,0.,1.));
#460=FACE_BOUND('',#461,.T.);
#461=EDGE_LOOP('',(#1011,#1012,#1013,#1014));
#462=PLANE('',#463);
#463=AXIS2_PLACEMENT_3D('',#464,#465,#466);
#464=CARTESIAN_POINT('',(15.7556973548327,8.95841587418611,1.));
#465=DIRECTION('',(0.14699075399873,-0.989137866143484,0.));
#466=DIRECTION('',(0.989137866143484,0.14699075399873,0.));
#467=FACE_BOUND('',#468,.T.);
#468=EDGE_LOOP('',(#1015,#1016,#1017,#1018));
#469=PLANE('',#470);
#470=AXIS2_PLACEMENT_3D('',#471,#472,#473);
#471=CARTESIAN_POINT('',(16.013930688166,9.71829920751945,1.));
#472=DIRECTION('',(-0.946820961730438,0.321760883930675,0.));
#473=DIRECTION('',(-0.321760883930675,-0.946820961730438,0.));
#474=FACE_BOUND('',#475,.T.);
#475=EDGE_LOOP('',(#1019,#1020,#1021,#1022));
#476=PLANE('',#477);
#477=AXIS2_PLACEMENT_3D('',#478,#479,#480);
#478=CARTESIAN_POINT('',(19.8567390376485,10.3130825408528,1.));
#479=DIRECTION('',(-0.152956997207341,0.988232845540621,0.));
#480=DIRECTION('',(-0.988232845540621,-0.152956997207341,0.));
#481=FACE_BOUND('',#482,.T.);
#482=EDGE_LOOP('',(#1023,#1024,#1025,#1026));
#483=PLANE('',#484);
#484=AXIS2_PLACEMENT_3D('',#485,#486,#487);
#485=CARTESIAN_POINT('',(17.1419486543927,2.32478254085278,1.));
#486=DIRECTION('',(0.946817225303488,-0.32177187861683,0.));
#487=DIRECTION('',(0.32177187861683,0.946817225303488,0.));
#488=FACE_BOUND('',#489,.T.);
#489=EDGE_LOOP('',(#1027,#1028,#1029,#1030));
#490=PLANE('',#491);
#491=AXIS2_PLACEMENT_3D('',#492,#493,#494);
#492=CARTESIAN_POINT('',(15.044331987726,2.32478254085278,1.));
#493=DIRECTION('',(0.,-1.,0.));
#494=DIRECTION('',(1.,0.,0.));
#495=FACE_BOUND('',#496,.T.);
#496=EDGE_LOOP('',(#1031,#1032,#1033,#1034));
#497=PLANE('',#498);
#498=AXIS2_PLACEMENT_3D('',#499,#500,#501);
#499=CARTESIAN_POINT('',(17.380801285811,9.19991431471407,1.));
#500=DIRECTION('',(-0.946817876209609,0.321769963312185,0.));
#501=DIRECTION('',(-0.321769963312185,-0.946817876209609,0.));
#502=FACE_BOUND('',#503,.T.);
#503=EDGE_LOOP('',(#1035,#1036,#1037,#1038));
#504=PLANE('',#505);
#505=AXIS2_PLACEMENT_3D('',#506,#507,#508);
#506=CARTESIAN_POINT('',(1.,0.999999999999999,1.));
#507=DIRECTION('',(0.,-1.,0.));
#508=DIRECTION('',(1.,0.,0.));
#509=FACE_BOUND('',#510,.T.);
#510=EDGE_LOOP('',(#1039,#1040,#1041,#1042));
#511=PLANE('',#512);
#512=AXIS2_PLACEMENT_3D('',#513,#514,#515);
#513=CARTESIAN_POINT('',(48.5,0.999999999999999,1.));
#514=DIRECTION('',(1.,0.,0.));
#515=DIRECTION('',(0.,1.,0.));
#516=FACE_BOUND('',#517,.T.);
#517=EDGE_LOOP('',(#1043,#1044,#1045,#1046));
#518=PLANE('',#519);
#519=AXIS2_PLACEMENT_3D('',#520,#521,#522);
#520=CARTESIAN_POINT('',(48.5,11.5,1.));
#521=DIRECTION('',(0.,1.,0.));
#522=DIRECTION('',(-1.,0.,0.));
#523=FACE_BOUND('',#524,.T.);
#524=EDGE_LOOP('',(#1047,#1048,#1049,#1050));
#525=PLANE('',#526);
#526=AXIS2_PLACEMENT_3D('',#527,#528,#529);
#527=CARTESIAN_POINT('',(1.,11.5,1.));
#528=DIRECTION('',(-1.,0.,0.));
#529=DIRECTION('',(0.,-1.,0.));
#530=FACE_BOUND('',#531,.T.);
#531=EDGE_LOOP('',(#1051,#1052,#1053,#1054,#1055,#1056,#1057,#1058,#1059,#1060,#1061,
#1062,#1063,#1064,#1065,#1066));
#532=FACE_BOUND('',#533,.T.);
#533=EDGE_LOOP('',(#1067,#1068,#1069,#1070,#1071,#1072,#1073,#1074));
#534=FACE_BOUND('',#535,.T.);
#535=EDGE_LOOP('',(#1075,#1076,#1077,#1078,#1079,#1080,#1081,#1082));
#536=PLANE('',#537);
#537=AXIS2_PLACEMENT_3D('',#538,#539,#540);
#538=CARTESIAN_POINT('',(0.,0.,2.));
#539=DIRECTION('',(0.,0.,1.));
#540=DIRECTION('',(1.,0.,0.));
#541=FACE_BOUND('',#542,.T.);
#542=EDGE_LOOP('',(#1083,#1084,#1085,#1086,#1087,#1088,#1089,#1090,#1091,#1092));
#543=FACE_BOUND('',#544,.T.);
#544=EDGE_LOOP('',(#1093,#1094,#1095,#1096,#1097,#1098,#1099,#1100));
#545=PLANE('',#546);
#546=AXIS2_PLACEMENT_3D('',#547,#548,#549);
#547=CARTESIAN_POINT('',(0.,0.,2.));
#548=DIRECTION('',(0.,0.,1.));
#549=DIRECTION('',(1.,0.,0.));
#550=FACE_BOUND('',#551,.T.);
#551=EDGE_LOOP('',(#1101,#1102,#1103,#1104,#1105,#1106));
#552=PLANE('',#553);
#553=AXIS2_PLACEMENT_3D('',#554,#555,#556);
#554=CARTESIAN_POINT('',(0.,0.,2.));
#555=DIRECTION('',(0.,0.,1.));
#556=DIRECTION('',(1.,0.,0.));
#557=FACE_BOUND('',#558,.T.);
#558=EDGE_LOOP('',(#1107,#1108,#1109,#1110));
#559=FACE_BOUND('',#560,.T.);
#560=EDGE_LOOP('',(#1111,#1112,#1113,#1114));
#561=PLANE('',#562);
#562=AXIS2_PLACEMENT_3D('',#563,#564,#565);
#563=CARTESIAN_POINT('',(0.,0.,2.));
#564=DIRECTION('',(0.,0.,1.));
#565=DIRECTION('',(1.,0.,0.));
#566=FACE_BOUND('',#567,.T.);
#567=EDGE_LOOP('',(#1115,#1116,#1117,#1118));
#568=PLANE('',#569);
#569=AXIS2_PLACEMENT_3D('',#570,#571,#572);
#570=CARTESIAN_POINT('',(-8.17102874259867E-34,12.5,0.));
#571=DIRECTION('',(-1.,-6.53682299407893E-35,0.));
#572=DIRECTION('',(6.53682299407893E-35,-1.,0.));
#573=FACE_BOUND('',#574,.T.);
#574=EDGE_LOOP('',(#1119,#1120,#1121,#1122));
#575=PLANE('',#576);
#576=AXIS2_PLACEMENT_3D('',#577,#578,#579);
#577=CARTESIAN_POINT('',(0.,0.,0.));
#578=DIRECTION('',(0.,-1.,0.));
#579=DIRECTION('',(1.,0.,0.));
#580=FACE_BOUND('',#581,.T.);
#581=EDGE_LOOP('',(#1123,#1124,#1125,#1126));
#582=PLANE('',#583);
#583=AXIS2_PLACEMENT_3D('',#584,#585,#586);
#584=CARTESIAN_POINT('',(49.5,-1.77635683940025E-15,0.));
#585=DIRECTION('',(1.,0.,0.));
#586=DIRECTION('',(0.,1.,0.));
#587=FACE_BOUND('',#588,.T.);
#588=EDGE_LOOP('',(#1127,#1128,#1129,#1130));
#589=PLANE('',#590);
#590=AXIS2_PLACEMENT_3D('',#591,#592,#593);
#591=CARTESIAN_POINT('',(49.5,12.5,0.));
#592=DIRECTION('',(-3.58859967555606E-17,1.,0.));
#593=DIRECTION('',(-1.,-3.58859967555606E-17,0.));
#594=FACE_BOUND('',#595,.T.);
#595=EDGE_LOOP('',(#1131,#1132,#1133,#1134));
#596=PLANE('',#597);
#597=AXIS2_PLACEMENT_3D('',#598,#599,#600);
#598=CARTESIAN_POINT('',(0.,0.,0.));
#599=DIRECTION('',(0.,0.,1.));
#600=DIRECTION('',(1.,0.,0.));
#601=ORIENTED_EDGE('',*,*,#1135,.F.);
#602=ORIENTED_EDGE('',*,*,#1136,.F.);
#603=ORIENTED_EDGE('',*,*,#1137,.F.);
#604=ORIENTED_EDGE('',*,*,#1138,.F.);
#605=ORIENTED_EDGE('',*,*,#1139,.F.);
#606=ORIENTED_EDGE('',*,*,#1140,.F.);
#607=ORIENTED_EDGE('',*,*,#1141,.F.);
#608=ORIENTED_EDGE('',*,*,#1142,.F.);
#609=ORIENTED_EDGE('',*,*,#1143,.F.);
#610=ORIENTED_EDGE('',*,*,#1144,.F.);
#611=ORIENTED_EDGE('',*,*,#1145,.F.);
#612=ORIENTED_EDGE('',*,*,#1146,.F.);
#613=ORIENTED_EDGE('',*,*,#1147,.F.);
#614=ORIENTED_EDGE('',*,*,#1148,.F.);
#615=ORIENTED_EDGE('',*,*,#1149,.F.);
#616=ORIENTED_EDGE('',*,*,#1150,.F.);
#617=ORIENTED_EDGE('',*,*,#1151,.F.);
#618=ORIENTED_EDGE('',*,*,#1152,.F.);
#619=ORIENTED_EDGE('',*,*,#1153,.F.);
#620=ORIENTED_EDGE('',*,*,#1154,.F.);
#621=ORIENTED_EDGE('',*,*,#1155,.F.);
#622=ORIENTED_EDGE('',*,*,#1156,.F.);
#623=ORIENTED_EDGE('',*,*,#1157,.F.);
#624=ORIENTED_EDGE('',*,*,#1158,.F.);
#625=ORIENTED_EDGE('',*,*,#1159,.F.);
#626=ORIENTED_EDGE('',*,*,#1160,.F.);
#627=ORIENTED_EDGE('',*,*,#1161,.F.);
#628=ORIENTED_EDGE('',*,*,#1162,.F.);
#629=ORIENTED_EDGE('',*,*,#1163,.F.);
#630=ORIENTED_EDGE('',*,*,#1164,.F.);
#631=ORIENTED_EDGE('',*,*,#1165,.F.);
#632=ORIENTED_EDGE('',*,*,#1166,.F.);
#633=ORIENTED_EDGE('',*,*,#1167,.F.);
#634=ORIENTED_EDGE('',*,*,#1168,.F.);
#635=ORIENTED_EDGE('',*,*,#1169,.F.);
#636=ORIENTED_EDGE('',*,*,#1170,.F.);
#637=ORIENTED_EDGE('',*,*,#1171,.F.);
#638=ORIENTED_EDGE('',*,*,#1172,.F.);
#639=ORIENTED_EDGE('',*,*,#1173,.F.);
#640=ORIENTED_EDGE('',*,*,#1174,.F.);
#641=ORIENTED_EDGE('',*,*,#1175,.F.);
#642=ORIENTED_EDGE('',*,*,#1176,.F.);
#643=ORIENTED_EDGE('',*,*,#1177,.F.);
#644=ORIENTED_EDGE('',*,*,#1178,.F.);
#645=ORIENTED_EDGE('',*,*,#1179,.F.);
#646=ORIENTED_EDGE('',*,*,#1180,.F.);
#647=ORIENTED_EDGE('',*,*,#1181,.F.);
#648=ORIENTED_EDGE('',*,*,#1182,.F.);
#649=ORIENTED_EDGE('',*,*,#1183,.F.);
#650=ORIENTED_EDGE('',*,*,#1184,.F.);
#651=ORIENTED_EDGE('',*,*,#1185,.F.);
#652=ORIENTED_EDGE('',*,*,#1186,.F.);
#653=ORIENTED_EDGE('',*,*,#1187,.F.);
#654=ORIENTED_EDGE('',*,*,#1188,.F.);
#655=ORIENTED_EDGE('',*,*,#1189,.F.);
#656=ORIENTED_EDGE('',*,*,#1190,.F.);
#657=ORIENTED_EDGE('',*,*,#1191,.F.);
#658=ORIENTED_EDGE('',*,*,#1192,.F.);
#659=ORIENTED_EDGE('',*,*,#1193,.F.);
#660=ORIENTED_EDGE('',*,*,#1194,.F.);
#661=ORIENTED_EDGE('',*,*,#1194,.T.);
#662=ORIENTED_EDGE('',*,*,#1195,.T.);
#663=ORIENTED_EDGE('',*,*,#1196,.F.);
#664=ORIENTED_EDGE('',*,*,#1197,.F.);
#665=CARTESIAN_POINT('',(30.290565245797,7.23543270310705,1.));
#666=CARTESIAN_POINT('',(30.4087513082064,6.82011954525246,1.));
#667=CARTESIAN_POINT('',(30.8351273317053,6.51379816787142,1.));
#668=ORIENTED_EDGE('',*,*,#1193,.T.);
#669=ORIENTED_EDGE('',*,*,#1198,.T.);
#670=ORIENTED_EDGE('',*,*,#1199,.F.);
#671=ORIENTED_EDGE('',*,*,#1195,.F.);
#672=CARTESIAN_POINT('',(30.8351273317053,6.51379816787142,1.));
#673=CARTESIAN_POINT('',(29.9731479293504,6.23099167007126,1.));
#674=CARTESIAN_POINT('',(29.4210120945547,5.73309543879536,1.));
#675=ORIENTED_EDGE('',*,*,#1192,.T.);
#676=ORIENTED_EDGE('',*,*,#1200,.T.);
#677=ORIENTED_EDGE('',*,*,#1201,.F.);
#678=ORIENTED_EDGE('',*,*,#1198,.F.);
#679=CARTESIAN_POINT('',(29.4210120945547,5.73309543879536,1.));
#680=CARTESIAN_POINT('',(28.8688762920573,5.23519920751945,1.));
#681=CARTESIAN_POINT('',(28.6225823023317,4.51047240428453,1.));
#682=ORIENTED_EDGE('',*,*,#1191,.T.);
#683=ORIENTED_EDGE('',*,*,#1202,.T.);
#684=ORIENTED_EDGE('',*,*,#1203,.F.);
#685=ORIENTED_EDGE('',*,*,#1200,.F.);
#686=CARTESIAN_POINT('',(28.6225823023317,4.51047240428453,1.));
#687=CARTESIAN_POINT('',(28.2601692744331,3.4440031384978,1.));
#688=CARTESIAN_POINT('',(28.8115774616613,2.78702617300863,1.));
#689=ORIENTED_EDGE('',*,*,#1190,.T.);
#690=ORIENTED_EDGE('',*,*,#1204,.T.);
#691=ORIENTED_EDGE('',*,*,#1205,.F.);
#692=ORIENTED_EDGE('',*,*,#1202,.F.);
#693=CARTESIAN_POINT('',(28.8115774616613,2.78702617300863,1.));
#694=CARTESIAN_POINT('',(29.3629856811878,2.13004920751945,1.));
#695=CARTESIAN_POINT('',(30.6354661554891,2.13004920751945,1.));
#696=ORIENTED_EDGE('',*,*,#1189,.T.);
#697=ORIENTED_EDGE('',*,*,#1206,.T.);
#698=ORIENTED_EDGE('',*,*,#1207,.F.);
#699=ORIENTED_EDGE('',*,*,#1204,.F.);
#700=CARTESIAN_POINT('',(30.6354661554891,2.13004920751945,1.));
#701=CARTESIAN_POINT('',(31.9786565064466,2.13004920751945,1.));
#702=CARTESIAN_POINT('',(33.0999606650387,2.88130053937774,1.));
#703=ORIENTED_EDGE('',*,*,#1188,.T.);
#704=ORIENTED_EDGE('',*,*,#1208,.T.);
#705=ORIENTED_EDGE('',*,*,#1209,.F.);
#706=ORIENTED_EDGE('',*,*,#1206,.F.);
#707=CARTESIAN_POINT('',(33.0999606650387,2.88130053937774,1.));
#708=CARTESIAN_POINT('',(34.221264855929,3.63255183893777,1.));
#709=CARTESIAN_POINT('',(34.6097393199559,4.77561798578043,1.));
#710=ORIENTED_EDGE('',*,*,#1187,.T.);
#711=ORIENTED_EDGE('',*,*,#1210,.T.);
#712=ORIENTED_EDGE('',*,*,#1211,.F.);
#713=ORIENTED_EDGE('',*,*,#1208,.F.);
#714=CARTESIAN_POINT('',(34.6097393199559,4.77561798578043,1.));
#715=CARTESIAN_POINT('',(34.8340067663586,5.43552188446052,1.));
#716=CARTESIAN_POINT('',(34.6485834719358,5.91278059151273,1.));
#717=ORIENTED_EDGE('',*,*,#1186,.T.);
#718=ORIENTED_EDGE('',*,*,#1212,.T.);
#719=ORIENTED_EDGE('',*,*,#1213,.F.);
#720=ORIENTED_EDGE('',*,*,#1210,.F.);
#721=CARTESIAN_POINT('',(34.6485834719358,5.91278059151273,1.));
#722=CARTESIAN_POINT('',(34.4631601452147,6.39003933086321,1.));
#723=CARTESIAN_POINT('',(33.8950666753131,6.60805599752987,1.));
#724=ORIENTED_EDGE('',*,*,#1185,.T.);
#725=ORIENTED_EDGE('',*,*,#1214,.T.);
#726=ORIENTED_EDGE('',*,*,#1215,.F.);
#727=ORIENTED_EDGE('',*,*,#1212,.F.);
#728=CARTESIAN_POINT('',(33.8950666753131,6.60805599752987,1.));
#729=CARTESIAN_POINT('',(34.5150846415398,6.85547448358058,1.));
#730=CARTESIAN_POINT('',(34.9577821723757,7.30906954525246,1.));
#731=ORIENTED_EDGE('',*,*,#1184,.T.);
#732=ORIENTED_EDGE('',*,*,#1216,.T.);
#733=ORIENTED_EDGE('',*,*,#1217,.F.);
#734=ORIENTED_EDGE('',*,*,#1214,.F.);
#735=CARTESIAN_POINT('',(34.9577821723757,7.30906954525246,1.));
#736=CARTESIAN_POINT('',(35.4004796709134,7.76266457462608,1.));
#737=CARTESIAN_POINT('',(35.6067223933772,8.36945339840981,1.));
#738=ORIENTED_EDGE('',*,*,#1183,.T.);
#739=ORIENTED_EDGE('',*,*,#1218,.T.);
#740=ORIENTED_EDGE('',*,*,#1219,.F.);
#741=ORIENTED_EDGE('',*,*,#1216,.F.);
#742=CARTESIAN_POINT('',(35.6067223933772,8.36945339840981,1.));
#743=CARTESIAN_POINT('',(35.9069913992519,9.25306249533003,1.));
#744=CARTESIAN_POINT('',(35.3990906195159,9.81270586757387,1.));
#745=ORIENTED_EDGE('',*,*,#1182,.T.);
#746=ORIENTED_EDGE('',*,*,#1220,.T.);
#747=ORIENTED_EDGE('',*,*,#1221,.F.);
#748=ORIENTED_EDGE('',*,*,#1218,.F.);
#749=CARTESIAN_POINT('',(35.3990906195159,9.81270586757387,1.));
#750=CARTESIAN_POINT('',(34.8911898397799,10.3723492075194,1.));
#751=CARTESIAN_POINT('',(33.7895640438948,10.3723492075194,1.));
#752=ORIENTED_EDGE('',*,*,#1181,.T.);
#753=ORIENTED_EDGE('',*,*,#1222,.T.);
#754=ORIENTED_EDGE('',*,*,#1223,.F.);
#755=ORIENTED_EDGE('',*,*,#1220,.F.);
#756=CARTESIAN_POINT('',(33.7895640438948,10.3723492075194,1.));
#757=CARTESIAN_POINT('',(32.6054544271505,10.3723492075194,1.));
#758=CARTESIAN_POINT('',(31.6421726532892,9.75674647844338,1.));
#759=ORIENTED_EDGE('',*,*,#1180,.T.);
#760=ORIENTED_EDGE('',*,*,#1224,.T.);
#761=ORIENTED_EDGE('',*,*,#1225,.F.);
#762=ORIENTED_EDGE('',*,*,#1222,.F.);
#763=CARTESIAN_POINT('',(31.6421726532892,9.75674647844338,1.));
#764=CARTESIAN_POINT('',(30.6788908794279,9.14114374936731,1.));
#765=CARTESIAN_POINT('',(30.3545778515294,8.18682474349259,1.));
#766=ORIENTED_EDGE('',*,*,#1179,.T.);
#767=ORIENTED_EDGE('',*,*,#1197,.T.);
#768=ORIENTED_EDGE('',*,*,#1226,.F.);
#769=ORIENTED_EDGE('',*,*,#1224,.F.);
#770=CARTESIAN_POINT('',(30.3545778515294,8.18682474349259,1.));
#771=CARTESIAN_POINT('',(30.1723791510894,7.65074582866336,1.));
#772=CARTESIAN_POINT('',(30.290565245797,7.23543270310705,1.));
#773=ORIENTED_EDGE('',*,*,#1152,.T.);
#774=ORIENTED_EDGE('',*,*,#1227,.T.);
#775=ORIENTED_EDGE('',*,*,#1228,.F.);
#776=ORIENTED_EDGE('',*,*,#1229,.F.);
#777=CARTESIAN_POINT('',(32.5049623544667,5.68907539327261,1.));
#778=CARTESIAN_POINT('',(32.4406190145211,6.05434920751945,1.));
#779=CARTESIAN_POINT('',(32.1166367208358,6.05434920751945,1.));
#780=ORIENTED_EDGE('',*,*,#1153,.T.);
#781=ORIENTED_EDGE('',*,*,#1229,.T.);
#782=ORIENTED_EDGE('',*,*,#1230,.F.);
#783=ORIENTED_EDGE('',*,*,#1231,.F.);
#784=CARTESIAN_POINT('',(32.1166367208358,6.05434920751945,1.));
#785=CARTESIAN_POINT('',(31.7809135240707,6.05434920751945,1.));
#786=CARTESIAN_POINT('',(31.4374678449171,5.63309949972972,1.));
#787=ORIENTED_EDGE('',*,*,#1154,.T.);
#788=ORIENTED_EDGE('',*,*,#1231,.T.);
#789=ORIENTED_EDGE('',*,*,#1232,.F.);
#790=ORIENTED_EDGE('',*,*,#1233,.F.);
#791=CARTESIAN_POINT('',(31.4374678449171,5.63309949972972,1.));
#792=CARTESIAN_POINT('',(31.0940221334652,5.21184975964172,1.));
#793=CARTESIAN_POINT('',(30.8517630042467,4.49899608857537,1.));
#794=ORIENTED_EDGE('',*,*,#1155,.T.);
#795=ORIENTED_EDGE('',*,*,#1233,.T.);
#796=ORIENTED_EDGE('',*,*,#1234,.F.);
#797=ORIENTED_EDGE('',*,*,#1235,.F.);
#798=CARTESIAN_POINT('',(30.8517630042467,4.49899608857537,1.));
#799=CARTESIAN_POINT('',(30.6335479293504,3.85681928534046,1.));
#800=CARTESIAN_POINT('',(30.6920539073265,3.50037591309662,1.));
#801=ORIENTED_EDGE('',*,*,#1156,.T.);
#802=ORIENTED_EDGE('',*,*,#1235,.T.);
#803=ORIENTED_EDGE('',*,*,#1236,.F.);
#804=ORIENTED_EDGE('',*,*,#1237,.F.);
#805=CARTESIAN_POINT('',(30.6920539073265,3.50037591309662,1.));
#806=CARTESIAN_POINT('',(30.7505598853027,3.14393254085278,1.));
#807=CARTESIAN_POINT('',(31.0686221334652,3.14393254085278,1.));
#808=ORIENTED_EDGE('',*,*,#1157,.T.);
#809=ORIENTED_EDGE('',*,*,#1237,.T.);
#810=ORIENTED_EDGE('',*,*,#1238,.F.);
#811=ORIENTED_EDGE('',*,*,#1239,.F.);
#812=CARTESIAN_POINT('',(31.0686221334652,3.14393254085278,1.));
#813=CARTESIAN_POINT('',(31.410265375753,3.14393254085278,1.));
#814=CARTESIAN_POINT('',(31.7605240828053,3.55927877212869,1.));
#815=ORIENTED_EDGE('',*,*,#1158,.T.);
#816=ORIENTED_EDGE('',*,*,#1239,.T.);
#817=ORIENTED_EDGE('',*,*,#1240,.F.);
#818=ORIENTED_EDGE('',*,*,#1241,.F.);
#819=CARTESIAN_POINT('',(31.7605240828053,3.55927877212869,1.));
#820=CARTESIAN_POINT('',(32.1107828221557,3.9746250034046,1.));
#821=CARTESIAN_POINT('',(32.3490400996919,4.67573777139117,1.));
#822=ORIENTED_EDGE('',*,*,#1151,.T.);
#823=ORIENTED_EDGE('',*,*,#1241,.T.);
#824=ORIENTED_EDGE('',*,*,#1242,.F.);
#825=ORIENTED_EDGE('',*,*,#1227,.F.);
#826=CARTESIAN_POINT('',(32.3490400996919,4.67573777139117,1.));
#827=CARTESIAN_POINT('',(32.5693057267106,5.32380157902577,1.));
#828=CARTESIAN_POINT('',(32.5049623544667,5.68907539327261,1.));
#829=ORIENTED_EDGE('',*,*,#1144,.T.);
#830=ORIENTED_EDGE('',*,*,#1243,.T.);
#831=ORIENTED_EDGE('',*,*,#1244,.F.);
#832=ORIENTED_EDGE('',*,*,#1245,.F.);
#833=CARTESIAN_POINT('',(33.0890631342027,7.19129686831139,1.));
#834=CARTESIAN_POINT('',(33.4146494888224,7.56836119577,1.));
#835=CARTESIAN_POINT('',(33.624893998372,8.18699011059923,1.));
#836=ORIENTED_EDGE('',*,*,#1145,.T.);
#837=ORIENTED_EDGE('',*,*,#1245,.T.);
#838=ORIENTED_EDGE('',*,*,#1246,.F.);
#839=ORIENTED_EDGE('',*,*,#1247,.F.);
#840=CARTESIAN_POINT('',(33.624893998372,8.18699011059923,1.));
#841=CARTESIAN_POINT('',(33.8251174550491,8.77618413262308,1.));
#842=CARTESIAN_POINT('',(33.7634364609238,9.11495001955373,1.));
#843=ORIENTED_EDGE('',*,*,#1146,.T.);
#844=ORIENTED_EDGE('',*,*,#1247,.T.);
#845=ORIENTED_EDGE('',*,*,#1248,.F.);
#846=ORIENTED_EDGE('',*,*,#1249,.F.);
#847=CARTESIAN_POINT('',(33.7634364609238,9.11495001955373,1.));
#848=CARTESIAN_POINT('',(33.7017554667985,9.45371587418611,1.));
#849=CARTESIAN_POINT('',(33.4011557267106,9.45371587418611,1.));
#850=ORIENTED_EDGE('',*,*,#1147,.T.);
#851=ORIENTED_EDGE('',*,*,#1249,.T.);
#852=ORIENTED_EDGE('',*,*,#1250,.F.);
#853=ORIENTED_EDGE('',*,*,#1251,.F.);
#854=CARTESIAN_POINT('',(33.4011557267106,9.45371587418611,1.));
#855=CARTESIAN_POINT('',(33.0887820424197,9.45371587418611,1.));
#856=CARTESIAN_POINT('',(32.759243478548,9.07370807682592,1.));
#857=ORIENTED_EDGE('',*,*,#1148,.T.);
#858=ORIENTED_EDGE('',*,*,#1251,.T.);
#859=ORIENTED_EDGE('',*,*,#1252,.F.);
#860=ORIENTED_EDGE('',*,*,#1253,.F.);
#861=CARTESIAN_POINT('',(32.759243478548,9.07370807682592,1.));
#862=CARTESIAN_POINT('',(32.4297049469745,8.69370027946573,1.));
#863=CARTESIAN_POINT('',(32.2134742127613,8.05737734261265,1.));
#864=ORIENTED_EDGE('',*,*,#1149,.T.);
#865=ORIENTED_EDGE('',*,*,#1253,.T.);
#866=ORIENTED_EDGE('',*,*,#1254,.F.);
#867=ORIENTED_EDGE('',*,*,#1255,.F.);
#868=CARTESIAN_POINT('',(32.2134742127613,8.05737734261265,1.));
#869=CARTESIAN_POINT('',(32.0112333419797,7.4623294219087,1.));
#870=CARTESIAN_POINT('',(32.0749813926397,7.13828098138074,1.));
#871=ORIENTED_EDGE('',*,*,#1150,.T.);
#872=ORIENTED_EDGE('',*,*,#1255,.T.);
#873=ORIENTED_EDGE('',*,*,#1256,.F.);
#874=ORIENTED_EDGE('',*,*,#1257,.F.);
#875=CARTESIAN_POINT('',(32.0749813926397,7.13828098138074,1.));
#876=CARTESIAN_POINT('',(32.1387294110014,6.81423254085278,1.));
#877=CARTESIAN_POINT('',(32.4452161554891,6.81423254085278,1.));
#878=ORIENTED_EDGE('',*,*,#1143,.T.);
#879=ORIENTED_EDGE('',*,*,#1257,.T.);
#880=ORIENTED_EDGE('',*,*,#1258,.F.);
#881=ORIENTED_EDGE('',*,*,#1243,.F.);
#882=CARTESIAN_POINT('',(32.4452161554891,6.81423254085278,1.));
#883=CARTESIAN_POINT('',(32.7634768118813,6.81423254085278,1.));
#884=CARTESIAN_POINT('',(33.0890631342027,7.19129686831139,1.));
#885=ORIENTED_EDGE('',*,*,#1178,.T.);
#886=ORIENTED_EDGE('',*,*,#1259,.T.);
#887=ORIENTED_EDGE('',*,*,#1260,.F.);
#888=ORIENTED_EDGE('',*,*,#1261,.F.);
#889=CARTESIAN_POINT('',(28.3942473660304,9.37372903204069,1.));
#890=CARTESIAN_POINT('',(27.9383703028835,10.3723492075194,1.));
#891=CARTESIAN_POINT('',(26.5363432074383,10.3723492075194,1.));
#892=ORIENTED_EDGE('',*,*,#1177,.T.);
#893=ORIENTED_EDGE('',*,*,#1262,.T.);
#894=ORIENTED_EDGE('',*,*,#1263,.F.);
#895=ORIENTED_EDGE('',*,*,#1259,.F.);
#896=CARTESIAN_POINT('',(26.5363432074383,10.3723492075194,1.));
#897=CARTESIAN_POINT('',(24.9104786200677,10.3723492075194,1.));
#898=CARTESIAN_POINT('',(23.4440916479662,9.0909390709512,1.));
#899=ORIENTED_EDGE('',*,*,#1176,.T.);
#900=ORIENTED_EDGE('',*,*,#1264,.T.);
#901=ORIENTED_EDGE('',*,*,#1265,.F.);
#902=ORIENTED_EDGE('',*,*,#1262,.F.);
#903=CARTESIAN_POINT('',(23.4440916479662,9.0909390709512,1.));
#904=CARTESIAN_POINT('',(21.9777046758648,7.80952890208469,1.));
#905=CARTESIAN_POINT('',(21.2789400884942,5.75335261867379,1.));
#906=ORIENTED_EDGE('',*,*,#1175,.T.);
#907=ORIENTED_EDGE('',*,*,#1266,.T.);
#908=ORIENTED_EDGE('',*,*,#1267,.F.);
#909=ORIENTED_EDGE('',*,*,#1264,.F.);
#910=CARTESIAN_POINT('',(21.2789400884942,5.75335261867379,1.));
#911=CARTESIAN_POINT('',(20.7042981457664,4.0624666862204,1.));
#912=CARTESIAN_POINT('',(21.1800355400341,3.09625794686992,1.));
#913=ORIENTED_EDGE('',*,*,#1174,.T.);
#914=ORIENTED_EDGE('',*,*,#1268,.T.);
#915=ORIENTED_EDGE('',*,*,#1269,.F.);
#916=ORIENTED_EDGE('',*,*,#1266,.F.);
#917=CARTESIAN_POINT('',(21.1800355400341,3.09625794686992,1.));
#918=CARTESIAN_POINT('',(21.6557729020035,2.13004920751945,1.));
#919=CARTESIAN_POINT('',(23.0459929475263,2.13004920751945,1.));
#920=ORIENTED_EDGE('',*,*,#1173,.T.);
#921=ORIENTED_EDGE('',*,*,#1270,.T.);
#922=ORIENTED_EDGE('',*,*,#1271,.F.);
#923=ORIENTED_EDGE('',*,*,#1268,.F.);
#924=CARTESIAN_POINT('',(23.0459929475263,2.13004920751945,1.));
#925=CARTESIAN_POINT('',(23.8412642926091,2.13004920751945,1.));
#926=CARTESIAN_POINT('',(24.6555029864368,2.48060560766186,1.));
#927=ORIENTED_EDGE('',*,*,#1172,.T.);
#928=ORIENTED_EDGE('',*,*,#1272,.T.);
#929=ORIENTED_EDGE('',*,*,#1273,.F.);
#930=ORIENTED_EDGE('',*,*,#1270,.F.);
#931=CARTESIAN_POINT('',(24.6555029864368,2.48060560766186,1.));
#932=CARTESIAN_POINT('',(25.4697416479662,2.83116197550602,1.));
#933=CARTESIAN_POINT('',(26.2261854100781,3.49688673174314,1.));
#934=ORIENTED_EDGE('',*,*,#1171,.T.);
#935=ORIENTED_EDGE('',*,*,#1274,.T.);
#936=ORIENTED_EDGE('',*,*,#1275,.F.);
#937=ORIENTED_EDGE('',*,*,#1272,.F.);
#938=CARTESIAN_POINT('',(26.2261854100781,3.49688673174314,1.));
#939=CARTESIAN_POINT('',(26.9095710826195,4.10370859664994,1.));
#940=CARTESIAN_POINT('',(27.420332681002,4.88728868108319,1.));
#941=ORIENTED_EDGE('',*,*,#1170,.T.);
#942=ORIENTED_EDGE('',*,*,#1276,.T.);
#943=ORIENTED_EDGE('',*,*,#1277,.F.);
#944=ORIENTED_EDGE('',*,*,#1274,.F.);
#945=CARTESIAN_POINT('',(27.420332681002,4.88728868108319,1.));
#946=CARTESIAN_POINT('',(27.9310942470863,5.67086876551645,1.));
#947=CARTESIAN_POINT('',(28.2454523366568,6.59585209884978,1.));
#948=ORIENTED_EDGE('',*,*,#1169,.T.);
#949=ORIENTED_EDGE('',*,*,#1261,.T.);
#950=ORIENTED_EDGE('',*,*,#1278,.F.);
#951=ORIENTED_EDGE('',*,*,#1276,.F.);
#952=CARTESIAN_POINT('',(28.2454523366568,6.59585209884978,1.));
#953=CARTESIAN_POINT('',(28.8501244614756,8.37510885656194,1.));
#954=CARTESIAN_POINT('',(28.3942473660304,9.37372903204069,1.));
#955=ORIENTED_EDGE('',*,*,#1136,.T.);
#956=ORIENTED_EDGE('',*,*,#1279,.T.);
#957=ORIENTED_EDGE('',*,*,#1280,.F.);
#958=ORIENTED_EDGE('',*,*,#1281,.F.);
#959=CARTESIAN_POINT('',(26.4918932074383,8.66428189107276,1.));
#960=CARTESIAN_POINT('',(26.4775064952489,9.45371587418611,1.));
#961=CARTESIAN_POINT('',(25.8768031163928,9.45371587418611,1.));
#962=ORIENTED_EDGE('',*,*,#1137,.T.);
#963=ORIENTED_EDGE('',*,*,#1281,.T.);
#964=ORIENTED_EDGE('',*,*,#1282,.F.);
#965=ORIENTED_EDGE('',*,*,#1283,.F.);
#966=CARTESIAN_POINT('',(25.8768031163928,9.45371587418611,1.));
#967=CARTESIAN_POINT('',(25.293760653841,9.45371587418611,1.));
#968=CARTESIAN_POINT('',(24.7409303094957,8.67607240428453,1.));
#969=ORIENTED_EDGE('',*,*,#1138,.T.);
#970=ORIENTED_EDGE('',*,*,#1283,.T.);
#971=ORIENTED_EDGE('',*,*,#1284,.F.);
#972=ORIENTED_EDGE('',*,*,#1285,.F.);
#973=CARTESIAN_POINT('',(24.7409303094957,8.67607240428453,1.));
#974=CARTESIAN_POINT('',(24.1880999974487,7.89842890208469,1.));
#975=CARTESIAN_POINT('',(23.6555268006836,6.3313349123591,1.));
#976=ORIENTED_EDGE('',*,*,#1139,.T.);
#977=ORIENTED_EDGE('',*,*,#1285,.T.);
#978=ORIENTED_EDGE('',*,*,#1286,.F.);
#979=ORIENTED_EDGE('',*,*,#1287,.F.);
#980=CARTESIAN_POINT('',(23.6555268006836,6.3313349123591,1.));
#981=CARTESIAN_POINT('',(23.072914292609,4.61696720604441,1.));
#982=CARTESIAN_POINT('',(23.0843575348969,3.82753322293106,1.));
#983=ORIENTED_EDGE('',*,*,#1140,.T.);
#984=ORIENTED_EDGE('',*,*,#1287,.T.);
#985=ORIENTED_EDGE('',*,*,#1288,.F.);
#986=ORIENTED_EDGE('',*,*,#1289,.F.);
#987=CARTESIAN_POINT('',(23.0843575348969,3.82753322293106,1.));
#988=CARTESIAN_POINT('',(23.0958007771847,3.03809920751945,1.));
#989=CARTESIAN_POINT('',(23.6965041560408,3.03809920751945,1.));
#990=ORIENTED_EDGE('',*,*,#1141,.T.);
#991=ORIENTED_EDGE('',*,*,#1289,.T.);
#992=ORIENTED_EDGE('',*,*,#1290,.F.);
#993=ORIENTED_EDGE('',*,*,#1291,.F.);
#994=CARTESIAN_POINT('',(23.6965041560408,3.03809920751945,1.));
#995=CARTESIAN_POINT('',(24.279513512873,3.03809920751945,1.));
#996=CARTESIAN_POINT('',(24.8393222522235,3.82753322293106,1.));
#997=ORIENTED_EDGE('',*,*,#1142,.T.);
#998=ORIENTED_EDGE('',*,*,#1291,.T.);
#999=ORIENTED_EDGE('',*,*,#1292,.F.);
#1000=ORIENTED_EDGE('',*,*,#1293,.F.);
#1001=CARTESIAN_POINT('',(24.8393222522235,3.82753322293106,1.));
#1002=CARTESIAN_POINT('',(25.3991309592757,4.61696720604441,1.));
#1003=CARTESIAN_POINT('',(25.9276692632354,6.17225417814583,1.));
#1004=ORIENTED_EDGE('',*,*,#1135,.T.);
#1005=ORIENTED_EDGE('',*,*,#1293,.T.);
#1006=ORIENTED_EDGE('',*,*,#1294,.F.);
#1007=ORIENTED_EDGE('',*,*,#1279,.F.);
#1008=CARTESIAN_POINT('',(25.9276692632354,6.17225417814583,1.));
#1009=CARTESIAN_POINT('',(26.5062799196277,7.87484790795942,1.));
#1010=CARTESIAN_POINT('',(26.4918932074383,8.66428189107276,1.));
#1011=ORIENTED_EDGE('',*,*,#1164,.T.);
#1012=ORIENTED_EDGE('',*,*,#1295,.T.);
#1013=ORIENTED_EDGE('',*,*,#1296,.F.);
#1014=ORIENTED_EDGE('',*,*,#1297,.F.);
#1015=ORIENTED_EDGE('',*,*,#1165,.T.);
#1016=ORIENTED_EDGE('',*,*,#1297,.T.);
#1017=ORIENTED_EDGE('',*,*,#1298,.F.);
#1018=ORIENTED_EDGE('',*,*,#1299,.F.);
#1019=ORIENTED_EDGE('',*,*,#1166,.T.);
#1020=ORIENTED_EDGE('',*,*,#1299,.T.);
#1021=ORIENTED_EDGE('',*,*,#1300,.F.);
#1022=ORIENTED_EDGE('',*,*,#1301,.F.);
#1023=ORIENTED_EDGE('',*,*,#1167,.T.);
#1024=ORIENTED_EDGE('',*,*,#1301,.T.);
#1025=ORIENTED_EDGE('',*,*,#1302,.F.);
#1026=ORIENTED_EDGE('',*,*,#1303,.F.);
#1027=ORIENTED_EDGE('',*,*,#1168,.T.);
#1028=ORIENTED_EDGE('',*,*,#1303,.T.);
#1029=ORIENTED_EDGE('',*,*,#1304,.F.);
#1030=ORIENTED_EDGE('',*,*,#1305,.F.);
#1031=ORIENTED_EDGE('',*,*,#1163,.T.);
#1032=ORIENTED_EDGE('',*,*,#1305,.T.);
#1033=ORIENTED_EDGE('',*,*,#1306,.F.);
#1034=ORIENTED_EDGE('',*,*,#1295,.F.);
#1035=ORIENTED_EDGE('',*,*,#1159,.T.);
#1036=ORIENTED_EDGE('',*,*,#1307,.T.);
#1037=ORIENTED_EDGE('',*,*,#1308,.F.);
#1038=ORIENTED_EDGE('',*,*,#1309,.F.);
#1039=ORIENTED_EDGE('',*,*,#1160,.T.);
#1040=ORIENTED_EDGE('',*,*,#1309,.T.);
#1041=ORIENTED_EDGE('',*,*,#1310,.F.);
#1042=ORIENTED_EDGE('',*,*,#1311,.F.);
#1043=ORIENTED_EDGE('',*,*,#1161,.T.);
#1044=ORIENTED_EDGE('',*,*,#1311,.T.);
#1045=ORIENTED_EDGE('',*,*,#1312,.F.);
#1046=ORIENTED_EDGE('',*,*,#1313,.F.);
#1047=ORIENTED_EDGE('',*,*,#1162,.T.);
#1048=ORIENTED_EDGE('',*,*,#1313,.T.);
#1049=ORIENTED_EDGE('',*,*,#1314,.F.);
#1050=ORIENTED_EDGE('',*,*,#1307,.F.);
#1051=ORIENTED_EDGE('',*,*,#1196,.T.);
#1052=ORIENTED_EDGE('',*,*,#1199,.T.);
#1053=ORIENTED_EDGE('',*,*,#1201,.T.);
#1054=ORIENTED_EDGE('',*,*,#1203,.T.);
#1055=ORIENTED_EDGE('',*,*,#1205,.T.);
#1056=ORIENTED_EDGE('',*,*,#1207,.T.);
#1057=ORIENTED_EDGE('',*,*,#1209,.T.);
#1058=ORIENTED_EDGE('',*,*,#1211,.T.);
#1059=ORIENTED_EDGE('',*,*,#1213,.T.);
#1060=ORIENTED_EDGE('',*,*,#1215,.T.);
#1061=ORIENTED_EDGE('',*,*,#1217,.T.);
#1062=ORIENTED_EDGE('',*,*,#1219,.T.);
#1063=ORIENTED_EDGE('',*,*,#1221,.T.);
#1064=ORIENTED_EDGE('',*,*,#1223,.T.);
#1065=ORIENTED_EDGE('',*,*,#1225,.T.);
#1066=ORIENTED_EDGE('',*,*,#1226,.T.);
#1067=ORIENTED_EDGE('',*,*,#1228,.T.);
#1068=ORIENTED_EDGE('',*,*,#1242,.T.);
#1069=ORIENTED_EDGE('',*,*,#1240,.T.);
#1070=ORIENTED_EDGE('',*,*,#1238,.T.);
#1071=ORIENTED_EDGE('',*,*,#1236,.T.);
#1072=ORIENTED_EDGE('',*,*,#1234,.T.);
#1073=ORIENTED_EDGE('',*,*,#1232,.T.);
#1074=ORIENTED_EDGE('',*,*,#1230,.T.);
#1075=ORIENTED_EDGE('',*,*,#1244,.T.);
#1076=ORIENTED_EDGE('',*,*,#1258,.T.);
#1077=ORIENTED_EDGE('',*,*,#1256,.T.);
#1078=ORIENTED_EDGE('',*,*,#1254,.T.);
#1079=ORIENTED_EDGE('',*,*,#1252,.T.);
#1080=ORIENTED_EDGE('',*,*,#1250,.T.);
#1081=ORIENTED_EDGE('',*,*,#1248,.T.);
#1082=ORIENTED_EDGE('',*,*,#1246,.T.);
#1083=ORIENTED_EDGE('',*,*,#1260,.T.);
#1084=ORIENTED_EDGE('',*,*,#1263,.T.);
#1085=ORIENTED_EDGE('',*,*,#1265,.T.);
#1086=ORIENTED_EDGE('',*,*,#1267,.T.);
#1087=ORIENTED_EDGE('',*,*,#1269,.T.);
#1088=ORIENTED_EDGE('',*,*,#1271,.T.);
#1089=ORIENTED_EDGE('',*,*,#1273,.T.);
#1090=ORIENTED_EDGE('',*,*,#1275,.T.);
#1091=ORIENTED_EDGE('',*,*,#1277,.T.);
#1092=ORIENTED_EDGE('',*,*,#1278,.T.);
#1093=ORIENTED_EDGE('',*,*,#1280,.T.);
#1094=ORIENTED_EDGE('',*,*,#1294,.T.);
#1095=ORIENTED_EDGE('',*,*,#1292,.T.);
#1096=ORIENTED_EDGE('',*,*,#1290,.T.);
#1097=ORIENTED_EDGE('',*,*,#1288,.T.);
#1098=ORIENTED_EDGE('',*,*,#1286,.T.);
#1099=ORIENTED_EDGE('',*,*,#1284,.T.);
#1100=ORIENTED_EDGE('',*,*,#1282,.T.);
#1101=ORIENTED_EDGE('',*,*,#1306,.T.);
#1102=ORIENTED_EDGE('',*,*,#1304,.T.);
#1103=ORIENTED_EDGE('',*,*,#1302,.T.);
#1104=ORIENTED_EDGE('',*,*,#1300,.T.);
#1105=ORIENTED_EDGE('',*,*,#1298,.T.);
#1106=ORIENTED_EDGE('',*,*,#1296,.T.);
#1107=ORIENTED_EDGE('',*,*,#1315,.T.);
#1108=ORIENTED_EDGE('',*,*,#1316,.T.);
#1109=ORIENTED_EDGE('',*,*,#1317,.T.);
#1110=ORIENTED_EDGE('',*,*,#1318,.T.);
#1111=ORIENTED_EDGE('',*,*,#1310,.T.);
#1112=ORIENTED_EDGE('',*,*,#1308,.T.);
#1113=ORIENTED_EDGE('',*,*,#1314,.T.);
#1114=ORIENTED_EDGE('',*,*,#1312,.T.);
#1115=ORIENTED_EDGE('',*,*,#1319,.T.);
#1116=ORIENTED_EDGE('',*,*,#1320,.T.);
#1117=ORIENTED_EDGE('',*,*,#1315,.F.);
#1118=ORIENTED_EDGE('',*,*,#1321,.F.);
#1119=ORIENTED_EDGE('',*,*,#1322,.T.);
#1120=ORIENTED_EDGE('',*,*,#1323,.T.);
#1121=ORIENTED_EDGE('',*,*,#1316,.F.);
#1122=ORIENTED_EDGE('',*,*,#1320,.F.);
#1123=ORIENTED_EDGE('',*,*,#1324,.T.);
#1124=ORIENTED_EDGE('',*,*,#1325,.T.);
#1125=ORIENTED_EDGE('',*,*,#1317,.F.);
#1126=ORIENTED_EDGE('',*,*,#1323,.F.);
#1127=ORIENTED_EDGE('',*,*,#1326,.T.);
#1128=ORIENTED_EDGE('',*,*,#1321,.T.);
#1129=ORIENTED_EDGE('',*,*,#1318,.F.);
#1130=ORIENTED_EDGE('',*,*,#1325,.F.);
#1131=ORIENTED_EDGE('',*,*,#1322,.F.);
#1132=ORIENTED_EDGE('',*,*,#1319,.F.);
#1133=ORIENTED_EDGE('',*,*,#1326,.F.);
#1134=ORIENTED_EDGE('',*,*,#1324,.F.);
#1135=EDGE_CURVE('',#1327,#1328,#1329,.F.);
#1136=EDGE_CURVE('',#1330,#1327,#1331,.F.);
#1137=EDGE_CURVE('',#1332,#1330,#1333,.F.);
#1138=EDGE_CURVE('',#1334,#1332,#1335,.F.);
#1139=EDGE_CURVE('',#1336,#1334,#1337,.F.);
#1140=EDGE_CURVE('',#1338,#1336,#1339,.F.);
#1141=EDGE_CURVE('',#1340,#1338,#1341,.F.);
#1142=EDGE_CURVE('',#1328,#1340,#1342,.F.);
#1143=EDGE_CURVE('',#1343,#1344,#1345,.F.);
#1144=EDGE_CURVE('',#1346,#1343,#1347,.F.);
#1145=EDGE_CURVE('',#1348,#1346,#1349,.F.);
#1146=EDGE_CURVE('',#1350,#1348,#1351,.F.);
#1147=EDGE_CURVE('',#1352,#1350,#1353,.F.);
#1148=EDGE_CURVE('',#1354,#1352,#1355,.F.);
#1149=EDGE_CURVE('',#1356,#1354,#1357,.F.);
#1150=EDGE_CURVE('',#1344,#1356,#1358,.F.);
#1151=EDGE_CURVE('',#1359,#1360,#1361,.F.);
#1152=EDGE_CURVE('',#1362,#1359,#1363,.F.);
#1153=EDGE_CURVE('',#1364,#1362,#1365,.F.);
#1154=EDGE_CURVE('',#1366,#1364,#1367,.F.);
#1155=EDGE_CURVE('',#1368,#1366,#1369,.F.);
#1156=EDGE_CURVE('',#1370,#1368,#1371,.F.);
#1157=EDGE_CURVE('',#1372,#1370,#1373,.F.);
#1158=EDGE_CURVE('',#1360,#1372,#1374,.F.);
#1159=EDGE_CURVE('',#1375,#1376,#1377,.F.);
#1160=EDGE_CURVE('',#1378,#1375,#1379,.F.);
#1161=EDGE_CURVE('',#1380,#1378,#1381,.F.);
#1162=EDGE_CURVE('',#1376,#1380,#1382,.F.);
#1163=EDGE_CURVE('',#1383,#1384,#1385,.T.);
#1164=EDGE_CURVE('',#1386,#1383,#1387,.T.);
#1165=EDGE_CURVE('',#1388,#1386,#1389,.T.);
#1166=EDGE_CURVE('',#1390,#1388,#1391,.T.);
#1167=EDGE_CURVE('',#1392,#1390,#1393,.T.);
#1168=EDGE_CURVE('',#1384,#1392,#1394,.T.);
#1169=EDGE_CURVE('',#1395,#1396,#1397,.T.);
#1170=EDGE_CURVE('',#1398,#1395,#1399,.T.);
#1171=EDGE_CURVE('',#1400,#1398,#1401,.T.);
#1172=EDGE_CURVE('',#1402,#1400,#1403,.T.);
#1173=EDGE_CURVE('',#1404,#1402,#1405,.T.);
#1174=EDGE_CURVE('',#1406,#1404,#1407,.T.);
#1175=EDGE_CURVE('',#1408,#1406,#1409,.T.);
#1176=EDGE_CURVE('',#1410,#1408,#1411,.T.);
#1177=EDGE_CURVE('',#1412,#1410,#1413,.T.);
#1178=EDGE_CURVE('',#1396,#1412,#1414,.T.);
#1179=EDGE_CURVE('',#1415,#1416,#1417,.T.);
#1180=EDGE_CURVE('',#1418,#1415,#1419,.T.);
#1181=EDGE_CURVE('',#1420,#1418,#1421,.T.);
#1182=EDGE_CURVE('',#1422,#1420,#1423,.T.);
#1183=EDGE_CURVE('',#1424,#1422,#1425,.T.);
#1184=EDGE_CURVE('',#1426,#1424,#1427,.T.);
#1185=EDGE_CURVE('',#1428,#1426,#1429,.T.);
#1186=EDGE_CURVE('',#1430,#1428,#1431,.T.);
#1187=EDGE_CURVE('',#1432,#1430,#1433,.T.);
#1188=EDGE_CURVE('',#1434,#1432,#1435,.T.);
#1189=EDGE_CURVE('',#1436,#1434,#1437,.T.);
#1190=EDGE_CURVE('',#1438,#1436,#1439,.T.);
#1191=EDGE_CURVE('',#1440,#1438,#1441,.T.);
#1192=EDGE_CURVE('',#1442,#1440,#1443,.T.);
#1193=EDGE_CURVE('',#1444,#1442,#1445,.T.);
#1194=EDGE_CURVE('',#1416,#1444,#1446,.T.);
#1195=EDGE_CURVE('',#1444,#1447,#1448,.T.);
#1196=EDGE_CURVE('',#1449,#1447,#1450,.T.);
#1197=EDGE_CURVE('',#1416,#1449,#1451,.T.);
#1198=EDGE_CURVE('',#1442,#1452,#1453,.T.);
#1199=EDGE_CURVE('',#1447,#1452,#1454,.T.);
#1200=EDGE_CURVE('',#1440,#1455,#1456,.T.);
#1201=EDGE_CURVE('',#1452,#1455,#1457,.T.);
#1202=EDGE_CURVE('',#1438,#1458,#1459,.T.);
#1203=EDGE_CURVE('',#1455,#1458,#1460,.T.);
#1204=EDGE_CURVE('',#1436,#1461,#1462,.T.);
#1205=EDGE_CURVE('',#1458,#1461,#1463,.T.);
#1206=EDGE_CURVE('',#1434,#1464,#1465,.T.);
#1207=EDGE_CURVE('',#1461,#1464,#1466,.T.);
#1208=EDGE_CURVE('',#1432,#1467,#1468,.T.);
#1209=EDGE_CURVE('',#1464,#1467,#1469,.T.);
#1210=EDGE_CURVE('',#1430,#1470,#1471,.T.);
#1211=EDGE_CURVE('',#1467,#1470,#1472,.T.);
#1212=EDGE_CURVE('',#1428,#1473,#1474,.T.);
#1213=EDGE_CURVE('',#1470,#1473,#1475,.T.);
#1214=EDGE_CURVE('',#1426,#1476,#1477,.T.);
#1215=EDGE_CURVE('',#1473,#1476,#1478,.T.);
#1216=EDGE_CURVE('',#1424,#1479,#1480,.T.);
#1217=EDGE_CURVE('',#1476,#1479,#1481,.T.);
#1218=EDGE_CURVE('',#1422,#1482,#1483,.T.);
#1219=EDGE_CURVE('',#1479,#1482,#1484,.T.);
#1220=EDGE_CURVE('',#1420,#1485,#1486,.T.);
#1221=EDGE_CURVE('',#1482,#1485,#1487,.T.);
#1222=EDGE_CURVE('',#1418,#1488,#1489,.T.);
#1223=EDGE_CURVE('',#1485,#1488,#1490,.T.);
#1224=EDGE_CURVE('',#1415,#1491,#1492,.T.);
#1225=EDGE_CURVE('',#1488,#1491,#1493,.T.);
#1226=EDGE_CURVE('',#1491,#1449,#1494,.T.);
#1227=EDGE_CURVE('',#1359,#1495,#1496,.T.);
#1228=EDGE_CURVE('',#1497,#1495,#1498,.F.);
#1229=EDGE_CURVE('',#1362,#1497,#1499,.T.);
#1230=EDGE_CURVE('',#1500,#1497,#1501,.F.);
#1231=EDGE_CURVE('',#1364,#1500,#1502,.T.);
#1232=EDGE_CURVE('',#1503,#1500,#1504,.F.);
#1233=EDGE_CURVE('',#1366,#1503,#1505,.T.);
#1234=EDGE_CURVE('',#1506,#1503,#1507,.F.);
#1235=EDGE_CURVE('',#1368,#1506,#1508,.T.);
#1236=EDGE_CURVE('',#1509,#1506,#1510,.F.);
#1237=EDGE_CURVE('',#1370,#1509,#1511,.T.);
#1238=EDGE_CURVE('',#1512,#1509,#1513,.F.);
#1239=EDGE_CURVE('',#1372,#1512,#1514,.T.);
#1240=EDGE_CURVE('',#1515,#1512,#1516,.F.);
#1241=EDGE_CURVE('',#1360,#1515,#1517,.T.);
#1242=EDGE_CURVE('',#1495,#1515,#1518,.F.);
#1243=EDGE_CURVE('',#1343,#1519,#1520,.T.);
#1244=EDGE_CURVE('',#1521,#1519,#1522,.F.);
#1245=EDGE_CURVE('',#1346,#1521,#1523,.T.);
#1246=EDGE_CURVE('',#1524,#1521,#1525,.F.);
#1247=EDGE_CURVE('',#1348,#1524,#1526,.T.);
#1248=EDGE_CURVE('',#1527,#1524,#1528,.F.);
#1249=EDGE_CURVE('',#1350,#1527,#1529,.T.);
#1250=EDGE_CURVE('',#1530,#1527,#1531,.F.);
#1251=EDGE_CURVE('',#1352,#1530,#1532,.T.);
#1252=EDGE_CURVE('',#1533,#1530,#1534,.F.);
#1253=EDGE_CURVE('',#1354,#1533,#1535,.T.);
#1254=EDGE_CURVE('',#1536,#1533,#1537,.F.);
#1255=EDGE_CURVE('',#1356,#1536,#1538,.T.);
#1256=EDGE_CURVE('',#1539,#1536,#1540,.F.);
#1257=EDGE_CURVE('',#1344,#1539,#1541,.T.);
#1258=EDGE_CURVE('',#1519,#1539,#1542,.F.);
#1259=EDGE_CURVE('',#1412,#1543,#1544,.T.);
#1260=EDGE_CURVE('',#1545,#1543,#1546,.T.);
#1261=EDGE_CURVE('',#1396,#1545,#1547,.T.);
#1262=EDGE_CURVE('',#1410,#1548,#1549,.T.);
#1263=EDGE_CURVE('',#1543,#1548,#1550,.T.);
#1264=EDGE_CURVE('',#1408,#1551,#1552,.T.);
#1265=EDGE_CURVE('',#1548,#1551,#1553,.T.);
#1266=EDGE_CURVE('',#1406,#1554,#1555,.T.);
#1267=EDGE_CURVE('',#1551,#1554,#1556,.T.);
#1268=EDGE_CURVE('',#1404,#1557,#1558,.T.);
#1269=EDGE_CURVE('',#1554,#1557,#1559,.T.);
#1270=EDGE_CURVE('',#1402,#1560,#1561,.T.);
#1271=EDGE_CURVE('',#1557,#1560,#1562,.T.);
#1272=EDGE_CURVE('',#1400,#1563,#1564,.T.);
#1273=EDGE_CURVE('',#1560,#1563,#1565,.T.);
#1274=EDGE_CURVE('',#1398,#1566,#1567,.T.);
#1275=EDGE_CURVE('',#1563,#1566,#1568,.T.);
#1276=EDGE_CURVE('',#1395,#1569,#1570,.T.);
#1277=EDGE_CURVE('',#1566,#1569,#1571,.T.);
#1278=EDGE_CURVE('',#1569,#1545,#1572,.T.);
#1279=EDGE_CURVE('',#1327,#1573,#1574,.T.);
#1280=EDGE_CURVE('',#1575,#1573,#1576,.F.);
#1281=EDGE_CURVE('',#1330,#1575,#1577,.T.);
#1282=EDGE_CURVE('',#1578,#1575,#1579,.F.);
#1283=EDGE_CURVE('',#1332,#1578,#1580,.T.);
#1284=EDGE_CURVE('',#1581,#1578,#1582,.F.);
#1285=EDGE_CURVE('',#1334,#1581,#1583,.T.);
#1286=EDGE_CURVE('',#1584,#1581,#1585,.F.);
#1287=EDGE_CURVE('',#1336,#1584,#1586,.T.);
#1288=EDGE_CURVE('',#1587,#1584,#1588,.F.);
#1289=EDGE_CURVE('',#1338,#1587,#1589,.T.);
#1290=EDGE_CURVE('',#1590,#1587,#1591,.F.);
#1291=EDGE_CURVE('',#1340,#1590,#1592,.T.);
#1292=EDGE_CURVE('',#1593,#1590,#1594,.F.);
#1293=EDGE_CURVE('',#1328,#1593,#1595,.T.);
#1294=EDGE_CURVE('',#1573,#1593,#1596,.F.);
#1295=EDGE_CURVE('',#1383,#1597,#1598,.T.);
#1296=EDGE_CURVE('',#1599,#1597,#1600,.T.);
#1297=EDGE_CURVE('',#1386,#1599,#1601,.T.);
#1298=EDGE_CURVE('',#1602,#1599,#1603,.T.);
#1299=EDGE_CURVE('',#1388,#1602,#1604,.T.);
#1300=EDGE_CURVE('',#1605,#1602,#1606,.T.);
#1301=EDGE_CURVE('',#1390,#1605,#1607,.T.);
#1302=EDGE_CURVE('',#1608,#1605,#1609,.T.);
#1303=EDGE_CURVE('',#1392,#1608,#1610,.T.);
#1304=EDGE_CURVE('',#1611,#1608,#1612,.T.);
#1305=EDGE_CURVE('',#1384,#1611,#1613,.T.);
#1306=EDGE_CURVE('',#1597,#1611,#1614,.T.);
#1307=EDGE_CURVE('',#1376,#1615,#1616,.T.);
#1308=EDGE_CURVE('',#1617,#1615,#1618,.F.);
#1309=EDGE_CURVE('',#1375,#1617,#1619,.T.);
#1310=EDGE_CURVE('',#1620,#1617,#1621,.F.);
#1311=EDGE_CURVE('',#1378,#1620,#1622,.T.);
#1312=EDGE_CURVE('',#1623,#1620,#1624,.F.);
#1313=EDGE_CURVE('',#1380,#1623,#1625,.T.);
#1314=EDGE_CURVE('',#1615,#1623,#1626,.F.);
#1315=EDGE_CURVE('',#1627,#1628,#1629,.T.);
#1316=EDGE_CURVE('',#1628,#1630,#1631,.T.);
#1317=EDGE_CURVE('',#1630,#1632,#1633,.T.);
#1318=EDGE_CURVE('',#1632,#1627,#1634,.T.);
#1319=EDGE_CURVE('',#1635,#1636,#1637,.T.);
#1320=EDGE_CURVE('',#1636,#1628,#1638,.T.);
#1321=EDGE_CURVE('',#1635,#1627,#1639,.T.);
#1322=EDGE_CURVE('',#1636,#1640,#1641,.T.);
#1323=EDGE_CURVE('',#1640,#1630,#1642,.T.);
#1324=EDGE_CURVE('',#1640,#1643,#1644,.T.);
#1325=EDGE_CURVE('',#1643,#1632,#1645,.T.);
#1326=EDGE_CURVE('',#1643,#1635,#1646,.T.);
#1327=VERTEX_POINT('',#1647);
#1328=VERTEX_POINT('',#1648);
#1329=B_SPLINE_CURVE_WITH_KNOTS('',2,
(#1649,#1650,#1651),
.UNSPECIFIED.,.F.,.F.,
(3,3),
(0.,1.),
.UNSPECIFIED.);
#1330=VERTEX_POINT('',#1652);
#1331=B_SPLINE_CURVE_WITH_KNOTS('',2,
(#1653,#1654,#1655),
.UNSPECIFIED.,.F.,.F.,
(3,3),
(0.,1.),
.UNSPECIFIED.);
#1332=VERTEX_POINT('',#1656);
#1333=B_SPLINE_CURVE_WITH_KNOTS('',2,
(#1657,#1658,#1659),
.UNSPECIFIED.,.F.,.F.,
(3,3),
(0.,1.),
.UNSPECIFIED.);
#1334=VERTEX_POINT('',#1660);
#1335=B_SPLINE_CURVE_WITH_KNOTS('',2,
(#1661,#1662,#1663),
.UNSPECIFIED.,.F.,.F.,
(3,3),
(0.,1.),
.UNSPECIFIED.);
#1336=VERTEX_POINT('',#1664);
#1337=B_SPLINE_CURVE_WITH_KNOTS('',2,
(#1665,#1666,#1667),
.UNSPECIFIED.,.F.,.F.,
(3,3),
(0.,1.),
.UNSPECIFIED.);
#1338=VERTEX_POINT('',#1668);
#1339=B_SPLINE_CURVE_WITH_KNOTS('',2,
(#1669,#1670,#1671),
.UNSPECIFIED.,.F.,.F.,
(3,3),
(0.,1.),
.UNSPECIFIED.);
#1340=VERTEX_POINT('',#1672);
#1341=B_SPLINE_CURVE_WITH_KNOTS('',2,
(#1673,#1674,#1675),
.UNSPECIFIED.,.F.,.F.,
(3,3),
(0.,1.),
.UNSPECIFIED.);
#1342=B_SPLINE_CURVE_WITH_KNOTS('',2,
(#1676,#1677,#1678),
.UNSPECIFIED.,.F.,.F.,
(3,3),
(0.,1.),
.UNSPECIFIED.);
#1343=VERTEX_POINT('',#1679);
#1344=VERTEX_POINT('',#1680);
#1345=B_SPLINE_CURVE_WITH_KNOTS('',2,
(#1681,#1682,#1683),
.UNSPECIFIED.,.F.,.F.,
(3,3),
(0.,1.),
.UNSPECIFIED.);
#1346=VERTEX_POINT('',#1684);
#1347=B_SPLINE_CURVE_WITH_KNOTS('',2,
(#1685,#1686,#1687),
.UNSPECIFIED.,.F.,.F.,
(3,3),
(0.,1.),
.UNSPECIFIED.);
#1348=VERTEX_POINT('',#1688);
#1349=B_SPLINE_CURVE_WITH_KNOTS('',2,
(#1689,#1690,#1691),
.UNSPECIFIED.,.F.,.F.,
(3,3),
(0.,1.),
.UNSPECIFIED.);
#1350=VERTEX_POINT('',#1692);
#1351=B_SPLINE_CURVE_WITH_KNOTS('',2,
(#1693,#1694,#1695),
.UNSPECIFIED.,.F.,.F.,
(3,3),
(0.,1.),
.UNSPECIFIED.);
#1352=VERTEX_POINT('',#1696);
#1353=B_SPLINE_CURVE_WITH_KNOTS('',2,
(#1697,#1698,#1699),
.UNSPECIFIED.,.F.,.F.,
(3,3),
(0.,1.),
.UNSPECIFIED.);
#1354=VERTEX_POINT('',#1700);
#1355=B_SPLINE_CURVE_WITH_KNOTS('',2,
(#1701,#1702,#1703),
.UNSPECIFIED.,.F.,.F.,
(3,3),
(0.,1.),
.UNSPECIFIED.);
#1356=VERTEX_POINT('',#1704);
#1357=B_SPLINE_CURVE_WITH_KNOTS('',2,
(#1705,#1706,#1707),
.UNSPECIFIED.,.F.,.F.,
(3,3),
(0.,1.),
.UNSPECIFIED.);
#1358=B_SPLINE_CURVE_WITH_KNOTS('',2,
(#1708,#1709,#1710),
.UNSPECIFIED.,.F.,.F.,
(3,3),
(0.,1.),
.UNSPECIFIED.);
#1359=VERTEX_POINT('',#1711);
#1360=VERTEX_POINT('',#1712);
#1361=B_SPLINE_CURVE_WITH_KNOTS('',2,
(#1713,#1714,#1715),
.UNSPECIFIED.,.F.,.F.,
(3,3),
(0.,1.),
.UNSPECIFIED.);
#1362=VERTEX_POINT('',#1716);
#1363=B_SPLINE_CURVE_WITH_KNOTS('',2,
(#1717,#1718,#1719),
.UNSPECIFIED.,.F.,.F.,
(3,3),
(0.,1.),
.UNSPECIFIED.);
#1364=VERTEX_POINT('',#1720);
#1365=B_SPLINE_CURVE_WITH_KNOTS('',2,
(#1721,#1722,#1723),
.UNSPECIFIED.,.F.,.F.,
(3,3),
(0.,1.),
.UNSPECIFIED.);
#1366=VERTEX_POINT('',#1724);
#1367=B_SPLINE_CURVE_WITH_KNOTS('',2,
(#1725,#1726,#1727),
.UNSPECIFIED.,.F.,.F.,
(3,3),
(0.,1.),
.UNSPECIFIED.);
#1368=VERTEX_POINT('',#1728);
#1369=B_SPLINE_CURVE_WITH_KNOTS('',2,
(#1729,#1730,#1731),
.UNSPECIFIED.,.F.,.F.,
(3,3),
(0.,1.),
.UNSPECIFIED.);
#1370=VERTEX_POINT('',#1732);
#1371=B_SPLINE_CURVE_WITH_KNOTS('',2,
(#1733,#1734,#1735),
.UNSPECIFIED.,.F.,.F.,
(3,3),
(0.,1.),
.UNSPECIFIED.);
#1372=VERTEX_POINT('',#1736);
#1373=B_SPLINE_CURVE_WITH_KNOTS('',2,
(#1737,#1738,#1739),
.UNSPECIFIED.,.F.,.F.,
(3,3),
(0.,1.),
.UNSPECIFIED.);
#1374=B_SPLINE_CURVE_WITH_KNOTS('',2,
(#1740,#1741,#1742),
.UNSPECIFIED.,.F.,.F.,
(3,3),
(0.,1.),
.UNSPECIFIED.);
#1375=VERTEX_POINT('',#1743);
#1376=VERTEX_POINT('',#1744);
#1377=LINE('',#1745,#1746);
#1378=VERTEX_POINT('',#1748);
#1379=LINE('',#1749,#1750);
#1380=VERTEX_POINT('',#1752);
#1381=LINE('',#1753,#1754);
#1382=LINE('',#1756,#1757);
#1383=VERTEX_POINT('',#1759);
#1384=VERTEX_POINT('',#1760);
#1385=LINE('',#1761,#1762);
#1386=VERTEX_POINT('',#1764);
#1387=LINE('',#1765,#1766);
#1388=VERTEX_POINT('',#1768);
#1389=LINE('',#1769,#1770);
#1390=VERTEX_POINT('',#1772);
#1391=LINE('',#1773,#1774);
#1392=VERTEX_POINT('',#1776);
#1393=LINE('',#1777,#1778);
#1394=LINE('',#1780,#1781);
#1395=VERTEX_POINT('',#1783);
#1396=VERTEX_POINT('',#1784);
#1397=B_SPLINE_CURVE_WITH_KNOTS('',2,
(#1785,#1786,#1787),
.UNSPECIFIED.,.F.,.F.,
(3,3),
(0.,1.),
.UNSPECIFIED.);
#1398=VERTEX_POINT('',#1788);
#1399=B_SPLINE_CURVE_WITH_KNOTS('',2,
(#1789,#1790,#1791),
.UNSPECIFIED.,.F.,.F.,
(3,3),
(0.,1.),
.UNSPECIFIED.);
#1400=VERTEX_POINT('',#1792);
#1401=B_SPLINE_CURVE_WITH_KNOTS('',2,
(#1793,#1794,#1795),
.UNSPECIFIED.,.F.,.F.,
(3,3),
(0.,1.),
.UNSPECIFIED.);
#1402=VERTEX_POINT('',#1796);
#1403=B_SPLINE_CURVE_WITH_KNOTS('',2,
(#1797,#1798,#1799),
.UNSPECIFIED.,.F.,.F.,
(3,3),
(0.,1.),
.UNSPECIFIED.);
#1404=VERTEX_POINT('',#1800);
#1405=B_SPLINE_CURVE_WITH_KNOTS('',2,
(#1801,#1802,#1803),
.UNSPECIFIED.,.F.,.F.,
(3,3),
(0.,1.),
.UNSPECIFIED.);
#1406=VERTEX_POINT('',#1804);
#1407=B_SPLINE_CURVE_WITH_KNOTS('',2,
(#1805,#1806,#1807),
.UNSPECIFIED.,.F.,.F.,
(3,3),
(0.,1.),
.UNSPECIFIED.);
#1408=VERTEX_POINT('',#1808);
#1409=B_SPLINE_CURVE_WITH_KNOTS('',2,
(#1809,#1810,#1811),
.UNSPECIFIED.,.F.,.F.,
(3,3),
(0.,1.),
.UNSPECIFIED.);
#1410=VERTEX_POINT('',#1812);
#1411=B_SPLINE_CURVE_WITH_KNOTS('',2,
(#1813,#1814,#1815),
.UNSPECIFIED.,.F.,.F.,
(3,3),
(0.,1.),
.UNSPECIFIED.);
#1412=VERTEX_POINT('',#1816);
#1413=B_SPLINE_CURVE_WITH_KNOTS('',2,
(#1817,#1818,#1819),
.UNSPECIFIED.,.F.,.F.,
(3,3),
(0.,1.),
.UNSPECIFIED.);
#1414=B_SPLINE_CURVE_WITH_KNOTS('',2,
(#1820,#1821,#1822),
.UNSPECIFIED.,.F.,.F.,
(3,3),
(0.,1.),
.UNSPECIFIED.);
#1415=VERTEX_POINT('',#1823);
#1416=VERTEX_POINT('',#1824);
#1417=B_SPLINE_CURVE_WITH_KNOTS('',2,
(#1825,#1826,#1827),
.UNSPECIFIED.,.F.,.F.,
(3,3),
(0.,1.),
.UNSPECIFIED.);
#1418=VERTEX_POINT('',#1828);
#1419=B_SPLINE_CURVE_WITH_KNOTS('',2,
(#1829,#1830,#1831),
.UNSPECIFIED.,.F.,.F.,
(3,3),
(0.,1.),
.UNSPECIFIED.);
#1420=VERTEX_POINT('',#1832);
#1421=B_SPLINE_CURVE_WITH_KNOTS('',2,
(#1833,#1834,#1835),
.UNSPECIFIED.,.F.,.F.,
(3,3),
(0.,1.),
.UNSPECIFIED.);
#1422=VERTEX_POINT('',#1836);
#1423=B_SPLINE_CURVE_WITH_KNOTS('',2,
(#1837,#1838,#1839),
.UNSPECIFIED.,.F.,.F.,
(3,3),
(0.,1.),
.UNSPECIFIED.);
#1424=VERTEX_POINT('',#1840);
#1425=B_SPLINE_CURVE_WITH_KNOTS('',2,
(#1841,#1842,#1843),
.UNSPECIFIED.,.F.,.F.,
(3,3),
(0.,1.),
.UNSPECIFIED.);
#1426=VERTEX_POINT('',#1844);
#1427=B_SPLINE_CURVE_WITH_KNOTS('',2,
(#1845,#1846,#1847),
.UNSPECIFIED.,.F.,.F.,
(3,3),
(0.,1.),
.UNSPECIFIED.);
#1428=VERTEX_POINT('',#1848);
#1429=B_SPLINE_CURVE_WITH_KNOTS('',2,
(#1849,#1850,#1851),
.UNSPECIFIED.,.F.,.F.,
(3,3),
(0.,1.),
.UNSPECIFIED.);
#1430=VERTEX_POINT('',#1852);
#1431=B_SPLINE_CURVE_WITH_KNOTS('',2,
(#1853,#1854,#1855),
.UNSPECIFIED.,.F.,.F.,
(3,3),
(0.,1.),
.UNSPECIFIED.);
#1432=VERTEX_POINT('',#1856);
#1433=B_SPLINE_CURVE_WITH_KNOTS('',2,
(#1857,#1858,#1859),
.UNSPECIFIED.,.F.,.F.,
(3,3),
(0.,1.),
.UNSPECIFIED.);
#1434=VERTEX_POINT('',#1860);
#1435=B_SPLINE_CURVE_WITH_KNOTS('',2,
(#1861,#1862,#1863),
.UNSPECIFIED.,.F.,.F.,
(3,3),
(0.,1.),
.UNSPECIFIED.);
#1436=VERTEX_POINT('',#1864);
#1437=B_SPLINE_CURVE_WITH_KNOTS('',2,
(#1865,#1866,#1867),
.UNSPECIFIED.,.F.,.F.,
(3,3),
(0.,1.),
.UNSPECIFIED.);
#1438=VERTEX_POINT('',#1868);
#1439=B_SPLINE_CURVE_WITH_KNOTS('',2,
(#1869,#1870,#1871),
.UNSPECIFIED.,.F.,.F.,
(3,3),
(0.,1.),
.UNSPECIFIED.);
#1440=VERTEX_POINT('',#1872);
#1441=B_SPLINE_CURVE_WITH_KNOTS('',2,
(#1873,#1874,#1875),
.UNSPECIFIED.,.F.,.F.,
(3,3),
(0.,1.),
.UNSPECIFIED.);
#1442=VERTEX_POINT('',#1876);
#1443=B_SPLINE_CURVE_WITH_KNOTS('',2,
(#1877,#1878,#1879),
.UNSPECIFIED.,.F.,.F.,
(3,3),
(0.,1.),
.UNSPECIFIED.);
#1444=VERTEX_POINT('',#1880);
#1445=B_SPLINE_CURVE_WITH_KNOTS('',2,
(#1881,#1882,#1883),
.UNSPECIFIED.,.F.,.F.,
(3,3),
(0.,1.),
.UNSPECIFIED.);
#1446=B_SPLINE_CURVE_WITH_KNOTS('',2,
(#1884,#1885,#1886),
.UNSPECIFIED.,.F.,.F.,
(3,3),
(0.,1.),
.UNSPECIFIED.);
#1447=VERTEX_POINT('',#1887);
#1448=LINE('',#1888,#1889);
#1449=VERTEX_POINT('',#1891);
#1450=B_SPLINE_CURVE_WITH_KNOTS('',2,
(#1892,#1893,#1894),
.UNSPECIFIED.,.F.,.F.,
(3,3),
(0.,1.),
.UNSPECIFIED.);
#1451=LINE('',#1895,#1896);
#1452=VERTEX_POINT('',#1898);
#1453=LINE('',#1899,#1900);
#1454=B_SPLINE_CURVE_WITH_KNOTS('',2,
(#1902,#1903,#1904),
.UNSPECIFIED.,.F.,.F.,
(3,3),
(0.,1.),
.UNSPECIFIED.);
#1455=VERTEX_POINT('',#1905);
#1456=LINE('',#1906,#1907);
#1457=B_SPLINE_CURVE_WITH_KNOTS('',2,
(#1909,#1910,#1911),
.UNSPECIFIED.,.F.,.F.,
(3,3),
(0.,1.),
.UNSPECIFIED.);
#1458=VERTEX_POINT('',#1912);
#1459=LINE('',#1913,#1914);
#1460=B_SPLINE_CURVE_WITH_KNOTS('',2,
(#1916,#1917,#1918),
.UNSPECIFIED.,.F.,.F.,
(3,3),
(0.,1.),
.UNSPECIFIED.);
#1461=VERTEX_POINT('',#1919);
#1462=LINE('',#1920,#1921);
#1463=B_SPLINE_CURVE_WITH_KNOTS('',2,
(#1923,#1924,#1925),
.UNSPECIFIED.,.F.,.F.,
(3,3),
(0.,1.),
.UNSPECIFIED.);
#1464=VERTEX_POINT('',#1926);
#1465=LINE('',#1927,#1928);
#1466=B_SPLINE_CURVE_WITH_KNOTS('',2,
(#1930,#1931,#1932),
.UNSPECIFIED.,.F.,.F.,
(3,3),
(0.,1.),
.UNSPECIFIED.);
#1467=VERTEX_POINT('',#1933);
#1468=LINE('',#1934,#1935);
#1469=B_SPLINE_CURVE_WITH_KNOTS('',2,
(#1937,#1938,#1939),
.UNSPECIFIED.,.F.,.F.,
(3,3),
(0.,1.),
.UNSPECIFIED.);
#1470=VERTEX_POINT('',#1940);
#1471=LINE('',#1941,#1942);
#1472=B_SPLINE_CURVE_WITH_KNOTS('',2,
(#1944,#1945,#1946),
.UNSPECIFIED.,.F.,.F.,
(3,3),
(0.,1.),
.UNSPECIFIED.);
#1473=VERTEX_POINT('',#1947);
#1474=LINE('',#1948,#1949);
#1475=B_SPLINE_CURVE_WITH_KNOTS('',2,
(#1951,#1952,#1953),
.UNSPECIFIED.,.F.,.F.,
(3,3),
(0.,1.),
.UNSPECIFIED.);
#1476=VERTEX_POINT('',#1954);
#1477=LINE('',#1955,#1956);
#1478=B_SPLINE_CURVE_WITH_KNOTS('',2,
(#1958,#1959,#1960),
.UNSPECIFIED.,.F.,.F.,
(3,3),
(0.,1.),
.UNSPECIFIED.);
#1479=VERTEX_POINT('',#1961);
#1480=LINE('',#1962,#1963);
#1481=B_SPLINE_CURVE_WITH_KNOTS('',2,
(#1965,#1966,#1967),
.UNSPECIFIED.,.F.,.F.,
(3,3),
(0.,1.),
.UNSPECIFIED.);
#1482=VERTEX_POINT('',#1968);
#1483=LINE('',#1969,#1970);
#1484=B_SPLINE_CURVE_WITH_KNOTS('',2,
(#1972,#1973,#1974),
.UNSPECIFIED.,.F.,.F.,
(3,3),
(0.,1.),
.UNSPECIFIED.);
#1485=VERTEX_POINT('',#1975);
#1486=LINE('',#1976,#1977);
#1487=B_SPLINE_CURVE_WITH_KNOTS('',2,
(#1979,#1980,#1981),
.UNSPECIFIED.,.F.,.F.,
(3,3),
(0.,1.),
.UNSPECIFIED.);
#1488=VERTEX_POINT('',#1982);
#1489=LINE('',#1983,#1984);
#1490=B_SPLINE_CURVE_WITH_KNOTS('',2,
(#1986,#1987,#1988),
.UNSPECIFIED.,.F.,.F.,
(3,3),
(0.,1.),
.UNSPECIFIED.);
#1491=VERTEX_POINT('',#1989);
#1492=LINE('',#1990,#1991);
#1493=B_SPLINE_CURVE_WITH_KNOTS('',2,
(#1993,#1994,#1995),
.UNSPECIFIED.,.F.,.F.,
(3,3),
(0.,1.),
.UNSPECIFIED.);
#1494=B_SPLINE_CURVE_WITH_KNOTS('',2,
(#1996,#1997,#1998),
.UNSPECIFIED.,.F.,.F.,
(3,3),
(0.,1.),
.UNSPECIFIED.);
#1495=VERTEX_POINT('',#1999);
#1496=LINE('',#2000,#2001);
#1497=VERTEX_POINT('',#2003);
#1498=B_SPLINE_CURVE_WITH_KNOTS('',2,
(#2004,#2005,#2006),
.UNSPECIFIED.,.F.,.F.,
(3,3),
(0.,1.),
.UNSPECIFIED.);
#1499=LINE('',#2007,#2008);
#1500=VERTEX_POINT('',#2010);
#1501=B_SPLINE_CURVE_WITH_KNOTS('',2,
(#2011,#2012,#2013),
.UNSPECIFIED.,.F.,.F.,
(3,3),
(0.,1.),
.UNSPECIFIED.);
#1502=LINE('',#2014,#2015);
#1503=VERTEX_POINT('',#2017);
#1504=B_SPLINE_CURVE_WITH_KNOTS('',2,
(#2018,#2019,#2020),
.UNSPECIFIED.,.F.,.F.,
(3,3),
(0.,1.),
.UNSPECIFIED.);
#1505=LINE('',#2021,#2022);
#1506=VERTEX_POINT('',#2024);
#1507=B_SPLINE_CURVE_WITH_KNOTS('',2,
(#2025,#2026,#2027),
.UNSPECIFIED.,.F.,.F.,
(3,3),
(0.,1.),
.UNSPECIFIED.);
#1508=LINE('',#2028,#2029);
#1509=VERTEX_POINT('',#2031);
#1510=B_SPLINE_CURVE_WITH_KNOTS('',2,
(#2032,#2033,#2034),
.UNSPECIFIED.,.F.,.F.,
(3,3),
(0.,1.),
.UNSPECIFIED.);
#1511=LINE('',#2035,#2036);
#1512=VERTEX_POINT('',#2038);
#1513=B_SPLINE_CURVE_WITH_KNOTS('',2,
(#2039,#2040,#2041),
.UNSPECIFIED.,.F.,.F.,
(3,3),
(0.,1.),
.UNSPECIFIED.);
#1514=LINE('',#2042,#2043);
#1515=VERTEX_POINT('',#2045);
#1516=B_SPLINE_CURVE_WITH_KNOTS('',2,
(#2046,#2047,#2048),
.UNSPECIFIED.,.F.,.F.,
(3,3),
(0.,1.),
.UNSPECIFIED.);
#1517=LINE('',#2049,#2050);
#1518=B_SPLINE_CURVE_WITH_KNOTS('',2,
(#2052,#2053,#2054),
.UNSPECIFIED.,.F.,.F.,
(3,3),
(0.,1.),
.UNSPECIFIED.);
#1519=VERTEX_POINT('',#2055);
#1520=LINE('',#2056,#2057);
#1521=VERTEX_POINT('',#2059);
#1522=B_SPLINE_CURVE_WITH_KNOTS('',2,
(#2060,#2061,#2062),
.UNSPECIFIED.,.F.,.F.,
(3,3),
(0.,1.),
.UNSPECIFIED.);
#1523=LINE('',#2063,#2064);
#1524=VERTEX_POINT('',#2066);
#1525=B_SPLINE_CURVE_WITH_KNOTS('',2,
(#2067,#2068,#2069),
.UNSPECIFIED.,.F.,.F.,
(3,3),
(0.,1.),
.UNSPECIFIED.);
#1526=LINE('',#2070,#2071);
#1527=VERTEX_POINT('',#2073);
#1528=B_SPLINE_CURVE_WITH_KNOTS('',2,
(#2074,#2075,#2076),
.UNSPECIFIED.,.F.,.F.,
(3,3),
(0.,1.),
.UNSPECIFIED.);
#1529=LINE('',#2077,#2078);
#1530=VERTEX_POINT('',#2080);
#1531=B_SPLINE_CURVE_WITH_KNOTS('',2,
(#2081,#2082,#2083),
.UNSPECIFIED.,.F.,.F.,
(3,3),
(0.,1.),
.UNSPECIFIED.);
#1532=LINE('',#2084,#2085);
#1533=VERTEX_POINT('',#2087);
#1534=B_SPLINE_CURVE_WITH_KNOTS('',2,
(#2088,#2089,#2090),
.UNSPECIFIED.,.F.,.F.,
(3,3),
(0.,1.),
.UNSPECIFIED.);
#1535=LINE('',#2091,#2092);
#1536=VERTEX_POINT('',#2094);
#1537=B_SPLINE_CURVE_WITH_KNOTS('',2,
(#2095,#2096,#2097),
.UNSPECIFIED.,.F.,.F.,
(3,3),
(0.,1.),
.UNSPECIFIED.);
#1538=LINE('',#2098,#2099);
#1539=VERTEX_POINT('',#2101);
#1540=B_SPLINE_CURVE_WITH_KNOTS('',2,
(#2102,#2103,#2104),
.UNSPECIFIED.,.F.,.F.,
(3,3),
(0.,1.),
.UNSPECIFIED.);
#1541=LINE('',#2105,#2106);
#1542=B_SPLINE_CURVE_WITH_KNOTS('',2,
(#2108,#2109,#2110),
.UNSPECIFIED.,.F.,.F.,
(3,3),
(0.,1.),
.UNSPECIFIED.);
#1543=VERTEX_POINT('',#2111);
#1544=LINE('',#2112,#2113);
#1545=VERTEX_POINT('',#2115);
#1546=B_SPLINE_CURVE_WITH_KNOTS('',2,
(#2116,#2117,#2118),
.UNSPECIFIED.,.F.,.F.,
(3,3),
(0.,1.),
.UNSPECIFIED.);
#1547=LINE('',#2119,#2120);
#1548=VERTEX_POINT('',#2122);
#1549=LINE('',#2123,#2124);
#1550=B_SPLINE_CURVE_WITH_KNOTS('',2,
(#2126,#2127,#2128),
.UNSPECIFIED.,.F.,.F.,
(3,3),
(0.,1.),
.UNSPECIFIED.);
#1551=VERTEX_POINT('',#2129);
#1552=LINE('',#2130,#2131);
#1553=B_SPLINE_CURVE_WITH_KNOTS('',2,
(#2133,#2134,#2135),
.UNSPECIFIED.,.F.,.F.,
(3,3),
(0.,1.),
.UNSPECIFIED.);
#1554=VERTEX_POINT('',#2136);
#1555=LINE('',#2137,#2138);
#1556=B_SPLINE_CURVE_WITH_KNOTS('',2,
(#2140,#2141,#2142),
.UNSPECIFIED.,.F.,.F.,
(3,3),
(0.,1.),
.UNSPECIFIED.);
#1557=VERTEX_POINT('',#2143);
#1558=LINE('',#2144,#2145);
#1559=B_SPLINE_CURVE_WITH_KNOTS('',2,
(#2147,#2148,#2149),
.UNSPECIFIED.,.F.,.F.,
(3,3),
(0.,1.),
.UNSPECIFIED.);
#1560=VERTEX_POINT('',#2150);
#1561=LINE('',#2151,#2152);
#1562=B_SPLINE_CURVE_WITH_KNOTS('',2,
(#2154,#2155,#2156),
.UNSPECIFIED.,.F.,.F.,
(3,3),
(0.,1.),
.UNSPECIFIED.);
#1563=VERTEX_POINT('',#2157);
#1564=LINE('',#2158,#2159);
#1565=B_SPLINE_CURVE_WITH_KNOTS('',2,
(#2161,#2162,#2163),
.UNSPECIFIED.,.F.,.F.,
(3,3),
(0.,1.),
.UNSPECIFIED.);
#1566=VERTEX_POINT('',#2164);
#1567=LINE('',#2165,#2166);
#1568=B_SPLINE_CURVE_WITH_KNOTS('',2,
(#2168,#2169,#2170),
.UNSPECIFIED.,.F.,.F.,
(3,3),
(0.,1.),
.UNSPECIFIED.);
#1569=VERTEX_POINT('',#2171);
#1570=LINE('',#2172,#2173);
#1571=B_SPLINE_CURVE_WITH_KNOTS('',2,
(#2175,#2176,#2177),
.UNSPECIFIED.,.F.,.F.,
(3,3),
(0.,1.),
.UNSPECIFIED.);
#1572=B_SPLINE_CURVE_WITH_KNOTS('',2,
(#2178,#2179,#2180),
.UNSPECIFIED.,.F.,.F.,
(3,3),
(0.,1.),
.UNSPECIFIED.);
#1573=VERTEX_POINT('',#2181);
#1574=LINE('',#2182,#2183);
#1575=VERTEX_POINT('',#2185);
#1576=B_SPLINE_CURVE_WITH_KNOTS('',2,
(#2186,#2187,#2188),
.UNSPECIFIED.,.F.,.F.,
(3,3),
(0.,1.),
.UNSPECIFIED.);
#1577=LINE('',#2189,#2190);
#1578=VERTEX_POINT('',#2192);
#1579=B_SPLINE_CURVE_WITH_KNOTS('',2,
(#2193,#2194,#2195),
.UNSPECIFIED.,.F.,.F.,
(3,3),
(0.,1.),
.UNSPECIFIED.);
#1580=LINE('',#2196,#2197);
#1581=VERTEX_POINT('',#2199);
#1582=B_SPLINE_CURVE_WITH_KNOTS('',2,
(#2200,#2201,#2202),
.UNSPECIFIED.,.F.,.F.,
(3,3),
(0.,1.),
.UNSPECIFIED.);
#1583=LINE('',#2203,#2204);
#1584=VERTEX_POINT('',#2206);
#1585=B_SPLINE_CURVE_WITH_KNOTS('',2,
(#2207,#2208,#2209),
.UNSPECIFIED.,.F.,.F.,
(3,3),
(0.,1.),
.UNSPECIFIED.);
#1586=LINE('',#2210,#2211);
#1587=VERTEX_POINT('',#2213);
#1588=B_SPLINE_CURVE_WITH_KNOTS('',2,
(#2214,#2215,#2216),
.UNSPECIFIED.,.F.,.F.,
(3,3),
(0.,1.),
.UNSPECIFIED.);
#1589=LINE('',#2217,#2218);
#1590=VERTEX_POINT('',#2220);
#1591=B_SPLINE_CURVE_WITH_KNOTS('',2,
(#2221,#2222,#2223),
.UNSPECIFIED.,.F.,.F.,
(3,3),
(0.,1.),
.UNSPECIFIED.);
#1592=LINE('',#2224,#2225);
#1593=VERTEX_POINT('',#2227);
#1594=B_SPLINE_CURVE_WITH_KNOTS('',2,
(#2228,#2229,#2230),
.UNSPECIFIED.,.F.,.F.,
(3,3),
(0.,1.),
.UNSPECIFIED.);
#1595=LINE('',#2231,#2232);
#1596=B_SPLINE_CURVE_WITH_KNOTS('',2,
(#2234,#2235,#2236),
.UNSPECIFIED.,.F.,.F.,
(3,3),
(0.,1.),
.UNSPECIFIED.);
#1597=VERTEX_POINT('',#2237);
#1598=LINE('',#2238,#2239);
#1599=VERTEX_POINT('',#2241);
#1600=LINE('',#2242,#2243);
#1601=LINE('',#2245,#2246);
#1602=VERTEX_POINT('',#2248);
#1603=LINE('',#2249,#2250);
#1604=LINE('',#2252,#2253);
#1605=VERTEX_POINT('',#2255);
#1606=LINE('',#2256,#2257);
#1607=LINE('',#2259,#2260);
#1608=VERTEX_POINT('',#2262);
#1609=LINE('',#2263,#2264);
#1610=LINE('',#2266,#2267);
#1611=VERTEX_POINT('',#2269);
#1612=LINE('',#2270,#2271);
#1613=LINE('',#2273,#2274);
#1614=LINE('',#2276,#2277);
#1615=VERTEX_POINT('',#2279);
#1616=LINE('',#2280,#2281);
#1617=VERTEX_POINT('',#2283);
#1618=LINE('',#2284,#2285);
#1619=LINE('',#2287,#2288);
#1620=VERTEX_POINT('',#2290);
#1621=LINE('',#2291,#2292);
#1622=LINE('',#2294,#2295);
#1623=VERTEX_POINT('',#2297);
#1624=LINE('',#2298,#2299);
#1625=LINE('',#2301,#2302);
#1626=LINE('',#2304,#2305);
#1627=VERTEX_POINT('',#2307);
#1628=VERTEX_POINT('',#2308);
#1629=LINE('',#2309,#2310);
#1630=VERTEX_POINT('',#2312);
#1631=LINE('',#2313,#2314);
#1632=VERTEX_POINT('',#2316);
#1633=LINE('',#2317,#2318);
#1634=LINE('',#2320,#2321);
#1635=VERTEX_POINT('',#2323);
#1636=VERTEX_POINT('',#2324);
#1637=LINE('',#2325,#2326);
#1638=LINE('',#2328,#2329);
#1639=LINE('',#2331,#2332);
#1640=VERTEX_POINT('',#2334);
#1641=LINE('',#2335,#2336);
#1642=LINE('',#2338,#2339);
#1643=VERTEX_POINT('',#2341);
#1644=LINE('',#2342,#2343);
#1645=LINE('',#2345,#2346);
#1646=LINE('',#2348,#2349);
#1647=CARTESIAN_POINT('',(26.4918932074383,8.66428189107276,1.));
#1648=CARTESIAN_POINT('',(25.9276692632354,6.17225417814583,1.));
#1649=CARTESIAN_POINT('',(25.9276692632354,6.17225417814583,1.));
#1650=CARTESIAN_POINT('',(26.5062799196277,7.87484790795942,1.));
#1651=CARTESIAN_POINT('',(26.4918932074383,8.66428189107276,1.));
#1652=CARTESIAN_POINT('',(25.8768031163928,9.45371587418611,1.));
#1653=CARTESIAN_POINT('',(26.4918932074383,8.66428189107276,1.));
#1654=CARTESIAN_POINT('',(26.4775064952489,9.45371587418611,1.));
#1655=CARTESIAN_POINT('',(25.8768031163928,9.45371587418611,1.));
#1656=CARTESIAN_POINT('',(24.7409303094957,8.67607240428453,1.));
#1657=CARTESIAN_POINT('',(25.8768031163928,9.45371587418611,1.));
#1658=CARTESIAN_POINT('',(25.293760653841,9.45371587418611,1.));
#1659=CARTESIAN_POINT('',(24.7409303094957,8.67607240428453,1.));
#1660=CARTESIAN_POINT('',(23.6555268006836,6.3313349123591,1.));
#1661=CARTESIAN_POINT('',(24.7409303094957,8.67607240428453,1.));
#1662=CARTESIAN_POINT('',(24.1880999974487,7.89842890208469,1.));
#1663=CARTESIAN_POINT('',(23.6555268006836,6.3313349123591,1.));
#1664=CARTESIAN_POINT('',(23.0843575348969,3.82753322293106,1.));
#1665=CARTESIAN_POINT('',(23.6555268006836,6.3313349123591,1.));
#1666=CARTESIAN_POINT('',(23.072914292609,4.61696720604441,1.));
#1667=CARTESIAN_POINT('',(23.0843575348969,3.82753322293106,1.));
#1668=CARTESIAN_POINT('',(23.6965041560408,3.03809920751945,1.));
#1669=CARTESIAN_POINT('',(23.0843575348969,3.82753322293106,1.));
#1670=CARTESIAN_POINT('',(23.0958007771847,3.03809920751945,1.));
#1671=CARTESIAN_POINT('',(23.6965041560408,3.03809920751945,1.));
#1672=CARTESIAN_POINT('',(24.8393222522235,3.82753322293106,1.));
#1673=CARTESIAN_POINT('',(23.6965041560408,3.03809920751945,1.));
#1674=CARTESIAN_POINT('',(24.279513512873,3.03809920751945,1.));
#1675=CARTESIAN_POINT('',(24.8393222522235,3.82753322293106,1.));
#1676=CARTESIAN_POINT('',(24.8393222522235,3.82753322293106,1.));
#1677=CARTESIAN_POINT('',(25.3991309592757,4.61696720604441,1.));
#1678=CARTESIAN_POINT('',(25.9276692632354,6.17225417814583,1.));
#1679=CARTESIAN_POINT('',(33.0890631342027,7.19129686831139,1.));
#1680=CARTESIAN_POINT('',(32.4452161554891,6.81423254085278,1.));
#1681=CARTESIAN_POINT('',(32.4452161554891,6.81423254085278,1.));
#1682=CARTESIAN_POINT('',(32.7634768118813,6.81423254085278,1.));
#1683=CARTESIAN_POINT('',(33.0890631342027,7.19129686831139,1.));
#1684=CARTESIAN_POINT('',(33.624893998372,8.18699011059923,1.));
#1685=CARTESIAN_POINT('',(33.0890631342027,7.19129686831139,1.));
#1686=CARTESIAN_POINT('',(33.4146494888224,7.56836119577,1.));
#1687=CARTESIAN_POINT('',(33.624893998372,8.18699011059923,1.));
#1688=CARTESIAN_POINT('',(33.7634364609238,9.11495001955373,1.));
#1689=CARTESIAN_POINT('',(33.624893998372,8.18699011059923,1.));
#1690=CARTESIAN_POINT('',(33.8251174550491,8.77618413262308,1.));
#1691=CARTESIAN_POINT('',(33.7634364609238,9.11495001955373,1.));
#1692=CARTESIAN_POINT('',(33.4011557267106,9.45371587418611,1.));
#1693=CARTESIAN_POINT('',(33.7634364609238,9.11495001955373,1.));
#1694=CARTESIAN_POINT('',(33.7017554667985,9.45371587418611,1.));
#1695=CARTESIAN_POINT('',(33.4011557267106,9.45371587418611,1.));
#1696=CARTESIAN_POINT('',(32.759243478548,9.07370807682592,1.));
#1697=CARTESIAN_POINT('',(33.4011557267106,9.45371587418611,1.));
#1698=CARTESIAN_POINT('',(33.0887820424197,9.45371587418611,1.));
#1699=CARTESIAN_POINT('',(32.759243478548,9.07370807682592,1.));
#1700=CARTESIAN_POINT('',(32.2134742127613,8.05737734261265,1.));
#1701=CARTESIAN_POINT('',(32.759243478548,9.07370807682592,1.));
#1702=CARTESIAN_POINT('',(32.4297049469745,8.69370027946573,1.));
#1703=CARTESIAN_POINT('',(32.2134742127613,8.05737734261265,1.));
#1704=CARTESIAN_POINT('',(32.0749813926397,7.13828098138074,1.));
#1705=CARTESIAN_POINT('',(32.2134742127613,8.05737734261265,1.));
#1706=CARTESIAN_POINT('',(32.0112333419797,7.4623294219087,1.));
#1707=CARTESIAN_POINT('',(32.0749813926397,7.13828098138074,1.));
#1708=CARTESIAN_POINT('',(32.0749813926397,7.13828098138074,1.));
#1709=CARTESIAN_POINT('',(32.1387294110014,6.81423254085278,1.));
#1710=CARTESIAN_POINT('',(32.4452161554891,6.81423254085278,1.));
#1711=CARTESIAN_POINT('',(32.5049623544667,5.68907539327261,1.));
#1712=CARTESIAN_POINT('',(32.3490400996919,4.67573777139117,1.));
#1713=CARTESIAN_POINT('',(32.3490400996919,4.67573777139117,1.));
#1714=CARTESIAN_POINT('',(32.5693057267106,5.32380157902577,1.));
#1715=CARTESIAN_POINT('',(32.5049623544667,5.68907539327261,1.));
#1716=CARTESIAN_POINT('',(32.1166367208358,6.05434920751945,1.));
#1717=CARTESIAN_POINT('',(32.5049623544667,5.68907539327261,1.));
#1718=CARTESIAN_POINT('',(32.4406190145211,6.05434920751945,1.));
#1719=CARTESIAN_POINT('',(32.1166367208358,6.05434920751945,1.));
#1720=CARTESIAN_POINT('',(31.4374678449171,5.63309949972972,1.));
#1721=CARTESIAN_POINT('',(32.1166367208358,6.05434920751945,1.));
#1722=CARTESIAN_POINT('',(31.7809135240707,6.05434920751945,1.));
#1723=CARTESIAN_POINT('',(31.4374678449171,5.63309949972972,1.));
#1724=CARTESIAN_POINT('',(30.8517630042467,4.49899608857537,1.));
#1725=CARTESIAN_POINT('',(31.4374678449171,5.63309949972972,1.));
#1726=CARTESIAN_POINT('',(31.0940221334652,5.21184975964172,1.));
#1727=CARTESIAN_POINT('',(30.8517630042467,4.49899608857537,1.));
#1728=CARTESIAN_POINT('',(30.6920539073265,3.50037591309662,1.));
#1729=CARTESIAN_POINT('',(30.8517630042467,4.49899608857537,1.));
#1730=CARTESIAN_POINT('',(30.6335479293504,3.85681928534046,1.));
#1731=CARTESIAN_POINT('',(30.6920539073265,3.50037591309662,1.));
#1732=CARTESIAN_POINT('',(31.0686221334652,3.14393254085278,1.));
#1733=CARTESIAN_POINT('',(30.6920539073265,3.50037591309662,1.));
#1734=CARTESIAN_POINT('',(30.7505598853027,3.14393254085278,1.));
#1735=CARTESIAN_POINT('',(31.0686221334652,3.14393254085278,1.));
#1736=CARTESIAN_POINT('',(31.7605240828053,3.55927877212869,1.));
#1737=CARTESIAN_POINT('',(31.0686221334652,3.14393254085278,1.));
#1738=CARTESIAN_POINT('',(31.410265375753,3.14393254085278,1.));
#1739=CARTESIAN_POINT('',(31.7605240828053,3.55927877212869,1.));
#1740=CARTESIAN_POINT('',(31.7605240828053,3.55927877212869,1.));
#1741=CARTESIAN_POINT('',(32.1107828221557,3.9746250034046,1.));
#1742=CARTESIAN_POINT('',(32.3490400996919,4.67573777139117,1.));
#1743=CARTESIAN_POINT('',(48.5,0.999999999999999,1.));
#1744=CARTESIAN_POINT('',(1.,0.999999999999999,1.));
#1745=CARTESIAN_POINT('',(1.,0.999999999999999,1.));
#1746=VECTOR('',#1747,1.);
#1747=DIRECTION('',(1.,0.,0.));
#1748=CARTESIAN_POINT('',(48.5,11.5,1.));
#1749=CARTESIAN_POINT('',(48.5,0.999999999999999,1.));
#1750=VECTOR('',#1751,1.);
#1751=DIRECTION('',(0.,1.,0.));
#1752=CARTESIAN_POINT('',(1.,11.5,1.));
#1753=CARTESIAN_POINT('',(48.5,11.5,1.));
#1754=VECTOR('',#1755,1.);
#1755=DIRECTION('',(-1.,0.,0.));
#1756=CARTESIAN_POINT('',(1.,11.5,1.));
#1757=VECTOR('',#1758,1.);
#1758=DIRECTION('',(0.,-1.,0.));
#1759=CARTESIAN_POINT('',(17.380801285811,9.19991431471407,1.));
#1760=CARTESIAN_POINT('',(15.044331987726,2.32478254085278,1.));
#1761=CARTESIAN_POINT('',(17.380801285811,9.19991431471407,1.));
#1762=VECTOR('',#1763,1.);
#1763=DIRECTION('',(-0.321769963312185,-0.946817876209609,0.));
#1764=CARTESIAN_POINT('',(15.7556973548327,8.95841587418611,1.));
#1765=CARTESIAN_POINT('',(15.7556973548327,8.95841587418611,1.));
#1766=VECTOR('',#1767,1.);
#1767=DIRECTION('',(0.989137866143484,0.14699075399873,0.));
#1768=CARTESIAN_POINT('',(16.013930688166,9.71829920751945,1.));
#1769=CARTESIAN_POINT('',(16.013930688166,9.71829920751945,1.));
#1770=VECTOR('',#1771,1.);
#1771=DIRECTION('',(-0.321760883930675,-0.946820961730438,0.));
#1772=CARTESIAN_POINT('',(19.8567390376485,10.3130825408528,1.));
#1773=CARTESIAN_POINT('',(19.8567390376485,10.3130825408528,1.));
#1774=VECTOR('',#1775,1.);
#1775=DIRECTION('',(-0.988232845540621,-0.152956997207341,0.));
#1776=CARTESIAN_POINT('',(17.1419486543927,2.32478254085278,1.));
#1777=CARTESIAN_POINT('',(17.1419486543927,2.32478254085278,1.));
#1778=VECTOR('',#1779,1.);
#1779=DIRECTION('',(0.32177187861683,0.946817225303488,0.));
#1780=CARTESIAN_POINT('',(15.044331987726,2.32478254085278,1.));
#1781=VECTOR('',#1782,1.);
#1782=DIRECTION('',(1.,0.,0.));
#1783=CARTESIAN_POINT('',(28.2454523366568,6.59585209884978,1.));
#1784=CARTESIAN_POINT('',(28.3942473660304,9.37372903204069,1.));
#1785=CARTESIAN_POINT('',(28.2454523366568,6.59585209884978,1.));
#1786=CARTESIAN_POINT('',(28.8501244614756,8.37510885656194,1.));
#1787=CARTESIAN_POINT('',(28.3942473660304,9.37372903204069,1.));
#1788=CARTESIAN_POINT('',(27.420332681002,4.88728868108319,1.));
#1789=CARTESIAN_POINT('',(27.420332681002,4.88728868108319,1.));
#1790=CARTESIAN_POINT('',(27.9310942470863,5.67086876551645,1.));
#1791=CARTESIAN_POINT('',(28.2454523366568,6.59585209884978,1.));
#1792=CARTESIAN_POINT('',(26.2261854100781,3.49688673174314,1.));
#1793=CARTESIAN_POINT('',(26.2261854100781,3.49688673174314,1.));
#1794=CARTESIAN_POINT('',(26.9095710826195,4.10370859664994,1.));
#1795=CARTESIAN_POINT('',(27.420332681002,4.88728868108319,1.));
#1796=CARTESIAN_POINT('',(24.6555029864368,2.48060560766186,1.));
#1797=CARTESIAN_POINT('',(24.6555029864368,2.48060560766186,1.));
#1798=CARTESIAN_POINT('',(25.4697416479662,2.83116197550602,1.));
#1799=CARTESIAN_POINT('',(26.2261854100781,3.49688673174314,1.));
#1800=CARTESIAN_POINT('',(23.0459929475263,2.13004920751945,1.));
#1801=CARTESIAN_POINT('',(23.0459929475263,2.13004920751945,1.));
#1802=CARTESIAN_POINT('',(23.8412642926091,2.13004920751945,1.));
#1803=CARTESIAN_POINT('',(24.6555029864368,2.48060560766186,1.));
#1804=CARTESIAN_POINT('',(21.1800355400341,3.09625794686992,1.));
#1805=CARTESIAN_POINT('',(21.1800355400341,3.09625794686992,1.));
#1806=CARTESIAN_POINT('',(21.6557729020035,2.13004920751945,1.));
#1807=CARTESIAN_POINT('',(23.0459929475263,2.13004920751945,1.));
#1808=CARTESIAN_POINT('',(21.2789400884942,5.75335261867379,1.));
#1809=CARTESIAN_POINT('',(21.2789400884942,5.75335261867379,1.));
#1810=CARTESIAN_POINT('',(20.7042981457664,4.0624666862204,1.));
#1811=CARTESIAN_POINT('',(21.1800355400341,3.09625794686992,1.));
#1812=CARTESIAN_POINT('',(23.4440916479662,9.0909390709512,1.));
#1813=CARTESIAN_POINT('',(23.4440916479662,9.0909390709512,1.));
#1814=CARTESIAN_POINT('',(21.9777046758648,7.80952890208469,1.));
#1815=CARTESIAN_POINT('',(21.2789400884942,5.75335261867379,1.));
#1816=CARTESIAN_POINT('',(26.5363432074383,10.3723492075194,1.));
#1817=CARTESIAN_POINT('',(26.5363432074383,10.3723492075194,1.));
#1818=CARTESIAN_POINT('',(24.9104786200677,10.3723492075194,1.));
#1819=CARTESIAN_POINT('',(23.4440916479662,9.0909390709512,1.));
#1820=CARTESIAN_POINT('',(28.3942473660304,9.37372903204069,1.));
#1821=CARTESIAN_POINT('',(27.9383703028835,10.3723492075194,1.));
#1822=CARTESIAN_POINT('',(26.5363432074383,10.3723492075194,1.));
#1823=CARTESIAN_POINT('',(30.3545778515294,8.18682474349259,1.));
#1824=CARTESIAN_POINT('',(30.290565245797,7.23543270310705,1.));
#1825=CARTESIAN_POINT('',(30.3545778515294,8.18682474349259,1.));
#1826=CARTESIAN_POINT('',(30.1723791510894,7.65074582866336,1.));
#1827=CARTESIAN_POINT('',(30.290565245797,7.23543270310705,1.));
#1828=CARTESIAN_POINT('',(31.6421726532892,9.75674647844338,1.));
#1829=CARTESIAN_POINT('',(31.6421726532892,9.75674647844338,1.));
#1830=CARTESIAN_POINT('',(30.6788908794279,9.14114374936731,1.));
#1831=CARTESIAN_POINT('',(30.3545778515294,8.18682474349259,1.));
#1832=CARTESIAN_POINT('',(33.7895640438948,10.3723492075194,1.));
#1833=CARTESIAN_POINT('',(33.7895640438948,10.3723492075194,1.));
#1834=CARTESIAN_POINT('',(32.6054544271505,10.3723492075194,1.));
#1835=CARTESIAN_POINT('',(31.6421726532892,9.75674647844338,1.));
#1836=CARTESIAN_POINT('',(35.3990906195159,9.81270586757387,1.));
#1837=CARTESIAN_POINT('',(35.3990906195159,9.81270586757387,1.));
#1838=CARTESIAN_POINT('',(34.8911898397799,10.3723492075194,1.));
#1839=CARTESIAN_POINT('',(33.7895640438948,10.3723492075194,1.));
#1840=CARTESIAN_POINT('',(35.6067223933772,8.36945339840981,1.));
#1841=CARTESIAN_POINT('',(35.6067223933772,8.36945339840981,1.));
#1842=CARTESIAN_POINT('',(35.9069913992519,9.25306249533003,1.));
#1843=CARTESIAN_POINT('',(35.3990906195159,9.81270586757387,1.));
#1844=CARTESIAN_POINT('',(34.9577821723757,7.30906954525246,1.));
#1845=CARTESIAN_POINT('',(34.9577821723757,7.30906954525246,1.));
#1846=CARTESIAN_POINT('',(35.4004796709134,7.76266457462608,1.));
#1847=CARTESIAN_POINT('',(35.6067223933772,8.36945339840981,1.));
#1848=CARTESIAN_POINT('',(33.8950666753131,6.60805599752987,1.));
#1849=CARTESIAN_POINT('',(33.8950666753131,6.60805599752987,1.));
#1850=CARTESIAN_POINT('',(34.5150846415398,6.85547448358058,1.));
#1851=CARTESIAN_POINT('',(34.9577821723757,7.30906954525246,1.));
#1852=CARTESIAN_POINT('',(34.6485834719358,5.91278059151273,1.));
#1853=CARTESIAN_POINT('',(34.6485834719358,5.91278059151273,1.));
#1854=CARTESIAN_POINT('',(34.4631601452147,6.39003933086321,1.));
#1855=CARTESIAN_POINT('',(33.8950666753131,6.60805599752987,1.));
#1856=CARTESIAN_POINT('',(34.6097393199559,4.77561798578043,1.));
#1857=CARTESIAN_POINT('',(34.6097393199559,4.77561798578043,1.));
#1858=CARTESIAN_POINT('',(34.8340067663586,5.43552188446052,1.));
#1859=CARTESIAN_POINT('',(34.6485834719358,5.91278059151273,1.));
#1860=CARTESIAN_POINT('',(33.0999606650387,2.88130053937774,1.));
#1861=CARTESIAN_POINT('',(33.0999606650387,2.88130053937774,1.));
#1862=CARTESIAN_POINT('',(34.221264855929,3.63255183893777,1.));
#1863=CARTESIAN_POINT('',(34.6097393199559,4.77561798578043,1.));
#1864=CARTESIAN_POINT('',(30.6354661554891,2.13004920751945,1.));
#1865=CARTESIAN_POINT('',(30.6354661554891,2.13004920751945,1.));
#1866=CARTESIAN_POINT('',(31.9786565064466,2.13004920751945,1.));
#1867=CARTESIAN_POINT('',(33.0999606650387,2.88130053937774,1.));
#1868=CARTESIAN_POINT('',(28.8115774616613,2.78702617300863,1.));
#1869=CARTESIAN_POINT('',(28.8115774616613,2.78702617300863,1.));
#1870=CARTESIAN_POINT('',(29.3629856811878,2.13004920751945,1.));
#1871=CARTESIAN_POINT('',(30.6354661554891,2.13004920751945,1.));
#1872=CARTESIAN_POINT('',(28.6225823023317,4.51047240428453,1.));
#1873=CARTESIAN_POINT('',(28.6225823023317,4.51047240428453,1.));
#1874=CARTESIAN_POINT('',(28.2601692744331,3.4440031384978,1.));
#1875=CARTESIAN_POINT('',(28.8115774616613,2.78702617300863,1.));
#1876=CARTESIAN_POINT('',(29.4210120945547,5.73309543879536,1.));
#1877=CARTESIAN_POINT('',(29.4210120945547,5.73309543879536,1.));
#1878=CARTESIAN_POINT('',(28.8688762920573,5.23519920751945,1.));
#1879=CARTESIAN_POINT('',(28.6225823023317,4.51047240428453,1.));
#1880=CARTESIAN_POINT('',(30.8351273317053,6.51379816787142,1.));
#1881=CARTESIAN_POINT('',(30.8351273317053,6.51379816787142,1.));
#1882=CARTESIAN_POINT('',(29.9731479293504,6.23099167007126,1.));
#1883=CARTESIAN_POINT('',(29.4210120945547,5.73309543879536,1.));
#1884=CARTESIAN_POINT('',(30.290565245797,7.23543270310705,1.));
#1885=CARTESIAN_POINT('',(30.4087513082064,6.82011954525246,1.));
#1886=CARTESIAN_POINT('',(30.8351273317053,6.51379816787142,1.));
#1887=CARTESIAN_POINT('',(30.8351273317053,6.51379816787142,2.));
#1888=CARTESIAN_POINT('',(30.8351273317053,6.51379816787142,1.));
#1889=VECTOR('',#1890,1.);
#1890=DIRECTION('',(0.,0.,1.));
#1891=CARTESIAN_POINT('',(30.290565245797,7.23543270310705,2.));
#1892=CARTESIAN_POINT('',(30.290565245797,7.23543270310705,2.));
#1893=CARTESIAN_POINT('',(30.4087513082064,6.82011954525246,2.));
#1894=CARTESIAN_POINT('',(30.8351273317053,6.51379816787142,2.));
#1895=CARTESIAN_POINT('',(30.290565245797,7.23543270310705,1.));
#1896=VECTOR('',#1897,1.);
#1897=DIRECTION('',(0.,0.,1.));
#1898=CARTESIAN_POINT('',(29.4210120945547,5.73309543879536,2.));
#1899=CARTESIAN_POINT('',(29.4210120945547,5.73309543879536,1.));
#1900=VECTOR('',#1901,1.);
#1901=DIRECTION('',(0.,0.,1.));
#1902=CARTESIAN_POINT('',(30.8351273317053,6.51379816787142,2.));
#1903=CARTESIAN_POINT('',(29.9731479293504,6.23099167007126,2.));
#1904=CARTESIAN_POINT('',(29.4210120945547,5.73309543879536,2.));
#1905=CARTESIAN_POINT('',(28.6225823023317,4.51047240428453,2.));
#1906=CARTESIAN_POINT('',(28.6225823023317,4.51047240428453,1.));
#1907=VECTOR('',#1908,1.);
#1908=DIRECTION('',(0.,0.,1.));
#1909=CARTESIAN_POINT('',(29.4210120945547,5.73309543879536,2.));
#1910=CARTESIAN_POINT('',(28.8688762920573,5.23519920751945,2.));
#1911=CARTESIAN_POINT('',(28.6225823023317,4.51047240428453,2.));
#1912=CARTESIAN_POINT('',(28.8115774616613,2.78702617300863,2.));
#1913=CARTESIAN_POINT('',(28.8115774616613,2.78702617300863,1.));
#1914=VECTOR('',#1915,1.);
#1915=DIRECTION('',(0.,0.,1.));
#1916=CARTESIAN_POINT('',(28.6225823023317,4.51047240428453,2.));
#1917=CARTESIAN_POINT('',(28.2601692744331,3.4440031384978,2.));
#1918=CARTESIAN_POINT('',(28.8115774616613,2.78702617300863,2.));
#1919=CARTESIAN_POINT('',(30.6354661554891,2.13004920751945,2.));
#1920=CARTESIAN_POINT('',(30.6354661554891,2.13004920751945,1.));
#1921=VECTOR('',#1922,1.);
#1922=DIRECTION('',(0.,0.,1.));
#1923=CARTESIAN_POINT('',(28.8115774616613,2.78702617300863,2.));
#1924=CARTESIAN_POINT('',(29.3629856811878,2.13004920751945,2.));
#1925=CARTESIAN_POINT('',(30.6354661554891,2.13004920751945,2.));
#1926=CARTESIAN_POINT('',(33.0999606650387,2.88130053937774,2.));
#1927=CARTESIAN_POINT('',(33.0999606650387,2.88130053937774,1.));
#1928=VECTOR('',#1929,1.);
#1929=DIRECTION('',(0.,0.,1.));
#1930=CARTESIAN_POINT('',(30.6354661554891,2.13004920751945,2.));
#1931=CARTESIAN_POINT('',(31.9786565064466,2.13004920751945,2.));
#1932=CARTESIAN_POINT('',(33.0999606650387,2.88130053937774,2.));
#1933=CARTESIAN_POINT('',(34.6097393199559,4.77561798578043,2.));
#1934=CARTESIAN_POINT('',(34.6097393199559,4.77561798578043,1.));
#1935=VECTOR('',#1936,1.);
#1936=DIRECTION('',(0.,0.,1.));
#1937=CARTESIAN_POINT('',(33.0999606650387,2.88130053937774,2.));
#1938=CARTESIAN_POINT('',(34.221264855929,3.63255183893777,2.));
#1939=CARTESIAN_POINT('',(34.6097393199559,4.77561798578043,2.));
#1940=CARTESIAN_POINT('',(34.6485834719358,5.91278059151273,2.));
#1941=CARTESIAN_POINT('',(34.6485834719358,5.91278059151273,1.));
#1942=VECTOR('',#1943,1.);
#1943=DIRECTION('',(0.,0.,1.));
#1944=CARTESIAN_POINT('',(34.6097393199559,4.77561798578043,2.));
#1945=CARTESIAN_POINT('',(34.8340067663586,5.43552188446052,2.));
#1946=CARTESIAN_POINT('',(34.6485834719358,5.91278059151273,2.));
#1947=CARTESIAN_POINT('',(33.8950666753131,6.60805599752987,2.));
#1948=CARTESIAN_POINT('',(33.8950666753131,6.60805599752987,1.));
#1949=VECTOR('',#1950,1.);
#1950=DIRECTION('',(0.,0.,1.));
#1951=CARTESIAN_POINT('',(34.6485834719358,5.91278059151273,2.));
#1952=CARTESIAN_POINT('',(34.4631601452147,6.39003933086321,2.));
#1953=CARTESIAN_POINT('',(33.8950666753131,6.60805599752987,2.));
#1954=CARTESIAN_POINT('',(34.9577821723757,7.30906954525246,2.));
#1955=CARTESIAN_POINT('',(34.9577821723757,7.30906954525246,1.));
#1956=VECTOR('',#1957,1.);
#1957=DIRECTION('',(0.,0.,1.));
#1958=CARTESIAN_POINT('',(33.8950666753131,6.60805599752987,2.));
#1959=CARTESIAN_POINT('',(34.5150846415398,6.85547448358058,2.));
#1960=CARTESIAN_POINT('',(34.9577821723757,7.30906954525246,2.));
#1961=CARTESIAN_POINT('',(35.6067223933772,8.36945339840981,2.));
#1962=CARTESIAN_POINT('',(35.6067223933772,8.36945339840981,1.));
#1963=VECTOR('',#1964,1.);
#1964=DIRECTION('',(0.,0.,1.));
#1965=CARTESIAN_POINT('',(34.9577821723757,7.30906954525246,2.));
#1966=CARTESIAN_POINT('',(35.4004796709134,7.76266457462608,2.));
#1967=CARTESIAN_POINT('',(35.6067223933772,8.36945339840981,2.));
#1968=CARTESIAN_POINT('',(35.3990906195159,9.81270586757387,2.));
#1969=CARTESIAN_POINT('',(35.3990906195159,9.81270586757387,1.));
#1970=VECTOR('',#1971,1.);
#1971=DIRECTION('',(0.,0.,1.));
#1972=CARTESIAN_POINT('',(35.6067223933772,8.36945339840981,2.));
#1973=CARTESIAN_POINT('',(35.9069913992519,9.25306249533003,2.));
#1974=CARTESIAN_POINT('',(35.3990906195159,9.81270586757387,2.));
#1975=CARTESIAN_POINT('',(33.7895640438948,10.3723492075194,2.));
#1976=CARTESIAN_POINT('',(33.7895640438948,10.3723492075194,1.));
#1977=VECTOR('',#1978,1.);
#1978=DIRECTION('',(0.,0.,1.));
#1979=CARTESIAN_POINT('',(35.3990906195159,9.81270586757387,2.));
#1980=CARTESIAN_POINT('',(34.8911898397799,10.3723492075194,2.));
#1981=CARTESIAN_POINT('',(33.7895640438948,10.3723492075194,2.));
#1982=CARTESIAN_POINT('',(31.6421726532892,9.75674647844338,2.));
#1983=CARTESIAN_POINT('',(31.6421726532892,9.75674647844338,1.));
#1984=VECTOR('',#1985,1.);
#1985=DIRECTION('',(0.,0.,1.));
#1986=CARTESIAN_POINT('',(33.7895640438948,10.3723492075194,2.));
#1987=CARTESIAN_POINT('',(32.6054544271505,10.3723492075194,2.));
#1988=CARTESIAN_POINT('',(31.6421726532892,9.75674647844338,2.));
#1989=CARTESIAN_POINT('',(30.3545778515294,8.18682474349259,2.));
#1990=CARTESIAN_POINT('',(30.3545778515294,8.18682474349259,1.));
#1991=VECTOR('',#1992,1.);
#1992=DIRECTION('',(0.,0.,1.));
#1993=CARTESIAN_POINT('',(31.6421726532892,9.75674647844338,2.));
#1994=CARTESIAN_POINT('',(30.6788908794279,9.14114374936731,2.));
#1995=CARTESIAN_POINT('',(30.3545778515294,8.18682474349259,2.));
#1996=CARTESIAN_POINT('',(30.3545778515294,8.18682474349259,2.));
#1997=CARTESIAN_POINT('',(30.1723791510894,7.65074582866336,2.));
#1998=CARTESIAN_POINT('',(30.290565245797,7.23543270310705,2.));
#1999=CARTESIAN_POINT('',(32.5049623544667,5.68907539327261,2.));
#2000=CARTESIAN_POINT('',(32.5049623544667,5.68907539327261,1.));
#2001=VECTOR('',#2002,1.);
#2002=DIRECTION('',(0.,0.,1.));
#2003=CARTESIAN_POINT('',(32.1166367208358,6.05434920751945,2.));
#2004=CARTESIAN_POINT('',(32.5049623544667,5.68907539327261,2.));
#2005=CARTESIAN_POINT('',(32.4406190145211,6.05434920751945,2.));
#2006=CARTESIAN_POINT('',(32.1166367208358,6.05434920751945,2.));
#2007=CARTESIAN_POINT('',(32.1166367208358,6.05434920751945,1.));
#2008=VECTOR('',#2009,1.);
#2009=DIRECTION('',(0.,0.,1.));
#2010=CARTESIAN_POINT('',(31.4374678449171,5.63309949972972,2.));
#2011=CARTESIAN_POINT('',(32.1166367208358,6.05434920751945,2.));
#2012=CARTESIAN_POINT('',(31.7809135240707,6.05434920751945,2.));
#2013=CARTESIAN_POINT('',(31.4374678449171,5.63309949972972,2.));
#2014=CARTESIAN_POINT('',(31.4374678449171,5.63309949972972,1.));
#2015=VECTOR('',#2016,1.);
#2016=DIRECTION('',(0.,0.,1.));
#2017=CARTESIAN_POINT('',(30.8517630042467,4.49899608857537,2.));
#2018=CARTESIAN_POINT('',(31.4374678449171,5.63309949972972,2.));
#2019=CARTESIAN_POINT('',(31.0940221334652,5.21184975964172,2.));
#2020=CARTESIAN_POINT('',(30.8517630042467,4.49899608857537,2.));
#2021=CARTESIAN_POINT('',(30.8517630042467,4.49899608857537,1.));
#2022=VECTOR('',#2023,1.);
#2023=DIRECTION('',(0.,0.,1.));
#2024=CARTESIAN_POINT('',(30.6920539073265,3.50037591309662,2.));
#2025=CARTESIAN_POINT('',(30.8517630042467,4.49899608857537,2.));
#2026=CARTESIAN_POINT('',(30.6335479293504,3.85681928534046,2.));
#2027=CARTESIAN_POINT('',(30.6920539073265,3.50037591309662,2.));
#2028=CARTESIAN_POINT('',(30.6920539073265,3.50037591309662,1.));
#2029=VECTOR('',#2030,1.);
#2030=DIRECTION('',(0.,0.,1.));
#2031=CARTESIAN_POINT('',(31.0686221334652,3.14393254085278,2.));
#2032=CARTESIAN_POINT('',(30.6920539073265,3.50037591309662,2.));
#2033=CARTESIAN_POINT('',(30.7505598853027,3.14393254085278,2.));
#2034=CARTESIAN_POINT('',(31.0686221334652,3.14393254085278,2.));
#2035=CARTESIAN_POINT('',(31.0686221334652,3.14393254085278,1.));
#2036=VECTOR('',#2037,1.);
#2037=DIRECTION('',(0.,0.,1.));
#2038=CARTESIAN_POINT('',(31.7605240828053,3.55927877212869,2.));
#2039=CARTESIAN_POINT('',(31.0686221334652,3.14393254085278,2.));
#2040=CARTESIAN_POINT('',(31.410265375753,3.14393254085278,2.));
#2041=CARTESIAN_POINT('',(31.7605240828053,3.55927877212869,2.));
#2042=CARTESIAN_POINT('',(31.7605240828053,3.55927877212869,1.));
#2043=VECTOR('',#2044,1.);
#2044=DIRECTION('',(0.,0.,1.));
#2045=CARTESIAN_POINT('',(32.3490400996919,4.67573777139117,2.));
#2046=CARTESIAN_POINT('',(31.7605240828053,3.55927877212869,2.));
#2047=CARTESIAN_POINT('',(32.1107828221557,3.9746250034046,2.));
#2048=CARTESIAN_POINT('',(32.3490400996919,4.67573777139117,2.));
#2049=CARTESIAN_POINT('',(32.3490400996919,4.67573777139117,1.));
#2050=VECTOR('',#2051,1.);
#2051=DIRECTION('',(0.,0.,1.));
#2052=CARTESIAN_POINT('',(32.3490400996919,4.67573777139117,2.));
#2053=CARTESIAN_POINT('',(32.5693057267106,5.32380157902577,2.));
#2054=CARTESIAN_POINT('',(32.5049623544667,5.68907539327261,2.));
#2055=CARTESIAN_POINT('',(33.0890631342027,7.19129686831139,2.));
#2056=CARTESIAN_POINT('',(33.0890631342027,7.19129686831139,1.));
#2057=VECTOR('',#2058,1.);
#2058=DIRECTION('',(0.,0.,1.));
#2059=CARTESIAN_POINT('',(33.624893998372,8.18699011059923,2.));
#2060=CARTESIAN_POINT('',(33.0890631342027,7.19129686831139,2.));
#2061=CARTESIAN_POINT('',(33.4146494888224,7.56836119577,2.));
#2062=CARTESIAN_POINT('',(33.624893998372,8.18699011059923,2.));
#2063=CARTESIAN_POINT('',(33.624893998372,8.18699011059923,1.));
#2064=VECTOR('',#2065,1.);
#2065=DIRECTION('',(0.,0.,1.));
#2066=CARTESIAN_POINT('',(33.7634364609238,9.11495001955373,2.));
#2067=CARTESIAN_POINT('',(33.624893998372,8.18699011059923,2.));
#2068=CARTESIAN_POINT('',(33.8251174550491,8.77618413262308,2.));
#2069=CARTESIAN_POINT('',(33.7634364609238,9.11495001955373,2.));
#2070=CARTESIAN_POINT('',(33.7634364609238,9.11495001955373,1.));
#2071=VECTOR('',#2072,1.);
#2072=DIRECTION('',(0.,0.,1.));
#2073=CARTESIAN_POINT('',(33.4011557267106,9.45371587418611,2.));
#2074=CARTESIAN_POINT('',(33.7634364609238,9.11495001955373,2.));
#2075=CARTESIAN_POINT('',(33.7017554667985,9.45371587418611,2.));
#2076=CARTESIAN_POINT('',(33.4011557267106,9.45371587418611,2.));
#2077=CARTESIAN_POINT('',(33.4011557267106,9.45371587418611,1.));
#2078=VECTOR('',#2079,1.);
#2079=DIRECTION('',(0.,0.,1.));
#2080=CARTESIAN_POINT('',(32.759243478548,9.07370807682592,2.));
#2081=CARTESIAN_POINT('',(33.4011557267106,9.45371587418611,2.));
#2082=CARTESIAN_POINT('',(33.0887820424197,9.45371587418611,2.));
#2083=CARTESIAN_POINT('',(32.759243478548,9.07370807682592,2.));
#2084=CARTESIAN_POINT('',(32.759243478548,9.07370807682592,1.));
#2085=VECTOR('',#2086,1.);
#2086=DIRECTION('',(0.,0.,1.));
#2087=CARTESIAN_POINT('',(32.2134742127613,8.05737734261265,2.));
#2088=CARTESIAN_POINT('',(32.759243478548,9.07370807682592,2.));
#2089=CARTESIAN_POINT('',(32.4297049469745,8.69370027946573,2.));
#2090=CARTESIAN_POINT('',(32.2134742127613,8.05737734261265,2.));
#2091=CARTESIAN_POINT('',(32.2134742127613,8.05737734261265,1.));
#2092=VECTOR('',#2093,1.);
#2093=DIRECTION('',(0.,0.,1.));
#2094=CARTESIAN_POINT('',(32.0749813926397,7.13828098138074,2.));
#2095=CARTESIAN_POINT('',(32.2134742127613,8.05737734261265,2.));
#2096=CARTESIAN_POINT('',(32.0112333419797,7.4623294219087,2.));
#2097=CARTESIAN_POINT('',(32.0749813926397,7.13828098138074,2.));
#2098=CARTESIAN_POINT('',(32.0749813926397,7.13828098138074,1.));
#2099=VECTOR('',#2100,1.);
#2100=DIRECTION('',(0.,0.,1.));
#2101=CARTESIAN_POINT('',(32.4452161554891,6.81423254085278,2.));
#2102=CARTESIAN_POINT('',(32.0749813926397,7.13828098138074,2.));
#2103=CARTESIAN_POINT('',(32.1387294110014,6.81423254085278,2.));
#2104=CARTESIAN_POINT('',(32.4452161554891,6.81423254085278,2.));
#2105=CARTESIAN_POINT('',(32.4452161554891,6.81423254085278,1.));
#2106=VECTOR('',#2107,1.);
#2107=DIRECTION('',(0.,0.,1.));
#2108=CARTESIAN_POINT('',(32.4452161554891,6.81423254085278,2.));
#2109=CARTESIAN_POINT('',(32.7634768118813,6.81423254085278,2.));
#2110=CARTESIAN_POINT('',(33.0890631342027,7.19129686831139,2.));
#2111=CARTESIAN_POINT('',(26.5363432074383,10.3723492075194,2.));
#2112=CARTESIAN_POINT('',(26.5363432074383,10.3723492075194,1.));
#2113=VECTOR('',#2114,1.);
#2114=DIRECTION('',(0.,0.,1.));
#2115=CARTESIAN_POINT('',(28.3942473660304,9.37372903204069,2.));
#2116=CARTESIAN_POINT('',(28.3942473660304,9.37372903204069,2.));
#2117=CARTESIAN_POINT('',(27.9383703028835,10.3723492075194,2.));
#2118=CARTESIAN_POINT('',(26.5363432074383,10.3723492075194,2.));
#2119=CARTESIAN_POINT('',(28.3942473660304,9.37372903204069,1.));
#2120=VECTOR('',#2121,1.);
#2121=DIRECTION('',(0.,0.,1.));
#2122=CARTESIAN_POINT('',(23.4440916479662,9.0909390709512,2.));
#2123=CARTESIAN_POINT('',(23.4440916479662,9.0909390709512,1.));
#2124=VECTOR('',#2125,1.);
#2125=DIRECTION('',(0.,0.,1.));
#2126=CARTESIAN_POINT('',(26.5363432074383,10.3723492075194,2.));
#2127=CARTESIAN_POINT('',(24.9104786200677,10.3723492075194,2.));
#2128=CARTESIAN_POINT('',(23.4440916479662,9.0909390709512,2.));
#2129=CARTESIAN_POINT('',(21.2789400884942,5.75335261867379,2.));
#2130=CARTESIAN_POINT('',(21.2789400884942,5.75335261867379,1.));
#2131=VECTOR('',#2132,1.);
#2132=DIRECTION('',(0.,0.,1.));
#2133=CARTESIAN_POINT('',(23.4440916479662,9.0909390709512,2.));
#2134=CARTESIAN_POINT('',(21.9777046758648,7.80952890208469,2.));
#2135=CARTESIAN_POINT('',(21.2789400884942,5.75335261867379,2.));
#2136=CARTESIAN_POINT('',(21.1800355400341,3.09625794686992,2.));
#2137=CARTESIAN_POINT('',(21.1800355400341,3.09625794686992,1.));
#2138=VECTOR('',#2139,1.);
#2139=DIRECTION('',(0.,0.,1.));
#2140=CARTESIAN_POINT('',(21.2789400884942,5.75335261867379,2.));
#2141=CARTESIAN_POINT('',(20.7042981457664,4.0624666862204,2.));
#2142=CARTESIAN_POINT('',(21.1800355400341,3.09625794686992,2.));
#2143=CARTESIAN_POINT('',(23.0459929475263,2.13004920751945,2.));
#2144=CARTESIAN_POINT('',(23.0459929475263,2.13004920751945,1.));
#2145=VECTOR('',#2146,1.);
#2146=DIRECTION('',(0.,0.,1.));
#2147=CARTESIAN_POINT('',(21.1800355400341,3.09625794686992,2.));
#2148=CARTESIAN_POINT('',(21.6557729020035,2.13004920751945,2.));
#2149=CARTESIAN_POINT('',(23.0459929475263,2.13004920751945,2.));
#2150=CARTESIAN_POINT('',(24.6555029864368,2.48060560766186,2.));
#2151=CARTESIAN_POINT('',(24.6555029864368,2.48060560766186,1.));
#2152=VECTOR('',#2153,1.);
#2153=DIRECTION('',(0.,0.,1.));
#2154=CARTESIAN_POINT('',(23.0459929475263,2.13004920751945,2.));
#2155=CARTESIAN_POINT('',(23.8412642926091,2.13004920751945,2.));
#2156=CARTESIAN_POINT('',(24.6555029864368,2.48060560766186,2.));
#2157=CARTESIAN_POINT('',(26.2261854100781,3.49688673174314,2.));
#2158=CARTESIAN_POINT('',(26.2261854100781,3.49688673174314,1.));
#2159=VECTOR('',#2160,1.);
#2160=DIRECTION('',(0.,0.,1.));
#2161=CARTESIAN_POINT('',(24.6555029864368,2.48060560766186,2.));
#2162=CARTESIAN_POINT('',(25.4697416479662,2.83116197550602,2.));
#2163=CARTESIAN_POINT('',(26.2261854100781,3.49688673174314,2.));
#2164=CARTESIAN_POINT('',(27.420332681002,4.88728868108319,2.));
#2165=CARTESIAN_POINT('',(27.420332681002,4.88728868108319,1.));
#2166=VECTOR('',#2167,1.);
#2167=DIRECTION('',(0.,0.,1.));
#2168=CARTESIAN_POINT('',(26.2261854100781,3.49688673174314,2.));
#2169=CARTESIAN_POINT('',(26.9095710826195,4.10370859664994,2.));
#2170=CARTESIAN_POINT('',(27.420332681002,4.88728868108319,2.));
#2171=CARTESIAN_POINT('',(28.2454523366568,6.59585209884978,2.));
#2172=CARTESIAN_POINT('',(28.2454523366568,6.59585209884978,1.));
#2173=VECTOR('',#2174,1.);
#2174=DIRECTION('',(0.,0.,1.));
#2175=CARTESIAN_POINT('',(27.420332681002,4.88728868108319,2.));
#2176=CARTESIAN_POINT('',(27.9310942470863,5.67086876551645,2.));
#2177=CARTESIAN_POINT('',(28.2454523366568,6.59585209884978,2.));
#2178=CARTESIAN_POINT('',(28.2454523366568,6.59585209884978,2.));
#2179=CARTESIAN_POINT('',(28.8501244614756,8.37510885656194,2.));
#2180=CARTESIAN_POINT('',(28.3942473660304,9.37372903204069,2.));
#2181=CARTESIAN_POINT('',(26.4918932074383,8.66428189107276,2.));
#2182=CARTESIAN_POINT('',(26.4918932074383,8.66428189107276,1.));
#2183=VECTOR('',#2184,1.);
#2184=DIRECTION('',(0.,0.,1.));
#2185=CARTESIAN_POINT('',(25.8768031163928,9.45371587418611,2.));
#2186=CARTESIAN_POINT('',(26.4918932074383,8.66428189107276,2.));
#2187=CARTESIAN_POINT('',(26.4775064952489,9.45371587418611,2.));
#2188=CARTESIAN_POINT('',(25.8768031163928,9.45371587418611,2.));
#2189=CARTESIAN_POINT('',(25.8768031163928,9.45371587418611,1.));
#2190=VECTOR('',#2191,1.);
#2191=DIRECTION('',(0.,0.,1.));
#2192=CARTESIAN_POINT('',(24.7409303094957,8.67607240428453,2.));
#2193=CARTESIAN_POINT('',(25.8768031163928,9.45371587418611,2.));
#2194=CARTESIAN_POINT('',(25.293760653841,9.45371587418611,2.));
#2195=CARTESIAN_POINT('',(24.7409303094957,8.67607240428453,2.));
#2196=CARTESIAN_POINT('',(24.7409303094957,8.67607240428453,1.));
#2197=VECTOR('',#2198,1.);
#2198=DIRECTION('',(0.,0.,1.));
#2199=CARTESIAN_POINT('',(23.6555268006836,6.3313349123591,2.));
#2200=CARTESIAN_POINT('',(24.7409303094957,8.67607240428453,2.));
#2201=CARTESIAN_POINT('',(24.1880999974487,7.89842890208469,2.));
#2202=CARTESIAN_POINT('',(23.6555268006836,6.3313349123591,2.));
#2203=CARTESIAN_POINT('',(23.6555268006836,6.3313349123591,1.));
#2204=VECTOR('',#2205,1.);
#2205=DIRECTION('',(0.,0.,1.));
#2206=CARTESIAN_POINT('',(23.0843575348969,3.82753322293106,2.));
#2207=CARTESIAN_POINT('',(23.6555268006836,6.3313349123591,2.));
#2208=CARTESIAN_POINT('',(23.072914292609,4.61696720604441,2.));
#2209=CARTESIAN_POINT('',(23.0843575348969,3.82753322293106,2.));
#2210=CARTESIAN_POINT('',(23.0843575348969,3.82753322293106,1.));
#2211=VECTOR('',#2212,1.);
#2212=DIRECTION('',(0.,0.,1.));
#2213=CARTESIAN_POINT('',(23.6965041560408,3.03809920751945,2.));
#2214=CARTESIAN_POINT('',(23.0843575348969,3.82753322293106,2.));
#2215=CARTESIAN_POINT('',(23.0958007771847,3.03809920751945,2.));
#2216=CARTESIAN_POINT('',(23.6965041560408,3.03809920751945,2.));
#2217=CARTESIAN_POINT('',(23.6965041560408,3.03809920751945,1.));
#2218=VECTOR('',#2219,1.);
#2219=DIRECTION('',(0.,0.,1.));
#2220=CARTESIAN_POINT('',(24.8393222522235,3.82753322293106,2.));
#2221=CARTESIAN_POINT('',(23.6965041560408,3.03809920751945,2.));
#2222=CARTESIAN_POINT('',(24.279513512873,3.03809920751945,2.));
#2223=CARTESIAN_POINT('',(24.8393222522235,3.82753322293106,2.));
#2224=CARTESIAN_POINT('',(24.8393222522235,3.82753322293106,1.));
#2225=VECTOR('',#2226,1.);
#2226=DIRECTION('',(0.,0.,1.));
#2227=CARTESIAN_POINT('',(25.9276692632354,6.17225417814583,2.));
#2228=CARTESIAN_POINT('',(24.8393222522235,3.82753322293106,2.));
#2229=CARTESIAN_POINT('',(25.3991309592757,4.61696720604441,2.));
#2230=CARTESIAN_POINT('',(25.9276692632354,6.17225417814583,2.));
#2231=CARTESIAN_POINT('',(25.9276692632354,6.17225417814583,1.));
#2232=VECTOR('',#2233,1.);
#2233=DIRECTION('',(0.,0.,1.));
#2234=CARTESIAN_POINT('',(25.9276692632354,6.17225417814583,2.));
#2235=CARTESIAN_POINT('',(26.5062799196277,7.87484790795942,2.));
#2236=CARTESIAN_POINT('',(26.4918932074383,8.66428189107276,2.));
#2237=CARTESIAN_POINT('',(17.380801285811,9.19991431471407,2.));
#2238=CARTESIAN_POINT('',(17.380801285811,9.19991431471407,1.));
#2239=VECTOR('',#2240,1.);
#2240=DIRECTION('',(0.,0.,1.));
#2241=CARTESIAN_POINT('',(15.7556973548327,8.95841587418611,2.));
#2242=CARTESIAN_POINT('',(15.7556973548327,8.95841587418611,2.));
#2243=VECTOR('',#2244,1.);
#2244=DIRECTION('',(0.989137866143484,0.14699075399873,0.));
#2245=CARTESIAN_POINT('',(15.7556973548327,8.95841587418611,1.));
#2246=VECTOR('',#2247,1.);
#2247=DIRECTION('',(0.,0.,1.));
#2248=CARTESIAN_POINT('',(16.013930688166,9.71829920751945,2.));
#2249=CARTESIAN_POINT('',(16.013930688166,9.71829920751945,2.));
#2250=VECTOR('',#2251,1.);
#2251=DIRECTION('',(-0.321760883930675,-0.946820961730438,0.));
#2252=CARTESIAN_POINT('',(16.013930688166,9.71829920751945,1.));
#2253=VECTOR('',#2254,1.);
#2254=DIRECTION('',(0.,0.,1.));
#2255=CARTESIAN_POINT('',(19.8567390376485,10.3130825408528,2.));
#2256=CARTESIAN_POINT('',(19.8567390376485,10.3130825408528,2.));
#2257=VECTOR('',#2258,1.);
#2258=DIRECTION('',(-0.988232845540621,-0.152956997207341,0.));
#2259=CARTESIAN_POINT('',(19.8567390376485,10.3130825408528,1.));
#2260=VECTOR('',#2261,1.);
#2261=DIRECTION('',(0.,0.,1.));
#2262=CARTESIAN_POINT('',(17.1419486543927,2.32478254085278,2.));
#2263=CARTESIAN_POINT('',(17.1419486543927,2.32478254085278,2.));
#2264=VECTOR('',#2265,1.);
#2265=DIRECTION('',(0.32177187861683,0.946817225303488,0.));
#2266=CARTESIAN_POINT('',(17.1419486543927,2.32478254085278,1.));
#2267=VECTOR('',#2268,1.);
#2268=DIRECTION('',(0.,0.,1.));
#2269=CARTESIAN_POINT('',(15.044331987726,2.32478254085278,2.));
#2270=CARTESIAN_POINT('',(15.044331987726,2.32478254085278,2.));
#2271=VECTOR('',#2272,1.);
#2272=DIRECTION('',(1.,0.,0.));
#2273=CARTESIAN_POINT('',(15.044331987726,2.32478254085278,1.));
#2274=VECTOR('',#2275,1.);
#2275=DIRECTION('',(0.,0.,1.));
#2276=CARTESIAN_POINT('',(17.380801285811,9.19991431471407,2.));
#2277=VECTOR('',#2278,1.);
#2278=DIRECTION('',(-0.321769963312185,-0.946817876209609,0.));
#2279=CARTESIAN_POINT('',(1.,0.999999999999999,2.));
#2280=CARTESIAN_POINT('',(1.,0.999999999999999,1.));
#2281=VECTOR('',#2282,1.);
#2282=DIRECTION('',(0.,0.,1.));
#2283=CARTESIAN_POINT('',(48.5,0.999999999999999,2.));
#2284=CARTESIAN_POINT('',(1.,0.999999999999999,2.));
#2285=VECTOR('',#2286,1.);
#2286=DIRECTION('',(1.,0.,0.));
#2287=CARTESIAN_POINT('',(48.5,0.999999999999999,1.));
#2288=VECTOR('',#2289,1.);
#2289=DIRECTION('',(0.,0.,1.));
#2290=CARTESIAN_POINT('',(48.5,11.5,2.));
#2291=CARTESIAN_POINT('',(48.5,0.999999999999999,2.));
#2292=VECTOR('',#2293,1.);
#2293=DIRECTION('',(0.,1.,0.));
#2294=CARTESIAN_POINT('',(48.5,11.5,1.));
#2295=VECTOR('',#2296,1.);
#2296=DIRECTION('',(0.,0.,1.));
#2297=CARTESIAN_POINT('',(1.,11.5,2.));
#2298=CARTESIAN_POINT('',(48.5,11.5,2.));
#2299=VECTOR('',#2300,1.);
#2300=DIRECTION('',(-1.,0.,0.));
#2301=CARTESIAN_POINT('',(1.,11.5,1.));
#2302=VECTOR('',#2303,1.);
#2303=DIRECTION('',(0.,0.,1.));
#2304=CARTESIAN_POINT('',(1.,11.5,2.));
#2305=VECTOR('',#2306,1.);
#2306=DIRECTION('',(0.,-1.,0.));
#2307=CARTESIAN_POINT('',(0.,12.5,2.));
#2308=CARTESIAN_POINT('',(0.,0.,2.));
#2309=CARTESIAN_POINT('',(-4.08551437129934E-34,12.5,2.));
#2310=VECTOR('',#2311,1.);
#2311=DIRECTION('',(3.26841149703947E-35,-1.,0.));
#2312=CARTESIAN_POINT('',(49.5,0.,2.));
#2313=CARTESIAN_POINT('',(0.,0.,2.));
#2314=VECTOR('',#2315,1.);
#2315=DIRECTION('',(1.,0.,0.));
#2316=CARTESIAN_POINT('',(49.5,12.5,2.));
#2317=CARTESIAN_POINT('',(49.5,0.,2.));
#2318=VECTOR('',#2319,1.);
#2319=DIRECTION('',(0.,1.,0.));
#2320=CARTESIAN_POINT('',(49.5,12.5,2.));
#2321=VECTOR('',#2322,1.);
#2322=DIRECTION('',(-1.,-3.58859967555606E-17,0.));
#2323=CARTESIAN_POINT('',(-8.17102874259867E-34,12.5,0.));
#2324=CARTESIAN_POINT('',(0.,0.,0.));
#2325=CARTESIAN_POINT('',(-8.17102874259867E-34,12.5,0.));
#2326=VECTOR('',#2327,1.);
#2327=DIRECTION('',(6.53682299407893E-35,-1.,0.));
#2328=CARTESIAN_POINT('',(0.,0.,0.));
#2329=VECTOR('',#2330,1.);
#2330=DIRECTION('',(0.,0.,1.));
#2331=CARTESIAN_POINT('',(-4.08551437129933E-34,12.5,0.));
#2332=VECTOR('',#2333,1.);
#2333=DIRECTION('',(-4.27642353614751E-50,0.,1.));
#2334=CARTESIAN_POINT('',(49.5,-8.88178419700125E-16,0.));
#2335=CARTESIAN_POINT('',(0.,0.,0.));
#2336=VECTOR('',#2337,1.);
#2337=DIRECTION('',(1.,0.,0.));
#2338=CARTESIAN_POINT('',(49.5,-8.88178419700125E-16,0.));
#2339=VECTOR('',#2340,1.);
#2340=DIRECTION('',(0.,4.44089209850063E-16,1.));
#2341=CARTESIAN_POINT('',(49.5,12.5,0.));
#2342=CARTESIAN_POINT('',(49.5,-1.77635683940025E-15,0.));
#2343=VECTOR('',#2344,1.);
#2344=DIRECTION('',(0.,1.,0.));
#2345=CARTESIAN_POINT('',(49.5,12.5,0.));
#2346=VECTOR('',#2347,1.);
#2347=DIRECTION('',(0.,0.,1.));
#2348=CARTESIAN_POINT('',(49.5,12.5,0.));
#2349=VECTOR('',#2350,1.);
#2350=DIRECTION('',(-1.,-3.58859967555606E-17,0.));
ENDSEC;
END-ISO-10303-21;
