ISO-10303-21;
HEADER;
FILE_DESCRIPTION(('STEP AP242'),
    '1');
FILE_NAME('Главная деталь корпуса',
    '',
    ('UNSPECIFIED'),
    ('UNSPECIFIED'),
    'C3D Converter',
    'C3D Toolkit',
    '');
FILE_SCHEMA(('AP242_MANAGED_MODEL_BASED_3D_ENGINEERING_MIM_LF { 1 0 10303 442 1 1 4 }'));
ENDSEC;

DATA;
#1=PRODUCT_DEFINITION('','UNSPECIFIED',#33,#36);
#2=SHAPE_DEFINITION_REPRESENTATION(#31,#3);
#3=SHAPE_REPRESENTATION('NONE',(#4),#8);
#4=AXIS2_PLACEMENT_3D('',#5,#6,#7);
#5=CARTESIAN_POINT('',(0.,0.,0.));
#6=DIRECTION('',(0.,0.,1.));
#7=DIRECTION('',(1.,0.,0.));
#8=(GEOMETRIC_REPRESENTATION_CONTEXT(3)GLOBAL_UNCERTAINTY_ASSIGNED_CONTEXT((#10))
GLOBAL_UNIT_ASSIGNED_CONTEXT((#9,#11,#12))REPRESENTATION_CONTEXT('NONE','NONE'));
#9=(LENGTH_UNIT()NAMED_UNIT(*)SI_UNIT(.MILLI.,.METRE.));
#10=UNCERTAINTY_MEASURE_WITH_UNIT(LENGTH_MEASURE(1.E-5),#9,'NONE','NONE');
#11=(NAMED_UNIT(*)PLANE_ANGLE_UNIT()SI_UNIT($,.RADIAN.));
#12=(NAMED_UNIT(*)SI_UNIT($,.STERADIAN.)SOLID_ANGLE_UNIT());
#13=MANIFOLD_SOLID_BREP('',#14);
#14=CLOSED_SHELL('',(#58,#67,#76,#85,#94,#103,#112,#121,#130,#139,#148,#157,#166,
#175,#184,#193,#202,#211,#220,#229,#238,#247,#256,#265,#274,#283,#292,#301,#310,
#319,#328,#337,#346,#355,#364,#373,#382,#391,#400,#409,#418,#427,#436,#445,#454,
#463,#472,#481,#490,#499,#508,#517,#526,#535,#544,#553,#562,#571,#580,#589,#598,
#607,#616,#625,#634,#643,#652,#661,#670,#679,#688,#697,#706,#715,#724,#733,#742,
#751,#760,#769,#778,#787,#796,#805,#814,#823,#832,#841,#850,#859,#868,#877,#886,
#895,#904,#913,#922,#931,#940,#949,#958,#967,#976,#985,#994,#1003,#1012,#1021,#1030,
#1039,#1048,#1057,#1066,#1075,#1084,#1093,#1102,#1111,#1120,#1129,#1138,#1147,#1156,
#1165,#1174,#1183,#1192,#1201,#1210,#1219,#1228,#1237,#1246,#1255,#1264,#1273,#1282,
#1291,#1300,#1309,#1318,#1327,#1336,#1345,#1354,#1363,#1372,#1381,#1390,#1399,#1408,
#1417,#1426,#1435,#1444,#1453,#1462,#1471,#1480,#1489,#1498,#1507,#1516,#1525,#1534,
#1543,#1552,#1561,#1570,#1579,#1588,#1597,#1606,#1615,#1624,#1633,#1642,#1651,#1660,
#1669,#1678,#1687,#1696,#1705,#1714,#1723,#1732,#1741,#1750,#1759,#1768,#1777,#1786,
#1795,#1804,#1813,#1822,#1831,#1840,#1849,#1858,#1867,#1876,#1885,#1894,#1903,#1912,
#1921,#1930,#1939,#1948,#1957,#1966,#1975,#1984,#1993,#2002,#2011,#2020,#2029,#2038,
#2047,#2056,#2065,#2074,#2083,#2092,#2101,#2110,#2119,#2128,#2137,#2146,#2155,#2164,
#2173,#2182,#2191,#2200,#2209,#2218,#2227,#2236,#2245,#2254,#2263,#2272,#2281,#2290,
#2299,#2308,#2317,#2326,#2335,#2344,#2353,#2362,#2371,#2380,#2389,#2398,#2407,#2416,
#2425,#2434,#2443,#2452,#2461,#2470,#2479,#2488,#2497,#2506,#2515,#2524,#2533,#2542,
#2551,#2560,#2569,#2578,#2587,#2596,#2605,#2614,#2623,#2632,#2641,#2650,#2659,#2668,
#2677,#2686,#2695,#2704,#2713,#2722,#2731,#2740,#2749,#2758,#2767,#2776,#2785,#2794,
#2803,#2812,#2821,#2830,#2839,#2848,#2857,#2866,#2875,#2884,#2893,#2902,#2911,#2920,
#2929,#2938,#2947,#2956,#2965,#2974,#2983,#2992,#3001,#3010,#3019,#3028,#3037,#3046,
#3055,#3064,#3073,#3082,#3091,#3100,#3109,#3118,#3127,#3136,#3145,#3154,#3163,#3172,
#3181,#3190,#3199,#3208,#3217,#3226,#3235,#3244,#3253,#3262,#3271,#3280,#3289,#3298,
#3307,#3316,#3325,#3334,#3343,#3352,#3361,#3370,#3379,#3388,#3397,#3406,#3415,#3424,
#3433,#3442,#3451,#3460,#3469,#3478,#3487,#3496,#3505,#3514,#3523,#3532,#3541,#3550,
#3559,#3568));
#15=COLOUR_RGB('',0.564705882352941,0.564705882352941,0.564705882352941);
#16=FILL_AREA_STYLE_COLOUR('',#15);
#17=FILL_AREA_STYLE($,(#16));
#18=SURFACE_STYLE_FILL_AREA(#17);
#19=SURFACE_SIDE_STYLE('',(#18));
#20=SURFACE_STYLE_USAGE(.BOTH.,#19);
#21=PRESENTATION_STYLE_ASSIGNMENT((#20));
#22=MECHANICAL_DESIGN_GEOMETRIC_PRESENTATION_REPRESENTATION('NONE',(#23,#66,#75,
#84,#93,#102,#111,#120,#129,#138,#147,#156,#165,#174,#183,#192,#201,#210,#219,#228,
#237,#246,#255,#264,#273,#282,#291,#300,#309,#318,#327,#336,#345,#354,#363,#372,
#381,#390,#399,#408,#417,#426,#435,#444,#453,#462,#471,#480,#489,#498,#507,#516,
#525,#534,#543,#552,#561,#570,#579,#588,#597,#606,#615,#624,#633,#642,#651,#660,
#669,#678,#687,#696,#705,#714,#723,#732,#741,#750,#759,#768,#777,#786,#795,#804,
#813,#822,#831,#840,#849,#858,#867,#876,#885,#894,#903,#912,#921,#930,#939,#948,
#957,#966,#975,#984,#993,#1002,#1011,#1020,#1029,#1038,#1047,#1056,#1065,#1074,#1083,
#1092,#1101,#1110,#1119,#1128,#1137,#1146,#1155,#1164,#1173,#1182,#1191,#1200,#1209,
#1218,#1227,#1236,#1245,#1254,#1263,#1272,#1281,#1290,#1299,#1308,#1317,#1326,#1335,
#1344,#1353,#1362,#1371,#1380,#1389,#1398,#1407,#1416,#1425,#1434,#1443,#1452,#1461,
#1470,#1479,#1488,#1497,#1506,#1515,#1524,#1533,#1542,#1551,#1560,#1569,#1578,#1587,
#1596,#1605,#1614,#1623,#1632,#1641,#1650,#1659,#1668,#1677,#1686,#1695,#1704,#1713,
#1722,#1731,#1740,#1749,#1758,#1767,#1776,#1785,#1794,#1803,#1812,#1821,#1830,#1839,
#1848,#1857,#1866,#1875,#1884,#1893,#1902,#1911,#1920,#1929,#1938,#1947,#1956,#1965,
#1974,#1983,#1992,#2001,#2010,#2019,#2028,#2037,#2046,#2055,#2064,#2073,#2082,#2091,
#2100,#2109,#2118,#2127,#2136,#2145,#2154,#2163,#2172,#2181,#2190,#2199,#2208,#2217,
#2226,#2235,#2244,#2253,#2262,#2271,#2280,#2289,#2298,#2307,#2316,#2325,#2334,#2343,
#2352,#2361,#2370,#2379,#2388,#2397,#2406,#2415,#2424,#2433,#2442,#2451,#2460,#2469,
#2478,#2487,#2496,#2505,#2514,#2523,#2532,#2541,#2550,#2559,#2568,#2577,#2586,#2595,
#2604,#2613,#2622,#2631,#2640,#2649,#2658,#2667,#2676,#2685,#2694,#2703,#2712,#2721,
#2730,#2739,#2748,#2757,#2766,#2775,#2784,#2793,#2802,#2811,#2820,#2829,#2838,#2847,
#2856,#2865,#2874,#2883,#2892,#2901,#2910,#2919,#2928,#2937,#2946,#2955,#2964,#2973,
#2982,#2991,#3000,#3009,#3018,#3027,#3036,#3045,#3054,#3063,#3072,#3081,#3090,#3099,
#3108,#3117,#3126,#3135,#3144,#3153,#3162,#3171,#3180,#3189,#3198,#3207,#3216,#3225,
#3234,#3243,#3252,#3261,#3270,#3279,#3288,#3297,#3306,#3315,#3324,#3333,#3342,#3351,
#3360,#3369,#3378,#3387,#3396,#3405,#3414,#3423,#3432,#3441,#3450,#3459,#3468,#3477,
#3486,#3495,#3504,#3513,#3522,#3531,#3540,#3549,#3558,#3567,#3576),#8);
#23=STYLED_ITEM('',(#21),#13);
#24=ADVANCED_BREP_SHAPE_REPRESENTATION('NONE',(#13),#8);
#25=SHAPE_REPRESENTATION_RELATIONSHIP('','',#3,#24);
#26=GEOMETRIC_CURVE_SET('',(#3577));
#27=GEOMETRIC_CURVE_SET('',(#3578));
#28=GEOMETRIC_CURVE_SET('',(#3579));
#29=GEOMETRICALLY_BOUNDED_WIREFRAME_SHAPE_REPRESENTATION('NONE',(#26,#27,#28),#8);
#30=SHAPE_REPRESENTATION_RELATIONSHIP('','',#3,#29);
#31=PRODUCT_DEFINITION_SHAPE('NONE','NONE',#1);
#32=MECHANICAL_CONTEXT('NONE',#37,'mechanical');
#33=PRODUCT_DEFINITION_FORMATION_WITH_SPECIFIED_SOURCE('ANY','UNSPECIFIED',#34,.NOT_KNOWN.);
#34=PRODUCT('','\X2\0414043504420430043B044C\X0\','NONE',(#32));
#35=PRODUCT_RELATED_PRODUCT_CATEGORY('detail','',(#34));
#36=DESIGN_CONTEXT('detailed design',#37,'design');
#37=APPLICATION_CONTEXT('configuration controlled 3d designs of mechanical parts and assemblies');
#38=APPLICATION_PROTOCOL_DEFINITION('international standard','config_control_design',
1994,#37);
#39=CC_DESIGN_DATE_AND_TIME_ASSIGNMENT(#40,#44,(#1));
#40=DATE_AND_TIME(#41,#42);
#41=CALENDAR_DATE(0,1,1);
#42=LOCAL_TIME(0,0,0.,#43);
#43=COORDINATED_UNIVERSAL_TIME_OFFSET(0,0,.AHEAD.);
#44=DATE_TIME_ROLE('creation_date');
#45=CC_DESIGN_APPROVAL(#46,(#1));
#46=APPROVAL(#47,'UNSPECIFIED');
#47=APPROVAL_STATUS('not_yet_approved');
#48=APPROVAL_DATE_TIME(#49,#46);
#49=DATE_AND_TIME(#50,#51);
#50=CALENDAR_DATE(0,1,1);
#51=LOCAL_TIME(0,0,0.,#52);
#52=COORDINATED_UNIVERSAL_TIME_OFFSET(0,0,.AHEAD.);
#53=PERSON('UNSPECIFIED','Cybermeatball','UNSPECIFIED',('UNSPECIFIED'),('UNSPECIFIED'),
('UNSPECIFIED'));
#54=ORGANIZATION('UNSPECIFIED','UNSPECIFIED','UNSPECIFIED');
#55=PERSON_AND_ORGANIZATION(#53,#54);
#56=PERSON_AND_ORGANIZATION_ROLE('creator');
#57=CC_DESIGN_PERSON_AND_ORGANIZATION_ASSIGNMENT(#55,#56,(#33,#1));
#58=ADVANCED_FACE('',(#3580,#3582,#3584,#3586,#3588,#3590,#3592,#3594,#3596,#3598,
#3600,#3602,#3604,#3606,#3608,#3610,#3612,#3614,#3616,#3618,#3620,#3622,#3624,#3626,
#3628,#3630,#3632,#3634,#3636,#3638),#3640,.F.);
#59=COLOUR_RGB('',0.564705882352941,0.564705882352941,0.564705882352941);
#60=FILL_AREA_STYLE_COLOUR('',#59);
#61=FILL_AREA_STYLE($,(#60));
#62=SURFACE_STYLE_FILL_AREA(#61);
#63=SURFACE_SIDE_STYLE('',(#62));
#64=SURFACE_STYLE_USAGE(.BOTH.,#63);
#65=PRESENTATION_STYLE_ASSIGNMENT((#64));
#66=STYLED_ITEM('',(#65),#58);
#67=ADVANCED_FACE('',(#3645,#3647),#3649,.F.);
#68=COLOUR_RGB('',0.564705882352941,0.564705882352941,0.564705882352941);
#69=FILL_AREA_STYLE_COLOUR('',#68);
#70=FILL_AREA_STYLE($,(#69));
#71=SURFACE_STYLE_FILL_AREA(#70);
#72=SURFACE_SIDE_STYLE('',(#71));
#73=SURFACE_STYLE_USAGE(.BOTH.,#72);
#74=PRESENTATION_STYLE_ASSIGNMENT((#73));
#75=STYLED_ITEM('',(#74),#67);
#76=ADVANCED_FACE('',(#3654,#3656),#3658,.F.);
#77=COLOUR_RGB('',0.564705882352941,0.564705882352941,0.564705882352941);
#78=FILL_AREA_STYLE_COLOUR('',#77);
#79=FILL_AREA_STYLE($,(#78));
#80=SURFACE_STYLE_FILL_AREA(#79);
#81=SURFACE_SIDE_STYLE('',(#80));
#82=SURFACE_STYLE_USAGE(.BOTH.,#81);
#83=PRESENTATION_STYLE_ASSIGNMENT((#82));
#84=STYLED_ITEM('',(#83),#76);
#85=ADVANCED_FACE('',(#3663),#3665,.F.);
#86=COLOUR_RGB('',0.564705882352941,0.564705882352941,0.564705882352941);
#87=FILL_AREA_STYLE_COLOUR('',#86);
#88=FILL_AREA_STYLE($,(#87));
#89=SURFACE_STYLE_FILL_AREA(#88);
#90=SURFACE_SIDE_STYLE('',(#89));
#91=SURFACE_STYLE_USAGE(.BOTH.,#90);
#92=PRESENTATION_STYLE_ASSIGNMENT((#91));
#93=STYLED_ITEM('',(#92),#85);
#94=ADVANCED_FACE('',(#3670,#3672,#3674),#3676,.T.);
#95=COLOUR_RGB('',0.564705882352941,0.564705882352941,0.564705882352941);
#96=FILL_AREA_STYLE_COLOUR('',#95);
#97=FILL_AREA_STYLE($,(#96));
#98=SURFACE_STYLE_FILL_AREA(#97);
#99=SURFACE_SIDE_STYLE('',(#98));
#100=SURFACE_STYLE_USAGE(.BOTH.,#99);
#101=PRESENTATION_STYLE_ASSIGNMENT((#100));
#102=STYLED_ITEM('',(#101),#94);
#103=ADVANCED_FACE('',(#3681),#3683,.T.);
#104=COLOUR_RGB('',0.564705882352941,0.564705882352941,0.564705882352941);
#105=FILL_AREA_STYLE_COLOUR('',#104);
#106=FILL_AREA_STYLE($,(#105));
#107=SURFACE_STYLE_FILL_AREA(#106);
#108=SURFACE_SIDE_STYLE('',(#107));
#109=SURFACE_STYLE_USAGE(.BOTH.,#108);
#110=PRESENTATION_STYLE_ASSIGNMENT((#109));
#111=STYLED_ITEM('',(#110),#103);
#112=ADVANCED_FACE('',(#3688,#3690,#3692,#3694,#3696,#3698),#3700,.T.);
#113=COLOUR_RGB('',0.564705882352941,0.564705882352941,0.564705882352941);
#114=FILL_AREA_STYLE_COLOUR('',#113);
#115=FILL_AREA_STYLE($,(#114));
#116=SURFACE_STYLE_FILL_AREA(#115);
#117=SURFACE_SIDE_STYLE('',(#116));
#118=SURFACE_STYLE_USAGE(.BOTH.,#117);
#119=PRESENTATION_STYLE_ASSIGNMENT((#118));
#120=STYLED_ITEM('',(#119),#112);
#121=ADVANCED_FACE('',(#3705,#3707),#3709,.T.);
#122=COLOUR_RGB('',0.564705882352941,0.564705882352941,0.564705882352941);
#123=FILL_AREA_STYLE_COLOUR('',#122);
#124=FILL_AREA_STYLE($,(#123));
#125=SURFACE_STYLE_FILL_AREA(#124);
#126=SURFACE_SIDE_STYLE('',(#125));
#127=SURFACE_STYLE_USAGE(.BOTH.,#126);
#128=PRESENTATION_STYLE_ASSIGNMENT((#127));
#129=STYLED_ITEM('',(#128),#121);
#130=ADVANCED_FACE('',(#3714,#3716),#3718,.T.);
#131=COLOUR_RGB('',0.564705882352941,0.564705882352941,0.564705882352941);
#132=FILL_AREA_STYLE_COLOUR('',#131);
#133=FILL_AREA_STYLE($,(#132));
#134=SURFACE_STYLE_FILL_AREA(#133);
#135=SURFACE_SIDE_STYLE('',(#134));
#136=SURFACE_STYLE_USAGE(.BOTH.,#135);
#137=PRESENTATION_STYLE_ASSIGNMENT((#136));
#138=STYLED_ITEM('',(#137),#130);
#139=ADVANCED_FACE('',(#3723),#3725,.F.);
#140=COLOUR_RGB('',0.564705882352941,0.564705882352941,0.564705882352941);
#141=FILL_AREA_STYLE_COLOUR('',#140);
#142=FILL_AREA_STYLE($,(#141));
#143=SURFACE_STYLE_FILL_AREA(#142);
#144=SURFACE_SIDE_STYLE('',(#143));
#145=SURFACE_STYLE_USAGE(.BOTH.,#144);
#146=PRESENTATION_STYLE_ASSIGNMENT((#145));
#147=STYLED_ITEM('',(#146),#139);
#148=ADVANCED_FACE('',(#3730),#3732,.T.);
#149=COLOUR_RGB('',0.564705882352941,0.564705882352941,0.564705882352941);
#150=FILL_AREA_STYLE_COLOUR('',#149);
#151=FILL_AREA_STYLE($,(#150));
#152=SURFACE_STYLE_FILL_AREA(#151);
#153=SURFACE_SIDE_STYLE('',(#152));
#154=SURFACE_STYLE_USAGE(.BOTH.,#153);
#155=PRESENTATION_STYLE_ASSIGNMENT((#154));
#156=STYLED_ITEM('',(#155),#148);
#157=ADVANCED_FACE('',(#3737),#3739,.T.);
#158=COLOUR_RGB('',0.564705882352941,0.564705882352941,0.564705882352941);
#159=FILL_AREA_STYLE_COLOUR('',#158);
#160=FILL_AREA_STYLE($,(#159));
#161=SURFACE_STYLE_FILL_AREA(#160);
#162=SURFACE_SIDE_STYLE('',(#161));
#163=SURFACE_STYLE_USAGE(.BOTH.,#162);
#164=PRESENTATION_STYLE_ASSIGNMENT((#163));
#165=STYLED_ITEM('',(#164),#157);
#166=ADVANCED_FACE('',(#3744,#3746,#3748,#3750,#3752,#3754,#3756,#3758),#3760,.T.);
#167=COLOUR_RGB('',0.564705882352941,0.564705882352941,0.564705882352941);
#168=FILL_AREA_STYLE_COLOUR('',#167);
#169=FILL_AREA_STYLE($,(#168));
#170=SURFACE_STYLE_FILL_AREA(#169);
#171=SURFACE_SIDE_STYLE('',(#170));
#172=SURFACE_STYLE_USAGE(.BOTH.,#171);
#173=PRESENTATION_STYLE_ASSIGNMENT((#172));
#174=STYLED_ITEM('',(#173),#166);
#175=ADVANCED_FACE('',(#3765),#3767,.T.);
#176=COLOUR_RGB('',0.564705882352941,0.564705882352941,0.564705882352941);
#177=FILL_AREA_STYLE_COLOUR('',#176);
#178=FILL_AREA_STYLE($,(#177));
#179=SURFACE_STYLE_FILL_AREA(#178);
#180=SURFACE_SIDE_STYLE('',(#179));
#181=SURFACE_STYLE_USAGE(.BOTH.,#180);
#182=PRESENTATION_STYLE_ASSIGNMENT((#181));
#183=STYLED_ITEM('',(#182),#175);
#184=ADVANCED_FACE('',(#3772),#3774,.F.);
#185=COLOUR_RGB('',0.564705882352941,0.564705882352941,0.564705882352941);
#186=FILL_AREA_STYLE_COLOUR('',#185);
#187=FILL_AREA_STYLE($,(#186));
#188=SURFACE_STYLE_FILL_AREA(#187);
#189=SURFACE_SIDE_STYLE('',(#188));
#190=SURFACE_STYLE_USAGE(.BOTH.,#189);
#191=PRESENTATION_STYLE_ASSIGNMENT((#190));
#192=STYLED_ITEM('',(#191),#184);
#193=ADVANCED_FACE('',(#3779),#3781,.F.);
#194=COLOUR_RGB('',0.564705882352941,0.564705882352941,0.564705882352941);
#195=FILL_AREA_STYLE_COLOUR('',#194);
#196=FILL_AREA_STYLE($,(#195));
#197=SURFACE_STYLE_FILL_AREA(#196);
#198=SURFACE_SIDE_STYLE('',(#197));
#199=SURFACE_STYLE_USAGE(.BOTH.,#198);
#200=PRESENTATION_STYLE_ASSIGNMENT((#199));
#201=STYLED_ITEM('',(#200),#193);
#202=ADVANCED_FACE('',(#3786),#3788,.F.);
#203=COLOUR_RGB('',0.564705882352941,0.564705882352941,0.564705882352941);
#204=FILL_AREA_STYLE_COLOUR('',#203);
#205=FILL_AREA_STYLE($,(#204));
#206=SURFACE_STYLE_FILL_AREA(#205);
#207=SURFACE_SIDE_STYLE('',(#206));
#208=SURFACE_STYLE_USAGE(.BOTH.,#207);
#209=PRESENTATION_STYLE_ASSIGNMENT((#208));
#210=STYLED_ITEM('',(#209),#202);
#211=ADVANCED_FACE('',(#3793),#3795,.F.);
#212=COLOUR_RGB('',0.564705882352941,0.564705882352941,0.564705882352941);
#213=FILL_AREA_STYLE_COLOUR('',#212);
#214=FILL_AREA_STYLE($,(#213));
#215=SURFACE_STYLE_FILL_AREA(#214);
#216=SURFACE_SIDE_STYLE('',(#215));
#217=SURFACE_STYLE_USAGE(.BOTH.,#216);
#218=PRESENTATION_STYLE_ASSIGNMENT((#217));
#219=STYLED_ITEM('',(#218),#211);
#220=ADVANCED_FACE('',(#3800),#3802,.F.);
#221=COLOUR_RGB('',0.564705882352941,0.564705882352941,0.564705882352941);
#222=FILL_AREA_STYLE_COLOUR('',#221);
#223=FILL_AREA_STYLE($,(#222));
#224=SURFACE_STYLE_FILL_AREA(#223);
#225=SURFACE_SIDE_STYLE('',(#224));
#226=SURFACE_STYLE_USAGE(.BOTH.,#225);
#227=PRESENTATION_STYLE_ASSIGNMENT((#226));
#228=STYLED_ITEM('',(#227),#220);
#229=ADVANCED_FACE('',(#3807),#3809,.F.);
#230=COLOUR_RGB('',0.564705882352941,0.564705882352941,0.564705882352941);
#231=FILL_AREA_STYLE_COLOUR('',#230);
#232=FILL_AREA_STYLE($,(#231));
#233=SURFACE_STYLE_FILL_AREA(#232);
#234=SURFACE_SIDE_STYLE('',(#233));
#235=SURFACE_STYLE_USAGE(.BOTH.,#234);
#236=PRESENTATION_STYLE_ASSIGNMENT((#235));
#237=STYLED_ITEM('',(#236),#229);
#238=ADVANCED_FACE('',(#3814),#3816,.F.);
#239=COLOUR_RGB('',0.564705882352941,0.564705882352941,0.564705882352941);
#240=FILL_AREA_STYLE_COLOUR('',#239);
#241=FILL_AREA_STYLE($,(#240));
#242=SURFACE_STYLE_FILL_AREA(#241);
#243=SURFACE_SIDE_STYLE('',(#242));
#244=SURFACE_STYLE_USAGE(.BOTH.,#243);
#245=PRESENTATION_STYLE_ASSIGNMENT((#244));
#246=STYLED_ITEM('',(#245),#238);
#247=ADVANCED_FACE('',(#3821),#3823,.F.);
#248=COLOUR_RGB('',0.564705882352941,0.564705882352941,0.564705882352941);
#249=FILL_AREA_STYLE_COLOUR('',#248);
#250=FILL_AREA_STYLE($,(#249));
#251=SURFACE_STYLE_FILL_AREA(#250);
#252=SURFACE_SIDE_STYLE('',(#251));
#253=SURFACE_STYLE_USAGE(.BOTH.,#252);
#254=PRESENTATION_STYLE_ASSIGNMENT((#253));
#255=STYLED_ITEM('',(#254),#247);
#256=ADVANCED_FACE('',(#3828),#3830,.F.);
#257=COLOUR_RGB('',0.564705882352941,0.564705882352941,0.564705882352941);
#258=FILL_AREA_STYLE_COLOUR('',#257);
#259=FILL_AREA_STYLE($,(#258));
#260=SURFACE_STYLE_FILL_AREA(#259);
#261=SURFACE_SIDE_STYLE('',(#260));
#262=SURFACE_STYLE_USAGE(.BOTH.,#261);
#263=PRESENTATION_STYLE_ASSIGNMENT((#262));
#264=STYLED_ITEM('',(#263),#256);
#265=ADVANCED_FACE('',(#3835),#3837,.F.);
#266=COLOUR_RGB('',0.564705882352941,0.564705882352941,0.564705882352941);
#267=FILL_AREA_STYLE_COLOUR('',#266);
#268=FILL_AREA_STYLE($,(#267));
#269=SURFACE_STYLE_FILL_AREA(#268);
#270=SURFACE_SIDE_STYLE('',(#269));
#271=SURFACE_STYLE_USAGE(.BOTH.,#270);
#272=PRESENTATION_STYLE_ASSIGNMENT((#271));
#273=STYLED_ITEM('',(#272),#265);
#274=ADVANCED_FACE('',(#3842),#3844,.F.);
#275=COLOUR_RGB('',0.564705882352941,0.564705882352941,0.564705882352941);
#276=FILL_AREA_STYLE_COLOUR('',#275);
#277=FILL_AREA_STYLE($,(#276));
#278=SURFACE_STYLE_FILL_AREA(#277);
#279=SURFACE_SIDE_STYLE('',(#278));
#280=SURFACE_STYLE_USAGE(.BOTH.,#279);
#281=PRESENTATION_STYLE_ASSIGNMENT((#280));
#282=STYLED_ITEM('',(#281),#274);
#283=ADVANCED_FACE('',(#3849),#3851,.F.);
#284=COLOUR_RGB('',0.564705882352941,0.564705882352941,0.564705882352941);
#285=FILL_AREA_STYLE_COLOUR('',#284);
#286=FILL_AREA_STYLE($,(#285));
#287=SURFACE_STYLE_FILL_AREA(#286);
#288=SURFACE_SIDE_STYLE('',(#287));
#289=SURFACE_STYLE_USAGE(.BOTH.,#288);
#290=PRESENTATION_STYLE_ASSIGNMENT((#289));
#291=STYLED_ITEM('',(#290),#283);
#292=ADVANCED_FACE('',(#3856),#3858,.T.);
#293=COLOUR_RGB('',0.564705882352941,0.564705882352941,0.564705882352941);
#294=FILL_AREA_STYLE_COLOUR('',#293);
#295=FILL_AREA_STYLE($,(#294));
#296=SURFACE_STYLE_FILL_AREA(#295);
#297=SURFACE_SIDE_STYLE('',(#296));
#298=SURFACE_STYLE_USAGE(.BOTH.,#297);
#299=PRESENTATION_STYLE_ASSIGNMENT((#298));
#300=STYLED_ITEM('',(#299),#292);
#301=ADVANCED_FACE('',(#3863),#3865,.T.);
#302=COLOUR_RGB('',0.564705882352941,0.564705882352941,0.564705882352941);
#303=FILL_AREA_STYLE_COLOUR('',#302);
#304=FILL_AREA_STYLE($,(#303));
#305=SURFACE_STYLE_FILL_AREA(#304);
#306=SURFACE_SIDE_STYLE('',(#305));
#307=SURFACE_STYLE_USAGE(.BOTH.,#306);
#308=PRESENTATION_STYLE_ASSIGNMENT((#307));
#309=STYLED_ITEM('',(#308),#301);
#310=ADVANCED_FACE('',(#3870),#3872,.T.);
#311=COLOUR_RGB('',0.564705882352941,0.564705882352941,0.564705882352941);
#312=FILL_AREA_STYLE_COLOUR('',#311);
#313=FILL_AREA_STYLE($,(#312));
#314=SURFACE_STYLE_FILL_AREA(#313);
#315=SURFACE_SIDE_STYLE('',(#314));
#316=SURFACE_STYLE_USAGE(.BOTH.,#315);
#317=PRESENTATION_STYLE_ASSIGNMENT((#316));
#318=STYLED_ITEM('',(#317),#310);
#319=ADVANCED_FACE('',(#3877),#3879,.F.);
#320=COLOUR_RGB('',0.564705882352941,0.564705882352941,0.564705882352941);
#321=FILL_AREA_STYLE_COLOUR('',#320);
#322=FILL_AREA_STYLE($,(#321));
#323=SURFACE_STYLE_FILL_AREA(#322);
#324=SURFACE_SIDE_STYLE('',(#323));
#325=SURFACE_STYLE_USAGE(.BOTH.,#324);
#326=PRESENTATION_STYLE_ASSIGNMENT((#325));
#327=STYLED_ITEM('',(#326),#319);
#328=ADVANCED_FACE('',(#3884),#3886,.F.);
#329=COLOUR_RGB('',0.564705882352941,0.564705882352941,0.564705882352941);
#330=FILL_AREA_STYLE_COLOUR('',#329);
#331=FILL_AREA_STYLE($,(#330));
#332=SURFACE_STYLE_FILL_AREA(#331);
#333=SURFACE_SIDE_STYLE('',(#332));
#334=SURFACE_STYLE_USAGE(.BOTH.,#333);
#335=PRESENTATION_STYLE_ASSIGNMENT((#334));
#336=STYLED_ITEM('',(#335),#328);
#337=ADVANCED_FACE('',(#3891),#3893,.T.);
#338=COLOUR_RGB('',0.564705882352941,0.564705882352941,0.564705882352941);
#339=FILL_AREA_STYLE_COLOUR('',#338);
#340=FILL_AREA_STYLE($,(#339));
#341=SURFACE_STYLE_FILL_AREA(#340);
#342=SURFACE_SIDE_STYLE('',(#341));
#343=SURFACE_STYLE_USAGE(.BOTH.,#342);
#344=PRESENTATION_STYLE_ASSIGNMENT((#343));
#345=STYLED_ITEM('',(#344),#337);
#346=ADVANCED_FACE('',(#3898),#3900,.T.);
#347=COLOUR_RGB('',0.564705882352941,0.564705882352941,0.564705882352941);
#348=FILL_AREA_STYLE_COLOUR('',#347);
#349=FILL_AREA_STYLE($,(#348));
#350=SURFACE_STYLE_FILL_AREA(#349);
#351=SURFACE_SIDE_STYLE('',(#350));
#352=SURFACE_STYLE_USAGE(.BOTH.,#351);
#353=PRESENTATION_STYLE_ASSIGNMENT((#352));
#354=STYLED_ITEM('',(#353),#346);
#355=ADVANCED_FACE('',(#3905),#3907,.T.);
#356=COLOUR_RGB('',0.564705882352941,0.564705882352941,0.564705882352941);
#357=FILL_AREA_STYLE_COLOUR('',#356);
#358=FILL_AREA_STYLE($,(#357));
#359=SURFACE_STYLE_FILL_AREA(#358);
#360=SURFACE_SIDE_STYLE('',(#359));
#361=SURFACE_STYLE_USAGE(.BOTH.,#360);
#362=PRESENTATION_STYLE_ASSIGNMENT((#361));
#363=STYLED_ITEM('',(#362),#355);
#364=ADVANCED_FACE('',(#3912),#3914,.F.);
#365=COLOUR_RGB('',0.564705882352941,0.564705882352941,0.564705882352941);
#366=FILL_AREA_STYLE_COLOUR('',#365);
#367=FILL_AREA_STYLE($,(#366));
#368=SURFACE_STYLE_FILL_AREA(#367);
#369=SURFACE_SIDE_STYLE('',(#368));
#370=SURFACE_STYLE_USAGE(.BOTH.,#369);
#371=PRESENTATION_STYLE_ASSIGNMENT((#370));
#372=STYLED_ITEM('',(#371),#364);
#373=ADVANCED_FACE('',(#3919),#3921,.F.);
#374=COLOUR_RGB('',0.564705882352941,0.564705882352941,0.564705882352941);
#375=FILL_AREA_STYLE_COLOUR('',#374);
#376=FILL_AREA_STYLE($,(#375));
#377=SURFACE_STYLE_FILL_AREA(#376);
#378=SURFACE_SIDE_STYLE('',(#377));
#379=SURFACE_STYLE_USAGE(.BOTH.,#378);
#380=PRESENTATION_STYLE_ASSIGNMENT((#379));
#381=STYLED_ITEM('',(#380),#373);
#382=ADVANCED_FACE('',(#3926,#3928),#3930,.F.);
#383=COLOUR_RGB('',0.564705882352941,0.564705882352941,0.564705882352941);
#384=FILL_AREA_STYLE_COLOUR('',#383);
#385=FILL_AREA_STYLE($,(#384));
#386=SURFACE_STYLE_FILL_AREA(#385);
#387=SURFACE_SIDE_STYLE('',(#386));
#388=SURFACE_STYLE_USAGE(.BOTH.,#387);
#389=PRESENTATION_STYLE_ASSIGNMENT((#388));
#390=STYLED_ITEM('',(#389),#382);
#391=ADVANCED_FACE('',(#3935),#3937,.F.);
#392=COLOUR_RGB('',0.564705882352941,0.564705882352941,0.564705882352941);
#393=FILL_AREA_STYLE_COLOUR('',#392);
#394=FILL_AREA_STYLE($,(#393));
#395=SURFACE_STYLE_FILL_AREA(#394);
#396=SURFACE_SIDE_STYLE('',(#395));
#397=SURFACE_STYLE_USAGE(.BOTH.,#396);
#398=PRESENTATION_STYLE_ASSIGNMENT((#397));
#399=STYLED_ITEM('',(#398),#391);
#400=ADVANCED_FACE('',(#3942),#3944,.F.);
#401=COLOUR_RGB('',0.564705882352941,0.564705882352941,0.564705882352941);
#402=FILL_AREA_STYLE_COLOUR('',#401);
#403=FILL_AREA_STYLE($,(#402));
#404=SURFACE_STYLE_FILL_AREA(#403);
#405=SURFACE_SIDE_STYLE('',(#404));
#406=SURFACE_STYLE_USAGE(.BOTH.,#405);
#407=PRESENTATION_STYLE_ASSIGNMENT((#406));
#408=STYLED_ITEM('',(#407),#400);
#409=ADVANCED_FACE('',(#3949),#3951,.F.);
#410=COLOUR_RGB('',0.564705882352941,0.564705882352941,0.564705882352941);
#411=FILL_AREA_STYLE_COLOUR('',#410);
#412=FILL_AREA_STYLE($,(#411));
#413=SURFACE_STYLE_FILL_AREA(#412);
#414=SURFACE_SIDE_STYLE('',(#413));
#415=SURFACE_STYLE_USAGE(.BOTH.,#414);
#416=PRESENTATION_STYLE_ASSIGNMENT((#415));
#417=STYLED_ITEM('',(#416),#409);
#418=ADVANCED_FACE('',(#3956),#3958,.F.);
#419=COLOUR_RGB('',0.564705882352941,0.564705882352941,0.564705882352941);
#420=FILL_AREA_STYLE_COLOUR('',#419);
#421=FILL_AREA_STYLE($,(#420));
#422=SURFACE_STYLE_FILL_AREA(#421);
#423=SURFACE_SIDE_STYLE('',(#422));
#424=SURFACE_STYLE_USAGE(.BOTH.,#423);
#425=PRESENTATION_STYLE_ASSIGNMENT((#424));
#426=STYLED_ITEM('',(#425),#418);
#427=ADVANCED_FACE('',(#3963),#3965,.F.);
#428=COLOUR_RGB('',0.564705882352941,0.564705882352941,0.564705882352941);
#429=FILL_AREA_STYLE_COLOUR('',#428);
#430=FILL_AREA_STYLE($,(#429));
#431=SURFACE_STYLE_FILL_AREA(#430);
#432=SURFACE_SIDE_STYLE('',(#431));
#433=SURFACE_STYLE_USAGE(.BOTH.,#432);
#434=PRESENTATION_STYLE_ASSIGNMENT((#433));
#435=STYLED_ITEM('',(#434),#427);
#436=ADVANCED_FACE('',(#3970),#3972,.F.);
#437=COLOUR_RGB('',0.564705882352941,0.564705882352941,0.564705882352941);
#438=FILL_AREA_STYLE_COLOUR('',#437);
#439=FILL_AREA_STYLE($,(#438));
#440=SURFACE_STYLE_FILL_AREA(#439);
#441=SURFACE_SIDE_STYLE('',(#440));
#442=SURFACE_STYLE_USAGE(.BOTH.,#441);
#443=PRESENTATION_STYLE_ASSIGNMENT((#442));
#444=STYLED_ITEM('',(#443),#436);
#445=ADVANCED_FACE('',(#3977),#3979,.F.);
#446=COLOUR_RGB('',0.564705882352941,0.564705882352941,0.564705882352941);
#447=FILL_AREA_STYLE_COLOUR('',#446);
#448=FILL_AREA_STYLE($,(#447));
#449=SURFACE_STYLE_FILL_AREA(#448);
#450=SURFACE_SIDE_STYLE('',(#449));
#451=SURFACE_STYLE_USAGE(.BOTH.,#450);
#452=PRESENTATION_STYLE_ASSIGNMENT((#451));
#453=STYLED_ITEM('',(#452),#445);
#454=ADVANCED_FACE('',(#3984),#3986,.F.);
#455=COLOUR_RGB('',0.564705882352941,0.564705882352941,0.564705882352941);
#456=FILL_AREA_STYLE_COLOUR('',#455);
#457=FILL_AREA_STYLE($,(#456));
#458=SURFACE_STYLE_FILL_AREA(#457);
#459=SURFACE_SIDE_STYLE('',(#458));
#460=SURFACE_STYLE_USAGE(.BOTH.,#459);
#461=PRESENTATION_STYLE_ASSIGNMENT((#460));
#462=STYLED_ITEM('',(#461),#454);
#463=ADVANCED_FACE('',(#3991),#3993,.F.);
#464=COLOUR_RGB('',0.564705882352941,0.564705882352941,0.564705882352941);
#465=FILL_AREA_STYLE_COLOUR('',#464);
#466=FILL_AREA_STYLE($,(#465));
#467=SURFACE_STYLE_FILL_AREA(#466);
#468=SURFACE_SIDE_STYLE('',(#467));
#469=SURFACE_STYLE_USAGE(.BOTH.,#468);
#470=PRESENTATION_STYLE_ASSIGNMENT((#469));
#471=STYLED_ITEM('',(#470),#463);
#472=ADVANCED_FACE('',(#3998),#4000,.F.);
#473=COLOUR_RGB('',0.564705882352941,0.564705882352941,0.564705882352941);
#474=FILL_AREA_STYLE_COLOUR('',#473);
#475=FILL_AREA_STYLE($,(#474));
#476=SURFACE_STYLE_FILL_AREA(#475);
#477=SURFACE_SIDE_STYLE('',(#476));
#478=SURFACE_STYLE_USAGE(.BOTH.,#477);
#479=PRESENTATION_STYLE_ASSIGNMENT((#478));
#480=STYLED_ITEM('',(#479),#472);
#481=ADVANCED_FACE('',(#4005),#4007,.F.);
#482=COLOUR_RGB('',0.564705882352941,0.564705882352941,0.564705882352941);
#483=FILL_AREA_STYLE_COLOUR('',#482);
#484=FILL_AREA_STYLE($,(#483));
#485=SURFACE_STYLE_FILL_AREA(#484);
#486=SURFACE_SIDE_STYLE('',(#485));
#487=SURFACE_STYLE_USAGE(.BOTH.,#486);
#488=PRESENTATION_STYLE_ASSIGNMENT((#487));
#489=STYLED_ITEM('',(#488),#481);
#490=ADVANCED_FACE('',(#4012),#4014,.F.);
#491=COLOUR_RGB('',0.564705882352941,0.564705882352941,0.564705882352941);
#492=FILL_AREA_STYLE_COLOUR('',#491);
#493=FILL_AREA_STYLE($,(#492));
#494=SURFACE_STYLE_FILL_AREA(#493);
#495=SURFACE_SIDE_STYLE('',(#494));
#496=SURFACE_STYLE_USAGE(.BOTH.,#495);
#497=PRESENTATION_STYLE_ASSIGNMENT((#496));
#498=STYLED_ITEM('',(#497),#490);
#499=ADVANCED_FACE('',(#4019),#4021,.F.);
#500=COLOUR_RGB('',0.564705882352941,0.564705882352941,0.564705882352941);
#501=FILL_AREA_STYLE_COLOUR('',#500);
#502=FILL_AREA_STYLE($,(#501));
#503=SURFACE_STYLE_FILL_AREA(#502);
#504=SURFACE_SIDE_STYLE('',(#503));
#505=SURFACE_STYLE_USAGE(.BOTH.,#504);
#506=PRESENTATION_STYLE_ASSIGNMENT((#505));
#507=STYLED_ITEM('',(#506),#499);
#508=ADVANCED_FACE('',(#4026),#4028,.F.);
#509=COLOUR_RGB('',0.564705882352941,0.564705882352941,0.564705882352941);
#510=FILL_AREA_STYLE_COLOUR('',#509);
#511=FILL_AREA_STYLE($,(#510));
#512=SURFACE_STYLE_FILL_AREA(#511);
#513=SURFACE_SIDE_STYLE('',(#512));
#514=SURFACE_STYLE_USAGE(.BOTH.,#513);
#515=PRESENTATION_STYLE_ASSIGNMENT((#514));
#516=STYLED_ITEM('',(#515),#508);
#517=ADVANCED_FACE('',(#4033),#4035,.F.);
#518=COLOUR_RGB('',0.564705882352941,0.564705882352941,0.564705882352941);
#519=FILL_AREA_STYLE_COLOUR('',#518);
#520=FILL_AREA_STYLE($,(#519));
#521=SURFACE_STYLE_FILL_AREA(#520);
#522=SURFACE_SIDE_STYLE('',(#521));
#523=SURFACE_STYLE_USAGE(.BOTH.,#522);
#524=PRESENTATION_STYLE_ASSIGNMENT((#523));
#525=STYLED_ITEM('',(#524),#517);
#526=ADVANCED_FACE('',(#4040),#4042,.F.);
#527=COLOUR_RGB('',0.564705882352941,0.564705882352941,0.564705882352941);
#528=FILL_AREA_STYLE_COLOUR('',#527);
#529=FILL_AREA_STYLE($,(#528));
#530=SURFACE_STYLE_FILL_AREA(#529);
#531=SURFACE_SIDE_STYLE('',(#530));
#532=SURFACE_STYLE_USAGE(.BOTH.,#531);
#533=PRESENTATION_STYLE_ASSIGNMENT((#532));
#534=STYLED_ITEM('',(#533),#526);
#535=ADVANCED_FACE('',(#4047),#4049,.F.);
#536=COLOUR_RGB('',0.564705882352941,0.564705882352941,0.564705882352941);
#537=FILL_AREA_STYLE_COLOUR('',#536);
#538=FILL_AREA_STYLE($,(#537));
#539=SURFACE_STYLE_FILL_AREA(#538);
#540=SURFACE_SIDE_STYLE('',(#539));
#541=SURFACE_STYLE_USAGE(.BOTH.,#540);
#542=PRESENTATION_STYLE_ASSIGNMENT((#541));
#543=STYLED_ITEM('',(#542),#535);
#544=ADVANCED_FACE('',(#4054),#4056,.F.);
#545=COLOUR_RGB('',0.564705882352941,0.564705882352941,0.564705882352941);
#546=FILL_AREA_STYLE_COLOUR('',#545);
#547=FILL_AREA_STYLE($,(#546));
#548=SURFACE_STYLE_FILL_AREA(#547);
#549=SURFACE_SIDE_STYLE('',(#548));
#550=SURFACE_STYLE_USAGE(.BOTH.,#549);
#551=PRESENTATION_STYLE_ASSIGNMENT((#550));
#552=STYLED_ITEM('',(#551),#544);
#553=ADVANCED_FACE('',(#4061),#4063,.F.);
#554=COLOUR_RGB('',0.564705882352941,0.564705882352941,0.564705882352941);
#555=FILL_AREA_STYLE_COLOUR('',#554);
#556=FILL_AREA_STYLE($,(#555));
#557=SURFACE_STYLE_FILL_AREA(#556);
#558=SURFACE_SIDE_STYLE('',(#557));
#559=SURFACE_STYLE_USAGE(.BOTH.,#558);
#560=PRESENTATION_STYLE_ASSIGNMENT((#559));
#561=STYLED_ITEM('',(#560),#553);
#562=ADVANCED_FACE('',(#4068),#4070,.F.);
#563=COLOUR_RGB('',0.564705882352941,0.564705882352941,0.564705882352941);
#564=FILL_AREA_STYLE_COLOUR('',#563);
#565=FILL_AREA_STYLE($,(#564));
#566=SURFACE_STYLE_FILL_AREA(#565);
#567=SURFACE_SIDE_STYLE('',(#566));
#568=SURFACE_STYLE_USAGE(.BOTH.,#567);
#569=PRESENTATION_STYLE_ASSIGNMENT((#568));
#570=STYLED_ITEM('',(#569),#562);
#571=ADVANCED_FACE('',(#4075),#4077,.F.);
#572=COLOUR_RGB('',0.564705882352941,0.564705882352941,0.564705882352941);
#573=FILL_AREA_STYLE_COLOUR('',#572);
#574=FILL_AREA_STYLE($,(#573));
#575=SURFACE_STYLE_FILL_AREA(#574);
#576=SURFACE_SIDE_STYLE('',(#575));
#577=SURFACE_STYLE_USAGE(.BOTH.,#576);
#578=PRESENTATION_STYLE_ASSIGNMENT((#577));
#579=STYLED_ITEM('',(#578),#571);
#580=ADVANCED_FACE('',(#4082),#4084,.F.);
#581=COLOUR_RGB('',0.564705882352941,0.564705882352941,0.564705882352941);
#582=FILL_AREA_STYLE_COLOUR('',#581);
#583=FILL_AREA_STYLE($,(#582));
#584=SURFACE_STYLE_FILL_AREA(#583);
#585=SURFACE_SIDE_STYLE('',(#584));
#586=SURFACE_STYLE_USAGE(.BOTH.,#585);
#587=PRESENTATION_STYLE_ASSIGNMENT((#586));
#588=STYLED_ITEM('',(#587),#580);
#589=ADVANCED_FACE('',(#4089),#4091,.F.);
#590=COLOUR_RGB('',0.564705882352941,0.564705882352941,0.564705882352941);
#591=FILL_AREA_STYLE_COLOUR('',#590);
#592=FILL_AREA_STYLE($,(#591));
#593=SURFACE_STYLE_FILL_AREA(#592);
#594=SURFACE_SIDE_STYLE('',(#593));
#595=SURFACE_STYLE_USAGE(.BOTH.,#594);
#596=PRESENTATION_STYLE_ASSIGNMENT((#595));
#597=STYLED_ITEM('',(#596),#589);
#598=ADVANCED_FACE('',(#4096),#4098,.F.);
#599=COLOUR_RGB('',0.564705882352941,0.564705882352941,0.564705882352941);
#600=FILL_AREA_STYLE_COLOUR('',#599);
#601=FILL_AREA_STYLE($,(#600));
#602=SURFACE_STYLE_FILL_AREA(#601);
#603=SURFACE_SIDE_STYLE('',(#602));
#604=SURFACE_STYLE_USAGE(.BOTH.,#603);
#605=PRESENTATION_STYLE_ASSIGNMENT((#604));
#606=STYLED_ITEM('',(#605),#598);
#607=ADVANCED_FACE('',(#4103),#4105,.F.);
#608=COLOUR_RGB('',0.564705882352941,0.564705882352941,0.564705882352941);
#609=FILL_AREA_STYLE_COLOUR('',#608);
#610=FILL_AREA_STYLE($,(#609));
#611=SURFACE_STYLE_FILL_AREA(#610);
#612=SURFACE_SIDE_STYLE('',(#611));
#613=SURFACE_STYLE_USAGE(.BOTH.,#612);
#614=PRESENTATION_STYLE_ASSIGNMENT((#613));
#615=STYLED_ITEM('',(#614),#607);
#616=ADVANCED_FACE('',(#4110),#4112,.F.);
#617=COLOUR_RGB('',0.564705882352941,0.564705882352941,0.564705882352941);
#618=FILL_AREA_STYLE_COLOUR('',#617);
#619=FILL_AREA_STYLE($,(#618));
#620=SURFACE_STYLE_FILL_AREA(#619);
#621=SURFACE_SIDE_STYLE('',(#620));
#622=SURFACE_STYLE_USAGE(.BOTH.,#621);
#623=PRESENTATION_STYLE_ASSIGNMENT((#622));
#624=STYLED_ITEM('',(#623),#616);
#625=ADVANCED_FACE('',(#4117),#4119,.F.);
#626=COLOUR_RGB('',0.564705882352941,0.564705882352941,0.564705882352941);
#627=FILL_AREA_STYLE_COLOUR('',#626);
#628=FILL_AREA_STYLE($,(#627));
#629=SURFACE_STYLE_FILL_AREA(#628);
#630=SURFACE_SIDE_STYLE('',(#629));
#631=SURFACE_STYLE_USAGE(.BOTH.,#630);
#632=PRESENTATION_STYLE_ASSIGNMENT((#631));
#633=STYLED_ITEM('',(#632),#625);
#634=ADVANCED_FACE('',(#4124),#4126,.F.);
#635=COLOUR_RGB('',0.564705882352941,0.564705882352941,0.564705882352941);
#636=FILL_AREA_STYLE_COLOUR('',#635);
#637=FILL_AREA_STYLE($,(#636));
#638=SURFACE_STYLE_FILL_AREA(#637);
#639=SURFACE_SIDE_STYLE('',(#638));
#640=SURFACE_STYLE_USAGE(.BOTH.,#639);
#641=PRESENTATION_STYLE_ASSIGNMENT((#640));
#642=STYLED_ITEM('',(#641),#634);
#643=ADVANCED_FACE('',(#4131),#4133,.F.);
#644=COLOUR_RGB('',0.564705882352941,0.564705882352941,0.564705882352941);
#645=FILL_AREA_STYLE_COLOUR('',#644);
#646=FILL_AREA_STYLE($,(#645));
#647=SURFACE_STYLE_FILL_AREA(#646);
#648=SURFACE_SIDE_STYLE('',(#647));
#649=SURFACE_STYLE_USAGE(.BOTH.,#648);
#650=PRESENTATION_STYLE_ASSIGNMENT((#649));
#651=STYLED_ITEM('',(#650),#643);
#652=ADVANCED_FACE('',(#4138),#4140,.F.);
#653=COLOUR_RGB('',0.564705882352941,0.564705882352941,0.564705882352941);
#654=FILL_AREA_STYLE_COLOUR('',#653);
#655=FILL_AREA_STYLE($,(#654));
#656=SURFACE_STYLE_FILL_AREA(#655);
#657=SURFACE_SIDE_STYLE('',(#656));
#658=SURFACE_STYLE_USAGE(.BOTH.,#657);
#659=PRESENTATION_STYLE_ASSIGNMENT((#658));
#660=STYLED_ITEM('',(#659),#652);
#661=ADVANCED_FACE('',(#4145),#4147,.F.);
#662=COLOUR_RGB('',0.564705882352941,0.564705882352941,0.564705882352941);
#663=FILL_AREA_STYLE_COLOUR('',#662);
#664=FILL_AREA_STYLE($,(#663));
#665=SURFACE_STYLE_FILL_AREA(#664);
#666=SURFACE_SIDE_STYLE('',(#665));
#667=SURFACE_STYLE_USAGE(.BOTH.,#666);
#668=PRESENTATION_STYLE_ASSIGNMENT((#667));
#669=STYLED_ITEM('',(#668),#661);
#670=ADVANCED_FACE('',(#4152),#4154,.F.);
#671=COLOUR_RGB('',0.564705882352941,0.564705882352941,0.564705882352941);
#672=FILL_AREA_STYLE_COLOUR('',#671);
#673=FILL_AREA_STYLE($,(#672));
#674=SURFACE_STYLE_FILL_AREA(#673);
#675=SURFACE_SIDE_STYLE('',(#674));
#676=SURFACE_STYLE_USAGE(.BOTH.,#675);
#677=PRESENTATION_STYLE_ASSIGNMENT((#676));
#678=STYLED_ITEM('',(#677),#670);
#679=ADVANCED_FACE('',(#4159),#4161,.F.);
#680=COLOUR_RGB('',0.564705882352941,0.564705882352941,0.564705882352941);
#681=FILL_AREA_STYLE_COLOUR('',#680);
#682=FILL_AREA_STYLE($,(#681));
#683=SURFACE_STYLE_FILL_AREA(#682);
#684=SURFACE_SIDE_STYLE('',(#683));
#685=SURFACE_STYLE_USAGE(.BOTH.,#684);
#686=PRESENTATION_STYLE_ASSIGNMENT((#685));
#687=STYLED_ITEM('',(#686),#679);
#688=ADVANCED_FACE('',(#4166),#4168,.F.);
#689=COLOUR_RGB('',0.564705882352941,0.564705882352941,0.564705882352941);
#690=FILL_AREA_STYLE_COLOUR('',#689);
#691=FILL_AREA_STYLE($,(#690));
#692=SURFACE_STYLE_FILL_AREA(#691);
#693=SURFACE_SIDE_STYLE('',(#692));
#694=SURFACE_STYLE_USAGE(.BOTH.,#693);
#695=PRESENTATION_STYLE_ASSIGNMENT((#694));
#696=STYLED_ITEM('',(#695),#688);
#697=ADVANCED_FACE('',(#4173),#4175,.F.);
#698=COLOUR_RGB('',0.564705882352941,0.564705882352941,0.564705882352941);
#699=FILL_AREA_STYLE_COLOUR('',#698);
#700=FILL_AREA_STYLE($,(#699));
#701=SURFACE_STYLE_FILL_AREA(#700);
#702=SURFACE_SIDE_STYLE('',(#701));
#703=SURFACE_STYLE_USAGE(.BOTH.,#702);
#704=PRESENTATION_STYLE_ASSIGNMENT((#703));
#705=STYLED_ITEM('',(#704),#697);
#706=ADVANCED_FACE('',(#4180),#4182,.F.);
#707=COLOUR_RGB('',0.564705882352941,0.564705882352941,0.564705882352941);
#708=FILL_AREA_STYLE_COLOUR('',#707);
#709=FILL_AREA_STYLE($,(#708));
#710=SURFACE_STYLE_FILL_AREA(#709);
#711=SURFACE_SIDE_STYLE('',(#710));
#712=SURFACE_STYLE_USAGE(.BOTH.,#711);
#713=PRESENTATION_STYLE_ASSIGNMENT((#712));
#714=STYLED_ITEM('',(#713),#706);
#715=ADVANCED_FACE('',(#4187),#4189,.F.);
#716=COLOUR_RGB('',0.564705882352941,0.564705882352941,0.564705882352941);
#717=FILL_AREA_STYLE_COLOUR('',#716);
#718=FILL_AREA_STYLE($,(#717));
#719=SURFACE_STYLE_FILL_AREA(#718);
#720=SURFACE_SIDE_STYLE('',(#719));
#721=SURFACE_STYLE_USAGE(.BOTH.,#720);
#722=PRESENTATION_STYLE_ASSIGNMENT((#721));
#723=STYLED_ITEM('',(#722),#715);
#724=ADVANCED_FACE('',(#4194),#4196,.F.);
#725=COLOUR_RGB('',0.564705882352941,0.564705882352941,0.564705882352941);
#726=FILL_AREA_STYLE_COLOUR('',#725);
#727=FILL_AREA_STYLE($,(#726));
#728=SURFACE_STYLE_FILL_AREA(#727);
#729=SURFACE_SIDE_STYLE('',(#728));
#730=SURFACE_STYLE_USAGE(.BOTH.,#729);
#731=PRESENTATION_STYLE_ASSIGNMENT((#730));
#732=STYLED_ITEM('',(#731),#724);
#733=ADVANCED_FACE('',(#4201),#4203,.F.);
#734=COLOUR_RGB('',0.564705882352941,0.564705882352941,0.564705882352941);
#735=FILL_AREA_STYLE_COLOUR('',#734);
#736=FILL_AREA_STYLE($,(#735));
#737=SURFACE_STYLE_FILL_AREA(#736);
#738=SURFACE_SIDE_STYLE('',(#737));
#739=SURFACE_STYLE_USAGE(.BOTH.,#738);
#740=PRESENTATION_STYLE_ASSIGNMENT((#739));
#741=STYLED_ITEM('',(#740),#733);
#742=ADVANCED_FACE('',(#4208),#4210,.F.);
#743=COLOUR_RGB('',0.564705882352941,0.564705882352941,0.564705882352941);
#744=FILL_AREA_STYLE_COLOUR('',#743);
#745=FILL_AREA_STYLE($,(#744));
#746=SURFACE_STYLE_FILL_AREA(#745);
#747=SURFACE_SIDE_STYLE('',(#746));
#748=SURFACE_STYLE_USAGE(.BOTH.,#747);
#749=PRESENTATION_STYLE_ASSIGNMENT((#748));
#750=STYLED_ITEM('',(#749),#742);
#751=ADVANCED_FACE('',(#4215),#4217,.F.);
#752=COLOUR_RGB('',0.564705882352941,0.564705882352941,0.564705882352941);
#753=FILL_AREA_STYLE_COLOUR('',#752);
#754=FILL_AREA_STYLE($,(#753));
#755=SURFACE_STYLE_FILL_AREA(#754);
#756=SURFACE_SIDE_STYLE('',(#755));
#757=SURFACE_STYLE_USAGE(.BOTH.,#756);
#758=PRESENTATION_STYLE_ASSIGNMENT((#757));
#759=STYLED_ITEM('',(#758),#751);
#760=ADVANCED_FACE('',(#4222),#4224,.F.);
#761=COLOUR_RGB('',0.564705882352941,0.564705882352941,0.564705882352941);
#762=FILL_AREA_STYLE_COLOUR('',#761);
#763=FILL_AREA_STYLE($,(#762));
#764=SURFACE_STYLE_FILL_AREA(#763);
#765=SURFACE_SIDE_STYLE('',(#764));
#766=SURFACE_STYLE_USAGE(.BOTH.,#765);
#767=PRESENTATION_STYLE_ASSIGNMENT((#766));
#768=STYLED_ITEM('',(#767),#760);
#769=ADVANCED_FACE('',(#4229),#4231,.F.);
#770=COLOUR_RGB('',0.564705882352941,0.564705882352941,0.564705882352941);
#771=FILL_AREA_STYLE_COLOUR('',#770);
#772=FILL_AREA_STYLE($,(#771));
#773=SURFACE_STYLE_FILL_AREA(#772);
#774=SURFACE_SIDE_STYLE('',(#773));
#775=SURFACE_STYLE_USAGE(.BOTH.,#774);
#776=PRESENTATION_STYLE_ASSIGNMENT((#775));
#777=STYLED_ITEM('',(#776),#769);
#778=ADVANCED_FACE('',(#4236),#4238,.F.);
#779=COLOUR_RGB('',0.564705882352941,0.564705882352941,0.564705882352941);
#780=FILL_AREA_STYLE_COLOUR('',#779);
#781=FILL_AREA_STYLE($,(#780));
#782=SURFACE_STYLE_FILL_AREA(#781);
#783=SURFACE_SIDE_STYLE('',(#782));
#784=SURFACE_STYLE_USAGE(.BOTH.,#783);
#785=PRESENTATION_STYLE_ASSIGNMENT((#784));
#786=STYLED_ITEM('',(#785),#778);
#787=ADVANCED_FACE('',(#4243),#4245,.F.);
#788=COLOUR_RGB('',0.564705882352941,0.564705882352941,0.564705882352941);
#789=FILL_AREA_STYLE_COLOUR('',#788);
#790=FILL_AREA_STYLE($,(#789));
#791=SURFACE_STYLE_FILL_AREA(#790);
#792=SURFACE_SIDE_STYLE('',(#791));
#793=SURFACE_STYLE_USAGE(.BOTH.,#792);
#794=PRESENTATION_STYLE_ASSIGNMENT((#793));
#795=STYLED_ITEM('',(#794),#787);
#796=ADVANCED_FACE('',(#4250),#4252,.F.);
#797=COLOUR_RGB('',0.564705882352941,0.564705882352941,0.564705882352941);
#798=FILL_AREA_STYLE_COLOUR('',#797);
#799=FILL_AREA_STYLE($,(#798));
#800=SURFACE_STYLE_FILL_AREA(#799);
#801=SURFACE_SIDE_STYLE('',(#800));
#802=SURFACE_STYLE_USAGE(.BOTH.,#801);
#803=PRESENTATION_STYLE_ASSIGNMENT((#802));
#804=STYLED_ITEM('',(#803),#796);
#805=ADVANCED_FACE('',(#4257),#4259,.F.);
#806=COLOUR_RGB('',0.564705882352941,0.564705882352941,0.564705882352941);
#807=FILL_AREA_STYLE_COLOUR('',#806);
#808=FILL_AREA_STYLE($,(#807));
#809=SURFACE_STYLE_FILL_AREA(#808);
#810=SURFACE_SIDE_STYLE('',(#809));
#811=SURFACE_STYLE_USAGE(.BOTH.,#810);
#812=PRESENTATION_STYLE_ASSIGNMENT((#811));
#813=STYLED_ITEM('',(#812),#805);
#814=ADVANCED_FACE('',(#4264),#4266,.F.);
#815=COLOUR_RGB('',0.564705882352941,0.564705882352941,0.564705882352941);
#816=FILL_AREA_STYLE_COLOUR('',#815);
#817=FILL_AREA_STYLE($,(#816));
#818=SURFACE_STYLE_FILL_AREA(#817);
#819=SURFACE_SIDE_STYLE('',(#818));
#820=SURFACE_STYLE_USAGE(.BOTH.,#819);
#821=PRESENTATION_STYLE_ASSIGNMENT((#820));
#822=STYLED_ITEM('',(#821),#814);
#823=ADVANCED_FACE('',(#4271),#4273,.F.);
#824=COLOUR_RGB('',0.564705882352941,0.564705882352941,0.564705882352941);
#825=FILL_AREA_STYLE_COLOUR('',#824);
#826=FILL_AREA_STYLE($,(#825));
#827=SURFACE_STYLE_FILL_AREA(#826);
#828=SURFACE_SIDE_STYLE('',(#827));
#829=SURFACE_STYLE_USAGE(.BOTH.,#828);
#830=PRESENTATION_STYLE_ASSIGNMENT((#829));
#831=STYLED_ITEM('',(#830),#823);
#832=ADVANCED_FACE('',(#4278),#4280,.T.);
#833=COLOUR_RGB('',0.564705882352941,0.564705882352941,0.564705882352941);
#834=FILL_AREA_STYLE_COLOUR('',#833);
#835=FILL_AREA_STYLE($,(#834));
#836=SURFACE_STYLE_FILL_AREA(#835);
#837=SURFACE_SIDE_STYLE('',(#836));
#838=SURFACE_STYLE_USAGE(.BOTH.,#837);
#839=PRESENTATION_STYLE_ASSIGNMENT((#838));
#840=STYLED_ITEM('',(#839),#832);
#841=ADVANCED_FACE('',(#4285),#4287,.F.);
#842=COLOUR_RGB('',0.564705882352941,0.564705882352941,0.564705882352941);
#843=FILL_AREA_STYLE_COLOUR('',#842);
#844=FILL_AREA_STYLE($,(#843));
#845=SURFACE_STYLE_FILL_AREA(#844);
#846=SURFACE_SIDE_STYLE('',(#845));
#847=SURFACE_STYLE_USAGE(.BOTH.,#846);
#848=PRESENTATION_STYLE_ASSIGNMENT((#847));
#849=STYLED_ITEM('',(#848),#841);
#850=ADVANCED_FACE('',(#4292),#4294,.F.);
#851=COLOUR_RGB('',0.564705882352941,0.564705882352941,0.564705882352941);
#852=FILL_AREA_STYLE_COLOUR('',#851);
#853=FILL_AREA_STYLE($,(#852));
#854=SURFACE_STYLE_FILL_AREA(#853);
#855=SURFACE_SIDE_STYLE('',(#854));
#856=SURFACE_STYLE_USAGE(.BOTH.,#855);
#857=PRESENTATION_STYLE_ASSIGNMENT((#856));
#858=STYLED_ITEM('',(#857),#850);
#859=ADVANCED_FACE('',(#4299),#4301,.F.);
#860=COLOUR_RGB('',0.564705882352941,0.564705882352941,0.564705882352941);
#861=FILL_AREA_STYLE_COLOUR('',#860);
#862=FILL_AREA_STYLE($,(#861));
#863=SURFACE_STYLE_FILL_AREA(#862);
#864=SURFACE_SIDE_STYLE('',(#863));
#865=SURFACE_STYLE_USAGE(.BOTH.,#864);
#866=PRESENTATION_STYLE_ASSIGNMENT((#865));
#867=STYLED_ITEM('',(#866),#859);
#868=ADVANCED_FACE('',(#4306),#4308,.T.);
#869=COLOUR_RGB('',0.564705882352941,0.564705882352941,0.564705882352941);
#870=FILL_AREA_STYLE_COLOUR('',#869);
#871=FILL_AREA_STYLE($,(#870));
#872=SURFACE_STYLE_FILL_AREA(#871);
#873=SURFACE_SIDE_STYLE('',(#872));
#874=SURFACE_STYLE_USAGE(.BOTH.,#873);
#875=PRESENTATION_STYLE_ASSIGNMENT((#874));
#876=STYLED_ITEM('',(#875),#868);
#877=ADVANCED_FACE('',(#4313),#4315,.F.);
#878=COLOUR_RGB('',0.564705882352941,0.564705882352941,0.564705882352941);
#879=FILL_AREA_STYLE_COLOUR('',#878);
#880=FILL_AREA_STYLE($,(#879));
#881=SURFACE_STYLE_FILL_AREA(#880);
#882=SURFACE_SIDE_STYLE('',(#881));
#883=SURFACE_STYLE_USAGE(.BOTH.,#882);
#884=PRESENTATION_STYLE_ASSIGNMENT((#883));
#885=STYLED_ITEM('',(#884),#877);
#886=ADVANCED_FACE('',(#4320),#4322,.F.);
#887=COLOUR_RGB('',0.564705882352941,0.564705882352941,0.564705882352941);
#888=FILL_AREA_STYLE_COLOUR('',#887);
#889=FILL_AREA_STYLE($,(#888));
#890=SURFACE_STYLE_FILL_AREA(#889);
#891=SURFACE_SIDE_STYLE('',(#890));
#892=SURFACE_STYLE_USAGE(.BOTH.,#891);
#893=PRESENTATION_STYLE_ASSIGNMENT((#892));
#894=STYLED_ITEM('',(#893),#886);
#895=ADVANCED_FACE('',(#4327),#4329,.F.);
#896=COLOUR_RGB('',0.564705882352941,0.564705882352941,0.564705882352941);
#897=FILL_AREA_STYLE_COLOUR('',#896);
#898=FILL_AREA_STYLE($,(#897));
#899=SURFACE_STYLE_FILL_AREA(#898);
#900=SURFACE_SIDE_STYLE('',(#899));
#901=SURFACE_STYLE_USAGE(.BOTH.,#900);
#902=PRESENTATION_STYLE_ASSIGNMENT((#901));
#903=STYLED_ITEM('',(#902),#895);
#904=ADVANCED_FACE('',(#4334),#4336,.F.);
#905=COLOUR_RGB('',0.564705882352941,0.564705882352941,0.564705882352941);
#906=FILL_AREA_STYLE_COLOUR('',#905);
#907=FILL_AREA_STYLE($,(#906));
#908=SURFACE_STYLE_FILL_AREA(#907);
#909=SURFACE_SIDE_STYLE('',(#908));
#910=SURFACE_STYLE_USAGE(.BOTH.,#909);
#911=PRESENTATION_STYLE_ASSIGNMENT((#910));
#912=STYLED_ITEM('',(#911),#904);
#913=ADVANCED_FACE('',(#4341),#4343,.F.);
#914=COLOUR_RGB('',0.564705882352941,0.564705882352941,0.564705882352941);
#915=FILL_AREA_STYLE_COLOUR('',#914);
#916=FILL_AREA_STYLE($,(#915));
#917=SURFACE_STYLE_FILL_AREA(#916);
#918=SURFACE_SIDE_STYLE('',(#917));
#919=SURFACE_STYLE_USAGE(.BOTH.,#918);
#920=PRESENTATION_STYLE_ASSIGNMENT((#919));
#921=STYLED_ITEM('',(#920),#913);
#922=ADVANCED_FACE('',(#4348),#4350,.F.);
#923=COLOUR_RGB('',0.564705882352941,0.564705882352941,0.564705882352941);
#924=FILL_AREA_STYLE_COLOUR('',#923);
#925=FILL_AREA_STYLE($,(#924));
#926=SURFACE_STYLE_FILL_AREA(#925);
#927=SURFACE_SIDE_STYLE('',(#926));
#928=SURFACE_STYLE_USAGE(.BOTH.,#927);
#929=PRESENTATION_STYLE_ASSIGNMENT((#928));
#930=STYLED_ITEM('',(#929),#922);
#931=ADVANCED_FACE('',(#4355),#4357,.F.);
#932=COLOUR_RGB('',0.564705882352941,0.564705882352941,0.564705882352941);
#933=FILL_AREA_STYLE_COLOUR('',#932);
#934=FILL_AREA_STYLE($,(#933));
#935=SURFACE_STYLE_FILL_AREA(#934);
#936=SURFACE_SIDE_STYLE('',(#935));
#937=SURFACE_STYLE_USAGE(.BOTH.,#936);
#938=PRESENTATION_STYLE_ASSIGNMENT((#937));
#939=STYLED_ITEM('',(#938),#931);
#940=ADVANCED_FACE('',(#4362),#4364,.F.);
#941=COLOUR_RGB('',0.564705882352941,0.564705882352941,0.564705882352941);
#942=FILL_AREA_STYLE_COLOUR('',#941);
#943=FILL_AREA_STYLE($,(#942));
#944=SURFACE_STYLE_FILL_AREA(#943);
#945=SURFACE_SIDE_STYLE('',(#944));
#946=SURFACE_STYLE_USAGE(.BOTH.,#945);
#947=PRESENTATION_STYLE_ASSIGNMENT((#946));
#948=STYLED_ITEM('',(#947),#940);
#949=ADVANCED_FACE('',(#4369),#4371,.F.);
#950=COLOUR_RGB('',0.564705882352941,0.564705882352941,0.564705882352941);
#951=FILL_AREA_STYLE_COLOUR('',#950);
#952=FILL_AREA_STYLE($,(#951));
#953=SURFACE_STYLE_FILL_AREA(#952);
#954=SURFACE_SIDE_STYLE('',(#953));
#955=SURFACE_STYLE_USAGE(.BOTH.,#954);
#956=PRESENTATION_STYLE_ASSIGNMENT((#955));
#957=STYLED_ITEM('',(#956),#949);
#958=ADVANCED_FACE('',(#4376),#4378,.F.);
#959=COLOUR_RGB('',0.564705882352941,0.564705882352941,0.564705882352941);
#960=FILL_AREA_STYLE_COLOUR('',#959);
#961=FILL_AREA_STYLE($,(#960));
#962=SURFACE_STYLE_FILL_AREA(#961);
#963=SURFACE_SIDE_STYLE('',(#962));
#964=SURFACE_STYLE_USAGE(.BOTH.,#963);
#965=PRESENTATION_STYLE_ASSIGNMENT((#964));
#966=STYLED_ITEM('',(#965),#958);
#967=ADVANCED_FACE('',(#4383),#4385,.F.);
#968=COLOUR_RGB('',0.564705882352941,0.564705882352941,0.564705882352941);
#969=FILL_AREA_STYLE_COLOUR('',#968);
#970=FILL_AREA_STYLE($,(#969));
#971=SURFACE_STYLE_FILL_AREA(#970);
#972=SURFACE_SIDE_STYLE('',(#971));
#973=SURFACE_STYLE_USAGE(.BOTH.,#972);
#974=PRESENTATION_STYLE_ASSIGNMENT((#973));
#975=STYLED_ITEM('',(#974),#967);
#976=ADVANCED_FACE('',(#4390),#4392,.F.);
#977=COLOUR_RGB('',0.564705882352941,0.564705882352941,0.564705882352941);
#978=FILL_AREA_STYLE_COLOUR('',#977);
#979=FILL_AREA_STYLE($,(#978));
#980=SURFACE_STYLE_FILL_AREA(#979);
#981=SURFACE_SIDE_STYLE('',(#980));
#982=SURFACE_STYLE_USAGE(.BOTH.,#981);
#983=PRESENTATION_STYLE_ASSIGNMENT((#982));
#984=STYLED_ITEM('',(#983),#976);
#985=ADVANCED_FACE('',(#4397),#4399,.F.);
#986=COLOUR_RGB('',0.564705882352941,0.564705882352941,0.564705882352941);
#987=FILL_AREA_STYLE_COLOUR('',#986);
#988=FILL_AREA_STYLE($,(#987));
#989=SURFACE_STYLE_FILL_AREA(#988);
#990=SURFACE_SIDE_STYLE('',(#989));
#991=SURFACE_STYLE_USAGE(.BOTH.,#990);
#992=PRESENTATION_STYLE_ASSIGNMENT((#991));
#993=STYLED_ITEM('',(#992),#985);
#994=ADVANCED_FACE('',(#4404),#4406,.F.);
#995=COLOUR_RGB('',0.564705882352941,0.564705882352941,0.564705882352941);
#996=FILL_AREA_STYLE_COLOUR('',#995);
#997=FILL_AREA_STYLE($,(#996));
#998=SURFACE_STYLE_FILL_AREA(#997);
#999=SURFACE_SIDE_STYLE('',(#998));
#1000=SURFACE_STYLE_USAGE(.BOTH.,#999);
#1001=PRESENTATION_STYLE_ASSIGNMENT((#1000));
#1002=STYLED_ITEM('',(#1001),#994);
#1003=ADVANCED_FACE('',(#4411),#4413,.F.);
#1004=COLOUR_RGB('',0.564705882352941,0.564705882352941,0.564705882352941);
#1005=FILL_AREA_STYLE_COLOUR('',#1004);
#1006=FILL_AREA_STYLE($,(#1005));
#1007=SURFACE_STYLE_FILL_AREA(#1006);
#1008=SURFACE_SIDE_STYLE('',(#1007));
#1009=SURFACE_STYLE_USAGE(.BOTH.,#1008);
#1010=PRESENTATION_STYLE_ASSIGNMENT((#1009));
#1011=STYLED_ITEM('',(#1010),#1003);
#1012=ADVANCED_FACE('',(#4418),#4420,.F.);
#1013=COLOUR_RGB('',0.564705882352941,0.564705882352941,0.564705882352941);
#1014=FILL_AREA_STYLE_COLOUR('',#1013);
#1015=FILL_AREA_STYLE($,(#1014));
#1016=SURFACE_STYLE_FILL_AREA(#1015);
#1017=SURFACE_SIDE_STYLE('',(#1016));
#1018=SURFACE_STYLE_USAGE(.BOTH.,#1017);
#1019=PRESENTATION_STYLE_ASSIGNMENT((#1018));
#1020=STYLED_ITEM('',(#1019),#1012);
#1021=ADVANCED_FACE('',(#4425),#4427,.F.);
#1022=COLOUR_RGB('',0.564705882352941,0.564705882352941,0.564705882352941);
#1023=FILL_AREA_STYLE_COLOUR('',#1022);
#1024=FILL_AREA_STYLE($,(#1023));
#1025=SURFACE_STYLE_FILL_AREA(#1024);
#1026=SURFACE_SIDE_STYLE('',(#1025));
#1027=SURFACE_STYLE_USAGE(.BOTH.,#1026);
#1028=PRESENTATION_STYLE_ASSIGNMENT((#1027));
#1029=STYLED_ITEM('',(#1028),#1021);
#1030=ADVANCED_FACE('',(#4432),#4434,.F.);
#1031=COLOUR_RGB('',0.564705882352941,0.564705882352941,0.564705882352941);
#1032=FILL_AREA_STYLE_COLOUR('',#1031);
#1033=FILL_AREA_STYLE($,(#1032));
#1034=SURFACE_STYLE_FILL_AREA(#1033);
#1035=SURFACE_SIDE_STYLE('',(#1034));
#1036=SURFACE_STYLE_USAGE(.BOTH.,#1035);
#1037=PRESENTATION_STYLE_ASSIGNMENT((#1036));
#1038=STYLED_ITEM('',(#1037),#1030);
#1039=ADVANCED_FACE('',(#4439),#4441,.F.);
#1040=COLOUR_RGB('',0.564705882352941,0.564705882352941,0.564705882352941);
#1041=FILL_AREA_STYLE_COLOUR('',#1040);
#1042=FILL_AREA_STYLE($,(#1041));
#1043=SURFACE_STYLE_FILL_AREA(#1042);
#1044=SURFACE_SIDE_STYLE('',(#1043));
#1045=SURFACE_STYLE_USAGE(.BOTH.,#1044);
#1046=PRESENTATION_STYLE_ASSIGNMENT((#1045));
#1047=STYLED_ITEM('',(#1046),#1039);
#1048=ADVANCED_FACE('',(#4446),#4448,.F.);
#1049=COLOUR_RGB('',0.564705882352941,0.564705882352941,0.564705882352941);
#1050=FILL_AREA_STYLE_COLOUR('',#1049);
#1051=FILL_AREA_STYLE($,(#1050));
#1052=SURFACE_STYLE_FILL_AREA(#1051);
#1053=SURFACE_SIDE_STYLE('',(#1052));
#1054=SURFACE_STYLE_USAGE(.BOTH.,#1053);
#1055=PRESENTATION_STYLE_ASSIGNMENT((#1054));
#1056=STYLED_ITEM('',(#1055),#1048);
#1057=ADVANCED_FACE('',(#4453),#4455,.F.);
#1058=COLOUR_RGB('',0.564705882352941,0.564705882352941,0.564705882352941);
#1059=FILL_AREA_STYLE_COLOUR('',#1058);
#1060=FILL_AREA_STYLE($,(#1059));
#1061=SURFACE_STYLE_FILL_AREA(#1060);
#1062=SURFACE_SIDE_STYLE('',(#1061));
#1063=SURFACE_STYLE_USAGE(.BOTH.,#1062);
#1064=PRESENTATION_STYLE_ASSIGNMENT((#1063));
#1065=STYLED_ITEM('',(#1064),#1057);
#1066=ADVANCED_FACE('',(#4460),#4462,.F.);
#1067=COLOUR_RGB('',0.564705882352941,0.564705882352941,0.564705882352941);
#1068=FILL_AREA_STYLE_COLOUR('',#1067);
#1069=FILL_AREA_STYLE($,(#1068));
#1070=SURFACE_STYLE_FILL_AREA(#1069);
#1071=SURFACE_SIDE_STYLE('',(#1070));
#1072=SURFACE_STYLE_USAGE(.BOTH.,#1071);
#1073=PRESENTATION_STYLE_ASSIGNMENT((#1072));
#1074=STYLED_ITEM('',(#1073),#1066);
#1075=ADVANCED_FACE('',(#4467),#4469,.F.);
#1076=COLOUR_RGB('',0.564705882352941,0.564705882352941,0.564705882352941);
#1077=FILL_AREA_STYLE_COLOUR('',#1076);
#1078=FILL_AREA_STYLE($,(#1077));
#1079=SURFACE_STYLE_FILL_AREA(#1078);
#1080=SURFACE_SIDE_STYLE('',(#1079));
#1081=SURFACE_STYLE_USAGE(.BOTH.,#1080);
#1082=PRESENTATION_STYLE_ASSIGNMENT((#1081));
#1083=STYLED_ITEM('',(#1082),#1075);
#1084=ADVANCED_FACE('',(#4474),#4476,.F.);
#1085=COLOUR_RGB('',0.564705882352941,0.564705882352941,0.564705882352941);
#1086=FILL_AREA_STYLE_COLOUR('',#1085);
#1087=FILL_AREA_STYLE($,(#1086));
#1088=SURFACE_STYLE_FILL_AREA(#1087);
#1089=SURFACE_SIDE_STYLE('',(#1088));
#1090=SURFACE_STYLE_USAGE(.BOTH.,#1089);
#1091=PRESENTATION_STYLE_ASSIGNMENT((#1090));
#1092=STYLED_ITEM('',(#1091),#1084);
#1093=ADVANCED_FACE('',(#4481),#4483,.F.);
#1094=COLOUR_RGB('',0.564705882352941,0.564705882352941,0.564705882352941);
#1095=FILL_AREA_STYLE_COLOUR('',#1094);
#1096=FILL_AREA_STYLE($,(#1095));
#1097=SURFACE_STYLE_FILL_AREA(#1096);
#1098=SURFACE_SIDE_STYLE('',(#1097));
#1099=SURFACE_STYLE_USAGE(.BOTH.,#1098);
#1100=PRESENTATION_STYLE_ASSIGNMENT((#1099));
#1101=STYLED_ITEM('',(#1100),#1093);
#1102=ADVANCED_FACE('',(#4488),#4490,.F.);
#1103=COLOUR_RGB('',0.564705882352941,0.564705882352941,0.564705882352941);
#1104=FILL_AREA_STYLE_COLOUR('',#1103);
#1105=FILL_AREA_STYLE($,(#1104));
#1106=SURFACE_STYLE_FILL_AREA(#1105);
#1107=SURFACE_SIDE_STYLE('',(#1106));
#1108=SURFACE_STYLE_USAGE(.BOTH.,#1107);
#1109=PRESENTATION_STYLE_ASSIGNMENT((#1108));
#1110=STYLED_ITEM('',(#1109),#1102);
#1111=ADVANCED_FACE('',(#4495),#4497,.F.);
#1112=COLOUR_RGB('',0.564705882352941,0.564705882352941,0.564705882352941);
#1113=FILL_AREA_STYLE_COLOUR('',#1112);
#1114=FILL_AREA_STYLE($,(#1113));
#1115=SURFACE_STYLE_FILL_AREA(#1114);
#1116=SURFACE_SIDE_STYLE('',(#1115));
#1117=SURFACE_STYLE_USAGE(.BOTH.,#1116);
#1118=PRESENTATION_STYLE_ASSIGNMENT((#1117));
#1119=STYLED_ITEM('',(#1118),#1111);
#1120=ADVANCED_FACE('',(#4502),#4504,.F.);
#1121=COLOUR_RGB('',0.564705882352941,0.564705882352941,0.564705882352941);
#1122=FILL_AREA_STYLE_COLOUR('',#1121);
#1123=FILL_AREA_STYLE($,(#1122));
#1124=SURFACE_STYLE_FILL_AREA(#1123);
#1125=SURFACE_SIDE_STYLE('',(#1124));
#1126=SURFACE_STYLE_USAGE(.BOTH.,#1125);
#1127=PRESENTATION_STYLE_ASSIGNMENT((#1126));
#1128=STYLED_ITEM('',(#1127),#1120);
#1129=ADVANCED_FACE('',(#4509),#4511,.F.);
#1130=COLOUR_RGB('',0.564705882352941,0.564705882352941,0.564705882352941);
#1131=FILL_AREA_STYLE_COLOUR('',#1130);
#1132=FILL_AREA_STYLE($,(#1131));
#1133=SURFACE_STYLE_FILL_AREA(#1132);
#1134=SURFACE_SIDE_STYLE('',(#1133));
#1135=SURFACE_STYLE_USAGE(.BOTH.,#1134);
#1136=PRESENTATION_STYLE_ASSIGNMENT((#1135));
#1137=STYLED_ITEM('',(#1136),#1129);
#1138=ADVANCED_FACE('',(#4516),#4518,.F.);
#1139=COLOUR_RGB('',0.564705882352941,0.564705882352941,0.564705882352941);
#1140=FILL_AREA_STYLE_COLOUR('',#1139);
#1141=FILL_AREA_STYLE($,(#1140));
#1142=SURFACE_STYLE_FILL_AREA(#1141);
#1143=SURFACE_SIDE_STYLE('',(#1142));
#1144=SURFACE_STYLE_USAGE(.BOTH.,#1143);
#1145=PRESENTATION_STYLE_ASSIGNMENT((#1144));
#1146=STYLED_ITEM('',(#1145),#1138);
#1147=ADVANCED_FACE('',(#4523),#4525,.F.);
#1148=COLOUR_RGB('',0.564705882352941,0.564705882352941,0.564705882352941);
#1149=FILL_AREA_STYLE_COLOUR('',#1148);
#1150=FILL_AREA_STYLE($,(#1149));
#1151=SURFACE_STYLE_FILL_AREA(#1150);
#1152=SURFACE_SIDE_STYLE('',(#1151));
#1153=SURFACE_STYLE_USAGE(.BOTH.,#1152);
#1154=PRESENTATION_STYLE_ASSIGNMENT((#1153));
#1155=STYLED_ITEM('',(#1154),#1147);
#1156=ADVANCED_FACE('',(#4530),#4532,.T.);
#1157=COLOUR_RGB('',0.564705882352941,0.564705882352941,0.564705882352941);
#1158=FILL_AREA_STYLE_COLOUR('',#1157);
#1159=FILL_AREA_STYLE($,(#1158));
#1160=SURFACE_STYLE_FILL_AREA(#1159);
#1161=SURFACE_SIDE_STYLE('',(#1160));
#1162=SURFACE_STYLE_USAGE(.BOTH.,#1161);
#1163=PRESENTATION_STYLE_ASSIGNMENT((#1162));
#1164=STYLED_ITEM('',(#1163),#1156);
#1165=ADVANCED_FACE('',(#4537),#4539,.F.);
#1166=COLOUR_RGB('',0.564705882352941,0.564705882352941,0.564705882352941);
#1167=FILL_AREA_STYLE_COLOUR('',#1166);
#1168=FILL_AREA_STYLE($,(#1167));
#1169=SURFACE_STYLE_FILL_AREA(#1168);
#1170=SURFACE_SIDE_STYLE('',(#1169));
#1171=SURFACE_STYLE_USAGE(.BOTH.,#1170);
#1172=PRESENTATION_STYLE_ASSIGNMENT((#1171));
#1173=STYLED_ITEM('',(#1172),#1165);
#1174=ADVANCED_FACE('',(#4544),#4546,.F.);
#1175=COLOUR_RGB('',0.564705882352941,0.564705882352941,0.564705882352941);
#1176=FILL_AREA_STYLE_COLOUR('',#1175);
#1177=FILL_AREA_STYLE($,(#1176));
#1178=SURFACE_STYLE_FILL_AREA(#1177);
#1179=SURFACE_SIDE_STYLE('',(#1178));
#1180=SURFACE_STYLE_USAGE(.BOTH.,#1179);
#1181=PRESENTATION_STYLE_ASSIGNMENT((#1180));
#1182=STYLED_ITEM('',(#1181),#1174);
#1183=ADVANCED_FACE('',(#4551),#4553,.F.);
#1184=COLOUR_RGB('',0.564705882352941,0.564705882352941,0.564705882352941);
#1185=FILL_AREA_STYLE_COLOUR('',#1184);
#1186=FILL_AREA_STYLE($,(#1185));
#1187=SURFACE_STYLE_FILL_AREA(#1186);
#1188=SURFACE_SIDE_STYLE('',(#1187));
#1189=SURFACE_STYLE_USAGE(.BOTH.,#1188);
#1190=PRESENTATION_STYLE_ASSIGNMENT((#1189));
#1191=STYLED_ITEM('',(#1190),#1183);
#1192=ADVANCED_FACE('',(#4558),#4560,.T.);
#1193=COLOUR_RGB('',0.564705882352941,0.564705882352941,0.564705882352941);
#1194=FILL_AREA_STYLE_COLOUR('',#1193);
#1195=FILL_AREA_STYLE($,(#1194));
#1196=SURFACE_STYLE_FILL_AREA(#1195);
#1197=SURFACE_SIDE_STYLE('',(#1196));
#1198=SURFACE_STYLE_USAGE(.BOTH.,#1197);
#1199=PRESENTATION_STYLE_ASSIGNMENT((#1198));
#1200=STYLED_ITEM('',(#1199),#1192);
#1201=ADVANCED_FACE('',(#4565),#4567,.F.);
#1202=COLOUR_RGB('',0.564705882352941,0.564705882352941,0.564705882352941);
#1203=FILL_AREA_STYLE_COLOUR('',#1202);
#1204=FILL_AREA_STYLE($,(#1203));
#1205=SURFACE_STYLE_FILL_AREA(#1204);
#1206=SURFACE_SIDE_STYLE('',(#1205));
#1207=SURFACE_STYLE_USAGE(.BOTH.,#1206);
#1208=PRESENTATION_STYLE_ASSIGNMENT((#1207));
#1209=STYLED_ITEM('',(#1208),#1201);
#1210=ADVANCED_FACE('',(#4572),#4574,.F.);
#1211=COLOUR_RGB('',0.564705882352941,0.564705882352941,0.564705882352941);
#1212=FILL_AREA_STYLE_COLOUR('',#1211);
#1213=FILL_AREA_STYLE($,(#1212));
#1214=SURFACE_STYLE_FILL_AREA(#1213);
#1215=SURFACE_SIDE_STYLE('',(#1214));
#1216=SURFACE_STYLE_USAGE(.BOTH.,#1215);
#1217=PRESENTATION_STYLE_ASSIGNMENT((#1216));
#1218=STYLED_ITEM('',(#1217),#1210);
#1219=ADVANCED_FACE('',(#4579),#4581,.F.);
#1220=COLOUR_RGB('',0.564705882352941,0.564705882352941,0.564705882352941);
#1221=FILL_AREA_STYLE_COLOUR('',#1220);
#1222=FILL_AREA_STYLE($,(#1221));
#1223=SURFACE_STYLE_FILL_AREA(#1222);
#1224=SURFACE_SIDE_STYLE('',(#1223));
#1225=SURFACE_STYLE_USAGE(.BOTH.,#1224);
#1226=PRESENTATION_STYLE_ASSIGNMENT((#1225));
#1227=STYLED_ITEM('',(#1226),#1219);
#1228=ADVANCED_FACE('',(#4586),#4588,.F.);
#1229=COLOUR_RGB('',0.564705882352941,0.564705882352941,0.564705882352941);
#1230=FILL_AREA_STYLE_COLOUR('',#1229);
#1231=FILL_AREA_STYLE($,(#1230));
#1232=SURFACE_STYLE_FILL_AREA(#1231);
#1233=SURFACE_SIDE_STYLE('',(#1232));
#1234=SURFACE_STYLE_USAGE(.BOTH.,#1233);
#1235=PRESENTATION_STYLE_ASSIGNMENT((#1234));
#1236=STYLED_ITEM('',(#1235),#1228);
#1237=ADVANCED_FACE('',(#4593),#4595,.F.);
#1238=COLOUR_RGB('',0.564705882352941,0.564705882352941,0.564705882352941);
#1239=FILL_AREA_STYLE_COLOUR('',#1238);
#1240=FILL_AREA_STYLE($,(#1239));
#1241=SURFACE_STYLE_FILL_AREA(#1240);
#1242=SURFACE_SIDE_STYLE('',(#1241));
#1243=SURFACE_STYLE_USAGE(.BOTH.,#1242);
#1244=PRESENTATION_STYLE_ASSIGNMENT((#1243));
#1245=STYLED_ITEM('',(#1244),#1237);
#1246=ADVANCED_FACE('',(#4600),#4602,.F.);
#1247=COLOUR_RGB('',0.564705882352941,0.564705882352941,0.564705882352941);
#1248=FILL_AREA_STYLE_COLOUR('',#1247);
#1249=FILL_AREA_STYLE($,(#1248));
#1250=SURFACE_STYLE_FILL_AREA(#1249);
#1251=SURFACE_SIDE_STYLE('',(#1250));
#1252=SURFACE_STYLE_USAGE(.BOTH.,#1251);
#1253=PRESENTATION_STYLE_ASSIGNMENT((#1252));
#1254=STYLED_ITEM('',(#1253),#1246);
#1255=ADVANCED_FACE('',(#4607),#4609,.F.);
#1256=COLOUR_RGB('',0.564705882352941,0.564705882352941,0.564705882352941);
#1257=FILL_AREA_STYLE_COLOUR('',#1256);
#1258=FILL_AREA_STYLE($,(#1257));
#1259=SURFACE_STYLE_FILL_AREA(#1258);
#1260=SURFACE_SIDE_STYLE('',(#1259));
#1261=SURFACE_STYLE_USAGE(.BOTH.,#1260);
#1262=PRESENTATION_STYLE_ASSIGNMENT((#1261));
#1263=STYLED_ITEM('',(#1262),#1255);
#1264=ADVANCED_FACE('',(#4614),#4616,.F.);
#1265=COLOUR_RGB('',0.564705882352941,0.564705882352941,0.564705882352941);
#1266=FILL_AREA_STYLE_COLOUR('',#1265);
#1267=FILL_AREA_STYLE($,(#1266));
#1268=SURFACE_STYLE_FILL_AREA(#1267);
#1269=SURFACE_SIDE_STYLE('',(#1268));
#1270=SURFACE_STYLE_USAGE(.BOTH.,#1269);
#1271=PRESENTATION_STYLE_ASSIGNMENT((#1270));
#1272=STYLED_ITEM('',(#1271),#1264);
#1273=ADVANCED_FACE('',(#4621),#4623,.F.);
#1274=COLOUR_RGB('',0.564705882352941,0.564705882352941,0.564705882352941);
#1275=FILL_AREA_STYLE_COLOUR('',#1274);
#1276=FILL_AREA_STYLE($,(#1275));
#1277=SURFACE_STYLE_FILL_AREA(#1276);
#1278=SURFACE_SIDE_STYLE('',(#1277));
#1279=SURFACE_STYLE_USAGE(.BOTH.,#1278);
#1280=PRESENTATION_STYLE_ASSIGNMENT((#1279));
#1281=STYLED_ITEM('',(#1280),#1273);
#1282=ADVANCED_FACE('',(#4628),#4630,.F.);
#1283=COLOUR_RGB('',0.564705882352941,0.564705882352941,0.564705882352941);
#1284=FILL_AREA_STYLE_COLOUR('',#1283);
#1285=FILL_AREA_STYLE($,(#1284));
#1286=SURFACE_STYLE_FILL_AREA(#1285);
#1287=SURFACE_SIDE_STYLE('',(#1286));
#1288=SURFACE_STYLE_USAGE(.BOTH.,#1287);
#1289=PRESENTATION_STYLE_ASSIGNMENT((#1288));
#1290=STYLED_ITEM('',(#1289),#1282);
#1291=ADVANCED_FACE('',(#4635),#4637,.F.);
#1292=COLOUR_RGB('',0.564705882352941,0.564705882352941,0.564705882352941);
#1293=FILL_AREA_STYLE_COLOUR('',#1292);
#1294=FILL_AREA_STYLE($,(#1293));
#1295=SURFACE_STYLE_FILL_AREA(#1294);
#1296=SURFACE_SIDE_STYLE('',(#1295));
#1297=SURFACE_STYLE_USAGE(.BOTH.,#1296);
#1298=PRESENTATION_STYLE_ASSIGNMENT((#1297));
#1299=STYLED_ITEM('',(#1298),#1291);
#1300=ADVANCED_FACE('',(#4642),#4644,.T.);
#1301=COLOUR_RGB('',0.564705882352941,0.564705882352941,0.564705882352941);
#1302=FILL_AREA_STYLE_COLOUR('',#1301);
#1303=FILL_AREA_STYLE($,(#1302));
#1304=SURFACE_STYLE_FILL_AREA(#1303);
#1305=SURFACE_SIDE_STYLE('',(#1304));
#1306=SURFACE_STYLE_USAGE(.BOTH.,#1305);
#1307=PRESENTATION_STYLE_ASSIGNMENT((#1306));
#1308=STYLED_ITEM('',(#1307),#1300);
#1309=ADVANCED_FACE('',(#4649),#4651,.F.);
#1310=COLOUR_RGB('',0.564705882352941,0.564705882352941,0.564705882352941);
#1311=FILL_AREA_STYLE_COLOUR('',#1310);
#1312=FILL_AREA_STYLE($,(#1311));
#1313=SURFACE_STYLE_FILL_AREA(#1312);
#1314=SURFACE_SIDE_STYLE('',(#1313));
#1315=SURFACE_STYLE_USAGE(.BOTH.,#1314);
#1316=PRESENTATION_STYLE_ASSIGNMENT((#1315));
#1317=STYLED_ITEM('',(#1316),#1309);
#1318=ADVANCED_FACE('',(#4656),#4658,.F.);
#1319=COLOUR_RGB('',0.564705882352941,0.564705882352941,0.564705882352941);
#1320=FILL_AREA_STYLE_COLOUR('',#1319);
#1321=FILL_AREA_STYLE($,(#1320));
#1322=SURFACE_STYLE_FILL_AREA(#1321);
#1323=SURFACE_SIDE_STYLE('',(#1322));
#1324=SURFACE_STYLE_USAGE(.BOTH.,#1323);
#1325=PRESENTATION_STYLE_ASSIGNMENT((#1324));
#1326=STYLED_ITEM('',(#1325),#1318);
#1327=ADVANCED_FACE('',(#4663),#4665,.T.);
#1328=COLOUR_RGB('',0.564705882352941,0.564705882352941,0.564705882352941);
#1329=FILL_AREA_STYLE_COLOUR('',#1328);
#1330=FILL_AREA_STYLE($,(#1329));
#1331=SURFACE_STYLE_FILL_AREA(#1330);
#1332=SURFACE_SIDE_STYLE('',(#1331));
#1333=SURFACE_STYLE_USAGE(.BOTH.,#1332);
#1334=PRESENTATION_STYLE_ASSIGNMENT((#1333));
#1335=STYLED_ITEM('',(#1334),#1327);
#1336=ADVANCED_FACE('',(#4670),#4672,.T.);
#1337=COLOUR_RGB('',0.564705882352941,0.564705882352941,0.564705882352941);
#1338=FILL_AREA_STYLE_COLOUR('',#1337);
#1339=FILL_AREA_STYLE($,(#1338));
#1340=SURFACE_STYLE_FILL_AREA(#1339);
#1341=SURFACE_SIDE_STYLE('',(#1340));
#1342=SURFACE_STYLE_USAGE(.BOTH.,#1341);
#1343=PRESENTATION_STYLE_ASSIGNMENT((#1342));
#1344=STYLED_ITEM('',(#1343),#1336);
#1345=ADVANCED_FACE('',(#4677,#4679,#4681,#4683,#4685,#4687,#4689,#4691,#4693,#4695,
#4697,#4699,#4701,#4703,#4705,#4707,#4709,#4711,#4713,#4715,#4717,#4719,#4721,#4723,
#4725,#4727,#4729,#4731,#4733,#4735,#4737,#4739),#4741,.T.);
#1346=COLOUR_RGB('',0.564705882352941,0.564705882352941,0.564705882352941);
#1347=FILL_AREA_STYLE_COLOUR('',#1346);
#1348=FILL_AREA_STYLE($,(#1347));
#1349=SURFACE_STYLE_FILL_AREA(#1348);
#1350=SURFACE_SIDE_STYLE('',(#1349));
#1351=SURFACE_STYLE_USAGE(.BOTH.,#1350);
#1352=PRESENTATION_STYLE_ASSIGNMENT((#1351));
#1353=STYLED_ITEM('',(#1352),#1345);
#1354=ADVANCED_FACE('',(#4746),#4748,.T.);
#1355=COLOUR_RGB('',0.564705882352941,0.564705882352941,0.564705882352941);
#1356=FILL_AREA_STYLE_COLOUR('',#1355);
#1357=FILL_AREA_STYLE($,(#1356));
#1358=SURFACE_STYLE_FILL_AREA(#1357);
#1359=SURFACE_SIDE_STYLE('',(#1358));
#1360=SURFACE_STYLE_USAGE(.BOTH.,#1359);
#1361=PRESENTATION_STYLE_ASSIGNMENT((#1360));
#1362=STYLED_ITEM('',(#1361),#1354);
#1363=ADVANCED_FACE('',(#4753,#4755),#4757,.F.);
#1364=COLOUR_RGB('',0.564705882352941,0.564705882352941,0.564705882352941);
#1365=FILL_AREA_STYLE_COLOUR('',#1364);
#1366=FILL_AREA_STYLE($,(#1365));
#1367=SURFACE_STYLE_FILL_AREA(#1366);
#1368=SURFACE_SIDE_STYLE('',(#1367));
#1369=SURFACE_STYLE_USAGE(.BOTH.,#1368);
#1370=PRESENTATION_STYLE_ASSIGNMENT((#1369));
#1371=STYLED_ITEM('',(#1370),#1363);
#1372=ADVANCED_FACE('',(#4762),#4764,.T.);
#1373=COLOUR_RGB('',0.564705882352941,0.564705882352941,0.564705882352941);
#1374=FILL_AREA_STYLE_COLOUR('',#1373);
#1375=FILL_AREA_STYLE($,(#1374));
#1376=SURFACE_STYLE_FILL_AREA(#1375);
#1377=SURFACE_SIDE_STYLE('',(#1376));
#1378=SURFACE_STYLE_USAGE(.BOTH.,#1377);
#1379=PRESENTATION_STYLE_ASSIGNMENT((#1378));
#1380=STYLED_ITEM('',(#1379),#1372);
#1381=ADVANCED_FACE('',(#4769),#4771,.T.);
#1382=COLOUR_RGB('',0.564705882352941,0.564705882352941,0.564705882352941);
#1383=FILL_AREA_STYLE_COLOUR('',#1382);
#1384=FILL_AREA_STYLE($,(#1383));
#1385=SURFACE_STYLE_FILL_AREA(#1384);
#1386=SURFACE_SIDE_STYLE('',(#1385));
#1387=SURFACE_STYLE_USAGE(.BOTH.,#1386);
#1388=PRESENTATION_STYLE_ASSIGNMENT((#1387));
#1389=STYLED_ITEM('',(#1388),#1381);
#1390=ADVANCED_FACE('',(#4776),#4778,.T.);
#1391=COLOUR_RGB('',0.564705882352941,0.564705882352941,0.564705882352941);
#1392=FILL_AREA_STYLE_COLOUR('',#1391);
#1393=FILL_AREA_STYLE($,(#1392));
#1394=SURFACE_STYLE_FILL_AREA(#1393);
#1395=SURFACE_SIDE_STYLE('',(#1394));
#1396=SURFACE_STYLE_USAGE(.BOTH.,#1395);
#1397=PRESENTATION_STYLE_ASSIGNMENT((#1396));
#1398=STYLED_ITEM('',(#1397),#1390);
#1399=ADVANCED_FACE('',(#4783),#4785,.T.);
#1400=COLOUR_RGB('',0.564705882352941,0.564705882352941,0.564705882352941);
#1401=FILL_AREA_STYLE_COLOUR('',#1400);
#1402=FILL_AREA_STYLE($,(#1401));
#1403=SURFACE_STYLE_FILL_AREA(#1402);
#1404=SURFACE_SIDE_STYLE('',(#1403));
#1405=SURFACE_STYLE_USAGE(.BOTH.,#1404);
#1406=PRESENTATION_STYLE_ASSIGNMENT((#1405));
#1407=STYLED_ITEM('',(#1406),#1399);
#1408=ADVANCED_FACE('',(#4790),#4792,.T.);
#1409=COLOUR_RGB('',0.564705882352941,0.564705882352941,0.564705882352941);
#1410=FILL_AREA_STYLE_COLOUR('',#1409);
#1411=FILL_AREA_STYLE($,(#1410));
#1412=SURFACE_STYLE_FILL_AREA(#1411);
#1413=SURFACE_SIDE_STYLE('',(#1412));
#1414=SURFACE_STYLE_USAGE(.BOTH.,#1413);
#1415=PRESENTATION_STYLE_ASSIGNMENT((#1414));
#1416=STYLED_ITEM('',(#1415),#1408);
#1417=ADVANCED_FACE('',(#4797,#4799),#4801,.F.);
#1418=COLOUR_RGB('',0.564705882352941,0.564705882352941,0.564705882352941);
#1419=FILL_AREA_STYLE_COLOUR('',#1418);
#1420=FILL_AREA_STYLE($,(#1419));
#1421=SURFACE_STYLE_FILL_AREA(#1420);
#1422=SURFACE_SIDE_STYLE('',(#1421));
#1423=SURFACE_STYLE_USAGE(.BOTH.,#1422);
#1424=PRESENTATION_STYLE_ASSIGNMENT((#1423));
#1425=STYLED_ITEM('',(#1424),#1417);
#1426=ADVANCED_FACE('',(#4806,#4808),#4810,.F.);
#1427=COLOUR_RGB('',0.564705882352941,0.564705882352941,0.564705882352941);
#1428=FILL_AREA_STYLE_COLOUR('',#1427);
#1429=FILL_AREA_STYLE($,(#1428));
#1430=SURFACE_STYLE_FILL_AREA(#1429);
#1431=SURFACE_SIDE_STYLE('',(#1430));
#1432=SURFACE_STYLE_USAGE(.BOTH.,#1431);
#1433=PRESENTATION_STYLE_ASSIGNMENT((#1432));
#1434=STYLED_ITEM('',(#1433),#1426);
#1435=ADVANCED_FACE('',(#4815,#4817),#4819,.T.);
#1436=COLOUR_RGB('',0.564705882352941,0.564705882352941,0.564705882352941);
#1437=FILL_AREA_STYLE_COLOUR('',#1436);
#1438=FILL_AREA_STYLE($,(#1437));
#1439=SURFACE_STYLE_FILL_AREA(#1438);
#1440=SURFACE_SIDE_STYLE('',(#1439));
#1441=SURFACE_STYLE_USAGE(.BOTH.,#1440);
#1442=PRESENTATION_STYLE_ASSIGNMENT((#1441));
#1443=STYLED_ITEM('',(#1442),#1435);
#1444=ADVANCED_FACE('',(#4824,#4826),#4828,.T.);
#1445=COLOUR_RGB('',0.564705882352941,0.564705882352941,0.564705882352941);
#1446=FILL_AREA_STYLE_COLOUR('',#1445);
#1447=FILL_AREA_STYLE($,(#1446));
#1448=SURFACE_STYLE_FILL_AREA(#1447);
#1449=SURFACE_SIDE_STYLE('',(#1448));
#1450=SURFACE_STYLE_USAGE(.BOTH.,#1449);
#1451=PRESENTATION_STYLE_ASSIGNMENT((#1450));
#1452=STYLED_ITEM('',(#1451),#1444);
#1453=ADVANCED_FACE('',(#4833,#4835),#4837,.T.);
#1454=COLOUR_RGB('',0.564705882352941,0.564705882352941,0.564705882352941);
#1455=FILL_AREA_STYLE_COLOUR('',#1454);
#1456=FILL_AREA_STYLE($,(#1455));
#1457=SURFACE_STYLE_FILL_AREA(#1456);
#1458=SURFACE_SIDE_STYLE('',(#1457));
#1459=SURFACE_STYLE_USAGE(.BOTH.,#1458);
#1460=PRESENTATION_STYLE_ASSIGNMENT((#1459));
#1461=STYLED_ITEM('',(#1460),#1453);
#1462=ADVANCED_FACE('',(#4842),#4844,.T.);
#1463=COLOUR_RGB('',0.564705882352941,0.564705882352941,0.564705882352941);
#1464=FILL_AREA_STYLE_COLOUR('',#1463);
#1465=FILL_AREA_STYLE($,(#1464));
#1466=SURFACE_STYLE_FILL_AREA(#1465);
#1467=SURFACE_SIDE_STYLE('',(#1466));
#1468=SURFACE_STYLE_USAGE(.BOTH.,#1467);
#1469=PRESENTATION_STYLE_ASSIGNMENT((#1468));
#1470=STYLED_ITEM('',(#1469),#1462);
#1471=ADVANCED_FACE('',(#4849),#4851,.T.);
#1472=COLOUR_RGB('',0.564705882352941,0.564705882352941,0.564705882352941);
#1473=FILL_AREA_STYLE_COLOUR('',#1472);
#1474=FILL_AREA_STYLE($,(#1473));
#1475=SURFACE_STYLE_FILL_AREA(#1474);
#1476=SURFACE_SIDE_STYLE('',(#1475));
#1477=SURFACE_STYLE_USAGE(.BOTH.,#1476);
#1478=PRESENTATION_STYLE_ASSIGNMENT((#1477));
#1479=STYLED_ITEM('',(#1478),#1471);
#1480=ADVANCED_FACE('',(#4856,#4858,#4860,#4862,#4864,#4866,#4868,#4870,#4872,#4874,
#4876,#4878,#4880,#4882,#4884,#4886,#4888,#4890,#4892,#4894,#4896,#4898,#4900,#4902,
#4904,#4906,#4908,#4910),#4912,.F.);
#1481=COLOUR_RGB('',0.564705882352941,0.564705882352941,0.564705882352941);
#1482=FILL_AREA_STYLE_COLOUR('',#1481);
#1483=FILL_AREA_STYLE($,(#1482));
#1484=SURFACE_STYLE_FILL_AREA(#1483);
#1485=SURFACE_SIDE_STYLE('',(#1484));
#1486=SURFACE_STYLE_USAGE(.BOTH.,#1485);
#1487=PRESENTATION_STYLE_ASSIGNMENT((#1486));
#1488=STYLED_ITEM('',(#1487),#1480);
#1489=ADVANCED_FACE('',(#4917),#4919,.F.);
#1490=COLOUR_RGB('',0.564705882352941,0.564705882352941,0.564705882352941);
#1491=FILL_AREA_STYLE_COLOUR('',#1490);
#1492=FILL_AREA_STYLE($,(#1491));
#1493=SURFACE_STYLE_FILL_AREA(#1492);
#1494=SURFACE_SIDE_STYLE('',(#1493));
#1495=SURFACE_STYLE_USAGE(.BOTH.,#1494);
#1496=PRESENTATION_STYLE_ASSIGNMENT((#1495));
#1497=STYLED_ITEM('',(#1496),#1489);
#1498=ADVANCED_FACE('',(#4924,#4926,#4928,#4930),#4932,.F.);
#1499=COLOUR_RGB('',0.564705882352941,0.564705882352941,0.564705882352941);
#1500=FILL_AREA_STYLE_COLOUR('',#1499);
#1501=FILL_AREA_STYLE($,(#1500));
#1502=SURFACE_STYLE_FILL_AREA(#1501);
#1503=SURFACE_SIDE_STYLE('',(#1502));
#1504=SURFACE_STYLE_USAGE(.BOTH.,#1503);
#1505=PRESENTATION_STYLE_ASSIGNMENT((#1504));
#1506=STYLED_ITEM('',(#1505),#1498);
#1507=ADVANCED_FACE('',(#4937),#4939,.T.);
#1508=COLOUR_RGB('',0.564705882352941,0.564705882352941,0.564705882352941);
#1509=FILL_AREA_STYLE_COLOUR('',#1508);
#1510=FILL_AREA_STYLE($,(#1509));
#1511=SURFACE_STYLE_FILL_AREA(#1510);
#1512=SURFACE_SIDE_STYLE('',(#1511));
#1513=SURFACE_STYLE_USAGE(.BOTH.,#1512);
#1514=PRESENTATION_STYLE_ASSIGNMENT((#1513));
#1515=STYLED_ITEM('',(#1514),#1507);
#1516=ADVANCED_FACE('',(#4944),#4946,.T.);
#1517=COLOUR_RGB('',0.564705882352941,0.564705882352941,0.564705882352941);
#1518=FILL_AREA_STYLE_COLOUR('',#1517);
#1519=FILL_AREA_STYLE($,(#1518));
#1520=SURFACE_STYLE_FILL_AREA(#1519);
#1521=SURFACE_SIDE_STYLE('',(#1520));
#1522=SURFACE_STYLE_USAGE(.BOTH.,#1521);
#1523=PRESENTATION_STYLE_ASSIGNMENT((#1522));
#1524=STYLED_ITEM('',(#1523),#1516);
#1525=ADVANCED_FACE('',(#4951),#4953,.T.);
#1526=COLOUR_RGB('',0.564705882352941,0.564705882352941,0.564705882352941);
#1527=FILL_AREA_STYLE_COLOUR('',#1526);
#1528=FILL_AREA_STYLE($,(#1527));
#1529=SURFACE_STYLE_FILL_AREA(#1528);
#1530=SURFACE_SIDE_STYLE('',(#1529));
#1531=SURFACE_STYLE_USAGE(.BOTH.,#1530);
#1532=PRESENTATION_STYLE_ASSIGNMENT((#1531));
#1533=STYLED_ITEM('',(#1532),#1525);
#1534=ADVANCED_FACE('',(#4958,#4960),#4962,.T.);
#1535=COLOUR_RGB('',0.564705882352941,0.564705882352941,0.564705882352941);
#1536=FILL_AREA_STYLE_COLOUR('',#1535);
#1537=FILL_AREA_STYLE($,(#1536));
#1538=SURFACE_STYLE_FILL_AREA(#1537);
#1539=SURFACE_SIDE_STYLE('',(#1538));
#1540=SURFACE_STYLE_USAGE(.BOTH.,#1539);
#1541=PRESENTATION_STYLE_ASSIGNMENT((#1540));
#1542=STYLED_ITEM('',(#1541),#1534);
#1543=ADVANCED_FACE('',(#4967,#4969),#4971,.T.);
#1544=COLOUR_RGB('',0.564705882352941,0.564705882352941,0.564705882352941);
#1545=FILL_AREA_STYLE_COLOUR('',#1544);
#1546=FILL_AREA_STYLE($,(#1545));
#1547=SURFACE_STYLE_FILL_AREA(#1546);
#1548=SURFACE_SIDE_STYLE('',(#1547));
#1549=SURFACE_STYLE_USAGE(.BOTH.,#1548);
#1550=PRESENTATION_STYLE_ASSIGNMENT((#1549));
#1551=STYLED_ITEM('',(#1550),#1543);
#1552=ADVANCED_FACE('',(#4976,#4978),#4980,.T.);
#1553=COLOUR_RGB('',0.564705882352941,0.564705882352941,0.564705882352941);
#1554=FILL_AREA_STYLE_COLOUR('',#1553);
#1555=FILL_AREA_STYLE($,(#1554));
#1556=SURFACE_STYLE_FILL_AREA(#1555);
#1557=SURFACE_SIDE_STYLE('',(#1556));
#1558=SURFACE_STYLE_USAGE(.BOTH.,#1557);
#1559=PRESENTATION_STYLE_ASSIGNMENT((#1558));
#1560=STYLED_ITEM('',(#1559),#1552);
#1561=ADVANCED_FACE('',(#4985,#4987),#4989,.T.);
#1562=COLOUR_RGB('',0.564705882352941,0.564705882352941,0.564705882352941);
#1563=FILL_AREA_STYLE_COLOUR('',#1562);
#1564=FILL_AREA_STYLE($,(#1563));
#1565=SURFACE_STYLE_FILL_AREA(#1564);
#1566=SURFACE_SIDE_STYLE('',(#1565));
#1567=SURFACE_STYLE_USAGE(.BOTH.,#1566);
#1568=PRESENTATION_STYLE_ASSIGNMENT((#1567));
#1569=STYLED_ITEM('',(#1568),#1561);
#1570=ADVANCED_FACE('',(#4994,#4996),#4998,.T.);
#1571=COLOUR_RGB('',0.564705882352941,0.564705882352941,0.564705882352941);
#1572=FILL_AREA_STYLE_COLOUR('',#1571);
#1573=FILL_AREA_STYLE($,(#1572));
#1574=SURFACE_STYLE_FILL_AREA(#1573);
#1575=SURFACE_SIDE_STYLE('',(#1574));
#1576=SURFACE_STYLE_USAGE(.BOTH.,#1575);
#1577=PRESENTATION_STYLE_ASSIGNMENT((#1576));
#1578=STYLED_ITEM('',(#1577),#1570);
#1579=ADVANCED_FACE('',(#5003,#5005),#5007,.T.);
#1580=COLOUR_RGB('',0.564705882352941,0.564705882352941,0.564705882352941);
#1581=FILL_AREA_STYLE_COLOUR('',#1580);
#1582=FILL_AREA_STYLE($,(#1581));
#1583=SURFACE_STYLE_FILL_AREA(#1582);
#1584=SURFACE_SIDE_STYLE('',(#1583));
#1585=SURFACE_STYLE_USAGE(.BOTH.,#1584);
#1586=PRESENTATION_STYLE_ASSIGNMENT((#1585));
#1587=STYLED_ITEM('',(#1586),#1579);
#1588=ADVANCED_FACE('',(#5012,#5014),#5016,.T.);
#1589=COLOUR_RGB('',0.564705882352941,0.564705882352941,0.564705882352941);
#1590=FILL_AREA_STYLE_COLOUR('',#1589);
#1591=FILL_AREA_STYLE($,(#1590));
#1592=SURFACE_STYLE_FILL_AREA(#1591);
#1593=SURFACE_SIDE_STYLE('',(#1592));
#1594=SURFACE_STYLE_USAGE(.BOTH.,#1593);
#1595=PRESENTATION_STYLE_ASSIGNMENT((#1594));
#1596=STYLED_ITEM('',(#1595),#1588);
#1597=ADVANCED_FACE('',(#5021),#5023,.T.);
#1598=COLOUR_RGB('',0.564705882352941,0.564705882352941,0.564705882352941);
#1599=FILL_AREA_STYLE_COLOUR('',#1598);
#1600=FILL_AREA_STYLE($,(#1599));
#1601=SURFACE_STYLE_FILL_AREA(#1600);
#1602=SURFACE_SIDE_STYLE('',(#1601));
#1603=SURFACE_STYLE_USAGE(.BOTH.,#1602);
#1604=PRESENTATION_STYLE_ASSIGNMENT((#1603));
#1605=STYLED_ITEM('',(#1604),#1597);
#1606=ADVANCED_FACE('',(#5028),#5030,.T.);
#1607=COLOUR_RGB('',0.564705882352941,0.564705882352941,0.564705882352941);
#1608=FILL_AREA_STYLE_COLOUR('',#1607);
#1609=FILL_AREA_STYLE($,(#1608));
#1610=SURFACE_STYLE_FILL_AREA(#1609);
#1611=SURFACE_SIDE_STYLE('',(#1610));
#1612=SURFACE_STYLE_USAGE(.BOTH.,#1611);
#1613=PRESENTATION_STYLE_ASSIGNMENT((#1612));
#1614=STYLED_ITEM('',(#1613),#1606);
#1615=ADVANCED_FACE('',(#5035,#5037),#5039,.F.);
#1616=COLOUR_RGB('',0.564705882352941,0.564705882352941,0.564705882352941);
#1617=FILL_AREA_STYLE_COLOUR('',#1616);
#1618=FILL_AREA_STYLE($,(#1617));
#1619=SURFACE_STYLE_FILL_AREA(#1618);
#1620=SURFACE_SIDE_STYLE('',(#1619));
#1621=SURFACE_STYLE_USAGE(.BOTH.,#1620);
#1622=PRESENTATION_STYLE_ASSIGNMENT((#1621));
#1623=STYLED_ITEM('',(#1622),#1615);
#1624=ADVANCED_FACE('',(#5044),#5046,.F.);
#1625=COLOUR_RGB('',0.564705882352941,0.564705882352941,0.564705882352941);
#1626=FILL_AREA_STYLE_COLOUR('',#1625);
#1627=FILL_AREA_STYLE($,(#1626));
#1628=SURFACE_STYLE_FILL_AREA(#1627);
#1629=SURFACE_SIDE_STYLE('',(#1628));
#1630=SURFACE_STYLE_USAGE(.BOTH.,#1629);
#1631=PRESENTATION_STYLE_ASSIGNMENT((#1630));
#1632=STYLED_ITEM('',(#1631),#1624);
#1633=ADVANCED_FACE('',(#5051),#5053,.T.);
#1634=COLOUR_RGB('',0.564705882352941,0.564705882352941,0.564705882352941);
#1635=FILL_AREA_STYLE_COLOUR('',#1634);
#1636=FILL_AREA_STYLE($,(#1635));
#1637=SURFACE_STYLE_FILL_AREA(#1636);
#1638=SURFACE_SIDE_STYLE('',(#1637));
#1639=SURFACE_STYLE_USAGE(.BOTH.,#1638);
#1640=PRESENTATION_STYLE_ASSIGNMENT((#1639));
#1641=STYLED_ITEM('',(#1640),#1633);
#1642=ADVANCED_FACE('',(#5058),#5060,.T.);
#1643=COLOUR_RGB('',0.564705882352941,0.564705882352941,0.564705882352941);
#1644=FILL_AREA_STYLE_COLOUR('',#1643);
#1645=FILL_AREA_STYLE($,(#1644));
#1646=SURFACE_STYLE_FILL_AREA(#1645);
#1647=SURFACE_SIDE_STYLE('',(#1646));
#1648=SURFACE_STYLE_USAGE(.BOTH.,#1647);
#1649=PRESENTATION_STYLE_ASSIGNMENT((#1648));
#1650=STYLED_ITEM('',(#1649),#1642);
#1651=ADVANCED_FACE('',(#5065,#5067,#5069,#5071),#5073,.T.);
#1652=COLOUR_RGB('',0.564705882352941,0.564705882352941,0.564705882352941);
#1653=FILL_AREA_STYLE_COLOUR('',#1652);
#1654=FILL_AREA_STYLE($,(#1653));
#1655=SURFACE_STYLE_FILL_AREA(#1654);
#1656=SURFACE_SIDE_STYLE('',(#1655));
#1657=SURFACE_STYLE_USAGE(.BOTH.,#1656);
#1658=PRESENTATION_STYLE_ASSIGNMENT((#1657));
#1659=STYLED_ITEM('',(#1658),#1651);
#1660=ADVANCED_FACE('',(#5078),#5080,.T.);
#1661=COLOUR_RGB('',0.564705882352941,0.564705882352941,0.564705882352941);
#1662=FILL_AREA_STYLE_COLOUR('',#1661);
#1663=FILL_AREA_STYLE($,(#1662));
#1664=SURFACE_STYLE_FILL_AREA(#1663);
#1665=SURFACE_SIDE_STYLE('',(#1664));
#1666=SURFACE_STYLE_USAGE(.BOTH.,#1665);
#1667=PRESENTATION_STYLE_ASSIGNMENT((#1666));
#1668=STYLED_ITEM('',(#1667),#1660);
#1669=ADVANCED_FACE('',(#5085),#5087,.T.);
#1670=COLOUR_RGB('',0.564705882352941,0.564705882352941,0.564705882352941);
#1671=FILL_AREA_STYLE_COLOUR('',#1670);
#1672=FILL_AREA_STYLE($,(#1671));
#1673=SURFACE_STYLE_FILL_AREA(#1672);
#1674=SURFACE_SIDE_STYLE('',(#1673));
#1675=SURFACE_STYLE_USAGE(.BOTH.,#1674);
#1676=PRESENTATION_STYLE_ASSIGNMENT((#1675));
#1677=STYLED_ITEM('',(#1676),#1669);
#1678=ADVANCED_FACE('',(#5092,#5094,#5096),#5098,.T.);
#1679=COLOUR_RGB('',0.564705882352941,0.564705882352941,0.564705882352941);
#1680=FILL_AREA_STYLE_COLOUR('',#1679);
#1681=FILL_AREA_STYLE($,(#1680));
#1682=SURFACE_STYLE_FILL_AREA(#1681);
#1683=SURFACE_SIDE_STYLE('',(#1682));
#1684=SURFACE_STYLE_USAGE(.BOTH.,#1683);
#1685=PRESENTATION_STYLE_ASSIGNMENT((#1684));
#1686=STYLED_ITEM('',(#1685),#1678);
#1687=ADVANCED_FACE('',(#5103),#5105,.T.);
#1688=COLOUR_RGB('',0.564705882352941,0.564705882352941,0.564705882352941);
#1689=FILL_AREA_STYLE_COLOUR('',#1688);
#1690=FILL_AREA_STYLE($,(#1689));
#1691=SURFACE_STYLE_FILL_AREA(#1690);
#1692=SURFACE_SIDE_STYLE('',(#1691));
#1693=SURFACE_STYLE_USAGE(.BOTH.,#1692);
#1694=PRESENTATION_STYLE_ASSIGNMENT((#1693));
#1695=STYLED_ITEM('',(#1694),#1687);
#1696=ADVANCED_FACE('',(#5110,#5112,#5114,#5116,#5118,#5120,#5122,#5124,#5126,#5128,
#5130,#5132,#5134,#5136,#5138,#5140,#5142,#5144,#5146,#5148,#5150,#5152,#5154,#5156,
#5158,#5160,#5162,#5164,#5166,#5168,#5170),#5172,.T.);
#1697=COLOUR_RGB('',0.564705882352941,0.564705882352941,0.564705882352941);
#1698=FILL_AREA_STYLE_COLOUR('',#1697);
#1699=FILL_AREA_STYLE($,(#1698));
#1700=SURFACE_STYLE_FILL_AREA(#1699);
#1701=SURFACE_SIDE_STYLE('',(#1700));
#1702=SURFACE_STYLE_USAGE(.BOTH.,#1701);
#1703=PRESENTATION_STYLE_ASSIGNMENT((#1702));
#1704=STYLED_ITEM('',(#1703),#1696);
#1705=ADVANCED_FACE('',(#5177),#5179,.T.);
#1706=COLOUR_RGB('',0.564705882352941,0.564705882352941,0.564705882352941);
#1707=FILL_AREA_STYLE_COLOUR('',#1706);
#1708=FILL_AREA_STYLE($,(#1707));
#1709=SURFACE_STYLE_FILL_AREA(#1708);
#1710=SURFACE_SIDE_STYLE('',(#1709));
#1711=SURFACE_STYLE_USAGE(.BOTH.,#1710);
#1712=PRESENTATION_STYLE_ASSIGNMENT((#1711));
#1713=STYLED_ITEM('',(#1712),#1705);
#1714=ADVANCED_FACE('',(#5184),#5186,.T.);
#1715=COLOUR_RGB('',0.564705882352941,0.564705882352941,0.564705882352941);
#1716=FILL_AREA_STYLE_COLOUR('',#1715);
#1717=FILL_AREA_STYLE($,(#1716));
#1718=SURFACE_STYLE_FILL_AREA(#1717);
#1719=SURFACE_SIDE_STYLE('',(#1718));
#1720=SURFACE_STYLE_USAGE(.BOTH.,#1719);
#1721=PRESENTATION_STYLE_ASSIGNMENT((#1720));
#1722=STYLED_ITEM('',(#1721),#1714);
#1723=ADVANCED_FACE('',(#5191),#5193,.T.);
#1724=COLOUR_RGB('',0.564705882352941,0.564705882352941,0.564705882352941);
#1725=FILL_AREA_STYLE_COLOUR('',#1724);
#1726=FILL_AREA_STYLE($,(#1725));
#1727=SURFACE_STYLE_FILL_AREA(#1726);
#1728=SURFACE_SIDE_STYLE('',(#1727));
#1729=SURFACE_STYLE_USAGE(.BOTH.,#1728);
#1730=PRESENTATION_STYLE_ASSIGNMENT((#1729));
#1731=STYLED_ITEM('',(#1730),#1723);
#1732=ADVANCED_FACE('',(#5198),#5200,.T.);
#1733=COLOUR_RGB('',0.564705882352941,0.564705882352941,0.564705882352941);
#1734=FILL_AREA_STYLE_COLOUR('',#1733);
#1735=FILL_AREA_STYLE($,(#1734));
#1736=SURFACE_STYLE_FILL_AREA(#1735);
#1737=SURFACE_SIDE_STYLE('',(#1736));
#1738=SURFACE_STYLE_USAGE(.BOTH.,#1737);
#1739=PRESENTATION_STYLE_ASSIGNMENT((#1738));
#1740=STYLED_ITEM('',(#1739),#1732);
#1741=ADVANCED_FACE('',(#5205),#5207,.T.);
#1742=COLOUR_RGB('',0.564705882352941,0.564705882352941,0.564705882352941);
#1743=FILL_AREA_STYLE_COLOUR('',#1742);
#1744=FILL_AREA_STYLE($,(#1743));
#1745=SURFACE_STYLE_FILL_AREA(#1744);
#1746=SURFACE_SIDE_STYLE('',(#1745));
#1747=SURFACE_STYLE_USAGE(.BOTH.,#1746);
#1748=PRESENTATION_STYLE_ASSIGNMENT((#1747));
#1749=STYLED_ITEM('',(#1748),#1741);
#1750=ADVANCED_FACE('',(#5212),#5214,.T.);
#1751=COLOUR_RGB('',0.564705882352941,0.564705882352941,0.564705882352941);
#1752=FILL_AREA_STYLE_COLOUR('',#1751);
#1753=FILL_AREA_STYLE($,(#1752));
#1754=SURFACE_STYLE_FILL_AREA(#1753);
#1755=SURFACE_SIDE_STYLE('',(#1754));
#1756=SURFACE_STYLE_USAGE(.BOTH.,#1755);
#1757=PRESENTATION_STYLE_ASSIGNMENT((#1756));
#1758=STYLED_ITEM('',(#1757),#1750);
#1759=ADVANCED_FACE('',(#5219),#5221,.T.);
#1760=COLOUR_RGB('',0.564705882352941,0.564705882352941,0.564705882352941);
#1761=FILL_AREA_STYLE_COLOUR('',#1760);
#1762=FILL_AREA_STYLE($,(#1761));
#1763=SURFACE_STYLE_FILL_AREA(#1762);
#1764=SURFACE_SIDE_STYLE('',(#1763));
#1765=SURFACE_STYLE_USAGE(.BOTH.,#1764);
#1766=PRESENTATION_STYLE_ASSIGNMENT((#1765));
#1767=STYLED_ITEM('',(#1766),#1759);
#1768=ADVANCED_FACE('',(#5226),#5228,.T.);
#1769=COLOUR_RGB('',0.564705882352941,0.564705882352941,0.564705882352941);
#1770=FILL_AREA_STYLE_COLOUR('',#1769);
#1771=FILL_AREA_STYLE($,(#1770));
#1772=SURFACE_STYLE_FILL_AREA(#1771);
#1773=SURFACE_SIDE_STYLE('',(#1772));
#1774=SURFACE_STYLE_USAGE(.BOTH.,#1773);
#1775=PRESENTATION_STYLE_ASSIGNMENT((#1774));
#1776=STYLED_ITEM('',(#1775),#1768);
#1777=ADVANCED_FACE('',(#5233),#5235,.T.);
#1778=COLOUR_RGB('',0.564705882352941,0.564705882352941,0.564705882352941);
#1779=FILL_AREA_STYLE_COLOUR('',#1778);
#1780=FILL_AREA_STYLE($,(#1779));
#1781=SURFACE_STYLE_FILL_AREA(#1780);
#1782=SURFACE_SIDE_STYLE('',(#1781));
#1783=SURFACE_STYLE_USAGE(.BOTH.,#1782);
#1784=PRESENTATION_STYLE_ASSIGNMENT((#1783));
#1785=STYLED_ITEM('',(#1784),#1777);
#1786=ADVANCED_FACE('',(#5240,#5242),#5244,.F.);
#1787=COLOUR_RGB('',0.564705882352941,0.564705882352941,0.564705882352941);
#1788=FILL_AREA_STYLE_COLOUR('',#1787);
#1789=FILL_AREA_STYLE($,(#1788));
#1790=SURFACE_STYLE_FILL_AREA(#1789);
#1791=SURFACE_SIDE_STYLE('',(#1790));
#1792=SURFACE_STYLE_USAGE(.BOTH.,#1791);
#1793=PRESENTATION_STYLE_ASSIGNMENT((#1792));
#1794=STYLED_ITEM('',(#1793),#1786);
#1795=ADVANCED_FACE('',(#5249,#5251),#5253,.F.);
#1796=COLOUR_RGB('',0.564705882352941,0.564705882352941,0.564705882352941);
#1797=FILL_AREA_STYLE_COLOUR('',#1796);
#1798=FILL_AREA_STYLE($,(#1797));
#1799=SURFACE_STYLE_FILL_AREA(#1798);
#1800=SURFACE_SIDE_STYLE('',(#1799));
#1801=SURFACE_STYLE_USAGE(.BOTH.,#1800);
#1802=PRESENTATION_STYLE_ASSIGNMENT((#1801));
#1803=STYLED_ITEM('',(#1802),#1795);
#1804=ADVANCED_FACE('',(#5258,#5260),#5262,.F.);
#1805=COLOUR_RGB('',0.564705882352941,0.564705882352941,0.564705882352941);
#1806=FILL_AREA_STYLE_COLOUR('',#1805);
#1807=FILL_AREA_STYLE($,(#1806));
#1808=SURFACE_STYLE_FILL_AREA(#1807);
#1809=SURFACE_SIDE_STYLE('',(#1808));
#1810=SURFACE_STYLE_USAGE(.BOTH.,#1809);
#1811=PRESENTATION_STYLE_ASSIGNMENT((#1810));
#1812=STYLED_ITEM('',(#1811),#1804);
#1813=ADVANCED_FACE('',(#5267,#5269),#5271,.F.);
#1814=COLOUR_RGB('',0.564705882352941,0.564705882352941,0.564705882352941);
#1815=FILL_AREA_STYLE_COLOUR('',#1814);
#1816=FILL_AREA_STYLE($,(#1815));
#1817=SURFACE_STYLE_FILL_AREA(#1816);
#1818=SURFACE_SIDE_STYLE('',(#1817));
#1819=SURFACE_STYLE_USAGE(.BOTH.,#1818);
#1820=PRESENTATION_STYLE_ASSIGNMENT((#1819));
#1821=STYLED_ITEM('',(#1820),#1813);
#1822=ADVANCED_FACE('',(#5276,#5278),#5280,.F.);
#1823=COLOUR_RGB('',0.564705882352941,0.564705882352941,0.564705882352941);
#1824=FILL_AREA_STYLE_COLOUR('',#1823);
#1825=FILL_AREA_STYLE($,(#1824));
#1826=SURFACE_STYLE_FILL_AREA(#1825);
#1827=SURFACE_SIDE_STYLE('',(#1826));
#1828=SURFACE_STYLE_USAGE(.BOTH.,#1827);
#1829=PRESENTATION_STYLE_ASSIGNMENT((#1828));
#1830=STYLED_ITEM('',(#1829),#1822);
#1831=ADVANCED_FACE('',(#5285),#5287,.F.);
#1832=COLOUR_RGB('',0.564705882352941,0.564705882352941,0.564705882352941);
#1833=FILL_AREA_STYLE_COLOUR('',#1832);
#1834=FILL_AREA_STYLE($,(#1833));
#1835=SURFACE_STYLE_FILL_AREA(#1834);
#1836=SURFACE_SIDE_STYLE('',(#1835));
#1837=SURFACE_STYLE_USAGE(.BOTH.,#1836);
#1838=PRESENTATION_STYLE_ASSIGNMENT((#1837));
#1839=STYLED_ITEM('',(#1838),#1831);
#1840=ADVANCED_FACE('',(#5292),#5294,.T.);
#1841=COLOUR_RGB('',0.564705882352941,0.564705882352941,0.564705882352941);
#1842=FILL_AREA_STYLE_COLOUR('',#1841);
#1843=FILL_AREA_STYLE($,(#1842));
#1844=SURFACE_STYLE_FILL_AREA(#1843);
#1845=SURFACE_SIDE_STYLE('',(#1844));
#1846=SURFACE_STYLE_USAGE(.BOTH.,#1845);
#1847=PRESENTATION_STYLE_ASSIGNMENT((#1846));
#1848=STYLED_ITEM('',(#1847),#1840);
#1849=ADVANCED_FACE('',(#5299),#5301,.F.);
#1850=COLOUR_RGB('',0.564705882352941,0.564705882352941,0.564705882352941);
#1851=FILL_AREA_STYLE_COLOUR('',#1850);
#1852=FILL_AREA_STYLE($,(#1851));
#1853=SURFACE_STYLE_FILL_AREA(#1852);
#1854=SURFACE_SIDE_STYLE('',(#1853));
#1855=SURFACE_STYLE_USAGE(.BOTH.,#1854);
#1856=PRESENTATION_STYLE_ASSIGNMENT((#1855));
#1857=STYLED_ITEM('',(#1856),#1849);
#1858=ADVANCED_FACE('',(#5306),#5308,.T.);
#1859=COLOUR_RGB('',0.564705882352941,0.564705882352941,0.564705882352941);
#1860=FILL_AREA_STYLE_COLOUR('',#1859);
#1861=FILL_AREA_STYLE($,(#1860));
#1862=SURFACE_STYLE_FILL_AREA(#1861);
#1863=SURFACE_SIDE_STYLE('',(#1862));
#1864=SURFACE_STYLE_USAGE(.BOTH.,#1863);
#1865=PRESENTATION_STYLE_ASSIGNMENT((#1864));
#1866=STYLED_ITEM('',(#1865),#1858);
#1867=ADVANCED_FACE('',(#5313),#5315,.F.);
#1868=COLOUR_RGB('',0.564705882352941,0.564705882352941,0.564705882352941);
#1869=FILL_AREA_STYLE_COLOUR('',#1868);
#1870=FILL_AREA_STYLE($,(#1869));
#1871=SURFACE_STYLE_FILL_AREA(#1870);
#1872=SURFACE_SIDE_STYLE('',(#1871));
#1873=SURFACE_STYLE_USAGE(.BOTH.,#1872);
#1874=PRESENTATION_STYLE_ASSIGNMENT((#1873));
#1875=STYLED_ITEM('',(#1874),#1867);
#1876=ADVANCED_FACE('',(#5320),#5322,.T.);
#1877=COLOUR_RGB('',0.564705882352941,0.564705882352941,0.564705882352941);
#1878=FILL_AREA_STYLE_COLOUR('',#1877);
#1879=FILL_AREA_STYLE($,(#1878));
#1880=SURFACE_STYLE_FILL_AREA(#1879);
#1881=SURFACE_SIDE_STYLE('',(#1880));
#1882=SURFACE_STYLE_USAGE(.BOTH.,#1881);
#1883=PRESENTATION_STYLE_ASSIGNMENT((#1882));
#1884=STYLED_ITEM('',(#1883),#1876);
#1885=ADVANCED_FACE('',(#5327),#5329,.T.);
#1886=COLOUR_RGB('',0.564705882352941,0.564705882352941,0.564705882352941);
#1887=FILL_AREA_STYLE_COLOUR('',#1886);
#1888=FILL_AREA_STYLE($,(#1887));
#1889=SURFACE_STYLE_FILL_AREA(#1888);
#1890=SURFACE_SIDE_STYLE('',(#1889));
#1891=SURFACE_STYLE_USAGE(.BOTH.,#1890);
#1892=PRESENTATION_STYLE_ASSIGNMENT((#1891));
#1893=STYLED_ITEM('',(#1892),#1885);
#1894=ADVANCED_FACE('',(#5334),#5336,.F.);
#1895=COLOUR_RGB('',0.564705882352941,0.564705882352941,0.564705882352941);
#1896=FILL_AREA_STYLE_COLOUR('',#1895);
#1897=FILL_AREA_STYLE($,(#1896));
#1898=SURFACE_STYLE_FILL_AREA(#1897);
#1899=SURFACE_SIDE_STYLE('',(#1898));
#1900=SURFACE_STYLE_USAGE(.BOTH.,#1899);
#1901=PRESENTATION_STYLE_ASSIGNMENT((#1900));
#1902=STYLED_ITEM('',(#1901),#1894);
#1903=ADVANCED_FACE('',(#5341),#5343,.F.);
#1904=COLOUR_RGB('',0.564705882352941,0.564705882352941,0.564705882352941);
#1905=FILL_AREA_STYLE_COLOUR('',#1904);
#1906=FILL_AREA_STYLE($,(#1905));
#1907=SURFACE_STYLE_FILL_AREA(#1906);
#1908=SURFACE_SIDE_STYLE('',(#1907));
#1909=SURFACE_STYLE_USAGE(.BOTH.,#1908);
#1910=PRESENTATION_STYLE_ASSIGNMENT((#1909));
#1911=STYLED_ITEM('',(#1910),#1903);
#1912=ADVANCED_FACE('',(#5348),#5350,.F.);
#1913=COLOUR_RGB('',0.564705882352941,0.564705882352941,0.564705882352941);
#1914=FILL_AREA_STYLE_COLOUR('',#1913);
#1915=FILL_AREA_STYLE($,(#1914));
#1916=SURFACE_STYLE_FILL_AREA(#1915);
#1917=SURFACE_SIDE_STYLE('',(#1916));
#1918=SURFACE_STYLE_USAGE(.BOTH.,#1917);
#1919=PRESENTATION_STYLE_ASSIGNMENT((#1918));
#1920=STYLED_ITEM('',(#1919),#1912);
#1921=ADVANCED_FACE('',(#5355),#5357,.F.);
#1922=COLOUR_RGB('',0.564705882352941,0.564705882352941,0.564705882352941);
#1923=FILL_AREA_STYLE_COLOUR('',#1922);
#1924=FILL_AREA_STYLE($,(#1923));
#1925=SURFACE_STYLE_FILL_AREA(#1924);
#1926=SURFACE_SIDE_STYLE('',(#1925));
#1927=SURFACE_STYLE_USAGE(.BOTH.,#1926);
#1928=PRESENTATION_STYLE_ASSIGNMENT((#1927));
#1929=STYLED_ITEM('',(#1928),#1921);
#1930=ADVANCED_FACE('',(#5362),#5364,.F.);
#1931=COLOUR_RGB('',0.564705882352941,0.564705882352941,0.564705882352941);
#1932=FILL_AREA_STYLE_COLOUR('',#1931);
#1933=FILL_AREA_STYLE($,(#1932));
#1934=SURFACE_STYLE_FILL_AREA(#1933);
#1935=SURFACE_SIDE_STYLE('',(#1934));
#1936=SURFACE_STYLE_USAGE(.BOTH.,#1935);
#1937=PRESENTATION_STYLE_ASSIGNMENT((#1936));
#1938=STYLED_ITEM('',(#1937),#1930);
#1939=ADVANCED_FACE('',(#5369),#5371,.F.);
#1940=COLOUR_RGB('',0.564705882352941,0.564705882352941,0.564705882352941);
#1941=FILL_AREA_STYLE_COLOUR('',#1940);
#1942=FILL_AREA_STYLE($,(#1941));
#1943=SURFACE_STYLE_FILL_AREA(#1942);
#1944=SURFACE_SIDE_STYLE('',(#1943));
#1945=SURFACE_STYLE_USAGE(.BOTH.,#1944);
#1946=PRESENTATION_STYLE_ASSIGNMENT((#1945));
#1947=STYLED_ITEM('',(#1946),#1939);
#1948=ADVANCED_FACE('',(#5376),#5378,.T.);
#1949=COLOUR_RGB('',0.564705882352941,0.564705882352941,0.564705882352941);
#1950=FILL_AREA_STYLE_COLOUR('',#1949);
#1951=FILL_AREA_STYLE($,(#1950));
#1952=SURFACE_STYLE_FILL_AREA(#1951);
#1953=SURFACE_SIDE_STYLE('',(#1952));
#1954=SURFACE_STYLE_USAGE(.BOTH.,#1953);
#1955=PRESENTATION_STYLE_ASSIGNMENT((#1954));
#1956=STYLED_ITEM('',(#1955),#1948);
#1957=ADVANCED_FACE('',(#5383),#5385,.F.);
#1958=COLOUR_RGB('',0.564705882352941,0.564705882352941,0.564705882352941);
#1959=FILL_AREA_STYLE_COLOUR('',#1958);
#1960=FILL_AREA_STYLE($,(#1959));
#1961=SURFACE_STYLE_FILL_AREA(#1960);
#1962=SURFACE_SIDE_STYLE('',(#1961));
#1963=SURFACE_STYLE_USAGE(.BOTH.,#1962);
#1964=PRESENTATION_STYLE_ASSIGNMENT((#1963));
#1965=STYLED_ITEM('',(#1964),#1957);
#1966=ADVANCED_FACE('',(#5390),#5392,.T.);
#1967=COLOUR_RGB('',0.564705882352941,0.564705882352941,0.564705882352941);
#1968=FILL_AREA_STYLE_COLOUR('',#1967);
#1969=FILL_AREA_STYLE($,(#1968));
#1970=SURFACE_STYLE_FILL_AREA(#1969);
#1971=SURFACE_SIDE_STYLE('',(#1970));
#1972=SURFACE_STYLE_USAGE(.BOTH.,#1971);
#1973=PRESENTATION_STYLE_ASSIGNMENT((#1972));
#1974=STYLED_ITEM('',(#1973),#1966);
#1975=ADVANCED_FACE('',(#5397),#5399,.F.);
#1976=COLOUR_RGB('',0.564705882352941,0.564705882352941,0.564705882352941);
#1977=FILL_AREA_STYLE_COLOUR('',#1976);
#1978=FILL_AREA_STYLE($,(#1977));
#1979=SURFACE_STYLE_FILL_AREA(#1978);
#1980=SURFACE_SIDE_STYLE('',(#1979));
#1981=SURFACE_STYLE_USAGE(.BOTH.,#1980);
#1982=PRESENTATION_STYLE_ASSIGNMENT((#1981));
#1983=STYLED_ITEM('',(#1982),#1975);
#1984=ADVANCED_FACE('',(#5404),#5406,.F.);
#1985=COLOUR_RGB('',0.564705882352941,0.564705882352941,0.564705882352941);
#1986=FILL_AREA_STYLE_COLOUR('',#1985);
#1987=FILL_AREA_STYLE($,(#1986));
#1988=SURFACE_STYLE_FILL_AREA(#1987);
#1989=SURFACE_SIDE_STYLE('',(#1988));
#1990=SURFACE_STYLE_USAGE(.BOTH.,#1989);
#1991=PRESENTATION_STYLE_ASSIGNMENT((#1990));
#1992=STYLED_ITEM('',(#1991),#1984);
#1993=ADVANCED_FACE('',(#5411),#5413,.F.);
#1994=COLOUR_RGB('',0.564705882352941,0.564705882352941,0.564705882352941);
#1995=FILL_AREA_STYLE_COLOUR('',#1994);
#1996=FILL_AREA_STYLE($,(#1995));
#1997=SURFACE_STYLE_FILL_AREA(#1996);
#1998=SURFACE_SIDE_STYLE('',(#1997));
#1999=SURFACE_STYLE_USAGE(.BOTH.,#1998);
#2000=PRESENTATION_STYLE_ASSIGNMENT((#1999));
#2001=STYLED_ITEM('',(#2000),#1993);
#2002=ADVANCED_FACE('',(#5418),#5420,.F.);
#2003=COLOUR_RGB('',0.564705882352941,0.564705882352941,0.564705882352941);
#2004=FILL_AREA_STYLE_COLOUR('',#2003);
#2005=FILL_AREA_STYLE($,(#2004));
#2006=SURFACE_STYLE_FILL_AREA(#2005);
#2007=SURFACE_SIDE_STYLE('',(#2006));
#2008=SURFACE_STYLE_USAGE(.BOTH.,#2007);
#2009=PRESENTATION_STYLE_ASSIGNMENT((#2008));
#2010=STYLED_ITEM('',(#2009),#2002);
#2011=ADVANCED_FACE('',(#5425),#5427,.F.);
#2012=COLOUR_RGB('',0.564705882352941,0.564705882352941,0.564705882352941);
#2013=FILL_AREA_STYLE_COLOUR('',#2012);
#2014=FILL_AREA_STYLE($,(#2013));
#2015=SURFACE_STYLE_FILL_AREA(#2014);
#2016=SURFACE_SIDE_STYLE('',(#2015));
#2017=SURFACE_STYLE_USAGE(.BOTH.,#2016);
#2018=PRESENTATION_STYLE_ASSIGNMENT((#2017));
#2019=STYLED_ITEM('',(#2018),#2011);
#2020=ADVANCED_FACE('',(#5432),#5434,.F.);
#2021=COLOUR_RGB('',0.564705882352941,0.564705882352941,0.564705882352941);
#2022=FILL_AREA_STYLE_COLOUR('',#2021);
#2023=FILL_AREA_STYLE($,(#2022));
#2024=SURFACE_STYLE_FILL_AREA(#2023);
#2025=SURFACE_SIDE_STYLE('',(#2024));
#2026=SURFACE_STYLE_USAGE(.BOTH.,#2025);
#2027=PRESENTATION_STYLE_ASSIGNMENT((#2026));
#2028=STYLED_ITEM('',(#2027),#2020);
#2029=ADVANCED_FACE('',(#5439),#5441,.F.);
#2030=COLOUR_RGB('',0.564705882352941,0.564705882352941,0.564705882352941);
#2031=FILL_AREA_STYLE_COLOUR('',#2030);
#2032=FILL_AREA_STYLE($,(#2031));
#2033=SURFACE_STYLE_FILL_AREA(#2032);
#2034=SURFACE_SIDE_STYLE('',(#2033));
#2035=SURFACE_STYLE_USAGE(.BOTH.,#2034);
#2036=PRESENTATION_STYLE_ASSIGNMENT((#2035));
#2037=STYLED_ITEM('',(#2036),#2029);
#2038=ADVANCED_FACE('',(#5446),#5448,.F.);
#2039=COLOUR_RGB('',0.564705882352941,0.564705882352941,0.564705882352941);
#2040=FILL_AREA_STYLE_COLOUR('',#2039);
#2041=FILL_AREA_STYLE($,(#2040));
#2042=SURFACE_STYLE_FILL_AREA(#2041);
#2043=SURFACE_SIDE_STYLE('',(#2042));
#2044=SURFACE_STYLE_USAGE(.BOTH.,#2043);
#2045=PRESENTATION_STYLE_ASSIGNMENT((#2044));
#2046=STYLED_ITEM('',(#2045),#2038);
#2047=ADVANCED_FACE('',(#5453),#5455,.T.);
#2048=COLOUR_RGB('',0.564705882352941,0.564705882352941,0.564705882352941);
#2049=FILL_AREA_STYLE_COLOUR('',#2048);
#2050=FILL_AREA_STYLE($,(#2049));
#2051=SURFACE_STYLE_FILL_AREA(#2050);
#2052=SURFACE_SIDE_STYLE('',(#2051));
#2053=SURFACE_STYLE_USAGE(.BOTH.,#2052);
#2054=PRESENTATION_STYLE_ASSIGNMENT((#2053));
#2055=STYLED_ITEM('',(#2054),#2047);
#2056=ADVANCED_FACE('',(#5460),#5462,.T.);
#2057=COLOUR_RGB('',0.564705882352941,0.564705882352941,0.564705882352941);
#2058=FILL_AREA_STYLE_COLOUR('',#2057);
#2059=FILL_AREA_STYLE($,(#2058));
#2060=SURFACE_STYLE_FILL_AREA(#2059);
#2061=SURFACE_SIDE_STYLE('',(#2060));
#2062=SURFACE_STYLE_USAGE(.BOTH.,#2061);
#2063=PRESENTATION_STYLE_ASSIGNMENT((#2062));
#2064=STYLED_ITEM('',(#2063),#2056);
#2065=ADVANCED_FACE('',(#5467,#5469),#5471,.T.);
#2066=COLOUR_RGB('',0.564705882352941,0.564705882352941,0.564705882352941);
#2067=FILL_AREA_STYLE_COLOUR('',#2066);
#2068=FILL_AREA_STYLE($,(#2067));
#2069=SURFACE_STYLE_FILL_AREA(#2068);
#2070=SURFACE_SIDE_STYLE('',(#2069));
#2071=SURFACE_STYLE_USAGE(.BOTH.,#2070);
#2072=PRESENTATION_STYLE_ASSIGNMENT((#2071));
#2073=STYLED_ITEM('',(#2072),#2065);
#2074=ADVANCED_FACE('',(#5476,#5478),#5480,.T.);
#2075=COLOUR_RGB('',0.564705882352941,0.564705882352941,0.564705882352941);
#2076=FILL_AREA_STYLE_COLOUR('',#2075);
#2077=FILL_AREA_STYLE($,(#2076));
#2078=SURFACE_STYLE_FILL_AREA(#2077);
#2079=SURFACE_SIDE_STYLE('',(#2078));
#2080=SURFACE_STYLE_USAGE(.BOTH.,#2079);
#2081=PRESENTATION_STYLE_ASSIGNMENT((#2080));
#2082=STYLED_ITEM('',(#2081),#2074);
#2083=ADVANCED_FACE('',(#5485,#5487),#5489,.T.);
#2084=COLOUR_RGB('',0.564705882352941,0.564705882352941,0.564705882352941);
#2085=FILL_AREA_STYLE_COLOUR('',#2084);
#2086=FILL_AREA_STYLE($,(#2085));
#2087=SURFACE_STYLE_FILL_AREA(#2086);
#2088=SURFACE_SIDE_STYLE('',(#2087));
#2089=SURFACE_STYLE_USAGE(.BOTH.,#2088);
#2090=PRESENTATION_STYLE_ASSIGNMENT((#2089));
#2091=STYLED_ITEM('',(#2090),#2083);
#2092=ADVANCED_FACE('',(#5494),#5496,.F.);
#2093=COLOUR_RGB('',0.564705882352941,0.564705882352941,0.564705882352941);
#2094=FILL_AREA_STYLE_COLOUR('',#2093);
#2095=FILL_AREA_STYLE($,(#2094));
#2096=SURFACE_STYLE_FILL_AREA(#2095);
#2097=SURFACE_SIDE_STYLE('',(#2096));
#2098=SURFACE_STYLE_USAGE(.BOTH.,#2097);
#2099=PRESENTATION_STYLE_ASSIGNMENT((#2098));
#2100=STYLED_ITEM('',(#2099),#2092);
#2101=ADVANCED_FACE('',(#5501),#5503,.F.);
#2102=COLOUR_RGB('',0.564705882352941,0.564705882352941,0.564705882352941);
#2103=FILL_AREA_STYLE_COLOUR('',#2102);
#2104=FILL_AREA_STYLE($,(#2103));
#2105=SURFACE_STYLE_FILL_AREA(#2104);
#2106=SURFACE_SIDE_STYLE('',(#2105));
#2107=SURFACE_STYLE_USAGE(.BOTH.,#2106);
#2108=PRESENTATION_STYLE_ASSIGNMENT((#2107));
#2109=STYLED_ITEM('',(#2108),#2101);
#2110=ADVANCED_FACE('',(#5508),#5510,.F.);
#2111=COLOUR_RGB('',0.564705882352941,0.564705882352941,0.564705882352941);
#2112=FILL_AREA_STYLE_COLOUR('',#2111);
#2113=FILL_AREA_STYLE($,(#2112));
#2114=SURFACE_STYLE_FILL_AREA(#2113);
#2115=SURFACE_SIDE_STYLE('',(#2114));
#2116=SURFACE_STYLE_USAGE(.BOTH.,#2115);
#2117=PRESENTATION_STYLE_ASSIGNMENT((#2116));
#2118=STYLED_ITEM('',(#2117),#2110);
#2119=ADVANCED_FACE('',(#5515),#5517,.F.);
#2120=COLOUR_RGB('',0.564705882352941,0.564705882352941,0.564705882352941);
#2121=FILL_AREA_STYLE_COLOUR('',#2120);
#2122=FILL_AREA_STYLE($,(#2121));
#2123=SURFACE_STYLE_FILL_AREA(#2122);
#2124=SURFACE_SIDE_STYLE('',(#2123));
#2125=SURFACE_STYLE_USAGE(.BOTH.,#2124);
#2126=PRESENTATION_STYLE_ASSIGNMENT((#2125));
#2127=STYLED_ITEM('',(#2126),#2119);
#2128=ADVANCED_FACE('',(#5522),#5524,.F.);
#2129=COLOUR_RGB('',0.564705882352941,0.564705882352941,0.564705882352941);
#2130=FILL_AREA_STYLE_COLOUR('',#2129);
#2131=FILL_AREA_STYLE($,(#2130));
#2132=SURFACE_STYLE_FILL_AREA(#2131);
#2133=SURFACE_SIDE_STYLE('',(#2132));
#2134=SURFACE_STYLE_USAGE(.BOTH.,#2133);
#2135=PRESENTATION_STYLE_ASSIGNMENT((#2134));
#2136=STYLED_ITEM('',(#2135),#2128);
#2137=ADVANCED_FACE('',(#5529),#5531,.F.);
#2138=COLOUR_RGB('',0.564705882352941,0.564705882352941,0.564705882352941);
#2139=FILL_AREA_STYLE_COLOUR('',#2138);
#2140=FILL_AREA_STYLE($,(#2139));
#2141=SURFACE_STYLE_FILL_AREA(#2140);
#2142=SURFACE_SIDE_STYLE('',(#2141));
#2143=SURFACE_STYLE_USAGE(.BOTH.,#2142);
#2144=PRESENTATION_STYLE_ASSIGNMENT((#2143));
#2145=STYLED_ITEM('',(#2144),#2137);
#2146=ADVANCED_FACE('',(#5536),#5538,.F.);
#2147=COLOUR_RGB('',0.564705882352941,0.564705882352941,0.564705882352941);
#2148=FILL_AREA_STYLE_COLOUR('',#2147);
#2149=FILL_AREA_STYLE($,(#2148));
#2150=SURFACE_STYLE_FILL_AREA(#2149);
#2151=SURFACE_SIDE_STYLE('',(#2150));
#2152=SURFACE_STYLE_USAGE(.BOTH.,#2151);
#2153=PRESENTATION_STYLE_ASSIGNMENT((#2152));
#2154=STYLED_ITEM('',(#2153),#2146);
#2155=ADVANCED_FACE('',(#5543),#5545,.F.);
#2156=COLOUR_RGB('',0.564705882352941,0.564705882352941,0.564705882352941);
#2157=FILL_AREA_STYLE_COLOUR('',#2156);
#2158=FILL_AREA_STYLE($,(#2157));
#2159=SURFACE_STYLE_FILL_AREA(#2158);
#2160=SURFACE_SIDE_STYLE('',(#2159));
#2161=SURFACE_STYLE_USAGE(.BOTH.,#2160);
#2162=PRESENTATION_STYLE_ASSIGNMENT((#2161));
#2163=STYLED_ITEM('',(#2162),#2155);
#2164=ADVANCED_FACE('',(#5550),#5552,.F.);
#2165=COLOUR_RGB('',0.564705882352941,0.564705882352941,0.564705882352941);
#2166=FILL_AREA_STYLE_COLOUR('',#2165);
#2167=FILL_AREA_STYLE($,(#2166));
#2168=SURFACE_STYLE_FILL_AREA(#2167);
#2169=SURFACE_SIDE_STYLE('',(#2168));
#2170=SURFACE_STYLE_USAGE(.BOTH.,#2169);
#2171=PRESENTATION_STYLE_ASSIGNMENT((#2170));
#2172=STYLED_ITEM('',(#2171),#2164);
#2173=ADVANCED_FACE('',(#5557),#5559,.T.);
#2174=COLOUR_RGB('',0.564705882352941,0.564705882352941,0.564705882352941);
#2175=FILL_AREA_STYLE_COLOUR('',#2174);
#2176=FILL_AREA_STYLE($,(#2175));
#2177=SURFACE_STYLE_FILL_AREA(#2176);
#2178=SURFACE_SIDE_STYLE('',(#2177));
#2179=SURFACE_STYLE_USAGE(.BOTH.,#2178);
#2180=PRESENTATION_STYLE_ASSIGNMENT((#2179));
#2181=STYLED_ITEM('',(#2180),#2173);
#2182=ADVANCED_FACE('',(#5564),#5566,.T.);
#2183=COLOUR_RGB('',0.564705882352941,0.564705882352941,0.564705882352941);
#2184=FILL_AREA_STYLE_COLOUR('',#2183);
#2185=FILL_AREA_STYLE($,(#2184));
#2186=SURFACE_STYLE_FILL_AREA(#2185);
#2187=SURFACE_SIDE_STYLE('',(#2186));
#2188=SURFACE_STYLE_USAGE(.BOTH.,#2187);
#2189=PRESENTATION_STYLE_ASSIGNMENT((#2188));
#2190=STYLED_ITEM('',(#2189),#2182);
#2191=ADVANCED_FACE('',(#5571),#5573,.F.);
#2192=COLOUR_RGB('',0.564705882352941,0.564705882352941,0.564705882352941);
#2193=FILL_AREA_STYLE_COLOUR('',#2192);
#2194=FILL_AREA_STYLE($,(#2193));
#2195=SURFACE_STYLE_FILL_AREA(#2194);
#2196=SURFACE_SIDE_STYLE('',(#2195));
#2197=SURFACE_STYLE_USAGE(.BOTH.,#2196);
#2198=PRESENTATION_STYLE_ASSIGNMENT((#2197));
#2199=STYLED_ITEM('',(#2198),#2191);
#2200=ADVANCED_FACE('',(#5578),#5580,.F.);
#2201=COLOUR_RGB('',0.564705882352941,0.564705882352941,0.564705882352941);
#2202=FILL_AREA_STYLE_COLOUR('',#2201);
#2203=FILL_AREA_STYLE($,(#2202));
#2204=SURFACE_STYLE_FILL_AREA(#2203);
#2205=SURFACE_SIDE_STYLE('',(#2204));
#2206=SURFACE_STYLE_USAGE(.BOTH.,#2205);
#2207=PRESENTATION_STYLE_ASSIGNMENT((#2206));
#2208=STYLED_ITEM('',(#2207),#2200);
#2209=ADVANCED_FACE('',(#5585),#5587,.F.);
#2210=COLOUR_RGB('',0.564705882352941,0.564705882352941,0.564705882352941);
#2211=FILL_AREA_STYLE_COLOUR('',#2210);
#2212=FILL_AREA_STYLE($,(#2211));
#2213=SURFACE_STYLE_FILL_AREA(#2212);
#2214=SURFACE_SIDE_STYLE('',(#2213));
#2215=SURFACE_STYLE_USAGE(.BOTH.,#2214);
#2216=PRESENTATION_STYLE_ASSIGNMENT((#2215));
#2217=STYLED_ITEM('',(#2216),#2209);
#2218=ADVANCED_FACE('',(#5592),#5594,.F.);
#2219=COLOUR_RGB('',0.564705882352941,0.564705882352941,0.564705882352941);
#2220=FILL_AREA_STYLE_COLOUR('',#2219);
#2221=FILL_AREA_STYLE($,(#2220));
#2222=SURFACE_STYLE_FILL_AREA(#2221);
#2223=SURFACE_SIDE_STYLE('',(#2222));
#2224=SURFACE_STYLE_USAGE(.BOTH.,#2223);
#2225=PRESENTATION_STYLE_ASSIGNMENT((#2224));
#2226=STYLED_ITEM('',(#2225),#2218);
#2227=ADVANCED_FACE('',(#5599),#5601,.F.);
#2228=COLOUR_RGB('',0.564705882352941,0.564705882352941,0.564705882352941);
#2229=FILL_AREA_STYLE_COLOUR('',#2228);
#2230=FILL_AREA_STYLE($,(#2229));
#2231=SURFACE_STYLE_FILL_AREA(#2230);
#2232=SURFACE_SIDE_STYLE('',(#2231));
#2233=SURFACE_STYLE_USAGE(.BOTH.,#2232);
#2234=PRESENTATION_STYLE_ASSIGNMENT((#2233));
#2235=STYLED_ITEM('',(#2234),#2227);
#2236=ADVANCED_FACE('',(#5606),#5608,.F.);
#2237=COLOUR_RGB('',0.564705882352941,0.564705882352941,0.564705882352941);
#2238=FILL_AREA_STYLE_COLOUR('',#2237);
#2239=FILL_AREA_STYLE($,(#2238));
#2240=SURFACE_STYLE_FILL_AREA(#2239);
#2241=SURFACE_SIDE_STYLE('',(#2240));
#2242=SURFACE_STYLE_USAGE(.BOTH.,#2241);
#2243=PRESENTATION_STYLE_ASSIGNMENT((#2242));
#2244=STYLED_ITEM('',(#2243),#2236);
#2245=ADVANCED_FACE('',(#5613),#5615,.T.);
#2246=COLOUR_RGB('',0.564705882352941,0.564705882352941,0.564705882352941);
#2247=FILL_AREA_STYLE_COLOUR('',#2246);
#2248=FILL_AREA_STYLE($,(#2247));
#2249=SURFACE_STYLE_FILL_AREA(#2248);
#2250=SURFACE_SIDE_STYLE('',(#2249));
#2251=SURFACE_STYLE_USAGE(.BOTH.,#2250);
#2252=PRESENTATION_STYLE_ASSIGNMENT((#2251));
#2253=STYLED_ITEM('',(#2252),#2245);
#2254=ADVANCED_FACE('',(#5620),#5622,.F.);
#2255=COLOUR_RGB('',0.564705882352941,0.564705882352941,0.564705882352941);
#2256=FILL_AREA_STYLE_COLOUR('',#2255);
#2257=FILL_AREA_STYLE($,(#2256));
#2258=SURFACE_STYLE_FILL_AREA(#2257);
#2259=SURFACE_SIDE_STYLE('',(#2258));
#2260=SURFACE_STYLE_USAGE(.BOTH.,#2259);
#2261=PRESENTATION_STYLE_ASSIGNMENT((#2260));
#2262=STYLED_ITEM('',(#2261),#2254);
#2263=ADVANCED_FACE('',(#5627),#5629,.F.);
#2264=COLOUR_RGB('',0.564705882352941,0.564705882352941,0.564705882352941);
#2265=FILL_AREA_STYLE_COLOUR('',#2264);
#2266=FILL_AREA_STYLE($,(#2265));
#2267=SURFACE_STYLE_FILL_AREA(#2266);
#2268=SURFACE_SIDE_STYLE('',(#2267));
#2269=SURFACE_STYLE_USAGE(.BOTH.,#2268);
#2270=PRESENTATION_STYLE_ASSIGNMENT((#2269));
#2271=STYLED_ITEM('',(#2270),#2263);
#2272=ADVANCED_FACE('',(#5634),#5636,.F.);
#2273=COLOUR_RGB('',0.564705882352941,0.564705882352941,0.564705882352941);
#2274=FILL_AREA_STYLE_COLOUR('',#2273);
#2275=FILL_AREA_STYLE($,(#2274));
#2276=SURFACE_STYLE_FILL_AREA(#2275);
#2277=SURFACE_SIDE_STYLE('',(#2276));
#2278=SURFACE_STYLE_USAGE(.BOTH.,#2277);
#2279=PRESENTATION_STYLE_ASSIGNMENT((#2278));
#2280=STYLED_ITEM('',(#2279),#2272);
#2281=ADVANCED_FACE('',(#5641),#5643,.T.);
#2282=COLOUR_RGB('',0.564705882352941,0.564705882352941,0.564705882352941);
#2283=FILL_AREA_STYLE_COLOUR('',#2282);
#2284=FILL_AREA_STYLE($,(#2283));
#2285=SURFACE_STYLE_FILL_AREA(#2284);
#2286=SURFACE_SIDE_STYLE('',(#2285));
#2287=SURFACE_STYLE_USAGE(.BOTH.,#2286);
#2288=PRESENTATION_STYLE_ASSIGNMENT((#2287));
#2289=STYLED_ITEM('',(#2288),#2281);
#2290=ADVANCED_FACE('',(#5648),#5650,.F.);
#2291=COLOUR_RGB('',0.564705882352941,0.564705882352941,0.564705882352941);
#2292=FILL_AREA_STYLE_COLOUR('',#2291);
#2293=FILL_AREA_STYLE($,(#2292));
#2294=SURFACE_STYLE_FILL_AREA(#2293);
#2295=SURFACE_SIDE_STYLE('',(#2294));
#2296=SURFACE_STYLE_USAGE(.BOTH.,#2295);
#2297=PRESENTATION_STYLE_ASSIGNMENT((#2296));
#2298=STYLED_ITEM('',(#2297),#2290);
#2299=ADVANCED_FACE('',(#5655),#5657,.F.);
#2300=COLOUR_RGB('',0.564705882352941,0.564705882352941,0.564705882352941);
#2301=FILL_AREA_STYLE_COLOUR('',#2300);
#2302=FILL_AREA_STYLE($,(#2301));
#2303=SURFACE_STYLE_FILL_AREA(#2302);
#2304=SURFACE_SIDE_STYLE('',(#2303));
#2305=SURFACE_STYLE_USAGE(.BOTH.,#2304);
#2306=PRESENTATION_STYLE_ASSIGNMENT((#2305));
#2307=STYLED_ITEM('',(#2306),#2299);
#2308=ADVANCED_FACE('',(#5662),#5664,.F.);
#2309=COLOUR_RGB('',0.564705882352941,0.564705882352941,0.564705882352941);
#2310=FILL_AREA_STYLE_COLOUR('',#2309);
#2311=FILL_AREA_STYLE($,(#2310));
#2312=SURFACE_STYLE_FILL_AREA(#2311);
#2313=SURFACE_SIDE_STYLE('',(#2312));
#2314=SURFACE_STYLE_USAGE(.BOTH.,#2313);
#2315=PRESENTATION_STYLE_ASSIGNMENT((#2314));
#2316=STYLED_ITEM('',(#2315),#2308);
#2317=ADVANCED_FACE('',(#5669),#5671,.F.);
#2318=COLOUR_RGB('',0.564705882352941,0.564705882352941,0.564705882352941);
#2319=FILL_AREA_STYLE_COLOUR('',#2318);
#2320=FILL_AREA_STYLE($,(#2319));
#2321=SURFACE_STYLE_FILL_AREA(#2320);
#2322=SURFACE_SIDE_STYLE('',(#2321));
#2323=SURFACE_STYLE_USAGE(.BOTH.,#2322);
#2324=PRESENTATION_STYLE_ASSIGNMENT((#2323));
#2325=STYLED_ITEM('',(#2324),#2317);
#2326=ADVANCED_FACE('',(#5676),#5678,.F.);
#2327=COLOUR_RGB('',0.564705882352941,0.564705882352941,0.564705882352941);
#2328=FILL_AREA_STYLE_COLOUR('',#2327);
#2329=FILL_AREA_STYLE($,(#2328));
#2330=SURFACE_STYLE_FILL_AREA(#2329);
#2331=SURFACE_SIDE_STYLE('',(#2330));
#2332=SURFACE_STYLE_USAGE(.BOTH.,#2331);
#2333=PRESENTATION_STYLE_ASSIGNMENT((#2332));
#2334=STYLED_ITEM('',(#2333),#2326);
#2335=ADVANCED_FACE('',(#5683),#5685,.F.);
#2336=COLOUR_RGB('',0.564705882352941,0.564705882352941,0.564705882352941);
#2337=FILL_AREA_STYLE_COLOUR('',#2336);
#2338=FILL_AREA_STYLE($,(#2337));
#2339=SURFACE_STYLE_FILL_AREA(#2338);
#2340=SURFACE_SIDE_STYLE('',(#2339));
#2341=SURFACE_STYLE_USAGE(.BOTH.,#2340);
#2342=PRESENTATION_STYLE_ASSIGNMENT((#2341));
#2343=STYLED_ITEM('',(#2342),#2335);
#2344=ADVANCED_FACE('',(#5690),#5692,.F.);
#2345=COLOUR_RGB('',0.564705882352941,0.564705882352941,0.564705882352941);
#2346=FILL_AREA_STYLE_COLOUR('',#2345);
#2347=FILL_AREA_STYLE($,(#2346));
#2348=SURFACE_STYLE_FILL_AREA(#2347);
#2349=SURFACE_SIDE_STYLE('',(#2348));
#2350=SURFACE_STYLE_USAGE(.BOTH.,#2349);
#2351=PRESENTATION_STYLE_ASSIGNMENT((#2350));
#2352=STYLED_ITEM('',(#2351),#2344);
#2353=ADVANCED_FACE('',(#5697),#5699,.F.);
#2354=COLOUR_RGB('',0.564705882352941,0.564705882352941,0.564705882352941);
#2355=FILL_AREA_STYLE_COLOUR('',#2354);
#2356=FILL_AREA_STYLE($,(#2355));
#2357=SURFACE_STYLE_FILL_AREA(#2356);
#2358=SURFACE_SIDE_STYLE('',(#2357));
#2359=SURFACE_STYLE_USAGE(.BOTH.,#2358);
#2360=PRESENTATION_STYLE_ASSIGNMENT((#2359));
#2361=STYLED_ITEM('',(#2360),#2353);
#2362=ADVANCED_FACE('',(#5704),#5706,.F.);
#2363=COLOUR_RGB('',0.564705882352941,0.564705882352941,0.564705882352941);
#2364=FILL_AREA_STYLE_COLOUR('',#2363);
#2365=FILL_AREA_STYLE($,(#2364));
#2366=SURFACE_STYLE_FILL_AREA(#2365);
#2367=SURFACE_SIDE_STYLE('',(#2366));
#2368=SURFACE_STYLE_USAGE(.BOTH.,#2367);
#2369=PRESENTATION_STYLE_ASSIGNMENT((#2368));
#2370=STYLED_ITEM('',(#2369),#2362);
#2371=ADVANCED_FACE('',(#5711),#5713,.F.);
#2372=COLOUR_RGB('',0.564705882352941,0.564705882352941,0.564705882352941);
#2373=FILL_AREA_STYLE_COLOUR('',#2372);
#2374=FILL_AREA_STYLE($,(#2373));
#2375=SURFACE_STYLE_FILL_AREA(#2374);
#2376=SURFACE_SIDE_STYLE('',(#2375));
#2377=SURFACE_STYLE_USAGE(.BOTH.,#2376);
#2378=PRESENTATION_STYLE_ASSIGNMENT((#2377));
#2379=STYLED_ITEM('',(#2378),#2371);
#2380=ADVANCED_FACE('',(#5718),#5720,.F.);
#2381=COLOUR_RGB('',0.564705882352941,0.564705882352941,0.564705882352941);
#2382=FILL_AREA_STYLE_COLOUR('',#2381);
#2383=FILL_AREA_STYLE($,(#2382));
#2384=SURFACE_STYLE_FILL_AREA(#2383);
#2385=SURFACE_SIDE_STYLE('',(#2384));
#2386=SURFACE_STYLE_USAGE(.BOTH.,#2385);
#2387=PRESENTATION_STYLE_ASSIGNMENT((#2386));
#2388=STYLED_ITEM('',(#2387),#2380);
#2389=ADVANCED_FACE('',(#5725),#5727,.T.);
#2390=COLOUR_RGB('',0.564705882352941,0.564705882352941,0.564705882352941);
#2391=FILL_AREA_STYLE_COLOUR('',#2390);
#2392=FILL_AREA_STYLE($,(#2391));
#2393=SURFACE_STYLE_FILL_AREA(#2392);
#2394=SURFACE_SIDE_STYLE('',(#2393));
#2395=SURFACE_STYLE_USAGE(.BOTH.,#2394);
#2396=PRESENTATION_STYLE_ASSIGNMENT((#2395));
#2397=STYLED_ITEM('',(#2396),#2389);
#2398=ADVANCED_FACE('',(#5732),#5734,.F.);
#2399=COLOUR_RGB('',0.564705882352941,0.564705882352941,0.564705882352941);
#2400=FILL_AREA_STYLE_COLOUR('',#2399);
#2401=FILL_AREA_STYLE($,(#2400));
#2402=SURFACE_STYLE_FILL_AREA(#2401);
#2403=SURFACE_SIDE_STYLE('',(#2402));
#2404=SURFACE_STYLE_USAGE(.BOTH.,#2403);
#2405=PRESENTATION_STYLE_ASSIGNMENT((#2404));
#2406=STYLED_ITEM('',(#2405),#2398);
#2407=ADVANCED_FACE('',(#5739),#5741,.F.);
#2408=COLOUR_RGB('',0.564705882352941,0.564705882352941,0.564705882352941);
#2409=FILL_AREA_STYLE_COLOUR('',#2408);
#2410=FILL_AREA_STYLE($,(#2409));
#2411=SURFACE_STYLE_FILL_AREA(#2410);
#2412=SURFACE_SIDE_STYLE('',(#2411));
#2413=SURFACE_STYLE_USAGE(.BOTH.,#2412);
#2414=PRESENTATION_STYLE_ASSIGNMENT((#2413));
#2415=STYLED_ITEM('',(#2414),#2407);
#2416=ADVANCED_FACE('',(#5746),#5748,.F.);
#2417=COLOUR_RGB('',0.564705882352941,0.564705882352941,0.564705882352941);
#2418=FILL_AREA_STYLE_COLOUR('',#2417);
#2419=FILL_AREA_STYLE($,(#2418));
#2420=SURFACE_STYLE_FILL_AREA(#2419);
#2421=SURFACE_SIDE_STYLE('',(#2420));
#2422=SURFACE_STYLE_USAGE(.BOTH.,#2421);
#2423=PRESENTATION_STYLE_ASSIGNMENT((#2422));
#2424=STYLED_ITEM('',(#2423),#2416);
#2425=ADVANCED_FACE('',(#5753),#5755,.T.);
#2426=COLOUR_RGB('',0.564705882352941,0.564705882352941,0.564705882352941);
#2427=FILL_AREA_STYLE_COLOUR('',#2426);
#2428=FILL_AREA_STYLE($,(#2427));
#2429=SURFACE_STYLE_FILL_AREA(#2428);
#2430=SURFACE_SIDE_STYLE('',(#2429));
#2431=SURFACE_STYLE_USAGE(.BOTH.,#2430);
#2432=PRESENTATION_STYLE_ASSIGNMENT((#2431));
#2433=STYLED_ITEM('',(#2432),#2425);
#2434=ADVANCED_FACE('',(#5760),#5762,.F.);
#2435=COLOUR_RGB('',0.564705882352941,0.564705882352941,0.564705882352941);
#2436=FILL_AREA_STYLE_COLOUR('',#2435);
#2437=FILL_AREA_STYLE($,(#2436));
#2438=SURFACE_STYLE_FILL_AREA(#2437);
#2439=SURFACE_SIDE_STYLE('',(#2438));
#2440=SURFACE_STYLE_USAGE(.BOTH.,#2439);
#2441=PRESENTATION_STYLE_ASSIGNMENT((#2440));
#2442=STYLED_ITEM('',(#2441),#2434);
#2443=ADVANCED_FACE('',(#5767),#5769,.F.);
#2444=COLOUR_RGB('',0.564705882352941,0.564705882352941,0.564705882352941);
#2445=FILL_AREA_STYLE_COLOUR('',#2444);
#2446=FILL_AREA_STYLE($,(#2445));
#2447=SURFACE_STYLE_FILL_AREA(#2446);
#2448=SURFACE_SIDE_STYLE('',(#2447));
#2449=SURFACE_STYLE_USAGE(.BOTH.,#2448);
#2450=PRESENTATION_STYLE_ASSIGNMENT((#2449));
#2451=STYLED_ITEM('',(#2450),#2443);
#2452=ADVANCED_FACE('',(#5774),#5776,.F.);
#2453=COLOUR_RGB('',0.564705882352941,0.564705882352941,0.564705882352941);
#2454=FILL_AREA_STYLE_COLOUR('',#2453);
#2455=FILL_AREA_STYLE($,(#2454));
#2456=SURFACE_STYLE_FILL_AREA(#2455);
#2457=SURFACE_SIDE_STYLE('',(#2456));
#2458=SURFACE_STYLE_USAGE(.BOTH.,#2457);
#2459=PRESENTATION_STYLE_ASSIGNMENT((#2458));
#2460=STYLED_ITEM('',(#2459),#2452);
#2461=ADVANCED_FACE('',(#5781),#5783,.F.);
#2462=COLOUR_RGB('',0.564705882352941,0.564705882352941,0.564705882352941);
#2463=FILL_AREA_STYLE_COLOUR('',#2462);
#2464=FILL_AREA_STYLE($,(#2463));
#2465=SURFACE_STYLE_FILL_AREA(#2464);
#2466=SURFACE_SIDE_STYLE('',(#2465));
#2467=SURFACE_STYLE_USAGE(.BOTH.,#2466);
#2468=PRESENTATION_STYLE_ASSIGNMENT((#2467));
#2469=STYLED_ITEM('',(#2468),#2461);
#2470=ADVANCED_FACE('',(#5788),#5790,.F.);
#2471=COLOUR_RGB('',0.564705882352941,0.564705882352941,0.564705882352941);
#2472=FILL_AREA_STYLE_COLOUR('',#2471);
#2473=FILL_AREA_STYLE($,(#2472));
#2474=SURFACE_STYLE_FILL_AREA(#2473);
#2475=SURFACE_SIDE_STYLE('',(#2474));
#2476=SURFACE_STYLE_USAGE(.BOTH.,#2475);
#2477=PRESENTATION_STYLE_ASSIGNMENT((#2476));
#2478=STYLED_ITEM('',(#2477),#2470);
#2479=ADVANCED_FACE('',(#5795),#5797,.F.);
#2480=COLOUR_RGB('',0.564705882352941,0.564705882352941,0.564705882352941);
#2481=FILL_AREA_STYLE_COLOUR('',#2480);
#2482=FILL_AREA_STYLE($,(#2481));
#2483=SURFACE_STYLE_FILL_AREA(#2482);
#2484=SURFACE_SIDE_STYLE('',(#2483));
#2485=SURFACE_STYLE_USAGE(.BOTH.,#2484);
#2486=PRESENTATION_STYLE_ASSIGNMENT((#2485));
#2487=STYLED_ITEM('',(#2486),#2479);
#2488=ADVANCED_FACE('',(#5802),#5804,.F.);
#2489=COLOUR_RGB('',0.564705882352941,0.564705882352941,0.564705882352941);
#2490=FILL_AREA_STYLE_COLOUR('',#2489);
#2491=FILL_AREA_STYLE($,(#2490));
#2492=SURFACE_STYLE_FILL_AREA(#2491);
#2493=SURFACE_SIDE_STYLE('',(#2492));
#2494=SURFACE_STYLE_USAGE(.BOTH.,#2493);
#2495=PRESENTATION_STYLE_ASSIGNMENT((#2494));
#2496=STYLED_ITEM('',(#2495),#2488);
#2497=ADVANCED_FACE('',(#5809),#5811,.F.);
#2498=COLOUR_RGB('',0.564705882352941,0.564705882352941,0.564705882352941);
#2499=FILL_AREA_STYLE_COLOUR('',#2498);
#2500=FILL_AREA_STYLE($,(#2499));
#2501=SURFACE_STYLE_FILL_AREA(#2500);
#2502=SURFACE_SIDE_STYLE('',(#2501));
#2503=SURFACE_STYLE_USAGE(.BOTH.,#2502);
#2504=PRESENTATION_STYLE_ASSIGNMENT((#2503));
#2505=STYLED_ITEM('',(#2504),#2497);
#2506=ADVANCED_FACE('',(#5816),#5818,.F.);
#2507=COLOUR_RGB('',0.564705882352941,0.564705882352941,0.564705882352941);
#2508=FILL_AREA_STYLE_COLOUR('',#2507);
#2509=FILL_AREA_STYLE($,(#2508));
#2510=SURFACE_STYLE_FILL_AREA(#2509);
#2511=SURFACE_SIDE_STYLE('',(#2510));
#2512=SURFACE_STYLE_USAGE(.BOTH.,#2511);
#2513=PRESENTATION_STYLE_ASSIGNMENT((#2512));
#2514=STYLED_ITEM('',(#2513),#2506);
#2515=ADVANCED_FACE('',(#5823),#5825,.F.);
#2516=COLOUR_RGB('',0.564705882352941,0.564705882352941,0.564705882352941);
#2517=FILL_AREA_STYLE_COLOUR('',#2516);
#2518=FILL_AREA_STYLE($,(#2517));
#2519=SURFACE_STYLE_FILL_AREA(#2518);
#2520=SURFACE_SIDE_STYLE('',(#2519));
#2521=SURFACE_STYLE_USAGE(.BOTH.,#2520);
#2522=PRESENTATION_STYLE_ASSIGNMENT((#2521));
#2523=STYLED_ITEM('',(#2522),#2515);
#2524=ADVANCED_FACE('',(#5830),#5832,.F.);
#2525=COLOUR_RGB('',0.564705882352941,0.564705882352941,0.564705882352941);
#2526=FILL_AREA_STYLE_COLOUR('',#2525);
#2527=FILL_AREA_STYLE($,(#2526));
#2528=SURFACE_STYLE_FILL_AREA(#2527);
#2529=SURFACE_SIDE_STYLE('',(#2528));
#2530=SURFACE_STYLE_USAGE(.BOTH.,#2529);
#2531=PRESENTATION_STYLE_ASSIGNMENT((#2530));
#2532=STYLED_ITEM('',(#2531),#2524);
#2533=ADVANCED_FACE('',(#5837),#5839,.F.);
#2534=COLOUR_RGB('',0.564705882352941,0.564705882352941,0.564705882352941);
#2535=FILL_AREA_STYLE_COLOUR('',#2534);
#2536=FILL_AREA_STYLE($,(#2535));
#2537=SURFACE_STYLE_FILL_AREA(#2536);
#2538=SURFACE_SIDE_STYLE('',(#2537));
#2539=SURFACE_STYLE_USAGE(.BOTH.,#2538);
#2540=PRESENTATION_STYLE_ASSIGNMENT((#2539));
#2541=STYLED_ITEM('',(#2540),#2533);
#2542=ADVANCED_FACE('',(#5844),#5846,.F.);
#2543=COLOUR_RGB('',0.564705882352941,0.564705882352941,0.564705882352941);
#2544=FILL_AREA_STYLE_COLOUR('',#2543);
#2545=FILL_AREA_STYLE($,(#2544));
#2546=SURFACE_STYLE_FILL_AREA(#2545);
#2547=SURFACE_SIDE_STYLE('',(#2546));
#2548=SURFACE_STYLE_USAGE(.BOTH.,#2547);
#2549=PRESENTATION_STYLE_ASSIGNMENT((#2548));
#2550=STYLED_ITEM('',(#2549),#2542);
#2551=ADVANCED_FACE('',(#5851),#5853,.F.);
#2552=COLOUR_RGB('',0.564705882352941,0.564705882352941,0.564705882352941);
#2553=FILL_AREA_STYLE_COLOUR('',#2552);
#2554=FILL_AREA_STYLE($,(#2553));
#2555=SURFACE_STYLE_FILL_AREA(#2554);
#2556=SURFACE_SIDE_STYLE('',(#2555));
#2557=SURFACE_STYLE_USAGE(.BOTH.,#2556);
#2558=PRESENTATION_STYLE_ASSIGNMENT((#2557));
#2559=STYLED_ITEM('',(#2558),#2551);
#2560=ADVANCED_FACE('',(#5858),#5860,.F.);
#2561=COLOUR_RGB('',0.564705882352941,0.564705882352941,0.564705882352941);
#2562=FILL_AREA_STYLE_COLOUR('',#2561);
#2563=FILL_AREA_STYLE($,(#2562));
#2564=SURFACE_STYLE_FILL_AREA(#2563);
#2565=SURFACE_SIDE_STYLE('',(#2564));
#2566=SURFACE_STYLE_USAGE(.BOTH.,#2565);
#2567=PRESENTATION_STYLE_ASSIGNMENT((#2566));
#2568=STYLED_ITEM('',(#2567),#2560);
#2569=ADVANCED_FACE('',(#5865),#5867,.F.);
#2570=COLOUR_RGB('',0.564705882352941,0.564705882352941,0.564705882352941);
#2571=FILL_AREA_STYLE_COLOUR('',#2570);
#2572=FILL_AREA_STYLE($,(#2571));
#2573=SURFACE_STYLE_FILL_AREA(#2572);
#2574=SURFACE_SIDE_STYLE('',(#2573));
#2575=SURFACE_STYLE_USAGE(.BOTH.,#2574);
#2576=PRESENTATION_STYLE_ASSIGNMENT((#2575));
#2577=STYLED_ITEM('',(#2576),#2569);
#2578=ADVANCED_FACE('',(#5872),#5874,.F.);
#2579=COLOUR_RGB('',0.564705882352941,0.564705882352941,0.564705882352941);
#2580=FILL_AREA_STYLE_COLOUR('',#2579);
#2581=FILL_AREA_STYLE($,(#2580));
#2582=SURFACE_STYLE_FILL_AREA(#2581);
#2583=SURFACE_SIDE_STYLE('',(#2582));
#2584=SURFACE_STYLE_USAGE(.BOTH.,#2583);
#2585=PRESENTATION_STYLE_ASSIGNMENT((#2584));
#2586=STYLED_ITEM('',(#2585),#2578);
#2587=ADVANCED_FACE('',(#5879),#5881,.F.);
#2588=COLOUR_RGB('',0.564705882352941,0.564705882352941,0.564705882352941);
#2589=FILL_AREA_STYLE_COLOUR('',#2588);
#2590=FILL_AREA_STYLE($,(#2589));
#2591=SURFACE_STYLE_FILL_AREA(#2590);
#2592=SURFACE_SIDE_STYLE('',(#2591));
#2593=SURFACE_STYLE_USAGE(.BOTH.,#2592);
#2594=PRESENTATION_STYLE_ASSIGNMENT((#2593));
#2595=STYLED_ITEM('',(#2594),#2587);
#2596=ADVANCED_FACE('',(#5886),#5888,.F.);
#2597=COLOUR_RGB('',0.564705882352941,0.564705882352941,0.564705882352941);
#2598=FILL_AREA_STYLE_COLOUR('',#2597);
#2599=FILL_AREA_STYLE($,(#2598));
#2600=SURFACE_STYLE_FILL_AREA(#2599);
#2601=SURFACE_SIDE_STYLE('',(#2600));
#2602=SURFACE_STYLE_USAGE(.BOTH.,#2601);
#2603=PRESENTATION_STYLE_ASSIGNMENT((#2602));
#2604=STYLED_ITEM('',(#2603),#2596);
#2605=ADVANCED_FACE('',(#5893),#5895,.F.);
#2606=COLOUR_RGB('',0.564705882352941,0.564705882352941,0.564705882352941);
#2607=FILL_AREA_STYLE_COLOUR('',#2606);
#2608=FILL_AREA_STYLE($,(#2607));
#2609=SURFACE_STYLE_FILL_AREA(#2608);
#2610=SURFACE_SIDE_STYLE('',(#2609));
#2611=SURFACE_STYLE_USAGE(.BOTH.,#2610);
#2612=PRESENTATION_STYLE_ASSIGNMENT((#2611));
#2613=STYLED_ITEM('',(#2612),#2605);
#2614=ADVANCED_FACE('',(#5900),#5902,.F.);
#2615=COLOUR_RGB('',0.564705882352941,0.564705882352941,0.564705882352941);
#2616=FILL_AREA_STYLE_COLOUR('',#2615);
#2617=FILL_AREA_STYLE($,(#2616));
#2618=SURFACE_STYLE_FILL_AREA(#2617);
#2619=SURFACE_SIDE_STYLE('',(#2618));
#2620=SURFACE_STYLE_USAGE(.BOTH.,#2619);
#2621=PRESENTATION_STYLE_ASSIGNMENT((#2620));
#2622=STYLED_ITEM('',(#2621),#2614);
#2623=ADVANCED_FACE('',(#5907),#5909,.F.);
#2624=COLOUR_RGB('',0.564705882352941,0.564705882352941,0.564705882352941);
#2625=FILL_AREA_STYLE_COLOUR('',#2624);
#2626=FILL_AREA_STYLE($,(#2625));
#2627=SURFACE_STYLE_FILL_AREA(#2626);
#2628=SURFACE_SIDE_STYLE('',(#2627));
#2629=SURFACE_STYLE_USAGE(.BOTH.,#2628);
#2630=PRESENTATION_STYLE_ASSIGNMENT((#2629));
#2631=STYLED_ITEM('',(#2630),#2623);
#2632=ADVANCED_FACE('',(#5914),#5916,.F.);
#2633=COLOUR_RGB('',0.564705882352941,0.564705882352941,0.564705882352941);
#2634=FILL_AREA_STYLE_COLOUR('',#2633);
#2635=FILL_AREA_STYLE($,(#2634));
#2636=SURFACE_STYLE_FILL_AREA(#2635);
#2637=SURFACE_SIDE_STYLE('',(#2636));
#2638=SURFACE_STYLE_USAGE(.BOTH.,#2637);
#2639=PRESENTATION_STYLE_ASSIGNMENT((#2638));
#2640=STYLED_ITEM('',(#2639),#2632);
#2641=ADVANCED_FACE('',(#5921),#5923,.F.);
#2642=COLOUR_RGB('',0.564705882352941,0.564705882352941,0.564705882352941);
#2643=FILL_AREA_STYLE_COLOUR('',#2642);
#2644=FILL_AREA_STYLE($,(#2643));
#2645=SURFACE_STYLE_FILL_AREA(#2644);
#2646=SURFACE_SIDE_STYLE('',(#2645));
#2647=SURFACE_STYLE_USAGE(.BOTH.,#2646);
#2648=PRESENTATION_STYLE_ASSIGNMENT((#2647));
#2649=STYLED_ITEM('',(#2648),#2641);
#2650=ADVANCED_FACE('',(#5928),#5930,.F.);
#2651=COLOUR_RGB('',0.564705882352941,0.564705882352941,0.564705882352941);
#2652=FILL_AREA_STYLE_COLOUR('',#2651);
#2653=FILL_AREA_STYLE($,(#2652));
#2654=SURFACE_STYLE_FILL_AREA(#2653);
#2655=SURFACE_SIDE_STYLE('',(#2654));
#2656=SURFACE_STYLE_USAGE(.BOTH.,#2655);
#2657=PRESENTATION_STYLE_ASSIGNMENT((#2656));
#2658=STYLED_ITEM('',(#2657),#2650);
#2659=ADVANCED_FACE('',(#5935),#5937,.F.);
#2660=COLOUR_RGB('',0.564705882352941,0.564705882352941,0.564705882352941);
#2661=FILL_AREA_STYLE_COLOUR('',#2660);
#2662=FILL_AREA_STYLE($,(#2661));
#2663=SURFACE_STYLE_FILL_AREA(#2662);
#2664=SURFACE_SIDE_STYLE('',(#2663));
#2665=SURFACE_STYLE_USAGE(.BOTH.,#2664);
#2666=PRESENTATION_STYLE_ASSIGNMENT((#2665));
#2667=STYLED_ITEM('',(#2666),#2659);
#2668=ADVANCED_FACE('',(#5942),#5944,.F.);
#2669=COLOUR_RGB('',0.564705882352941,0.564705882352941,0.564705882352941);
#2670=FILL_AREA_STYLE_COLOUR('',#2669);
#2671=FILL_AREA_STYLE($,(#2670));
#2672=SURFACE_STYLE_FILL_AREA(#2671);
#2673=SURFACE_SIDE_STYLE('',(#2672));
#2674=SURFACE_STYLE_USAGE(.BOTH.,#2673);
#2675=PRESENTATION_STYLE_ASSIGNMENT((#2674));
#2676=STYLED_ITEM('',(#2675),#2668);
#2677=ADVANCED_FACE('',(#5949),#5951,.F.);
#2678=COLOUR_RGB('',0.564705882352941,0.564705882352941,0.564705882352941);
#2679=FILL_AREA_STYLE_COLOUR('',#2678);
#2680=FILL_AREA_STYLE($,(#2679));
#2681=SURFACE_STYLE_FILL_AREA(#2680);
#2682=SURFACE_SIDE_STYLE('',(#2681));
#2683=SURFACE_STYLE_USAGE(.BOTH.,#2682);
#2684=PRESENTATION_STYLE_ASSIGNMENT((#2683));
#2685=STYLED_ITEM('',(#2684),#2677);
#2686=ADVANCED_FACE('',(#5956),#5958,.F.);
#2687=COLOUR_RGB('',0.564705882352941,0.564705882352941,0.564705882352941);
#2688=FILL_AREA_STYLE_COLOUR('',#2687);
#2689=FILL_AREA_STYLE($,(#2688));
#2690=SURFACE_STYLE_FILL_AREA(#2689);
#2691=SURFACE_SIDE_STYLE('',(#2690));
#2692=SURFACE_STYLE_USAGE(.BOTH.,#2691);
#2693=PRESENTATION_STYLE_ASSIGNMENT((#2692));
#2694=STYLED_ITEM('',(#2693),#2686);
#2695=ADVANCED_FACE('',(#5963),#5965,.F.);
#2696=COLOUR_RGB('',0.564705882352941,0.564705882352941,0.564705882352941);
#2697=FILL_AREA_STYLE_COLOUR('',#2696);
#2698=FILL_AREA_STYLE($,(#2697));
#2699=SURFACE_STYLE_FILL_AREA(#2698);
#2700=SURFACE_SIDE_STYLE('',(#2699));
#2701=SURFACE_STYLE_USAGE(.BOTH.,#2700);
#2702=PRESENTATION_STYLE_ASSIGNMENT((#2701));
#2703=STYLED_ITEM('',(#2702),#2695);
#2704=ADVANCED_FACE('',(#5970),#5972,.F.);
#2705=COLOUR_RGB('',0.564705882352941,0.564705882352941,0.564705882352941);
#2706=FILL_AREA_STYLE_COLOUR('',#2705);
#2707=FILL_AREA_STYLE($,(#2706));
#2708=SURFACE_STYLE_FILL_AREA(#2707);
#2709=SURFACE_SIDE_STYLE('',(#2708));
#2710=SURFACE_STYLE_USAGE(.BOTH.,#2709);
#2711=PRESENTATION_STYLE_ASSIGNMENT((#2710));
#2712=STYLED_ITEM('',(#2711),#2704);
#2713=ADVANCED_FACE('',(#5977),#5979,.T.);
#2714=COLOUR_RGB('',0.564705882352941,0.564705882352941,0.564705882352941);
#2715=FILL_AREA_STYLE_COLOUR('',#2714);
#2716=FILL_AREA_STYLE($,(#2715));
#2717=SURFACE_STYLE_FILL_AREA(#2716);
#2718=SURFACE_SIDE_STYLE('',(#2717));
#2719=SURFACE_STYLE_USAGE(.BOTH.,#2718);
#2720=PRESENTATION_STYLE_ASSIGNMENT((#2719));
#2721=STYLED_ITEM('',(#2720),#2713);
#2722=ADVANCED_FACE('',(#5984),#5986,.F.);
#2723=COLOUR_RGB('',0.564705882352941,0.564705882352941,0.564705882352941);
#2724=FILL_AREA_STYLE_COLOUR('',#2723);
#2725=FILL_AREA_STYLE($,(#2724));
#2726=SURFACE_STYLE_FILL_AREA(#2725);
#2727=SURFACE_SIDE_STYLE('',(#2726));
#2728=SURFACE_STYLE_USAGE(.BOTH.,#2727);
#2729=PRESENTATION_STYLE_ASSIGNMENT((#2728));
#2730=STYLED_ITEM('',(#2729),#2722);
#2731=ADVANCED_FACE('',(#5991),#5993,.F.);
#2732=COLOUR_RGB('',0.564705882352941,0.564705882352941,0.564705882352941);
#2733=FILL_AREA_STYLE_COLOUR('',#2732);
#2734=FILL_AREA_STYLE($,(#2733));
#2735=SURFACE_STYLE_FILL_AREA(#2734);
#2736=SURFACE_SIDE_STYLE('',(#2735));
#2737=SURFACE_STYLE_USAGE(.BOTH.,#2736);
#2738=PRESENTATION_STYLE_ASSIGNMENT((#2737));
#2739=STYLED_ITEM('',(#2738),#2731);
#2740=ADVANCED_FACE('',(#5998),#6000,.F.);
#2741=COLOUR_RGB('',0.564705882352941,0.564705882352941,0.564705882352941);
#2742=FILL_AREA_STYLE_COLOUR('',#2741);
#2743=FILL_AREA_STYLE($,(#2742));
#2744=SURFACE_STYLE_FILL_AREA(#2743);
#2745=SURFACE_SIDE_STYLE('',(#2744));
#2746=SURFACE_STYLE_USAGE(.BOTH.,#2745);
#2747=PRESENTATION_STYLE_ASSIGNMENT((#2746));
#2748=STYLED_ITEM('',(#2747),#2740);
#2749=ADVANCED_FACE('',(#6005),#6007,.T.);
#2750=COLOUR_RGB('',0.564705882352941,0.564705882352941,0.564705882352941);
#2751=FILL_AREA_STYLE_COLOUR('',#2750);
#2752=FILL_AREA_STYLE($,(#2751));
#2753=SURFACE_STYLE_FILL_AREA(#2752);
#2754=SURFACE_SIDE_STYLE('',(#2753));
#2755=SURFACE_STYLE_USAGE(.BOTH.,#2754);
#2756=PRESENTATION_STYLE_ASSIGNMENT((#2755));
#2757=STYLED_ITEM('',(#2756),#2749);
#2758=ADVANCED_FACE('',(#6012),#6014,.F.);
#2759=COLOUR_RGB('',0.564705882352941,0.564705882352941,0.564705882352941);
#2760=FILL_AREA_STYLE_COLOUR('',#2759);
#2761=FILL_AREA_STYLE($,(#2760));
#2762=SURFACE_STYLE_FILL_AREA(#2761);
#2763=SURFACE_SIDE_STYLE('',(#2762));
#2764=SURFACE_STYLE_USAGE(.BOTH.,#2763);
#2765=PRESENTATION_STYLE_ASSIGNMENT((#2764));
#2766=STYLED_ITEM('',(#2765),#2758);
#2767=ADVANCED_FACE('',(#6019),#6021,.F.);
#2768=COLOUR_RGB('',0.564705882352941,0.564705882352941,0.564705882352941);
#2769=FILL_AREA_STYLE_COLOUR('',#2768);
#2770=FILL_AREA_STYLE($,(#2769));
#2771=SURFACE_STYLE_FILL_AREA(#2770);
#2772=SURFACE_SIDE_STYLE('',(#2771));
#2773=SURFACE_STYLE_USAGE(.BOTH.,#2772);
#2774=PRESENTATION_STYLE_ASSIGNMENT((#2773));
#2775=STYLED_ITEM('',(#2774),#2767);
#2776=ADVANCED_FACE('',(#6026),#6028,.F.);
#2777=COLOUR_RGB('',0.564705882352941,0.564705882352941,0.564705882352941);
#2778=FILL_AREA_STYLE_COLOUR('',#2777);
#2779=FILL_AREA_STYLE($,(#2778));
#2780=SURFACE_STYLE_FILL_AREA(#2779);
#2781=SURFACE_SIDE_STYLE('',(#2780));
#2782=SURFACE_STYLE_USAGE(.BOTH.,#2781);
#2783=PRESENTATION_STYLE_ASSIGNMENT((#2782));
#2784=STYLED_ITEM('',(#2783),#2776);
#2785=ADVANCED_FACE('',(#6033),#6035,.F.);
#2786=COLOUR_RGB('',0.564705882352941,0.564705882352941,0.564705882352941);
#2787=FILL_AREA_STYLE_COLOUR('',#2786);
#2788=FILL_AREA_STYLE($,(#2787));
#2789=SURFACE_STYLE_FILL_AREA(#2788);
#2790=SURFACE_SIDE_STYLE('',(#2789));
#2791=SURFACE_STYLE_USAGE(.BOTH.,#2790);
#2792=PRESENTATION_STYLE_ASSIGNMENT((#2791));
#2793=STYLED_ITEM('',(#2792),#2785);
#2794=ADVANCED_FACE('',(#6040),#6042,.F.);
#2795=COLOUR_RGB('',0.564705882352941,0.564705882352941,0.564705882352941);
#2796=FILL_AREA_STYLE_COLOUR('',#2795);
#2797=FILL_AREA_STYLE($,(#2796));
#2798=SURFACE_STYLE_FILL_AREA(#2797);
#2799=SURFACE_SIDE_STYLE('',(#2798));
#2800=SURFACE_STYLE_USAGE(.BOTH.,#2799);
#2801=PRESENTATION_STYLE_ASSIGNMENT((#2800));
#2802=STYLED_ITEM('',(#2801),#2794);
#2803=ADVANCED_FACE('',(#6047),#6049,.F.);
#2804=COLOUR_RGB('',0.564705882352941,0.564705882352941,0.564705882352941);
#2805=FILL_AREA_STYLE_COLOUR('',#2804);
#2806=FILL_AREA_STYLE($,(#2805));
#2807=SURFACE_STYLE_FILL_AREA(#2806);
#2808=SURFACE_SIDE_STYLE('',(#2807));
#2809=SURFACE_STYLE_USAGE(.BOTH.,#2808);
#2810=PRESENTATION_STYLE_ASSIGNMENT((#2809));
#2811=STYLED_ITEM('',(#2810),#2803);
#2812=ADVANCED_FACE('',(#6054),#6056,.F.);
#2813=COLOUR_RGB('',0.564705882352941,0.564705882352941,0.564705882352941);
#2814=FILL_AREA_STYLE_COLOUR('',#2813);
#2815=FILL_AREA_STYLE($,(#2814));
#2816=SURFACE_STYLE_FILL_AREA(#2815);
#2817=SURFACE_SIDE_STYLE('',(#2816));
#2818=SURFACE_STYLE_USAGE(.BOTH.,#2817);
#2819=PRESENTATION_STYLE_ASSIGNMENT((#2818));
#2820=STYLED_ITEM('',(#2819),#2812);
#2821=ADVANCED_FACE('',(#6061),#6063,.F.);
#2822=COLOUR_RGB('',0.564705882352941,0.564705882352941,0.564705882352941);
#2823=FILL_AREA_STYLE_COLOUR('',#2822);
#2824=FILL_AREA_STYLE($,(#2823));
#2825=SURFACE_STYLE_FILL_AREA(#2824);
#2826=SURFACE_SIDE_STYLE('',(#2825));
#2827=SURFACE_STYLE_USAGE(.BOTH.,#2826);
#2828=PRESENTATION_STYLE_ASSIGNMENT((#2827));
#2829=STYLED_ITEM('',(#2828),#2821);
#2830=ADVANCED_FACE('',(#6068),#6070,.F.);
#2831=COLOUR_RGB('',0.564705882352941,0.564705882352941,0.564705882352941);
#2832=FILL_AREA_STYLE_COLOUR('',#2831);
#2833=FILL_AREA_STYLE($,(#2832));
#2834=SURFACE_STYLE_FILL_AREA(#2833);
#2835=SURFACE_SIDE_STYLE('',(#2834));
#2836=SURFACE_STYLE_USAGE(.BOTH.,#2835);
#2837=PRESENTATION_STYLE_ASSIGNMENT((#2836));
#2838=STYLED_ITEM('',(#2837),#2830);
#2839=ADVANCED_FACE('',(#6075),#6077,.F.);
#2840=COLOUR_RGB('',0.564705882352941,0.564705882352941,0.564705882352941);
#2841=FILL_AREA_STYLE_COLOUR('',#2840);
#2842=FILL_AREA_STYLE($,(#2841));
#2843=SURFACE_STYLE_FILL_AREA(#2842);
#2844=SURFACE_SIDE_STYLE('',(#2843));
#2845=SURFACE_STYLE_USAGE(.BOTH.,#2844);
#2846=PRESENTATION_STYLE_ASSIGNMENT((#2845));
#2847=STYLED_ITEM('',(#2846),#2839);
#2848=ADVANCED_FACE('',(#6082),#6084,.F.);
#2849=COLOUR_RGB('',0.564705882352941,0.564705882352941,0.564705882352941);
#2850=FILL_AREA_STYLE_COLOUR('',#2849);
#2851=FILL_AREA_STYLE($,(#2850));
#2852=SURFACE_STYLE_FILL_AREA(#2851);
#2853=SURFACE_SIDE_STYLE('',(#2852));
#2854=SURFACE_STYLE_USAGE(.BOTH.,#2853);
#2855=PRESENTATION_STYLE_ASSIGNMENT((#2854));
#2856=STYLED_ITEM('',(#2855),#2848);
#2857=ADVANCED_FACE('',(#6089),#6091,.F.);
#2858=COLOUR_RGB('',0.564705882352941,0.564705882352941,0.564705882352941);
#2859=FILL_AREA_STYLE_COLOUR('',#2858);
#2860=FILL_AREA_STYLE($,(#2859));
#2861=SURFACE_STYLE_FILL_AREA(#2860);
#2862=SURFACE_SIDE_STYLE('',(#2861));
#2863=SURFACE_STYLE_USAGE(.BOTH.,#2862);
#2864=PRESENTATION_STYLE_ASSIGNMENT((#2863));
#2865=STYLED_ITEM('',(#2864),#2857);
#2866=ADVANCED_FACE('',(#6096),#6098,.F.);
#2867=COLOUR_RGB('',0.564705882352941,0.564705882352941,0.564705882352941);
#2868=FILL_AREA_STYLE_COLOUR('',#2867);
#2869=FILL_AREA_STYLE($,(#2868));
#2870=SURFACE_STYLE_FILL_AREA(#2869);
#2871=SURFACE_SIDE_STYLE('',(#2870));
#2872=SURFACE_STYLE_USAGE(.BOTH.,#2871);
#2873=PRESENTATION_STYLE_ASSIGNMENT((#2872));
#2874=STYLED_ITEM('',(#2873),#2866);
#2875=ADVANCED_FACE('',(#6103),#6105,.F.);
#2876=COLOUR_RGB('',0.564705882352941,0.564705882352941,0.564705882352941);
#2877=FILL_AREA_STYLE_COLOUR('',#2876);
#2878=FILL_AREA_STYLE($,(#2877));
#2879=SURFACE_STYLE_FILL_AREA(#2878);
#2880=SURFACE_SIDE_STYLE('',(#2879));
#2881=SURFACE_STYLE_USAGE(.BOTH.,#2880);
#2882=PRESENTATION_STYLE_ASSIGNMENT((#2881));
#2883=STYLED_ITEM('',(#2882),#2875);
#2884=ADVANCED_FACE('',(#6110),#6112,.F.);
#2885=COLOUR_RGB('',0.564705882352941,0.564705882352941,0.564705882352941);
#2886=FILL_AREA_STYLE_COLOUR('',#2885);
#2887=FILL_AREA_STYLE($,(#2886));
#2888=SURFACE_STYLE_FILL_AREA(#2887);
#2889=SURFACE_SIDE_STYLE('',(#2888));
#2890=SURFACE_STYLE_USAGE(.BOTH.,#2889);
#2891=PRESENTATION_STYLE_ASSIGNMENT((#2890));
#2892=STYLED_ITEM('',(#2891),#2884);
#2893=ADVANCED_FACE('',(#6117),#6119,.F.);
#2894=COLOUR_RGB('',0.564705882352941,0.564705882352941,0.564705882352941);
#2895=FILL_AREA_STYLE_COLOUR('',#2894);
#2896=FILL_AREA_STYLE($,(#2895));
#2897=SURFACE_STYLE_FILL_AREA(#2896);
#2898=SURFACE_SIDE_STYLE('',(#2897));
#2899=SURFACE_STYLE_USAGE(.BOTH.,#2898);
#2900=PRESENTATION_STYLE_ASSIGNMENT((#2899));
#2901=STYLED_ITEM('',(#2900),#2893);
#2902=ADVANCED_FACE('',(#6124),#6126,.F.);
#2903=COLOUR_RGB('',0.564705882352941,0.564705882352941,0.564705882352941);
#2904=FILL_AREA_STYLE_COLOUR('',#2903);
#2905=FILL_AREA_STYLE($,(#2904));
#2906=SURFACE_STYLE_FILL_AREA(#2905);
#2907=SURFACE_SIDE_STYLE('',(#2906));
#2908=SURFACE_STYLE_USAGE(.BOTH.,#2907);
#2909=PRESENTATION_STYLE_ASSIGNMENT((#2908));
#2910=STYLED_ITEM('',(#2909),#2902);
#2911=ADVANCED_FACE('',(#6131),#6133,.F.);
#2912=COLOUR_RGB('',0.564705882352941,0.564705882352941,0.564705882352941);
#2913=FILL_AREA_STYLE_COLOUR('',#2912);
#2914=FILL_AREA_STYLE($,(#2913));
#2915=SURFACE_STYLE_FILL_AREA(#2914);
#2916=SURFACE_SIDE_STYLE('',(#2915));
#2917=SURFACE_STYLE_USAGE(.BOTH.,#2916);
#2918=PRESENTATION_STYLE_ASSIGNMENT((#2917));
#2919=STYLED_ITEM('',(#2918),#2911);
#2920=ADVANCED_FACE('',(#6138),#6140,.F.);
#2921=COLOUR_RGB('',0.564705882352941,0.564705882352941,0.564705882352941);
#2922=FILL_AREA_STYLE_COLOUR('',#2921);
#2923=FILL_AREA_STYLE($,(#2922));
#2924=SURFACE_STYLE_FILL_AREA(#2923);
#2925=SURFACE_SIDE_STYLE('',(#2924));
#2926=SURFACE_STYLE_USAGE(.BOTH.,#2925);
#2927=PRESENTATION_STYLE_ASSIGNMENT((#2926));
#2928=STYLED_ITEM('',(#2927),#2920);
#2929=ADVANCED_FACE('',(#6145),#6147,.F.);
#2930=COLOUR_RGB('',0.564705882352941,0.564705882352941,0.564705882352941);
#2931=FILL_AREA_STYLE_COLOUR('',#2930);
#2932=FILL_AREA_STYLE($,(#2931));
#2933=SURFACE_STYLE_FILL_AREA(#2932);
#2934=SURFACE_SIDE_STYLE('',(#2933));
#2935=SURFACE_STYLE_USAGE(.BOTH.,#2934);
#2936=PRESENTATION_STYLE_ASSIGNMENT((#2935));
#2937=STYLED_ITEM('',(#2936),#2929);
#2938=ADVANCED_FACE('',(#6152),#6154,.F.);
#2939=COLOUR_RGB('',0.564705882352941,0.564705882352941,0.564705882352941);
#2940=FILL_AREA_STYLE_COLOUR('',#2939);
#2941=FILL_AREA_STYLE($,(#2940));
#2942=SURFACE_STYLE_FILL_AREA(#2941);
#2943=SURFACE_SIDE_STYLE('',(#2942));
#2944=SURFACE_STYLE_USAGE(.BOTH.,#2943);
#2945=PRESENTATION_STYLE_ASSIGNMENT((#2944));
#2946=STYLED_ITEM('',(#2945),#2938);
#2947=ADVANCED_FACE('',(#6159),#6161,.F.);
#2948=COLOUR_RGB('',0.564705882352941,0.564705882352941,0.564705882352941);
#2949=FILL_AREA_STYLE_COLOUR('',#2948);
#2950=FILL_AREA_STYLE($,(#2949));
#2951=SURFACE_STYLE_FILL_AREA(#2950);
#2952=SURFACE_SIDE_STYLE('',(#2951));
#2953=SURFACE_STYLE_USAGE(.BOTH.,#2952);
#2954=PRESENTATION_STYLE_ASSIGNMENT((#2953));
#2955=STYLED_ITEM('',(#2954),#2947);
#2956=ADVANCED_FACE('',(#6166),#6168,.F.);
#2957=COLOUR_RGB('',0.564705882352941,0.564705882352941,0.564705882352941);
#2958=FILL_AREA_STYLE_COLOUR('',#2957);
#2959=FILL_AREA_STYLE($,(#2958));
#2960=SURFACE_STYLE_FILL_AREA(#2959);
#2961=SURFACE_SIDE_STYLE('',(#2960));
#2962=SURFACE_STYLE_USAGE(.BOTH.,#2961);
#2963=PRESENTATION_STYLE_ASSIGNMENT((#2962));
#2964=STYLED_ITEM('',(#2963),#2956);
#2965=ADVANCED_FACE('',(#6173),#6175,.F.);
#2966=COLOUR_RGB('',0.564705882352941,0.564705882352941,0.564705882352941);
#2967=FILL_AREA_STYLE_COLOUR('',#2966);
#2968=FILL_AREA_STYLE($,(#2967));
#2969=SURFACE_STYLE_FILL_AREA(#2968);
#2970=SURFACE_SIDE_STYLE('',(#2969));
#2971=SURFACE_STYLE_USAGE(.BOTH.,#2970);
#2972=PRESENTATION_STYLE_ASSIGNMENT((#2971));
#2973=STYLED_ITEM('',(#2972),#2965);
#2974=ADVANCED_FACE('',(#6180),#6182,.F.);
#2975=COLOUR_RGB('',0.564705882352941,0.564705882352941,0.564705882352941);
#2976=FILL_AREA_STYLE_COLOUR('',#2975);
#2977=FILL_AREA_STYLE($,(#2976));
#2978=SURFACE_STYLE_FILL_AREA(#2977);
#2979=SURFACE_SIDE_STYLE('',(#2978));
#2980=SURFACE_STYLE_USAGE(.BOTH.,#2979);
#2981=PRESENTATION_STYLE_ASSIGNMENT((#2980));
#2982=STYLED_ITEM('',(#2981),#2974);
#2983=ADVANCED_FACE('',(#6187),#6189,.F.);
#2984=COLOUR_RGB('',0.564705882352941,0.564705882352941,0.564705882352941);
#2985=FILL_AREA_STYLE_COLOUR('',#2984);
#2986=FILL_AREA_STYLE($,(#2985));
#2987=SURFACE_STYLE_FILL_AREA(#2986);
#2988=SURFACE_SIDE_STYLE('',(#2987));
#2989=SURFACE_STYLE_USAGE(.BOTH.,#2988);
#2990=PRESENTATION_STYLE_ASSIGNMENT((#2989));
#2991=STYLED_ITEM('',(#2990),#2983);
#2992=ADVANCED_FACE('',(#6194),#6196,.F.);
#2993=COLOUR_RGB('',0.564705882352941,0.564705882352941,0.564705882352941);
#2994=FILL_AREA_STYLE_COLOUR('',#2993);
#2995=FILL_AREA_STYLE($,(#2994));
#2996=SURFACE_STYLE_FILL_AREA(#2995);
#2997=SURFACE_SIDE_STYLE('',(#2996));
#2998=SURFACE_STYLE_USAGE(.BOTH.,#2997);
#2999=PRESENTATION_STYLE_ASSIGNMENT((#2998));
#3000=STYLED_ITEM('',(#2999),#2992);
#3001=ADVANCED_FACE('',(#6201),#6203,.F.);
#3002=COLOUR_RGB('',0.564705882352941,0.564705882352941,0.564705882352941);
#3003=FILL_AREA_STYLE_COLOUR('',#3002);
#3004=FILL_AREA_STYLE($,(#3003));
#3005=SURFACE_STYLE_FILL_AREA(#3004);
#3006=SURFACE_SIDE_STYLE('',(#3005));
#3007=SURFACE_STYLE_USAGE(.BOTH.,#3006);
#3008=PRESENTATION_STYLE_ASSIGNMENT((#3007));
#3009=STYLED_ITEM('',(#3008),#3001);
#3010=ADVANCED_FACE('',(#6208),#6210,.F.);
#3011=COLOUR_RGB('',0.564705882352941,0.564705882352941,0.564705882352941);
#3012=FILL_AREA_STYLE_COLOUR('',#3011);
#3013=FILL_AREA_STYLE($,(#3012));
#3014=SURFACE_STYLE_FILL_AREA(#3013);
#3015=SURFACE_SIDE_STYLE('',(#3014));
#3016=SURFACE_STYLE_USAGE(.BOTH.,#3015);
#3017=PRESENTATION_STYLE_ASSIGNMENT((#3016));
#3018=STYLED_ITEM('',(#3017),#3010);
#3019=ADVANCED_FACE('',(#6215),#6217,.F.);
#3020=COLOUR_RGB('',0.564705882352941,0.564705882352941,0.564705882352941);
#3021=FILL_AREA_STYLE_COLOUR('',#3020);
#3022=FILL_AREA_STYLE($,(#3021));
#3023=SURFACE_STYLE_FILL_AREA(#3022);
#3024=SURFACE_SIDE_STYLE('',(#3023));
#3025=SURFACE_STYLE_USAGE(.BOTH.,#3024);
#3026=PRESENTATION_STYLE_ASSIGNMENT((#3025));
#3027=STYLED_ITEM('',(#3026),#3019);
#3028=ADVANCED_FACE('',(#6222),#6224,.F.);
#3029=COLOUR_RGB('',0.564705882352941,0.564705882352941,0.564705882352941);
#3030=FILL_AREA_STYLE_COLOUR('',#3029);
#3031=FILL_AREA_STYLE($,(#3030));
#3032=SURFACE_STYLE_FILL_AREA(#3031);
#3033=SURFACE_SIDE_STYLE('',(#3032));
#3034=SURFACE_STYLE_USAGE(.BOTH.,#3033);
#3035=PRESENTATION_STYLE_ASSIGNMENT((#3034));
#3036=STYLED_ITEM('',(#3035),#3028);
#3037=ADVANCED_FACE('',(#6229),#6231,.F.);
#3038=COLOUR_RGB('',0.564705882352941,0.564705882352941,0.564705882352941);
#3039=FILL_AREA_STYLE_COLOUR('',#3038);
#3040=FILL_AREA_STYLE($,(#3039));
#3041=SURFACE_STYLE_FILL_AREA(#3040);
#3042=SURFACE_SIDE_STYLE('',(#3041));
#3043=SURFACE_STYLE_USAGE(.BOTH.,#3042);
#3044=PRESENTATION_STYLE_ASSIGNMENT((#3043));
#3045=STYLED_ITEM('',(#3044),#3037);
#3046=ADVANCED_FACE('',(#6236),#6238,.F.);
#3047=COLOUR_RGB('',0.564705882352941,0.564705882352941,0.564705882352941);
#3048=FILL_AREA_STYLE_COLOUR('',#3047);
#3049=FILL_AREA_STYLE($,(#3048));
#3050=SURFACE_STYLE_FILL_AREA(#3049);
#3051=SURFACE_SIDE_STYLE('',(#3050));
#3052=SURFACE_STYLE_USAGE(.BOTH.,#3051);
#3053=PRESENTATION_STYLE_ASSIGNMENT((#3052));
#3054=STYLED_ITEM('',(#3053),#3046);
#3055=ADVANCED_FACE('',(#6243),#6245,.F.);
#3056=COLOUR_RGB('',0.564705882352941,0.564705882352941,0.564705882352941);
#3057=FILL_AREA_STYLE_COLOUR('',#3056);
#3058=FILL_AREA_STYLE($,(#3057));
#3059=SURFACE_STYLE_FILL_AREA(#3058);
#3060=SURFACE_SIDE_STYLE('',(#3059));
#3061=SURFACE_STYLE_USAGE(.BOTH.,#3060);
#3062=PRESENTATION_STYLE_ASSIGNMENT((#3061));
#3063=STYLED_ITEM('',(#3062),#3055);
#3064=ADVANCED_FACE('',(#6250),#6252,.F.);
#3065=COLOUR_RGB('',0.564705882352941,0.564705882352941,0.564705882352941);
#3066=FILL_AREA_STYLE_COLOUR('',#3065);
#3067=FILL_AREA_STYLE($,(#3066));
#3068=SURFACE_STYLE_FILL_AREA(#3067);
#3069=SURFACE_SIDE_STYLE('',(#3068));
#3070=SURFACE_STYLE_USAGE(.BOTH.,#3069);
#3071=PRESENTATION_STYLE_ASSIGNMENT((#3070));
#3072=STYLED_ITEM('',(#3071),#3064);
#3073=ADVANCED_FACE('',(#6257),#6259,.F.);
#3074=COLOUR_RGB('',0.564705882352941,0.564705882352941,0.564705882352941);
#3075=FILL_AREA_STYLE_COLOUR('',#3074);
#3076=FILL_AREA_STYLE($,(#3075));
#3077=SURFACE_STYLE_FILL_AREA(#3076);
#3078=SURFACE_SIDE_STYLE('',(#3077));
#3079=SURFACE_STYLE_USAGE(.BOTH.,#3078);
#3080=PRESENTATION_STYLE_ASSIGNMENT((#3079));
#3081=STYLED_ITEM('',(#3080),#3073);
#3082=ADVANCED_FACE('',(#6264),#6266,.F.);
#3083=COLOUR_RGB('',0.564705882352941,0.564705882352941,0.564705882352941);
#3084=FILL_AREA_STYLE_COLOUR('',#3083);
#3085=FILL_AREA_STYLE($,(#3084));
#3086=SURFACE_STYLE_FILL_AREA(#3085);
#3087=SURFACE_SIDE_STYLE('',(#3086));
#3088=SURFACE_STYLE_USAGE(.BOTH.,#3087);
#3089=PRESENTATION_STYLE_ASSIGNMENT((#3088));
#3090=STYLED_ITEM('',(#3089),#3082);
#3091=ADVANCED_FACE('',(#6271),#6273,.F.);
#3092=COLOUR_RGB('',0.564705882352941,0.564705882352941,0.564705882352941);
#3093=FILL_AREA_STYLE_COLOUR('',#3092);
#3094=FILL_AREA_STYLE($,(#3093));
#3095=SURFACE_STYLE_FILL_AREA(#3094);
#3096=SURFACE_SIDE_STYLE('',(#3095));
#3097=SURFACE_STYLE_USAGE(.BOTH.,#3096);
#3098=PRESENTATION_STYLE_ASSIGNMENT((#3097));
#3099=STYLED_ITEM('',(#3098),#3091);
#3100=ADVANCED_FACE('',(#6278),#6280,.F.);
#3101=COLOUR_RGB('',0.564705882352941,0.564705882352941,0.564705882352941);
#3102=FILL_AREA_STYLE_COLOUR('',#3101);
#3103=FILL_AREA_STYLE($,(#3102));
#3104=SURFACE_STYLE_FILL_AREA(#3103);
#3105=SURFACE_SIDE_STYLE('',(#3104));
#3106=SURFACE_STYLE_USAGE(.BOTH.,#3105);
#3107=PRESENTATION_STYLE_ASSIGNMENT((#3106));
#3108=STYLED_ITEM('',(#3107),#3100);
#3109=ADVANCED_FACE('',(#6285),#6287,.F.);
#3110=COLOUR_RGB('',0.564705882352941,0.564705882352941,0.564705882352941);
#3111=FILL_AREA_STYLE_COLOUR('',#3110);
#3112=FILL_AREA_STYLE($,(#3111));
#3113=SURFACE_STYLE_FILL_AREA(#3112);
#3114=SURFACE_SIDE_STYLE('',(#3113));
#3115=SURFACE_STYLE_USAGE(.BOTH.,#3114);
#3116=PRESENTATION_STYLE_ASSIGNMENT((#3115));
#3117=STYLED_ITEM('',(#3116),#3109);
#3118=ADVANCED_FACE('',(#6292),#6294,.F.);
#3119=COLOUR_RGB('',0.564705882352941,0.564705882352941,0.564705882352941);
#3120=FILL_AREA_STYLE_COLOUR('',#3119);
#3121=FILL_AREA_STYLE($,(#3120));
#3122=SURFACE_STYLE_FILL_AREA(#3121);
#3123=SURFACE_SIDE_STYLE('',(#3122));
#3124=SURFACE_STYLE_USAGE(.BOTH.,#3123);
#3125=PRESENTATION_STYLE_ASSIGNMENT((#3124));
#3126=STYLED_ITEM('',(#3125),#3118);
#3127=ADVANCED_FACE('',(#6299),#6301,.F.);
#3128=COLOUR_RGB('',0.564705882352941,0.564705882352941,0.564705882352941);
#3129=FILL_AREA_STYLE_COLOUR('',#3128);
#3130=FILL_AREA_STYLE($,(#3129));
#3131=SURFACE_STYLE_FILL_AREA(#3130);
#3132=SURFACE_SIDE_STYLE('',(#3131));
#3133=SURFACE_STYLE_USAGE(.BOTH.,#3132);
#3134=PRESENTATION_STYLE_ASSIGNMENT((#3133));
#3135=STYLED_ITEM('',(#3134),#3127);
#3136=ADVANCED_FACE('',(#6306),#6308,.F.);
#3137=COLOUR_RGB('',0.564705882352941,0.564705882352941,0.564705882352941);
#3138=FILL_AREA_STYLE_COLOUR('',#3137);
#3139=FILL_AREA_STYLE($,(#3138));
#3140=SURFACE_STYLE_FILL_AREA(#3139);
#3141=SURFACE_SIDE_STYLE('',(#3140));
#3142=SURFACE_STYLE_USAGE(.BOTH.,#3141);
#3143=PRESENTATION_STYLE_ASSIGNMENT((#3142));
#3144=STYLED_ITEM('',(#3143),#3136);
#3145=ADVANCED_FACE('',(#6313),#6315,.F.);
#3146=COLOUR_RGB('',0.564705882352941,0.564705882352941,0.564705882352941);
#3147=FILL_AREA_STYLE_COLOUR('',#3146);
#3148=FILL_AREA_STYLE($,(#3147));
#3149=SURFACE_STYLE_FILL_AREA(#3148);
#3150=SURFACE_SIDE_STYLE('',(#3149));
#3151=SURFACE_STYLE_USAGE(.BOTH.,#3150);
#3152=PRESENTATION_STYLE_ASSIGNMENT((#3151));
#3153=STYLED_ITEM('',(#3152),#3145);
#3154=ADVANCED_FACE('',(#6320),#6322,.F.);
#3155=COLOUR_RGB('',0.564705882352941,0.564705882352941,0.564705882352941);
#3156=FILL_AREA_STYLE_COLOUR('',#3155);
#3157=FILL_AREA_STYLE($,(#3156));
#3158=SURFACE_STYLE_FILL_AREA(#3157);
#3159=SURFACE_SIDE_STYLE('',(#3158));
#3160=SURFACE_STYLE_USAGE(.BOTH.,#3159);
#3161=PRESENTATION_STYLE_ASSIGNMENT((#3160));
#3162=STYLED_ITEM('',(#3161),#3154);
#3163=ADVANCED_FACE('',(#6327),#6329,.F.);
#3164=COLOUR_RGB('',0.564705882352941,0.564705882352941,0.564705882352941);
#3165=FILL_AREA_STYLE_COLOUR('',#3164);
#3166=FILL_AREA_STYLE($,(#3165));
#3167=SURFACE_STYLE_FILL_AREA(#3166);
#3168=SURFACE_SIDE_STYLE('',(#3167));
#3169=SURFACE_STYLE_USAGE(.BOTH.,#3168);
#3170=PRESENTATION_STYLE_ASSIGNMENT((#3169));
#3171=STYLED_ITEM('',(#3170),#3163);
#3172=ADVANCED_FACE('',(#6334),#6336,.F.);
#3173=COLOUR_RGB('',0.564705882352941,0.564705882352941,0.564705882352941);
#3174=FILL_AREA_STYLE_COLOUR('',#3173);
#3175=FILL_AREA_STYLE($,(#3174));
#3176=SURFACE_STYLE_FILL_AREA(#3175);
#3177=SURFACE_SIDE_STYLE('',(#3176));
#3178=SURFACE_STYLE_USAGE(.BOTH.,#3177);
#3179=PRESENTATION_STYLE_ASSIGNMENT((#3178));
#3180=STYLED_ITEM('',(#3179),#3172);
#3181=ADVANCED_FACE('',(#6341),#6343,.F.);
#3182=COLOUR_RGB('',0.564705882352941,0.564705882352941,0.564705882352941);
#3183=FILL_AREA_STYLE_COLOUR('',#3182);
#3184=FILL_AREA_STYLE($,(#3183));
#3185=SURFACE_STYLE_FILL_AREA(#3184);
#3186=SURFACE_SIDE_STYLE('',(#3185));
#3187=SURFACE_STYLE_USAGE(.BOTH.,#3186);
#3188=PRESENTATION_STYLE_ASSIGNMENT((#3187));
#3189=STYLED_ITEM('',(#3188),#3181);
#3190=ADVANCED_FACE('',(#6348),#6350,.T.);
#3191=COLOUR_RGB('',0.564705882352941,0.564705882352941,0.564705882352941);
#3192=FILL_AREA_STYLE_COLOUR('',#3191);
#3193=FILL_AREA_STYLE($,(#3192));
#3194=SURFACE_STYLE_FILL_AREA(#3193);
#3195=SURFACE_SIDE_STYLE('',(#3194));
#3196=SURFACE_STYLE_USAGE(.BOTH.,#3195);
#3197=PRESENTATION_STYLE_ASSIGNMENT((#3196));
#3198=STYLED_ITEM('',(#3197),#3190);
#3199=ADVANCED_FACE('',(#6355),#6357,.T.);
#3200=COLOUR_RGB('',0.564705882352941,0.564705882352941,0.564705882352941);
#3201=FILL_AREA_STYLE_COLOUR('',#3200);
#3202=FILL_AREA_STYLE($,(#3201));
#3203=SURFACE_STYLE_FILL_AREA(#3202);
#3204=SURFACE_SIDE_STYLE('',(#3203));
#3205=SURFACE_STYLE_USAGE(.BOTH.,#3204);
#3206=PRESENTATION_STYLE_ASSIGNMENT((#3205));
#3207=STYLED_ITEM('',(#3206),#3199);
#3208=ADVANCED_FACE('',(#6362),#6364,.T.);
#3209=COLOUR_RGB('',0.564705882352941,0.564705882352941,0.564705882352941);
#3210=FILL_AREA_STYLE_COLOUR('',#3209);
#3211=FILL_AREA_STYLE($,(#3210));
#3212=SURFACE_STYLE_FILL_AREA(#3211);
#3213=SURFACE_SIDE_STYLE('',(#3212));
#3214=SURFACE_STYLE_USAGE(.BOTH.,#3213);
#3215=PRESENTATION_STYLE_ASSIGNMENT((#3214));
#3216=STYLED_ITEM('',(#3215),#3208);
#3217=ADVANCED_FACE('',(#6369),#6371,.F.);
#3218=COLOUR_RGB('',0.564705882352941,0.564705882352941,0.564705882352941);
#3219=FILL_AREA_STYLE_COLOUR('',#3218);
#3220=FILL_AREA_STYLE($,(#3219));
#3221=SURFACE_STYLE_FILL_AREA(#3220);
#3222=SURFACE_SIDE_STYLE('',(#3221));
#3223=SURFACE_STYLE_USAGE(.BOTH.,#3222);
#3224=PRESENTATION_STYLE_ASSIGNMENT((#3223));
#3225=STYLED_ITEM('',(#3224),#3217);
#3226=ADVANCED_FACE('',(#6376),#6378,.F.);
#3227=COLOUR_RGB('',0.564705882352941,0.564705882352941,0.564705882352941);
#3228=FILL_AREA_STYLE_COLOUR('',#3227);
#3229=FILL_AREA_STYLE($,(#3228));
#3230=SURFACE_STYLE_FILL_AREA(#3229);
#3231=SURFACE_SIDE_STYLE('',(#3230));
#3232=SURFACE_STYLE_USAGE(.BOTH.,#3231);
#3233=PRESENTATION_STYLE_ASSIGNMENT((#3232));
#3234=STYLED_ITEM('',(#3233),#3226);
#3235=ADVANCED_FACE('',(#6383),#6385,.F.);
#3236=COLOUR_RGB('',0.564705882352941,0.564705882352941,0.564705882352941);
#3237=FILL_AREA_STYLE_COLOUR('',#3236);
#3238=FILL_AREA_STYLE($,(#3237));
#3239=SURFACE_STYLE_FILL_AREA(#3238);
#3240=SURFACE_SIDE_STYLE('',(#3239));
#3241=SURFACE_STYLE_USAGE(.BOTH.,#3240);
#3242=PRESENTATION_STYLE_ASSIGNMENT((#3241));
#3243=STYLED_ITEM('',(#3242),#3235);
#3244=ADVANCED_FACE('',(#6390),#6392,.F.);
#3245=COLOUR_RGB('',0.564705882352941,0.564705882352941,0.564705882352941);
#3246=FILL_AREA_STYLE_COLOUR('',#3245);
#3247=FILL_AREA_STYLE($,(#3246));
#3248=SURFACE_STYLE_FILL_AREA(#3247);
#3249=SURFACE_SIDE_STYLE('',(#3248));
#3250=SURFACE_STYLE_USAGE(.BOTH.,#3249);
#3251=PRESENTATION_STYLE_ASSIGNMENT((#3250));
#3252=STYLED_ITEM('',(#3251),#3244);
#3253=ADVANCED_FACE('',(#6397),#6399,.F.);
#3254=COLOUR_RGB('',0.564705882352941,0.564705882352941,0.564705882352941);
#3255=FILL_AREA_STYLE_COLOUR('',#3254);
#3256=FILL_AREA_STYLE($,(#3255));
#3257=SURFACE_STYLE_FILL_AREA(#3256);
#3258=SURFACE_SIDE_STYLE('',(#3257));
#3259=SURFACE_STYLE_USAGE(.BOTH.,#3258);
#3260=PRESENTATION_STYLE_ASSIGNMENT((#3259));
#3261=STYLED_ITEM('',(#3260),#3253);
#3262=ADVANCED_FACE('',(#6404),#6406,.F.);
#3263=COLOUR_RGB('',0.564705882352941,0.564705882352941,0.564705882352941);
#3264=FILL_AREA_STYLE_COLOUR('',#3263);
#3265=FILL_AREA_STYLE($,(#3264));
#3266=SURFACE_STYLE_FILL_AREA(#3265);
#3267=SURFACE_SIDE_STYLE('',(#3266));
#3268=SURFACE_STYLE_USAGE(.BOTH.,#3267);
#3269=PRESENTATION_STYLE_ASSIGNMENT((#3268));
#3270=STYLED_ITEM('',(#3269),#3262);
#3271=ADVANCED_FACE('',(#6411,#6413),#6415,.F.);
#3272=COLOUR_RGB('',0.564705882352941,0.564705882352941,0.564705882352941);
#3273=FILL_AREA_STYLE_COLOUR('',#3272);
#3274=FILL_AREA_STYLE($,(#3273));
#3275=SURFACE_STYLE_FILL_AREA(#3274);
#3276=SURFACE_SIDE_STYLE('',(#3275));
#3277=SURFACE_STYLE_USAGE(.BOTH.,#3276);
#3278=PRESENTATION_STYLE_ASSIGNMENT((#3277));
#3279=STYLED_ITEM('',(#3278),#3271);
#3280=ADVANCED_FACE('',(#6420,#6422),#6424,.F.);
#3281=COLOUR_RGB('',0.564705882352941,0.564705882352941,0.564705882352941);
#3282=FILL_AREA_STYLE_COLOUR('',#3281);
#3283=FILL_AREA_STYLE($,(#3282));
#3284=SURFACE_STYLE_FILL_AREA(#3283);
#3285=SURFACE_SIDE_STYLE('',(#3284));
#3286=SURFACE_STYLE_USAGE(.BOTH.,#3285);
#3287=PRESENTATION_STYLE_ASSIGNMENT((#3286));
#3288=STYLED_ITEM('',(#3287),#3280);
#3289=ADVANCED_FACE('',(#6429,#6431),#6433,.T.);
#3290=COLOUR_RGB('',0.564705882352941,0.564705882352941,0.564705882352941);
#3291=FILL_AREA_STYLE_COLOUR('',#3290);
#3292=FILL_AREA_STYLE($,(#3291));
#3293=SURFACE_STYLE_FILL_AREA(#3292);
#3294=SURFACE_SIDE_STYLE('',(#3293));
#3295=SURFACE_STYLE_USAGE(.BOTH.,#3294);
#3296=PRESENTATION_STYLE_ASSIGNMENT((#3295));
#3297=STYLED_ITEM('',(#3296),#3289);
#3298=ADVANCED_FACE('',(#6438,#6440),#6442,.T.);
#3299=COLOUR_RGB('',0.564705882352941,0.564705882352941,0.564705882352941);
#3300=FILL_AREA_STYLE_COLOUR('',#3299);
#3301=FILL_AREA_STYLE($,(#3300));
#3302=SURFACE_STYLE_FILL_AREA(#3301);
#3303=SURFACE_SIDE_STYLE('',(#3302));
#3304=SURFACE_STYLE_USAGE(.BOTH.,#3303);
#3305=PRESENTATION_STYLE_ASSIGNMENT((#3304));
#3306=STYLED_ITEM('',(#3305),#3298);
#3307=ADVANCED_FACE('',(#6447,#6449),#6451,.T.);
#3308=COLOUR_RGB('',0.564705882352941,0.564705882352941,0.564705882352941);
#3309=FILL_AREA_STYLE_COLOUR('',#3308);
#3310=FILL_AREA_STYLE($,(#3309));
#3311=SURFACE_STYLE_FILL_AREA(#3310);
#3312=SURFACE_SIDE_STYLE('',(#3311));
#3313=SURFACE_STYLE_USAGE(.BOTH.,#3312);
#3314=PRESENTATION_STYLE_ASSIGNMENT((#3313));
#3315=STYLED_ITEM('',(#3314),#3307);
#3316=ADVANCED_FACE('',(#6456,#6458),#6460,.T.);
#3317=COLOUR_RGB('',0.564705882352941,0.564705882352941,0.564705882352941);
#3318=FILL_AREA_STYLE_COLOUR('',#3317);
#3319=FILL_AREA_STYLE($,(#3318));
#3320=SURFACE_STYLE_FILL_AREA(#3319);
#3321=SURFACE_SIDE_STYLE('',(#3320));
#3322=SURFACE_STYLE_USAGE(.BOTH.,#3321);
#3323=PRESENTATION_STYLE_ASSIGNMENT((#3322));
#3324=STYLED_ITEM('',(#3323),#3316);
#3325=ADVANCED_FACE('',(#6465,#6467),#6469,.T.);
#3326=COLOUR_RGB('',0.564705882352941,0.564705882352941,0.564705882352941);
#3327=FILL_AREA_STYLE_COLOUR('',#3326);
#3328=FILL_AREA_STYLE($,(#3327));
#3329=SURFACE_STYLE_FILL_AREA(#3328);
#3330=SURFACE_SIDE_STYLE('',(#3329));
#3331=SURFACE_STYLE_USAGE(.BOTH.,#3330);
#3332=PRESENTATION_STYLE_ASSIGNMENT((#3331));
#3333=STYLED_ITEM('',(#3332),#3325);
#3334=ADVANCED_FACE('',(#6474,#6476),#6478,.F.);
#3335=COLOUR_RGB('',0.564705882352941,0.564705882352941,0.564705882352941);
#3336=FILL_AREA_STYLE_COLOUR('',#3335);
#3337=FILL_AREA_STYLE($,(#3336));
#3338=SURFACE_STYLE_FILL_AREA(#3337);
#3339=SURFACE_SIDE_STYLE('',(#3338));
#3340=SURFACE_STYLE_USAGE(.BOTH.,#3339);
#3341=PRESENTATION_STYLE_ASSIGNMENT((#3340));
#3342=STYLED_ITEM('',(#3341),#3334);
#3343=ADVANCED_FACE('',(#6483,#6485),#6487,.F.);
#3344=COLOUR_RGB('',0.564705882352941,0.564705882352941,0.564705882352941);
#3345=FILL_AREA_STYLE_COLOUR('',#3344);
#3346=FILL_AREA_STYLE($,(#3345));
#3347=SURFACE_STYLE_FILL_AREA(#3346);
#3348=SURFACE_SIDE_STYLE('',(#3347));
#3349=SURFACE_STYLE_USAGE(.BOTH.,#3348);
#3350=PRESENTATION_STYLE_ASSIGNMENT((#3349));
#3351=STYLED_ITEM('',(#3350),#3343);
#3352=ADVANCED_FACE('',(#6492),#6494,.F.);
#3353=COLOUR_RGB('',0.564705882352941,0.564705882352941,0.564705882352941);
#3354=FILL_AREA_STYLE_COLOUR('',#3353);
#3355=FILL_AREA_STYLE($,(#3354));
#3356=SURFACE_STYLE_FILL_AREA(#3355);
#3357=SURFACE_SIDE_STYLE('',(#3356));
#3358=SURFACE_STYLE_USAGE(.BOTH.,#3357);
#3359=PRESENTATION_STYLE_ASSIGNMENT((#3358));
#3360=STYLED_ITEM('',(#3359),#3352);
#3361=ADVANCED_FACE('',(#6499),#6501,.F.);
#3362=COLOUR_RGB('',0.564705882352941,0.564705882352941,0.564705882352941);
#3363=FILL_AREA_STYLE_COLOUR('',#3362);
#3364=FILL_AREA_STYLE($,(#3363));
#3365=SURFACE_STYLE_FILL_AREA(#3364);
#3366=SURFACE_SIDE_STYLE('',(#3365));
#3367=SURFACE_STYLE_USAGE(.BOTH.,#3366);
#3368=PRESENTATION_STYLE_ASSIGNMENT((#3367));
#3369=STYLED_ITEM('',(#3368),#3361);
#3370=ADVANCED_FACE('',(#6506),#6508,.F.);
#3371=COLOUR_RGB('',0.564705882352941,0.564705882352941,0.564705882352941);
#3372=FILL_AREA_STYLE_COLOUR('',#3371);
#3373=FILL_AREA_STYLE($,(#3372));
#3374=SURFACE_STYLE_FILL_AREA(#3373);
#3375=SURFACE_SIDE_STYLE('',(#3374));
#3376=SURFACE_STYLE_USAGE(.BOTH.,#3375);
#3377=PRESENTATION_STYLE_ASSIGNMENT((#3376));
#3378=STYLED_ITEM('',(#3377),#3370);
#3379=ADVANCED_FACE('',(#6513),#6515,.F.);
#3380=COLOUR_RGB('',0.564705882352941,0.564705882352941,0.564705882352941);
#3381=FILL_AREA_STYLE_COLOUR('',#3380);
#3382=FILL_AREA_STYLE($,(#3381));
#3383=SURFACE_STYLE_FILL_AREA(#3382);
#3384=SURFACE_SIDE_STYLE('',(#3383));
#3385=SURFACE_STYLE_USAGE(.BOTH.,#3384);
#3386=PRESENTATION_STYLE_ASSIGNMENT((#3385));
#3387=STYLED_ITEM('',(#3386),#3379);
#3388=ADVANCED_FACE('',(#6520),#6522,.T.);
#3389=COLOUR_RGB('',0.564705882352941,0.564705882352941,0.564705882352941);
#3390=FILL_AREA_STYLE_COLOUR('',#3389);
#3391=FILL_AREA_STYLE($,(#3390));
#3392=SURFACE_STYLE_FILL_AREA(#3391);
#3393=SURFACE_SIDE_STYLE('',(#3392));
#3394=SURFACE_STYLE_USAGE(.BOTH.,#3393);
#3395=PRESENTATION_STYLE_ASSIGNMENT((#3394));
#3396=STYLED_ITEM('',(#3395),#3388);
#3397=ADVANCED_FACE('',(#6527),#6529,.T.);
#3398=COLOUR_RGB('',0.564705882352941,0.564705882352941,0.564705882352941);
#3399=FILL_AREA_STYLE_COLOUR('',#3398);
#3400=FILL_AREA_STYLE($,(#3399));
#3401=SURFACE_STYLE_FILL_AREA(#3400);
#3402=SURFACE_SIDE_STYLE('',(#3401));
#3403=SURFACE_STYLE_USAGE(.BOTH.,#3402);
#3404=PRESENTATION_STYLE_ASSIGNMENT((#3403));
#3405=STYLED_ITEM('',(#3404),#3397);
#3406=ADVANCED_FACE('',(#6534),#6536,.T.);
#3407=COLOUR_RGB('',0.564705882352941,0.564705882352941,0.564705882352941);
#3408=FILL_AREA_STYLE_COLOUR('',#3407);
#3409=FILL_AREA_STYLE($,(#3408));
#3410=SURFACE_STYLE_FILL_AREA(#3409);
#3411=SURFACE_SIDE_STYLE('',(#3410));
#3412=SURFACE_STYLE_USAGE(.BOTH.,#3411);
#3413=PRESENTATION_STYLE_ASSIGNMENT((#3412));
#3414=STYLED_ITEM('',(#3413),#3406);
#3415=ADVANCED_FACE('',(#6541,#6543),#6545,.F.);
#3416=COLOUR_RGB('',0.564705882352941,0.564705882352941,0.564705882352941);
#3417=FILL_AREA_STYLE_COLOUR('',#3416);
#3418=FILL_AREA_STYLE($,(#3417));
#3419=SURFACE_STYLE_FILL_AREA(#3418);
#3420=SURFACE_SIDE_STYLE('',(#3419));
#3421=SURFACE_STYLE_USAGE(.BOTH.,#3420);
#3422=PRESENTATION_STYLE_ASSIGNMENT((#3421));
#3423=STYLED_ITEM('',(#3422),#3415);
#3424=ADVANCED_FACE('',(#6550,#6552),#6554,.F.);
#3425=COLOUR_RGB('',0.564705882352941,0.564705882352941,0.564705882352941);
#3426=FILL_AREA_STYLE_COLOUR('',#3425);
#3427=FILL_AREA_STYLE($,(#3426));
#3428=SURFACE_STYLE_FILL_AREA(#3427);
#3429=SURFACE_SIDE_STYLE('',(#3428));
#3430=SURFACE_STYLE_USAGE(.BOTH.,#3429);
#3431=PRESENTATION_STYLE_ASSIGNMENT((#3430));
#3432=STYLED_ITEM('',(#3431),#3424);
#3433=ADVANCED_FACE('',(#6559,#6561),#6563,.F.);
#3434=COLOUR_RGB('',0.564705882352941,0.564705882352941,0.564705882352941);
#3435=FILL_AREA_STYLE_COLOUR('',#3434);
#3436=FILL_AREA_STYLE($,(#3435));
#3437=SURFACE_STYLE_FILL_AREA(#3436);
#3438=SURFACE_SIDE_STYLE('',(#3437));
#3439=SURFACE_STYLE_USAGE(.BOTH.,#3438);
#3440=PRESENTATION_STYLE_ASSIGNMENT((#3439));
#3441=STYLED_ITEM('',(#3440),#3433);
#3442=ADVANCED_FACE('',(#6568,#6570),#6572,.F.);
#3443=COLOUR_RGB('',0.564705882352941,0.564705882352941,0.564705882352941);
#3444=FILL_AREA_STYLE_COLOUR('',#3443);
#3445=FILL_AREA_STYLE($,(#3444));
#3446=SURFACE_STYLE_FILL_AREA(#3445);
#3447=SURFACE_SIDE_STYLE('',(#3446));
#3448=SURFACE_STYLE_USAGE(.BOTH.,#3447);
#3449=PRESENTATION_STYLE_ASSIGNMENT((#3448));
#3450=STYLED_ITEM('',(#3449),#3442);
#3451=ADVANCED_FACE('',(#6577,#6579),#6581,.F.);
#3452=COLOUR_RGB('',0.564705882352941,0.564705882352941,0.564705882352941);
#3453=FILL_AREA_STYLE_COLOUR('',#3452);
#3454=FILL_AREA_STYLE($,(#3453));
#3455=SURFACE_STYLE_FILL_AREA(#3454);
#3456=SURFACE_SIDE_STYLE('',(#3455));
#3457=SURFACE_STYLE_USAGE(.BOTH.,#3456);
#3458=PRESENTATION_STYLE_ASSIGNMENT((#3457));
#3459=STYLED_ITEM('',(#3458),#3451);
#3460=ADVANCED_FACE('',(#6586,#6588),#6590,.F.);
#3461=COLOUR_RGB('',0.564705882352941,0.564705882352941,0.564705882352941);
#3462=FILL_AREA_STYLE_COLOUR('',#3461);
#3463=FILL_AREA_STYLE($,(#3462));
#3464=SURFACE_STYLE_FILL_AREA(#3463);
#3465=SURFACE_SIDE_STYLE('',(#3464));
#3466=SURFACE_STYLE_USAGE(.BOTH.,#3465);
#3467=PRESENTATION_STYLE_ASSIGNMENT((#3466));
#3468=STYLED_ITEM('',(#3467),#3460);
#3469=ADVANCED_FACE('',(#6595,#6597),#6599,.F.);
#3470=COLOUR_RGB('',0.564705882352941,0.564705882352941,0.564705882352941);
#3471=FILL_AREA_STYLE_COLOUR('',#3470);
#3472=FILL_AREA_STYLE($,(#3471));
#3473=SURFACE_STYLE_FILL_AREA(#3472);
#3474=SURFACE_SIDE_STYLE('',(#3473));
#3475=SURFACE_STYLE_USAGE(.BOTH.,#3474);
#3476=PRESENTATION_STYLE_ASSIGNMENT((#3475));
#3477=STYLED_ITEM('',(#3476),#3469);
#3478=ADVANCED_FACE('',(#6604,#6606),#6608,.F.);
#3479=COLOUR_RGB('',0.564705882352941,0.564705882352941,0.564705882352941);
#3480=FILL_AREA_STYLE_COLOUR('',#3479);
#3481=FILL_AREA_STYLE($,(#3480));
#3482=SURFACE_STYLE_FILL_AREA(#3481);
#3483=SURFACE_SIDE_STYLE('',(#3482));
#3484=SURFACE_STYLE_USAGE(.BOTH.,#3483);
#3485=PRESENTATION_STYLE_ASSIGNMENT((#3484));
#3486=STYLED_ITEM('',(#3485),#3478);
#3487=ADVANCED_FACE('',(#6613),#6615,.T.);
#3488=COLOUR_RGB('',0.564705882352941,0.564705882352941,0.564705882352941);
#3489=FILL_AREA_STYLE_COLOUR('',#3488);
#3490=FILL_AREA_STYLE($,(#3489));
#3491=SURFACE_STYLE_FILL_AREA(#3490);
#3492=SURFACE_SIDE_STYLE('',(#3491));
#3493=SURFACE_STYLE_USAGE(.BOTH.,#3492);
#3494=PRESENTATION_STYLE_ASSIGNMENT((#3493));
#3495=STYLED_ITEM('',(#3494),#3487);
#3496=ADVANCED_FACE('',(#6620),#6622,.T.);
#3497=COLOUR_RGB('',0.564705882352941,0.564705882352941,0.564705882352941);
#3498=FILL_AREA_STYLE_COLOUR('',#3497);
#3499=FILL_AREA_STYLE($,(#3498));
#3500=SURFACE_STYLE_FILL_AREA(#3499);
#3501=SURFACE_SIDE_STYLE('',(#3500));
#3502=SURFACE_STYLE_USAGE(.BOTH.,#3501);
#3503=PRESENTATION_STYLE_ASSIGNMENT((#3502));
#3504=STYLED_ITEM('',(#3503),#3496);
#3505=ADVANCED_FACE('',(#6627),#6629,.T.);
#3506=COLOUR_RGB('',0.564705882352941,0.564705882352941,0.564705882352941);
#3507=FILL_AREA_STYLE_COLOUR('',#3506);
#3508=FILL_AREA_STYLE($,(#3507));
#3509=SURFACE_STYLE_FILL_AREA(#3508);
#3510=SURFACE_SIDE_STYLE('',(#3509));
#3511=SURFACE_STYLE_USAGE(.BOTH.,#3510);
#3512=PRESENTATION_STYLE_ASSIGNMENT((#3511));
#3513=STYLED_ITEM('',(#3512),#3505);
#3514=ADVANCED_FACE('',(#6634),#6636,.T.);
#3515=COLOUR_RGB('',0.564705882352941,0.564705882352941,0.564705882352941);
#3516=FILL_AREA_STYLE_COLOUR('',#3515);
#3517=FILL_AREA_STYLE($,(#3516));
#3518=SURFACE_STYLE_FILL_AREA(#3517);
#3519=SURFACE_SIDE_STYLE('',(#3518));
#3520=SURFACE_STYLE_USAGE(.BOTH.,#3519);
#3521=PRESENTATION_STYLE_ASSIGNMENT((#3520));
#3522=STYLED_ITEM('',(#3521),#3514);
#3523=ADVANCED_FACE('',(#6641),#6643,.T.);
#3524=COLOUR_RGB('',0.564705882352941,0.564705882352941,0.564705882352941);
#3525=FILL_AREA_STYLE_COLOUR('',#3524);
#3526=FILL_AREA_STYLE($,(#3525));
#3527=SURFACE_STYLE_FILL_AREA(#3526);
#3528=SURFACE_SIDE_STYLE('',(#3527));
#3529=SURFACE_STYLE_USAGE(.BOTH.,#3528);
#3530=PRESENTATION_STYLE_ASSIGNMENT((#3529));
#3531=STYLED_ITEM('',(#3530),#3523);
#3532=ADVANCED_FACE('',(#6648),#6650,.T.);
#3533=COLOUR_RGB('',0.564705882352941,0.564705882352941,0.564705882352941);
#3534=FILL_AREA_STYLE_COLOUR('',#3533);
#3535=FILL_AREA_STYLE($,(#3534));
#3536=SURFACE_STYLE_FILL_AREA(#3535);
#3537=SURFACE_SIDE_STYLE('',(#3536));
#3538=SURFACE_STYLE_USAGE(.BOTH.,#3537);
#3539=PRESENTATION_STYLE_ASSIGNMENT((#3538));
#3540=STYLED_ITEM('',(#3539),#3532);
#3541=ADVANCED_FACE('',(#6655),#6657,.T.);
#3542=COLOUR_RGB('',0.564705882352941,0.564705882352941,0.564705882352941);
#3543=FILL_AREA_STYLE_COLOUR('',#3542);
#3544=FILL_AREA_STYLE($,(#3543));
#3545=SURFACE_STYLE_FILL_AREA(#3544);
#3546=SURFACE_SIDE_STYLE('',(#3545));
#3547=SURFACE_STYLE_USAGE(.BOTH.,#3546);
#3548=PRESENTATION_STYLE_ASSIGNMENT((#3547));
#3549=STYLED_ITEM('',(#3548),#3541);
#3550=ADVANCED_FACE('',(#6662),#6664,.T.);
#3551=COLOUR_RGB('',0.564705882352941,0.564705882352941,0.564705882352941);
#3552=FILL_AREA_STYLE_COLOUR('',#3551);
#3553=FILL_AREA_STYLE($,(#3552));
#3554=SURFACE_STYLE_FILL_AREA(#3553);
#3555=SURFACE_SIDE_STYLE('',(#3554));
#3556=SURFACE_STYLE_USAGE(.BOTH.,#3555);
#3557=PRESENTATION_STYLE_ASSIGNMENT((#3556));
#3558=STYLED_ITEM('',(#3557),#3550);
#3559=ADVANCED_FACE('',(#6669),#6671,.T.);
#3560=COLOUR_RGB('',0.564705882352941,0.564705882352941,0.564705882352941);
#3561=FILL_AREA_STYLE_COLOUR('',#3560);
#3562=FILL_AREA_STYLE($,(#3561));
#3563=SURFACE_STYLE_FILL_AREA(#3562);
#3564=SURFACE_SIDE_STYLE('',(#3563));
#3565=SURFACE_STYLE_USAGE(.BOTH.,#3564);
#3566=PRESENTATION_STYLE_ASSIGNMENT((#3565));
#3567=STYLED_ITEM('',(#3566),#3559);
#3568=ADVANCED_FACE('',(#6676),#6678,.T.);
#3569=COLOUR_RGB('',0.564705882352941,0.564705882352941,0.564705882352941);
#3570=FILL_AREA_STYLE_COLOUR('',#3569);
#3571=FILL_AREA_STYLE($,(#3570));
#3572=SURFACE_STYLE_FILL_AREA(#3571);
#3573=SURFACE_SIDE_STYLE('',(#3572));
#3574=SURFACE_STYLE_USAGE(.BOTH.,#3573);
#3575=PRESENTATION_STYLE_ASSIGNMENT((#3574));
#3576=STYLED_ITEM('',(#3575),#3568);
#3577=CARTESIAN_POINT('',(-30.,-88.5,4.));
#3578=CARTESIAN_POINT('',(-22.,-88.5,4.));
#3579=CARTESIAN_POINT('',(-97.,-30.,4.));
#3580=FACE_BOUND('',#3581,.T.);
#3581=EDGE_LOOP('',(#6683,#6684,#6685,#6686,#6687,#6688,#6689,#6690,#6691,#6692,
#6693,#6694,#6695,#6696,#6697,#6698,#6699,#6700,#6701,#6702,#6703,#6704,#6705,#6706,
#6707,#6708,#6709,#6710,#6711,#6712,#6713,#6714,#6715,#6716,#6717,#6718,#6719,#6720));
#3582=FACE_BOUND('',#3583,.T.);
#3583=EDGE_LOOP('',(#6721));
#3584=FACE_BOUND('',#3585,.T.);
#3585=EDGE_LOOP('',(#6722));
#3586=FACE_BOUND('',#3587,.T.);
#3587=EDGE_LOOP('',(#6723));
#3588=FACE_BOUND('',#3589,.T.);
#3589=EDGE_LOOP('',(#6724,#6725,#6726,#6727));
#3590=FACE_BOUND('',#3591,.T.);
#3591=EDGE_LOOP('',(#6728,#6729,#6730,#6731));
#3592=FACE_BOUND('',#3593,.T.);
#3593=EDGE_LOOP('',(#6732,#6733,#6734,#6735));
#3594=FACE_BOUND('',#3595,.T.);
#3595=EDGE_LOOP('',(#6736,#6737,#6738,#6739));
#3596=FACE_BOUND('',#3597,.T.);
#3597=EDGE_LOOP('',(#6740,#6741,#6742,#6743));
#3598=FACE_BOUND('',#3599,.T.);
#3599=EDGE_LOOP('',(#6744,#6745,#6746,#6747));
#3600=FACE_BOUND('',#3601,.T.);
#3601=EDGE_LOOP('',(#6748,#6749,#6750,#6751));
#3602=FACE_BOUND('',#3603,.T.);
#3603=EDGE_LOOP('',(#6752,#6753,#6754,#6755));
#3604=FACE_BOUND('',#3605,.T.);
#3605=EDGE_LOOP('',(#6756,#6757,#6758,#6759));
#3606=FACE_BOUND('',#3607,.T.);
#3607=EDGE_LOOP('',(#6760,#6761,#6762,#6763));
#3608=FACE_BOUND('',#3609,.T.);
#3609=EDGE_LOOP('',(#6764,#6765,#6766,#6767));
#3610=FACE_BOUND('',#3611,.T.);
#3611=EDGE_LOOP('',(#6768,#6769,#6770,#6771));
#3612=FACE_BOUND('',#3613,.T.);
#3613=EDGE_LOOP('',(#6772,#6773,#6774,#6775));
#3614=FACE_BOUND('',#3615,.T.);
#3615=EDGE_LOOP('',(#6776,#6777,#6778,#6779));
#3616=FACE_BOUND('',#3617,.T.);
#3617=EDGE_LOOP('',(#6780,#6781,#6782,#6783));
#3618=FACE_BOUND('',#3619,.T.);
#3619=EDGE_LOOP('',(#6784,#6785,#6786,#6787));
#3620=FACE_BOUND('',#3621,.T.);
#3621=EDGE_LOOP('',(#6788,#6789,#6790,#6791));
#3622=FACE_BOUND('',#3623,.T.);
#3623=EDGE_LOOP('',(#6792,#6793,#6794,#6795));
#3624=FACE_BOUND('',#3625,.T.);
#3625=EDGE_LOOP('',(#6796,#6797,#6798,#6799));
#3626=FACE_BOUND('',#3627,.T.);
#3627=EDGE_LOOP('',(#6800,#6801,#6802,#6803));
#3628=FACE_BOUND('',#3629,.T.);
#3629=EDGE_LOOP('',(#6804,#6805,#6806,#6807));
#3630=FACE_BOUND('',#3631,.T.);
#3631=EDGE_LOOP('',(#6808,#6809,#6810,#6811));
#3632=FACE_BOUND('',#3633,.T.);
#3633=EDGE_LOOP('',(#6812,#6813,#6814,#6815));
#3634=FACE_BOUND('',#3635,.T.);
#3635=EDGE_LOOP('',(#6816,#6817,#6818,#6819));
#3636=FACE_BOUND('',#3637,.T.);
#3637=EDGE_LOOP('',(#6820,#6821,#6822,#6823));
#3638=FACE_BOUND('',#3639,.T.);
#3639=EDGE_LOOP('',(#6824,#6825,#6826,#6827));
#3640=PLANE('',#3641);
#3641=AXIS2_PLACEMENT_3D('',#3642,#3643,#3644);
#3642=CARTESIAN_POINT('',(-197.,-112.,4.));
#3643=DIRECTION('',(-1.46503656857753E-16,-1.,0.));
#3644=DIRECTION('',(1.,-1.46503656857753E-16,0.));
#3645=FACE_OUTER_BOUND('',#3646,.T.);
#3646=EDGE_LOOP('',(#6828));
#3647=FACE_OUTER_BOUND('',#3648,.T.);
#3648=EDGE_LOOP('',(#6829));
#3649=CYLINDRICAL_SURFACE('',#3650,1.5);
#3650=AXIS2_PLACEMENT_3D('',#3651,#3652,#3653);
#3651=CARTESIAN_POINT('',(-30.,-114.,9.));
#3652=DIRECTION('',(1.46503656857752E-16,1.,0.));
#3653=DIRECTION('',(-1.,1.46503656857752E-16,-1.22464679914735E-16));
#3654=FACE_OUTER_BOUND('',#3655,.T.);
#3655=EDGE_LOOP('',(#6830));
#3656=FACE_OUTER_BOUND('',#3657,.T.);
#3657=EDGE_LOOP('',(#6831));
#3658=CYLINDRICAL_SURFACE('',#3659,1.5);
#3659=AXIS2_PLACEMENT_3D('',#3660,#3661,#3662);
#3660=CARTESIAN_POINT('',(-22.,-114.,9.));
#3661=DIRECTION('',(1.46503656857752E-16,1.,0.));
#3662=DIRECTION('',(-1.,1.46503656857752E-16,-1.22464679914735E-16));
#3663=FACE_BOUND('',#3664,.T.);
#3664=EDGE_LOOP('',(#6832,#6833,#6834,#6835));
#3665=PLANE('',#3666);
#3666=AXIS2_PLACEMENT_3D('',#3667,#3668,#3669);
#3667=CARTESIAN_POINT('',(-40.5,-115.,7.99999999999999));
#3668=DIRECTION('',(-1.,1.23572649697409E-16,-2.53765262771464E-16));
#3669=DIRECTION('',(-2.53765262771464E-16,0.,1.));
#3670=FACE_BOUND('',#3671,.T.);
#3671=EDGE_LOOP('',(#6836,#6837,#6838,#6839,#6840,#6841,#6842,#6843,#6844,#6845,
#6846,#6847,#6848,#6849));
#3672=FACE_BOUND('',#3673,.T.);
#3673=EDGE_LOOP('',(#6850));
#3674=FACE_BOUND('',#3675,.T.);
#3675=EDGE_LOOP('',(#6851));
#3676=PLANE('',#3677);
#3677=AXIS2_PLACEMENT_3D('',#3678,#3679,#3680);
#3678=CARTESIAN_POINT('',(0.,0.,8.));
#3679=DIRECTION('',(0.,0.,1.));
#3680=DIRECTION('',(-1.,1.22464679914735E-16,0.));
#3681=FACE_BOUND('',#3682,.T.);
#3682=EDGE_LOOP('',(#6852,#6853,#6854,#6855));
#3683=PLANE('',#3684);
#3684=AXIS2_PLACEMENT_3D('',#3685,#3686,#3687);
#3685=CARTESIAN_POINT('',(-44.,-73.,4.));
#3686=DIRECTION('',(-0.707106781186549,9.13508339597834E-17,0.707106781186546));
#3687=DIRECTION('',(-1.29189588320018E-16,-1.,0.));
#3688=FACE_BOUND('',#3689,.T.);
#3689=EDGE_LOOP('',(#6856,#6857,#6858,#6859,#6860,#6861,#6862,#6863,#6864,#6865,
#6866,#6867,#6868,#6869,#6870,#6871,#6872,#6873,#6874,#6875,#6876,#6877,#6878,#6879,
#6880,#6881,#6882,#6883,#6884,#6885,#6886));
#3690=FACE_BOUND('',#3691,.T.);
#3691=EDGE_LOOP('',(#6887));
#3692=FACE_BOUND('',#3693,.T.);
#3693=EDGE_LOOP('',(#6888));
#3694=FACE_BOUND('',#3695,.T.);
#3695=EDGE_LOOP('',(#6889));
#3696=FACE_BOUND('',#3697,.T.);
#3697=EDGE_LOOP('',(#6890));
#3698=FACE_BOUND('',#3699,.T.);
#3699=EDGE_LOOP('',(#6891));
#3700=PLANE('',#3701);
#3701=AXIS2_PLACEMENT_3D('',#3702,#3703,#3704);
#3702=CARTESIAN_POINT('',(0.,0.,4.));
#3703=DIRECTION('',(0.,0.,1.));
#3704=DIRECTION('',(-1.,1.22464679914735E-16,0.));
#3705=FACE_BOUND('',#3706,.T.);
#3706=EDGE_LOOP('',(#6892,#6893,#6894));
#3707=FACE_OUTER_BOUND('',#3708,.T.);
#3708=EDGE_LOOP('',(#6895));
#3709=CONICAL_SURFACE('',#3710,4.,0.785398163397448);
#3710=AXIS2_PLACEMENT_3D('',#3711,#3712,#3713);
#3711=CARTESIAN_POINT('',(-89.5,-106.5,6.));
#3712=DIRECTION('',(0.,0.,-1.));
#3713=DIRECTION('',(1.,0.,0.));
#3714=FACE_BOUND('',#3715,.T.);
#3715=EDGE_LOOP('',(#6896,#6897,#6898));
#3716=FACE_OUTER_BOUND('',#3717,.T.);
#3717=EDGE_LOOP('',(#6899));
#3718=CONICAL_SURFACE('',#3719,4.,0.785398163397448);
#3719=AXIS2_PLACEMENT_3D('',#3720,#3721,#3722);
#3720=CARTESIAN_POINT('',(-154.5,-106.5,6.));
#3721=DIRECTION('',(0.,0.,-1.));
#3722=DIRECTION('',(1.,0.,0.));
#3723=FACE_BOUND('',#3724,.T.);
#3724=EDGE_LOOP('',(#6900,#6901,#6902,#6903,#6904,#6905,#6906,#6907));
#3725=CYLINDRICAL_SURFACE('',#3726,3.);
#3726=AXIS2_PLACEMENT_3D('',#3727,#3728,#3729);
#3727=CARTESIAN_POINT('',(-194.,-109.,-8.));
#3728=DIRECTION('',(0.,2.63163976207445E-16,-1.));
#3729=DIRECTION('',(0.,-1.,-2.63163976207445E-16));
#3730=FACE_BOUND('',#3731,.T.);
#3731=EDGE_LOOP('',(#6908,#6909,#6910,#6911,#6912,#6913));
#3732=PLANE('',#3733);
#3733=AXIS2_PLACEMENT_3D('',#3734,#3735,#3736);
#3734=CARTESIAN_POINT('',(-160.,-112.,35.));
#3735=DIRECTION('',(0.,0.707106781186549,-0.707106781186546));
#3736=DIRECTION('',(-1.,0.,0.));
#3737=FACE_BOUND('',#3738,.T.);
#3738=EDGE_LOOP('',(#6914,#6915,#6916,#6917,#6918));
#3739=PLANE('',#3740);
#3740=AXIS2_PLACEMENT_3D('',#3741,#3742,#3743);
#3741=CARTESIAN_POINT('',(-192.,-112.,39.));
#3742=DIRECTION('',(1.,-1.13686837721616E-14,0.));
#3743=DIRECTION('',(1.13686837721616E-14,1.,0.));
#3744=FACE_BOUND('',#3745,.T.);
#3745=EDGE_LOOP('',(#6919,#6920,#6921,#6922,#6923,#6924,#6925,#6926));
#3746=FACE_BOUND('',#3747,.T.);
#3747=EDGE_LOOP('',(#6927,#6928,#6929,#6930,#6931,#6932,#6933,#6934,#6935,#6936,
#6937,#6938,#6939,#6940,#6941,#6942,#6943,#6944,#6945,#6946));
#3748=FACE_BOUND('',#3749,.T.);
#3749=EDGE_LOOP('',(#6947));
#3750=FACE_BOUND('',#3751,.T.);
#3751=EDGE_LOOP('',(#6948));
#3752=FACE_BOUND('',#3753,.T.);
#3753=EDGE_LOOP('',(#6949));
#3754=FACE_BOUND('',#3755,.T.);
#3755=EDGE_LOOP('',(#6950));
#3756=FACE_BOUND('',#3757,.T.);
#3757=EDGE_LOOP('',(#6951));
#3758=FACE_BOUND('',#3759,.T.);
#3759=EDGE_LOOP('',(#6952));
#3760=PLANE('',#3761);
#3761=AXIS2_PLACEMENT_3D('',#3762,#3763,#3764);
#3762=CARTESIAN_POINT('',(0.,0.,44.));
#3763=DIRECTION('',(0.,0.,1.));
#3764=DIRECTION('',(-1.,1.22464679914735E-16,0.));
#3765=FACE_BOUND('',#3766,.T.);
#3766=EDGE_LOOP('',(#6953,#6954,#6955,#6956));
#3767=PLANE('',#3768);
#3768=AXIS2_PLACEMENT_3D('',#3769,#3770,#3771);
#3769=CARTESIAN_POINT('',(-104.,-107.,32.));
#3770=DIRECTION('',(-1.,0.,0.));
#3771=DIRECTION('',(0.,-1.,0.));
#3772=FACE_BOUND('',#3773,.T.);
#3773=EDGE_LOOP('',(#6957,#6958,#6959,#6960,#6961,#6962));
#3774=PLANE('',#3775);
#3775=AXIS2_PLACEMENT_3D('',#3776,#3777,#3778);
#3776=CARTESIAN_POINT('',(-104.5,-115.,36.));
#3777=DIRECTION('',(0.,0.,1.));
#3778=DIRECTION('',(1.,0.,0.));
#3779=FACE_BOUND('',#3780,.T.);
#3780=EDGE_LOOP('',(#6963,#6964,#6965,#6966));
#3781=PLANE('',#3782);
#3782=AXIS2_PLACEMENT_3D('',#3783,#3784,#3785);
#3783=CARTESIAN_POINT('',(-104.5,-115.,7.99999999999999));
#3784=DIRECTION('',(-1.,1.23572649697409E-16,0.));
#3785=DIRECTION('',(0.,0.,1.));
#3786=FACE_BOUND('',#3787,.T.);
#3787=EDGE_LOOP('',(#6967,#6968,#6969,#6970));
#3788=PLANE('',#3789);
#3789=AXIS2_PLACEMENT_3D('',#3790,#3791,#3792);
#3790=CARTESIAN_POINT('',(-103.,-115.,7.99999999999999));
#3791=DIRECTION('',(0.,0.,-1.));
#3792=DIRECTION('',(-1.,0.,0.));
#3793=FACE_BOUND('',#3794,.T.);
#3794=EDGE_LOOP('',(#6971,#6972,#6973,#6974,#6975,#6976));
#3795=PLANE('',#3796);
#3796=AXIS2_PLACEMENT_3D('',#3797,#3798,#3799);
#3797=CARTESIAN_POINT('',(-103.,-115.,36.));
#3798=DIRECTION('',(1.,-1.23572649697409E-16,0.));
#3799=DIRECTION('',(0.,0.,-1.));
#3800=FACE_BOUND('',#3801,.T.);
#3801=EDGE_LOOP('',(#6977,#6978,#6979,#6980,#6981,#6982,#6983,#6984));
#3802=PLANE('',#3803);
#3803=AXIS2_PLACEMENT_3D('',#3804,#3805,#3806);
#3804=CARTESIAN_POINT('',(2.8421709430404E-14,-112.,32.));
#3805=DIRECTION('',(0.,-0.707106781186548,0.707106781186548));
#3806=DIRECTION('',(0.,0.707106781186548,0.707106781186548));
#3807=FACE_BOUND('',#3808,.T.);
#3808=EDGE_LOOP('',(#6985,#6986,#6987,#6988,#6989,#6990,#6991));
#3809=PLANE('',#3810);
#3810=AXIS2_PLACEMENT_3D('',#3811,#3812,#3813);
#3811=CARTESIAN_POINT('',(-100.5,-115.,7.99999999999999));
#3812=DIRECTION('',(-1.,1.23572649697409E-16,0.));
#3813=DIRECTION('',(0.,0.,1.));
#3814=FACE_BOUND('',#3815,.T.);
#3815=EDGE_LOOP('',(#6992,#6993,#6994,#6995));
#3816=PLANE('',#3817);
#3817=AXIS2_PLACEMENT_3D('',#3818,#3819,#3820);
#3818=CARTESIAN_POINT('',(-99.,-115.,7.99999999999999));
#3819=DIRECTION('',(0.,0.,-1.));
#3820=DIRECTION('',(-1.,0.,0.));
#3821=FACE_BOUND('',#3822,.T.);
#3822=EDGE_LOOP('',(#6996,#6997,#6998,#6999,#7000,#7001,#7002));
#3823=PLANE('',#3824);
#3824=AXIS2_PLACEMENT_3D('',#3825,#3826,#3827);
#3825=CARTESIAN_POINT('',(-99.,-115.,36.));
#3826=DIRECTION('',(1.,-1.23572649697409E-16,0.));
#3827=DIRECTION('',(0.,0.,-1.));
#3828=FACE_BOUND('',#3829,.T.);
#3829=EDGE_LOOP('',(#7003,#7004,#7005,#7006,#7007,#7008));
#3830=PLANE('',#3831);
#3831=AXIS2_PLACEMENT_3D('',#3832,#3833,#3834);
#3832=CARTESIAN_POINT('',(-96.5,-115.,7.99999999999999));
#3833=DIRECTION('',(-1.,1.23572649697409E-16,0.));
#3834=DIRECTION('',(0.,0.,1.));
#3835=FACE_BOUND('',#3836,.T.);
#3836=EDGE_LOOP('',(#7009,#7010,#7011,#7012));
#3837=PLANE('',#3838);
#3838=AXIS2_PLACEMENT_3D('',#3839,#3840,#3841);
#3839=CARTESIAN_POINT('',(-95.,-115.,7.99999999999999));
#3840=DIRECTION('',(0.,0.,-1.));
#3841=DIRECTION('',(-1.,0.,0.));
#3842=FACE_BOUND('',#3843,.T.);
#3843=EDGE_LOOP('',(#7013,#7014,#7015,#7016));
#3844=PLANE('',#3845);
#3845=AXIS2_PLACEMENT_3D('',#3846,#3847,#3848);
#3846=CARTESIAN_POINT('',(-95.,-115.,36.));
#3847=DIRECTION('',(1.,-1.23572649697409E-16,0.));
#3848=DIRECTION('',(0.,0.,-1.));
#3849=FACE_BOUND('',#3850,.T.);
#3850=EDGE_LOOP('',(#7017,#7018,#7019,#7020,#7021,#7022));
#3851=PLANE('',#3852);
#3852=AXIS2_PLACEMENT_3D('',#3853,#3854,#3855);
#3853=CARTESIAN_POINT('',(-96.5,-115.,36.));
#3854=DIRECTION('',(0.,0.,1.));
#3855=DIRECTION('',(1.,0.,0.));
#3856=FACE_BOUND('',#3857,.T.);
#3857=EDGE_LOOP('',(#7023,#7024,#7025,#7026));
#3858=PLANE('',#3859);
#3859=AXIS2_PLACEMENT_3D('',#3860,#3861,#3862);
#3860=CARTESIAN_POINT('',(-96.,-115.,32.));
#3861=DIRECTION('',(1.,0.,0.));
#3862=DIRECTION('',(0.,1.,0.));
#3863=FACE_BOUND('',#3864,.T.);
#3864=EDGE_LOOP('',(#7027,#7028,#7029,#7030,#7031));
#3865=PLANE('',#3866);
#3866=AXIS2_PLACEMENT_3D('',#3867,#3868,#3869);
#3867=CARTESIAN_POINT('',(-8.00000000000004,-107.,39.));
#3868=DIRECTION('',(-1.,-5.32907051820075E-15,0.));
#3869=DIRECTION('',(5.32907051820075E-15,-1.,0.));
#3870=FACE_BOUND('',#3871,.T.);
#3871=EDGE_LOOP('',(#7032,#7033,#7034,#7035,#7036,#7037,#7038));
#3872=PLANE('',#3873);
#3873=AXIS2_PLACEMENT_3D('',#3874,#3875,#3876);
#3874=CARTESIAN_POINT('',(13.,-112.,35.));
#3875=DIRECTION('',(0.,0.707106781186548,-0.707106781186548));
#3876=DIRECTION('',(-1.,0.,0.));
#3877=FACE_BOUND('',#3878,.T.);
#3878=EDGE_LOOP('',(#7039,#7040,#7041,#7042,#7043,#7044,#7045,#7046));
#3879=CYLINDRICAL_SURFACE('',#3880,3.);
#3880=AXIS2_PLACEMENT_3D('',#3881,#3882,#3883);
#3881=CARTESIAN_POINT('',(-6.00000000000001,-109.,-5.));
#3882=DIRECTION('',(0.,0.,-1.));
#3883=DIRECTION('',(1.,0.,0.));
#3884=FACE_BOUND('',#3885,.T.);
#3885=EDGE_LOOP('',(#7047,#7048,#7049,#7050,#7051));
#3886=PLANE('',#3887);
#3887=AXIS2_PLACEMENT_3D('',#3888,#3889,#3890);
#3888=CARTESIAN_POINT('',(-1.00000000000002,-112.,7.));
#3889=DIRECTION('',(0.,-8.45884209238214E-17,1.));
#3890=DIRECTION('',(1.48029736616688E-16,1.,8.45884209238214E-17));
#3891=FACE_BOUND('',#3892,.T.);
#3892=EDGE_LOOP('',(#7052,#7053,#7054,#7055,#7056,#7057,#7058,#7059));
#3893=PLANE('',#3894);
#3894=AXIS2_PLACEMENT_3D('',#3895,#3896,#3897);
#3895=CARTESIAN_POINT('',(-1.,8.63027989855054E-17,0.));
#3896=DIRECTION('',(-1.,1.42597452704149E-16,0.));
#3897=DIRECTION('',(-1.42597452704149E-16,-1.,-6.12323399573677E-17));
#3898=FACE_BOUND('',#3899,.T.);
#3899=EDGE_LOOP('',(#7060,#7061,#7062,#7063));
#3900=PLANE('',#3901);
#3901=AXIS2_PLACEMENT_3D('',#3902,#3903,#3904);
#3902=CARTESIAN_POINT('',(0.,0.,4.));
#3903=DIRECTION('',(0.,0.,1.));
#3904=DIRECTION('',(-1.,1.22464679914735E-16,0.));
#3905=FACE_BOUND('',#3906,.T.);
#3906=EDGE_LOOP('',(#7064,#7065,#7066,#7067));
#3907=PLANE('',#3908);
#3908=AXIS2_PLACEMENT_3D('',#3909,#3910,#3911);
#3909=CARTESIAN_POINT('',(-38.,-112.,4.));
#3910=DIRECTION('',(1.,0.,0.));
#3911=DIRECTION('',(0.,1.,0.));
#3912=FACE_BOUND('',#3913,.T.);
#3913=EDGE_LOOP('',(#7068,#7069,#7070,#7071));
#3914=PLANE('',#3915);
#3915=AXIS2_PLACEMENT_3D('',#3916,#3917,#3918);
#3916=CARTESIAN_POINT('',(-39.,-115.,36.));
#3917=DIRECTION('',(1.,-1.23572649697409E-16,2.53765262771464E-16));
#3918=DIRECTION('',(2.53765262771464E-16,0.,-1.));
#3919=FACE_BOUND('',#3920,.T.);
#3920=EDGE_LOOP('',(#7072,#7073,#7074,#7075));
#3921=PLANE('',#3922);
#3922=AXIS2_PLACEMENT_3D('',#3923,#3924,#3925);
#3923=CARTESIAN_POINT('',(-40.5,-115.,36.));
#3924=DIRECTION('',(0.,0.,1.));
#3925=DIRECTION('',(1.,0.,0.));
#3926=FACE_OUTER_BOUND('',#3927,.T.);
#3927=EDGE_LOOP('',(#7076));
#3928=FACE_OUTER_BOUND('',#3929,.T.);
#3929=EDGE_LOOP('',(#7077));
#3930=CYLINDRICAL_SURFACE('',#3931,6.);
#3931=AXIS2_PLACEMENT_3D('',#3932,#3933,#3934);
#3932=CARTESIAN_POINT('',(-170.,5.25801624462474E-14,22.));
#3933=DIRECTION('',(-1.4210854715202E-16,-1.,0.));
#3934=DIRECTION('',(1.,-1.4210854715202E-16,0.));
#3935=FACE_BOUND('',#3936,.T.);
#3936=EDGE_LOOP('',(#7078,#7079,#7080,#7081));
#3937=PLANE('',#3938);
#3938=AXIS2_PLACEMENT_3D('',#3939,#3940,#3941);
#3939=CARTESIAN_POINT('',(-152.5,-115.,7.99999999999998));
#3940=DIRECTION('',(-1.,0.,0.));
#3941=DIRECTION('',(0.,0.,1.));
#3942=FACE_BOUND('',#3943,.T.);
#3943=EDGE_LOOP('',(#7082,#7083,#7084,#7085));
#3944=PLANE('',#3945);
#3945=AXIS2_PLACEMENT_3D('',#3946,#3947,#3948);
#3946=CARTESIAN_POINT('',(-151.,-115.,7.99999999999998));
#3947=DIRECTION('',(0.,0.,-1.));
#3948=DIRECTION('',(-1.,0.,0.));
#3949=FACE_BOUND('',#3950,.T.);
#3950=EDGE_LOOP('',(#7086,#7087,#7088,#7089));
#3951=PLANE('',#3952);
#3952=AXIS2_PLACEMENT_3D('',#3953,#3954,#3955);
#3953=CARTESIAN_POINT('',(-151.,-115.,36.));
#3954=DIRECTION('',(1.,0.,0.));
#3955=DIRECTION('',(0.,0.,-1.));
#3956=FACE_BOUND('',#3957,.T.);
#3957=EDGE_LOOP('',(#7090,#7091,#7092,#7093));
#3958=PLANE('',#3959);
#3959=AXIS2_PLACEMENT_3D('',#3960,#3961,#3962);
#3960=CARTESIAN_POINT('',(-152.5,-115.,36.));
#3961=DIRECTION('',(0.,0.,1.));
#3962=DIRECTION('',(1.,0.,0.));
#3963=FACE_BOUND('',#3964,.T.);
#3964=EDGE_LOOP('',(#7094,#7095,#7096,#7097));
#3965=PLANE('',#3966);
#3966=AXIS2_PLACEMENT_3D('',#3967,#3968,#3969);
#3967=CARTESIAN_POINT('',(-148.5,-115.,7.99999999999998));
#3968=DIRECTION('',(-1.,0.,0.));
#3969=DIRECTION('',(0.,0.,1.));
#3970=FACE_BOUND('',#3971,.T.);
#3971=EDGE_LOOP('',(#7098,#7099,#7100,#7101));
#3972=PLANE('',#3973);
#3973=AXIS2_PLACEMENT_3D('',#3974,#3975,#3976);
#3974=CARTESIAN_POINT('',(-147.,-115.,7.99999999999998));
#3975=DIRECTION('',(0.,0.,-1.));
#3976=DIRECTION('',(-1.,0.,0.));
#3977=FACE_BOUND('',#3978,.T.);
#3978=EDGE_LOOP('',(#7102,#7103,#7104,#7105));
#3979=PLANE('',#3980);
#3980=AXIS2_PLACEMENT_3D('',#3981,#3982,#3983);
#3981=CARTESIAN_POINT('',(-147.,-115.,36.));
#3982=DIRECTION('',(1.,0.,0.));
#3983=DIRECTION('',(0.,0.,-1.));
#3984=FACE_BOUND('',#3985,.T.);
#3985=EDGE_LOOP('',(#7106,#7107,#7108,#7109));
#3986=PLANE('',#3987);
#3987=AXIS2_PLACEMENT_3D('',#3988,#3989,#3990);
#3988=CARTESIAN_POINT('',(-148.5,-115.,36.));
#3989=DIRECTION('',(0.,0.,1.));
#3990=DIRECTION('',(1.,0.,0.));
#3991=FACE_BOUND('',#3992,.T.);
#3992=EDGE_LOOP('',(#7110,#7111,#7112,#7113));
#3993=PLANE('',#3994);
#3994=AXIS2_PLACEMENT_3D('',#3995,#3996,#3997);
#3995=CARTESIAN_POINT('',(-144.5,-115.,7.99999999999998));
#3996=DIRECTION('',(-1.,0.,0.));
#3997=DIRECTION('',(0.,0.,1.));
#3998=FACE_BOUND('',#3999,.T.);
#3999=EDGE_LOOP('',(#7114,#7115,#7116,#7117));
#4000=PLANE('',#4001);
#4001=AXIS2_PLACEMENT_3D('',#4002,#4003,#4004);
#4002=CARTESIAN_POINT('',(-143.,-115.,7.99999999999998));
#4003=DIRECTION('',(0.,0.,-1.));
#4004=DIRECTION('',(-1.,0.,0.));
#4005=FACE_BOUND('',#4006,.T.);
#4006=EDGE_LOOP('',(#7118,#7119,#7120,#7121));
#4007=PLANE('',#4008);
#4008=AXIS2_PLACEMENT_3D('',#4009,#4010,#4011);
#4009=CARTESIAN_POINT('',(-143.,-115.,36.));
#4010=DIRECTION('',(1.,0.,0.));
#4011=DIRECTION('',(0.,0.,-1.));
#4012=FACE_BOUND('',#4013,.T.);
#4013=EDGE_LOOP('',(#7122,#7123,#7124,#7125));
#4014=PLANE('',#4015);
#4015=AXIS2_PLACEMENT_3D('',#4016,#4017,#4018);
#4016=CARTESIAN_POINT('',(-144.5,-115.,36.));
#4017=DIRECTION('',(0.,0.,1.));
#4018=DIRECTION('',(1.,0.,0.));
#4019=FACE_BOUND('',#4020,.T.);
#4020=EDGE_LOOP('',(#7126,#7127,#7128,#7129));
#4021=PLANE('',#4022);
#4022=AXIS2_PLACEMENT_3D('',#4023,#4024,#4025);
#4023=CARTESIAN_POINT('',(-140.5,-115.,7.99999999999998));
#4024=DIRECTION('',(-1.,0.,0.));
#4025=DIRECTION('',(0.,0.,1.));
#4026=FACE_BOUND('',#4027,.T.);
#4027=EDGE_LOOP('',(#7130,#7131,#7132,#7133));
#4028=PLANE('',#4029);
#4029=AXIS2_PLACEMENT_3D('',#4030,#4031,#4032);
#4030=CARTESIAN_POINT('',(-139.,-115.,7.99999999999998));
#4031=DIRECTION('',(0.,0.,-1.));
#4032=DIRECTION('',(-1.,0.,0.));
#4033=FACE_BOUND('',#4034,.T.);
#4034=EDGE_LOOP('',(#7134,#7135,#7136,#7137));
#4035=PLANE('',#4036);
#4036=AXIS2_PLACEMENT_3D('',#4037,#4038,#4039);
#4037=CARTESIAN_POINT('',(-139.,-115.,36.));
#4038=DIRECTION('',(1.,0.,0.));
#4039=DIRECTION('',(0.,0.,-1.));
#4040=FACE_BOUND('',#4041,.T.);
#4041=EDGE_LOOP('',(#7138,#7139,#7140,#7141));
#4042=PLANE('',#4043);
#4043=AXIS2_PLACEMENT_3D('',#4044,#4045,#4046);
#4044=CARTESIAN_POINT('',(-140.5,-115.,36.));
#4045=DIRECTION('',(0.,0.,1.));
#4046=DIRECTION('',(1.,0.,0.));
#4047=FACE_BOUND('',#4048,.T.);
#4048=EDGE_LOOP('',(#7142,#7143,#7144,#7145));
#4049=PLANE('',#4050);
#4050=AXIS2_PLACEMENT_3D('',#4051,#4052,#4053);
#4051=CARTESIAN_POINT('',(-136.5,-115.,7.99999999999998));
#4052=DIRECTION('',(-1.,0.,0.));
#4053=DIRECTION('',(0.,0.,1.));
#4054=FACE_BOUND('',#4055,.T.);
#4055=EDGE_LOOP('',(#7146,#7147,#7148,#7149));
#4056=PLANE('',#4057);
#4057=AXIS2_PLACEMENT_3D('',#4058,#4059,#4060);
#4058=CARTESIAN_POINT('',(-135.,-115.,7.99999999999998));
#4059=DIRECTION('',(0.,0.,-1.));
#4060=DIRECTION('',(-1.,0.,0.));
#4061=FACE_BOUND('',#4062,.T.);
#4062=EDGE_LOOP('',(#7150,#7151,#7152,#7153));
#4063=PLANE('',#4064);
#4064=AXIS2_PLACEMENT_3D('',#4065,#4066,#4067);
#4065=CARTESIAN_POINT('',(-135.,-115.,36.));
#4066=DIRECTION('',(1.,0.,0.));
#4067=DIRECTION('',(0.,0.,-1.));
#4068=FACE_BOUND('',#4069,.T.);
#4069=EDGE_LOOP('',(#7154,#7155,#7156,#7157));
#4070=PLANE('',#4071);
#4071=AXIS2_PLACEMENT_3D('',#4072,#4073,#4074);
#4072=CARTESIAN_POINT('',(-136.5,-115.,36.));
#4073=DIRECTION('',(0.,0.,1.));
#4074=DIRECTION('',(1.,0.,0.));
#4075=FACE_BOUND('',#4076,.T.);
#4076=EDGE_LOOP('',(#7158,#7159,#7160,#7161));
#4077=PLANE('',#4078);
#4078=AXIS2_PLACEMENT_3D('',#4079,#4080,#4081);
#4079=CARTESIAN_POINT('',(-132.5,-115.,7.99999999999998));
#4080=DIRECTION('',(-1.,0.,0.));
#4081=DIRECTION('',(0.,0.,1.));
#4082=FACE_BOUND('',#4083,.T.);
#4083=EDGE_LOOP('',(#7162,#7163,#7164,#7165));
#4084=PLANE('',#4085);
#4085=AXIS2_PLACEMENT_3D('',#4086,#4087,#4088);
#4086=CARTESIAN_POINT('',(-131.,-115.,7.99999999999998));
#4087=DIRECTION('',(0.,0.,-1.));
#4088=DIRECTION('',(-1.,0.,0.));
#4089=FACE_BOUND('',#4090,.T.);
#4090=EDGE_LOOP('',(#7166,#7167,#7168,#7169));
#4091=PLANE('',#4092);
#4092=AXIS2_PLACEMENT_3D('',#4093,#4094,#4095);
#4093=CARTESIAN_POINT('',(-131.,-115.,36.));
#4094=DIRECTION('',(1.,0.,0.));
#4095=DIRECTION('',(0.,0.,-1.));
#4096=FACE_BOUND('',#4097,.T.);
#4097=EDGE_LOOP('',(#7170,#7171,#7172,#7173));
#4098=PLANE('',#4099);
#4099=AXIS2_PLACEMENT_3D('',#4100,#4101,#4102);
#4100=CARTESIAN_POINT('',(-132.5,-115.,36.));
#4101=DIRECTION('',(0.,0.,1.));
#4102=DIRECTION('',(1.,0.,0.));
#4103=FACE_BOUND('',#4104,.T.);
#4104=EDGE_LOOP('',(#7174,#7175,#7176,#7177));
#4105=PLANE('',#4106);
#4106=AXIS2_PLACEMENT_3D('',#4107,#4108,#4109);
#4107=CARTESIAN_POINT('',(-128.5,-115.,7.99999999999998));
#4108=DIRECTION('',(-1.,0.,0.));
#4109=DIRECTION('',(0.,0.,1.));
#4110=FACE_BOUND('',#4111,.T.);
#4111=EDGE_LOOP('',(#7178,#7179,#7180,#7181));
#4112=PLANE('',#4113);
#4113=AXIS2_PLACEMENT_3D('',#4114,#4115,#4116);
#4114=CARTESIAN_POINT('',(-127.,-115.,7.99999999999998));
#4115=DIRECTION('',(0.,0.,-1.));
#4116=DIRECTION('',(-1.,0.,0.));
#4117=FACE_BOUND('',#4118,.T.);
#4118=EDGE_LOOP('',(#7182,#7183,#7184,#7185));
#4119=PLANE('',#4120);
#4120=AXIS2_PLACEMENT_3D('',#4121,#4122,#4123);
#4121=CARTESIAN_POINT('',(-127.,-115.,36.));
#4122=DIRECTION('',(1.,-1.23572649697409E-16,0.));
#4123=DIRECTION('',(0.,0.,-1.));
#4124=FACE_BOUND('',#4125,.T.);
#4125=EDGE_LOOP('',(#7186,#7187,#7188,#7189));
#4126=PLANE('',#4127);
#4127=AXIS2_PLACEMENT_3D('',#4128,#4129,#4130);
#4128=CARTESIAN_POINT('',(-128.5,-115.,36.));
#4129=DIRECTION('',(0.,0.,1.));
#4130=DIRECTION('',(1.,0.,0.));
#4131=FACE_BOUND('',#4132,.T.);
#4132=EDGE_LOOP('',(#7190,#7191,#7192,#7193));
#4133=PLANE('',#4134);
#4134=AXIS2_PLACEMENT_3D('',#4135,#4136,#4137);
#4135=CARTESIAN_POINT('',(-124.5,-115.,7.99999999999998));
#4136=DIRECTION('',(-1.,1.23572649697409E-16,0.));
#4137=DIRECTION('',(0.,0.,1.));
#4138=FACE_BOUND('',#4139,.T.);
#4139=EDGE_LOOP('',(#7194,#7195,#7196,#7197));
#4140=PLANE('',#4141);
#4141=AXIS2_PLACEMENT_3D('',#4142,#4143,#4144);
#4142=CARTESIAN_POINT('',(-123.,-115.,7.99999999999998));
#4143=DIRECTION('',(0.,0.,-1.));
#4144=DIRECTION('',(-1.,0.,0.));
#4145=FACE_BOUND('',#4146,.T.);
#4146=EDGE_LOOP('',(#7198,#7199,#7200,#7201));
#4147=PLANE('',#4148);
#4148=AXIS2_PLACEMENT_3D('',#4149,#4150,#4151);
#4149=CARTESIAN_POINT('',(-123.,-115.,36.));
#4150=DIRECTION('',(1.,-1.23572649697409E-16,0.));
#4151=DIRECTION('',(0.,0.,-1.));
#4152=FACE_BOUND('',#4153,.T.);
#4153=EDGE_LOOP('',(#7202,#7203,#7204,#7205));
#4154=PLANE('',#4155);
#4155=AXIS2_PLACEMENT_3D('',#4156,#4157,#4158);
#4156=CARTESIAN_POINT('',(-124.5,-115.,36.));
#4157=DIRECTION('',(0.,0.,1.));
#4158=DIRECTION('',(1.,0.,0.));
#4159=FACE_BOUND('',#4160,.T.);
#4160=EDGE_LOOP('',(#7206,#7207,#7208,#7209));
#4161=PLANE('',#4162);
#4162=AXIS2_PLACEMENT_3D('',#4163,#4164,#4165);
#4163=CARTESIAN_POINT('',(-120.5,-115.,7.99999999999998));
#4164=DIRECTION('',(-1.,1.23572649697409E-16,0.));
#4165=DIRECTION('',(0.,0.,1.));
#4166=FACE_BOUND('',#4167,.T.);
#4167=EDGE_LOOP('',(#7210,#7211,#7212,#7213));
#4168=PLANE('',#4169);
#4169=AXIS2_PLACEMENT_3D('',#4170,#4171,#4172);
#4170=CARTESIAN_POINT('',(-119.,-115.,7.99999999999999));
#4171=DIRECTION('',(5.9211894646675E-16,-7.31697071509344E-32,-1.));
#4172=DIRECTION('',(-1.,0.,-5.9211894646675E-16));
#4173=FACE_BOUND('',#4174,.T.);
#4174=EDGE_LOOP('',(#7214,#7215,#7216,#7217));
#4175=PLANE('',#4176);
#4176=AXIS2_PLACEMENT_3D('',#4177,#4178,#4179);
#4177=CARTESIAN_POINT('',(-119.,-115.,36.));
#4178=DIRECTION('',(1.,-1.23572649697409E-16,0.));
#4179=DIRECTION('',(0.,0.,-1.));
#4180=FACE_BOUND('',#4181,.T.);
#4181=EDGE_LOOP('',(#7218,#7219,#7220,#7221));
#4182=PLANE('',#4183);
#4183=AXIS2_PLACEMENT_3D('',#4184,#4185,#4186);
#4184=CARTESIAN_POINT('',(-120.5,-115.,36.));
#4185=DIRECTION('',(0.,0.,1.));
#4186=DIRECTION('',(1.,0.,0.));
#4187=FACE_BOUND('',#4188,.T.);
#4188=EDGE_LOOP('',(#7222,#7223,#7224,#7225));
#4189=PLANE('',#4190);
#4190=AXIS2_PLACEMENT_3D('',#4191,#4192,#4193);
#4191=CARTESIAN_POINT('',(-116.5,-115.,7.99999999999999));
#4192=DIRECTION('',(-1.,1.23572649697409E-16,0.));
#4193=DIRECTION('',(0.,0.,1.));
#4194=FACE_BOUND('',#4195,.T.);
#4195=EDGE_LOOP('',(#7226,#7227,#7228,#7229));
#4196=PLANE('',#4197);
#4197=AXIS2_PLACEMENT_3D('',#4198,#4199,#4200);
#4198=CARTESIAN_POINT('',(-115.,-115.,7.99999999999999));
#4199=DIRECTION('',(0.,0.,-1.));
#4200=DIRECTION('',(-1.,0.,0.));
#4201=FACE_BOUND('',#4202,.T.);
#4202=EDGE_LOOP('',(#7230,#7231,#7232,#7233));
#4203=PLANE('',#4204);
#4204=AXIS2_PLACEMENT_3D('',#4205,#4206,#4207);
#4205=CARTESIAN_POINT('',(-115.,-115.,36.));
#4206=DIRECTION('',(1.,-1.23572649697409E-16,0.));
#4207=DIRECTION('',(0.,0.,-1.));
#4208=FACE_BOUND('',#4209,.T.);
#4209=EDGE_LOOP('',(#7234,#7235,#7236,#7237));
#4210=PLANE('',#4211);
#4211=AXIS2_PLACEMENT_3D('',#4212,#4213,#4214);
#4212=CARTESIAN_POINT('',(-116.5,-115.,36.));
#4213=DIRECTION('',(0.,0.,1.));
#4214=DIRECTION('',(1.,0.,0.));
#4215=FACE_BOUND('',#4216,.T.);
#4216=EDGE_LOOP('',(#7238,#7239,#7240,#7241));
#4217=PLANE('',#4218);
#4218=AXIS2_PLACEMENT_3D('',#4219,#4220,#4221);
#4219=CARTESIAN_POINT('',(-112.5,-115.,7.99999999999999));
#4220=DIRECTION('',(-1.,1.23572649697409E-16,0.));
#4221=DIRECTION('',(0.,0.,1.));
#4222=FACE_BOUND('',#4223,.T.);
#4223=EDGE_LOOP('',(#7242,#7243,#7244,#7245));
#4224=PLANE('',#4225);
#4225=AXIS2_PLACEMENT_3D('',#4226,#4227,#4228);
#4226=CARTESIAN_POINT('',(-111.,-115.,7.99999999999999));
#4227=DIRECTION('',(5.9211894646675E-16,-7.31697071509344E-32,-1.));
#4228=DIRECTION('',(-1.,0.,-5.9211894646675E-16));
#4229=FACE_BOUND('',#4230,.T.);
#4230=EDGE_LOOP('',(#7246,#7247,#7248,#7249));
#4231=PLANE('',#4232);
#4232=AXIS2_PLACEMENT_3D('',#4233,#4234,#4235);
#4233=CARTESIAN_POINT('',(-111.,-115.,36.));
#4234=DIRECTION('',(1.,-1.23572649697409E-16,0.));
#4235=DIRECTION('',(0.,0.,-1.));
#4236=FACE_BOUND('',#4237,.T.);
#4237=EDGE_LOOP('',(#7250,#7251,#7252,#7253));
#4238=PLANE('',#4239);
#4239=AXIS2_PLACEMENT_3D('',#4240,#4241,#4242);
#4240=CARTESIAN_POINT('',(-112.5,-115.,36.));
#4241=DIRECTION('',(0.,0.,1.));
#4242=DIRECTION('',(1.,0.,0.));
#4243=FACE_BOUND('',#4244,.T.);
#4244=EDGE_LOOP('',(#7254,#7255,#7256,#7257));
#4245=PLANE('',#4246);
#4246=AXIS2_PLACEMENT_3D('',#4247,#4248,#4249);
#4247=CARTESIAN_POINT('',(-108.5,-115.,7.99999999999999));
#4248=DIRECTION('',(-1.,1.23572649697409E-16,0.));
#4249=DIRECTION('',(0.,0.,1.));
#4250=FACE_BOUND('',#4251,.T.);
#4251=EDGE_LOOP('',(#7258,#7259,#7260,#7261));
#4252=PLANE('',#4253);
#4253=AXIS2_PLACEMENT_3D('',#4254,#4255,#4256);
#4254=CARTESIAN_POINT('',(-107.,-115.,7.99999999999999));
#4255=DIRECTION('',(0.,0.,-1.));
#4256=DIRECTION('',(-1.,0.,0.));
#4257=FACE_BOUND('',#4258,.T.);
#4258=EDGE_LOOP('',(#7262,#7263,#7264,#7265));
#4259=PLANE('',#4260);
#4260=AXIS2_PLACEMENT_3D('',#4261,#4262,#4263);
#4261=CARTESIAN_POINT('',(-107.,-115.,36.));
#4262=DIRECTION('',(1.,-1.23572649697409E-16,0.));
#4263=DIRECTION('',(0.,0.,-1.));
#4264=FACE_BOUND('',#4265,.T.);
#4265=EDGE_LOOP('',(#7266,#7267,#7268,#7269));
#4266=PLANE('',#4267);
#4267=AXIS2_PLACEMENT_3D('',#4268,#4269,#4270);
#4268=CARTESIAN_POINT('',(-108.5,-115.,36.));
#4269=DIRECTION('',(0.,0.,1.));
#4270=DIRECTION('',(1.,0.,0.));
#4271=FACE_BOUND('',#4272,.T.);
#4272=EDGE_LOOP('',(#7270,#7271,#7272,#7273));
#4273=PLANE('',#4274);
#4274=AXIS2_PLACEMENT_3D('',#4275,#4276,#4277);
#4275=CARTESIAN_POINT('',(-92.5,-115.,7.99999999999999));
#4276=DIRECTION('',(-1.,1.23572649697409E-16,0.));
#4277=DIRECTION('',(0.,0.,1.));
#4278=FACE_BOUND('',#4279,.T.);
#4279=EDGE_LOOP('',(#7274,#7275,#7276,#7277));
#4280=PLANE('',#4281);
#4281=AXIS2_PLACEMENT_3D('',#4282,#4283,#4284);
#4282=CARTESIAN_POINT('',(0.,0.,8.));
#4283=DIRECTION('',(0.,0.,1.));
#4284=DIRECTION('',(-1.,1.22464679914735E-16,0.));
#4285=FACE_BOUND('',#4286,.T.);
#4286=EDGE_LOOP('',(#7278,#7279,#7280,#7281));
#4287=PLANE('',#4288);
#4288=AXIS2_PLACEMENT_3D('',#4289,#4290,#4291);
#4289=CARTESIAN_POINT('',(-91.,-115.,36.));
#4290=DIRECTION('',(1.,-1.23572649697409E-16,0.));
#4291=DIRECTION('',(0.,0.,-1.));
#4292=FACE_BOUND('',#4293,.T.);
#4293=EDGE_LOOP('',(#7282,#7283,#7284,#7285));
#4294=PLANE('',#4295);
#4295=AXIS2_PLACEMENT_3D('',#4296,#4297,#4298);
#4296=CARTESIAN_POINT('',(-92.5,-115.,36.));
#4297=DIRECTION('',(0.,0.,1.));
#4298=DIRECTION('',(1.,0.,0.));
#4299=FACE_BOUND('',#4300,.T.);
#4300=EDGE_LOOP('',(#7286,#7287,#7288,#7289));
#4301=PLANE('',#4302);
#4302=AXIS2_PLACEMENT_3D('',#4303,#4304,#4305);
#4303=CARTESIAN_POINT('',(-88.5,-115.,7.99999999999999));
#4304=DIRECTION('',(-1.,1.23572649697409E-16,0.));
#4305=DIRECTION('',(0.,0.,1.));
#4306=FACE_BOUND('',#4307,.T.);
#4307=EDGE_LOOP('',(#7290,#7291,#7292,#7293));
#4308=PLANE('',#4309);
#4309=AXIS2_PLACEMENT_3D('',#4310,#4311,#4312);
#4310=CARTESIAN_POINT('',(0.,0.,8.));
#4311=DIRECTION('',(0.,0.,1.));
#4312=DIRECTION('',(-1.,1.22464679914735E-16,0.));
#4313=FACE_BOUND('',#4314,.T.);
#4314=EDGE_LOOP('',(#7294,#7295,#7296,#7297));
#4315=PLANE('',#4316);
#4316=AXIS2_PLACEMENT_3D('',#4317,#4318,#4319);
#4317=CARTESIAN_POINT('',(-87.,-115.,36.));
#4318=DIRECTION('',(1.,-1.23572649697409E-16,0.));
#4319=DIRECTION('',(0.,0.,-1.));
#4320=FACE_BOUND('',#4321,.T.);
#4321=EDGE_LOOP('',(#7298,#7299,#7300,#7301));
#4322=PLANE('',#4323);
#4323=AXIS2_PLACEMENT_3D('',#4324,#4325,#4326);
#4324=CARTESIAN_POINT('',(-88.5,-115.,36.));
#4325=DIRECTION('',(-4.736951571734E-15,5.85357657207475E-31,1.));
#4326=DIRECTION('',(1.,0.,4.736951571734E-15));
#4327=FACE_BOUND('',#4328,.T.);
#4328=EDGE_LOOP('',(#7302,#7303,#7304,#7305));
#4329=PLANE('',#4330);
#4330=AXIS2_PLACEMENT_3D('',#4331,#4332,#4333);
#4331=CARTESIAN_POINT('',(-84.5,-115.,7.99999999999999));
#4332=DIRECTION('',(-1.,1.23572649697409E-16,0.));
#4333=DIRECTION('',(0.,0.,1.));
#4334=FACE_BOUND('',#4335,.T.);
#4335=EDGE_LOOP('',(#7306,#7307,#7308,#7309));
#4336=PLANE('',#4337);
#4337=AXIS2_PLACEMENT_3D('',#4338,#4339,#4340);
#4338=CARTESIAN_POINT('',(-83.,-115.,7.99999999999999));
#4339=DIRECTION('',(5.9211894646675E-16,-7.31697071509344E-32,-1.));
#4340=DIRECTION('',(-1.,0.,-5.9211894646675E-16));
#4341=FACE_BOUND('',#4342,.T.);
#4342=EDGE_LOOP('',(#7310,#7311,#7312,#7313));
#4343=PLANE('',#4344);
#4344=AXIS2_PLACEMENT_3D('',#4345,#4346,#4347);
#4345=CARTESIAN_POINT('',(-83.,-115.,36.));
#4346=DIRECTION('',(1.,-1.23572649697409E-16,0.));
#4347=DIRECTION('',(0.,0.,-1.));
#4348=FACE_BOUND('',#4349,.T.);
#4349=EDGE_LOOP('',(#7314,#7315,#7316,#7317));
#4350=PLANE('',#4351);
#4351=AXIS2_PLACEMENT_3D('',#4352,#4353,#4354);
#4352=CARTESIAN_POINT('',(-84.5,-115.,36.));
#4353=DIRECTION('',(0.,0.,1.));
#4354=DIRECTION('',(1.,0.,0.));
#4355=FACE_BOUND('',#4356,.T.);
#4356=EDGE_LOOP('',(#7318,#7319,#7320,#7321));
#4357=PLANE('',#4358);
#4358=AXIS2_PLACEMENT_3D('',#4359,#4360,#4361);
#4359=CARTESIAN_POINT('',(-80.5,-115.,7.99999999999999));
#4360=DIRECTION('',(-1.,1.23572649697409E-16,0.));
#4361=DIRECTION('',(0.,0.,1.));
#4362=FACE_BOUND('',#4363,.T.);
#4363=EDGE_LOOP('',(#7322,#7323,#7324,#7325));
#4364=PLANE('',#4365);
#4365=AXIS2_PLACEMENT_3D('',#4366,#4367,#4368);
#4366=CARTESIAN_POINT('',(-79.,-115.,7.99999999999999));
#4367=DIRECTION('',(0.,0.,-1.));
#4368=DIRECTION('',(-1.,0.,0.));
#4369=FACE_BOUND('',#4370,.T.);
#4370=EDGE_LOOP('',(#7326,#7327,#7328,#7329));
#4371=PLANE('',#4372);
#4372=AXIS2_PLACEMENT_3D('',#4373,#4374,#4375);
#4373=CARTESIAN_POINT('',(-79.,-115.,36.));
#4374=DIRECTION('',(1.,-1.23572649697409E-16,0.));
#4375=DIRECTION('',(0.,0.,-1.));
#4376=FACE_BOUND('',#4377,.T.);
#4377=EDGE_LOOP('',(#7330,#7331,#7332,#7333));
#4378=PLANE('',#4379);
#4379=AXIS2_PLACEMENT_3D('',#4380,#4381,#4382);
#4380=CARTESIAN_POINT('',(-80.5,-115.,36.));
#4381=DIRECTION('',(0.,0.,1.));
#4382=DIRECTION('',(1.,0.,0.));
#4383=FACE_BOUND('',#4384,.T.);
#4384=EDGE_LOOP('',(#7334,#7335,#7336,#7337));
#4385=PLANE('',#4386);
#4386=AXIS2_PLACEMENT_3D('',#4387,#4388,#4389);
#4387=CARTESIAN_POINT('',(-76.5,-115.,7.99999999999999));
#4388=DIRECTION('',(-1.,1.23572649697409E-16,0.));
#4389=DIRECTION('',(0.,0.,1.));
#4390=FACE_BOUND('',#4391,.T.);
#4391=EDGE_LOOP('',(#7338,#7339,#7340,#7341));
#4392=PLANE('',#4393);
#4393=AXIS2_PLACEMENT_3D('',#4394,#4395,#4396);
#4394=CARTESIAN_POINT('',(-75.,-115.,7.99999999999999));
#4395=DIRECTION('',(5.9211894646675E-16,-7.31697071509344E-32,-1.));
#4396=DIRECTION('',(-1.,0.,-5.9211894646675E-16));
#4397=FACE_BOUND('',#4398,.T.);
#4398=EDGE_LOOP('',(#7342,#7343,#7344,#7345));
#4399=PLANE('',#4400);
#4400=AXIS2_PLACEMENT_3D('',#4401,#4402,#4403);
#4401=CARTESIAN_POINT('',(-75.,-115.,36.));
#4402=DIRECTION('',(1.,-1.23572649697409E-16,0.));
#4403=DIRECTION('',(0.,0.,-1.));
#4404=FACE_BOUND('',#4405,.T.);
#4405=EDGE_LOOP('',(#7346,#7347,#7348,#7349));
#4406=PLANE('',#4407);
#4407=AXIS2_PLACEMENT_3D('',#4408,#4409,#4410);
#4408=CARTESIAN_POINT('',(-76.5,-115.,36.));
#4409=DIRECTION('',(0.,0.,1.));
#4410=DIRECTION('',(1.,0.,0.));
#4411=FACE_BOUND('',#4412,.T.);
#4412=EDGE_LOOP('',(#7350,#7351,#7352,#7353));
#4413=PLANE('',#4414);
#4414=AXIS2_PLACEMENT_3D('',#4415,#4416,#4417);
#4415=CARTESIAN_POINT('',(-72.5,-115.,7.99999999999999));
#4416=DIRECTION('',(-1.,1.23572649697409E-16,0.));
#4417=DIRECTION('',(0.,0.,1.));
#4418=FACE_BOUND('',#4419,.T.);
#4419=EDGE_LOOP('',(#7354,#7355,#7356,#7357));
#4420=PLANE('',#4421);
#4421=AXIS2_PLACEMENT_3D('',#4422,#4423,#4424);
#4422=CARTESIAN_POINT('',(-71.,-115.,7.99999999999999));
#4423=DIRECTION('',(0.,0.,-1.));
#4424=DIRECTION('',(-1.,0.,0.));
#4425=FACE_BOUND('',#4426,.T.);
#4426=EDGE_LOOP('',(#7358,#7359,#7360,#7361));
#4427=PLANE('',#4428);
#4428=AXIS2_PLACEMENT_3D('',#4429,#4430,#4431);
#4429=CARTESIAN_POINT('',(-71.,-115.,36.));
#4430=DIRECTION('',(1.,-1.23572649697409E-16,0.));
#4431=DIRECTION('',(0.,0.,-1.));
#4432=FACE_BOUND('',#4433,.T.);
#4433=EDGE_LOOP('',(#7362,#7363,#7364,#7365));
#4434=PLANE('',#4435);
#4435=AXIS2_PLACEMENT_3D('',#4436,#4437,#4438);
#4436=CARTESIAN_POINT('',(-72.5,-115.,36.));
#4437=DIRECTION('',(0.,0.,1.));
#4438=DIRECTION('',(1.,0.,0.));
#4439=FACE_BOUND('',#4440,.T.);
#4440=EDGE_LOOP('',(#7366,#7367,#7368,#7369));
#4441=PLANE('',#4442);
#4442=AXIS2_PLACEMENT_3D('',#4443,#4444,#4445);
#4443=CARTESIAN_POINT('',(-68.5,-115.,7.99999999999999));
#4444=DIRECTION('',(-1.,1.23572649697409E-16,0.));
#4445=DIRECTION('',(0.,0.,1.));
#4446=FACE_BOUND('',#4447,.T.);
#4447=EDGE_LOOP('',(#7370,#7371,#7372,#7373));
#4448=PLANE('',#4449);
#4449=AXIS2_PLACEMENT_3D('',#4450,#4451,#4452);
#4450=CARTESIAN_POINT('',(-67.,-115.,7.99999999999999));
#4451=DIRECTION('',(0.,0.,-1.));
#4452=DIRECTION('',(-1.,0.,0.));
#4453=FACE_BOUND('',#4454,.T.);
#4454=EDGE_LOOP('',(#7374,#7375,#7376,#7377));
#4455=PLANE('',#4456);
#4456=AXIS2_PLACEMENT_3D('',#4457,#4458,#4459);
#4457=CARTESIAN_POINT('',(-67.,-115.,36.));
#4458=DIRECTION('',(1.,-1.23572649697409E-16,0.));
#4459=DIRECTION('',(0.,0.,-1.));
#4460=FACE_BOUND('',#4461,.T.);
#4461=EDGE_LOOP('',(#7378,#7379,#7380,#7381));
#4462=PLANE('',#4463);
#4463=AXIS2_PLACEMENT_3D('',#4464,#4465,#4466);
#4464=CARTESIAN_POINT('',(-68.5,-115.,36.));
#4465=DIRECTION('',(0.,0.,1.));
#4466=DIRECTION('',(1.,0.,0.));
#4467=FACE_BOUND('',#4468,.T.);
#4468=EDGE_LOOP('',(#7382,#7383,#7384,#7385));
#4469=PLANE('',#4470);
#4470=AXIS2_PLACEMENT_3D('',#4471,#4472,#4473);
#4471=CARTESIAN_POINT('',(-64.5,-115.,7.99999999999999));
#4472=DIRECTION('',(-1.,1.23572649697409E-16,0.));
#4473=DIRECTION('',(0.,0.,1.));
#4474=FACE_BOUND('',#4475,.T.);
#4475=EDGE_LOOP('',(#7386,#7387,#7388,#7389));
#4476=PLANE('',#4477);
#4477=AXIS2_PLACEMENT_3D('',#4478,#4479,#4480);
#4478=CARTESIAN_POINT('',(-63.,-115.,7.99999999999999));
#4479=DIRECTION('',(0.,0.,-1.));
#4480=DIRECTION('',(-1.,0.,0.));
#4481=FACE_BOUND('',#4482,.T.);
#4482=EDGE_LOOP('',(#7390,#7391,#7392,#7393));
#4483=PLANE('',#4484);
#4484=AXIS2_PLACEMENT_3D('',#4485,#4486,#4487);
#4485=CARTESIAN_POINT('',(-63.,-115.,36.));
#4486=DIRECTION('',(1.,-1.23572649697409E-16,2.53765262771464E-16));
#4487=DIRECTION('',(2.53765262771464E-16,0.,-1.));
#4488=FACE_BOUND('',#4489,.T.);
#4489=EDGE_LOOP('',(#7394,#7395,#7396,#7397));
#4490=PLANE('',#4491);
#4491=AXIS2_PLACEMENT_3D('',#4492,#4493,#4494);
#4492=CARTESIAN_POINT('',(-64.5,-115.,36.));
#4493=DIRECTION('',(0.,0.,1.));
#4494=DIRECTION('',(1.,0.,0.));
#4495=FACE_BOUND('',#4496,.T.);
#4496=EDGE_LOOP('',(#7398,#7399,#7400,#7401));
#4497=PLANE('',#4498);
#4498=AXIS2_PLACEMENT_3D('',#4499,#4500,#4501);
#4499=CARTESIAN_POINT('',(-60.5,-115.,7.99999999999999));
#4500=DIRECTION('',(-1.,1.23572649697409E-16,-2.53765262771464E-16));
#4501=DIRECTION('',(-2.53765262771464E-16,0.,1.));
#4502=FACE_BOUND('',#4503,.T.);
#4503=EDGE_LOOP('',(#7402,#7403,#7404,#7405));
#4504=PLANE('',#4505);
#4505=AXIS2_PLACEMENT_3D('',#4506,#4507,#4508);
#4506=CARTESIAN_POINT('',(-59.,-115.,7.99999999999999));
#4507=DIRECTION('',(0.,0.,-1.));
#4508=DIRECTION('',(-1.,0.,0.));
#4509=FACE_BOUND('',#4510,.T.);
#4510=EDGE_LOOP('',(#7406,#7407,#7408,#7409));
#4511=PLANE('',#4512);
#4512=AXIS2_PLACEMENT_3D('',#4513,#4514,#4515);
#4513=CARTESIAN_POINT('',(-59.,-115.,36.));
#4514=DIRECTION('',(1.,-1.23572649697409E-16,2.53765262771464E-16));
#4515=DIRECTION('',(2.53765262771464E-16,0.,-1.));
#4516=FACE_BOUND('',#4517,.T.);
#4517=EDGE_LOOP('',(#7410,#7411,#7412,#7413));
#4518=PLANE('',#4519);
#4519=AXIS2_PLACEMENT_3D('',#4520,#4521,#4522);
#4520=CARTESIAN_POINT('',(-60.5,-115.,36.));
#4521=DIRECTION('',(0.,0.,1.));
#4522=DIRECTION('',(1.,0.,0.));
#4523=FACE_BOUND('',#4524,.T.);
#4524=EDGE_LOOP('',(#7414,#7415,#7416,#7417));
#4525=PLANE('',#4526);
#4526=AXIS2_PLACEMENT_3D('',#4527,#4528,#4529);
#4527=CARTESIAN_POINT('',(-56.5,-115.,7.99999999999999));
#4528=DIRECTION('',(-1.,1.23572649697409E-16,-2.53765262771464E-16));
#4529=DIRECTION('',(-2.53765262771464E-16,0.,1.));
#4530=FACE_BOUND('',#4531,.T.);
#4531=EDGE_LOOP('',(#7418,#7419,#7420,#7421));
#4532=PLANE('',#4533);
#4533=AXIS2_PLACEMENT_3D('',#4534,#4535,#4536);
#4534=CARTESIAN_POINT('',(0.,0.,8.));
#4535=DIRECTION('',(0.,0.,1.));
#4536=DIRECTION('',(-1.,1.22464679914735E-16,0.));
#4537=FACE_BOUND('',#4538,.T.);
#4538=EDGE_LOOP('',(#7422,#7423,#7424,#7425));
#4539=PLANE('',#4540);
#4540=AXIS2_PLACEMENT_3D('',#4541,#4542,#4543);
#4541=CARTESIAN_POINT('',(-55.,-115.,36.));
#4542=DIRECTION('',(1.,-1.23572649697409E-16,2.53765262771464E-16));
#4543=DIRECTION('',(2.53765262771464E-16,0.,-1.));
#4544=FACE_BOUND('',#4545,.T.);
#4545=EDGE_LOOP('',(#7426,#7427,#7428,#7429));
#4546=PLANE('',#4547);
#4547=AXIS2_PLACEMENT_3D('',#4548,#4549,#4550);
#4548=CARTESIAN_POINT('',(-56.5,-115.,36.));
#4549=DIRECTION('',(0.,0.,1.));
#4550=DIRECTION('',(1.,0.,0.));
#4551=FACE_BOUND('',#4552,.T.);
#4552=EDGE_LOOP('',(#7430,#7431,#7432,#7433));
#4553=PLANE('',#4554);
#4554=AXIS2_PLACEMENT_3D('',#4555,#4556,#4557);
#4555=CARTESIAN_POINT('',(-52.5,-115.,7.99999999999999));
#4556=DIRECTION('',(-1.,1.23572649697409E-16,-2.53765262771464E-16));
#4557=DIRECTION('',(-2.53765262771464E-16,0.,1.));
#4558=FACE_BOUND('',#4559,.T.);
#4559=EDGE_LOOP('',(#7434,#7435,#7436,#7437));
#4560=PLANE('',#4561);
#4561=AXIS2_PLACEMENT_3D('',#4562,#4563,#4564);
#4562=CARTESIAN_POINT('',(0.,0.,8.));
#4563=DIRECTION('',(0.,0.,1.));
#4564=DIRECTION('',(-1.,1.22464679914735E-16,0.));
#4565=FACE_BOUND('',#4566,.T.);
#4566=EDGE_LOOP('',(#7438,#7439,#7440,#7441));
#4567=PLANE('',#4568);
#4568=AXIS2_PLACEMENT_3D('',#4569,#4570,#4571);
#4569=CARTESIAN_POINT('',(-51.,-115.,36.));
#4570=DIRECTION('',(1.,-1.23572649697409E-16,2.53765262771464E-16));
#4571=DIRECTION('',(2.53765262771464E-16,0.,-1.));
#4572=FACE_BOUND('',#4573,.T.);
#4573=EDGE_LOOP('',(#7442,#7443,#7444,#7445));
#4574=PLANE('',#4575);
#4575=AXIS2_PLACEMENT_3D('',#4576,#4577,#4578);
#4576=CARTESIAN_POINT('',(-52.5,-115.,36.));
#4577=DIRECTION('',(0.,0.,1.));
#4578=DIRECTION('',(1.,0.,0.));
#4579=FACE_BOUND('',#4580,.T.);
#4580=EDGE_LOOP('',(#7446,#7447,#7448,#7449));
#4581=PLANE('',#4582);
#4582=AXIS2_PLACEMENT_3D('',#4583,#4584,#4585);
#4583=CARTESIAN_POINT('',(-48.5,-115.,7.99999999999999));
#4584=DIRECTION('',(-1.,1.23572649697409E-16,-2.53765262771464E-16));
#4585=DIRECTION('',(-2.53765262771464E-16,0.,1.));
#4586=FACE_BOUND('',#4587,.T.);
#4587=EDGE_LOOP('',(#7450,#7451,#7452,#7453));
#4588=PLANE('',#4589);
#4589=AXIS2_PLACEMENT_3D('',#4590,#4591,#4592);
#4590=CARTESIAN_POINT('',(-47.,-115.,7.99999999999999));
#4591=DIRECTION('',(5.9211894646675E-16,-7.31697071509344E-32,-1.));
#4592=DIRECTION('',(-1.,0.,-5.9211894646675E-16));
#4593=FACE_BOUND('',#4594,.T.);
#4594=EDGE_LOOP('',(#7454,#7455,#7456,#7457));
#4595=PLANE('',#4596);
#4596=AXIS2_PLACEMENT_3D('',#4597,#4598,#4599);
#4597=CARTESIAN_POINT('',(-47.,-115.,36.));
#4598=DIRECTION('',(1.,-1.23572649697409E-16,2.53765262771464E-16));
#4599=DIRECTION('',(2.53765262771464E-16,0.,-1.));
#4600=FACE_BOUND('',#4601,.T.);
#4601=EDGE_LOOP('',(#7458,#7459,#7460,#7461));
#4602=PLANE('',#4603);
#4603=AXIS2_PLACEMENT_3D('',#4604,#4605,#4606);
#4604=CARTESIAN_POINT('',(-48.5,-115.,36.));
#4605=DIRECTION('',(0.,0.,1.));
#4606=DIRECTION('',(1.,0.,0.));
#4607=FACE_BOUND('',#4608,.T.);
#4608=EDGE_LOOP('',(#7462,#7463,#7464,#7465));
#4609=PLANE('',#4610);
#4610=AXIS2_PLACEMENT_3D('',#4611,#4612,#4613);
#4611=CARTESIAN_POINT('',(-44.5,-115.,7.99999999999999));
#4612=DIRECTION('',(-1.,1.23572649697409E-16,-2.53765262771464E-16));
#4613=DIRECTION('',(-2.53765262771464E-16,0.,1.));
#4614=FACE_BOUND('',#4615,.T.);
#4615=EDGE_LOOP('',(#7466,#7467,#7468,#7469));
#4616=PLANE('',#4617);
#4617=AXIS2_PLACEMENT_3D('',#4618,#4619,#4620);
#4618=CARTESIAN_POINT('',(-43.,-115.,7.99999999999999));
#4619=DIRECTION('',(0.,0.,-1.));
#4620=DIRECTION('',(-1.,0.,0.));
#4621=FACE_BOUND('',#4622,.T.);
#4622=EDGE_LOOP('',(#7470,#7471,#7472,#7473));
#4623=PLANE('',#4624);
#4624=AXIS2_PLACEMENT_3D('',#4625,#4626,#4627);
#4625=CARTESIAN_POINT('',(-43.,-115.,36.));
#4626=DIRECTION('',(1.,-1.23572649697409E-16,2.53765262771464E-16));
#4627=DIRECTION('',(2.53765262771464E-16,0.,-1.));
#4628=FACE_BOUND('',#4629,.T.);
#4629=EDGE_LOOP('',(#7474,#7475,#7476,#7477));
#4630=PLANE('',#4631);
#4631=AXIS2_PLACEMENT_3D('',#4632,#4633,#4634);
#4632=CARTESIAN_POINT('',(-44.5,-115.,36.));
#4633=DIRECTION('',(0.,0.,1.));
#4634=DIRECTION('',(1.,0.,0.));
#4635=FACE_BOUND('',#4636,.T.);
#4636=EDGE_LOOP('',(#7478,#7479,#7480,#7481));
#4637=PLANE('',#4638);
#4638=AXIS2_PLACEMENT_3D('',#4639,#4640,#4641);
#4639=CARTESIAN_POINT('',(-36.5,-115.,8.));
#4640=DIRECTION('',(-1.,1.23572649697409E-16,-2.53765262771464E-16));
#4641=DIRECTION('',(-2.53765262771464E-16,0.,1.));
#4642=FACE_BOUND('',#4643,.T.);
#4643=EDGE_LOOP('',(#7482,#7483,#7484,#7485));
#4644=PLANE('',#4645);
#4645=AXIS2_PLACEMENT_3D('',#4646,#4647,#4648);
#4646=CARTESIAN_POINT('',(0.,0.,8.));
#4647=DIRECTION('',(0.,0.,1.));
#4648=DIRECTION('',(-1.,1.22464679914735E-16,0.));
#4649=FACE_BOUND('',#4650,.T.);
#4650=EDGE_LOOP('',(#7486,#7487,#7488,#7489));
#4651=PLANE('',#4652);
#4652=AXIS2_PLACEMENT_3D('',#4653,#4654,#4655);
#4653=CARTESIAN_POINT('',(-35.,-115.,36.));
#4654=DIRECTION('',(1.,-1.23572649697409E-16,2.53765262771464E-16));
#4655=DIRECTION('',(2.53765262771464E-16,0.,-1.));
#4656=FACE_BOUND('',#4657,.T.);
#4657=EDGE_LOOP('',(#7490,#7491,#7492,#7493));
#4658=PLANE('',#4659);
#4659=AXIS2_PLACEMENT_3D('',#4660,#4661,#4662);
#4660=CARTESIAN_POINT('',(-36.5,-115.,36.));
#4661=DIRECTION('',(0.,0.,1.));
#4662=DIRECTION('',(1.,0.,0.));
#4663=FACE_BOUND('',#4664,.T.);
#4664=EDGE_LOOP('',(#7494));
#4665=PLANE('',#4666);
#4666=AXIS2_PLACEMENT_3D('',#4667,#4668,#4669);
#4667=CARTESIAN_POINT('',(-1.67014168817838E-14,-114.,0.));
#4668=DIRECTION('',(1.46503656857753E-16,1.,0.));
#4669=DIRECTION('',(-1.,1.46503656857753E-16,-1.22464679914735E-16));
#4670=FACE_BOUND('',#4671,.T.);
#4671=EDGE_LOOP('',(#7495));
#4672=PLANE('',#4673);
#4673=AXIS2_PLACEMENT_3D('',#4674,#4675,#4676);
#4674=CARTESIAN_POINT('',(-1.67014168817838E-14,-114.,0.));
#4675=DIRECTION('',(1.46503656857753E-16,1.,0.));
#4676=DIRECTION('',(-1.,1.46503656857753E-16,-1.22464679914735E-16));
#4677=FACE_BOUND('',#4678,.T.);
#4678=EDGE_LOOP('',(#7496,#7497,#7498,#7499));
#4679=FACE_BOUND('',#4680,.T.);
#4680=EDGE_LOOP('',(#7500,#7501,#7502,#7503));
#4681=FACE_BOUND('',#4682,.T.);
#4682=EDGE_LOOP('',(#7504,#7505,#7506,#7507));
#4683=FACE_BOUND('',#4684,.T.);
#4684=EDGE_LOOP('',(#7508,#7509,#7510,#7511));
#4685=FACE_BOUND('',#4686,.T.);
#4686=EDGE_LOOP('',(#7512,#7513,#7514,#7515));
#4687=FACE_BOUND('',#4688,.T.);
#4688=EDGE_LOOP('',(#7516,#7517,#7518,#7519));
#4689=FACE_BOUND('',#4690,.T.);
#4690=EDGE_LOOP('',(#7520,#7521,#7522,#7523));
#4691=FACE_BOUND('',#4692,.T.);
#4692=EDGE_LOOP('',(#7524,#7525,#7526,#7527));
#4693=FACE_BOUND('',#4694,.T.);
#4694=EDGE_LOOP('',(#7528,#7529,#7530,#7531));
#4695=FACE_BOUND('',#4696,.T.);
#4696=EDGE_LOOP('',(#7532,#7533,#7534,#7535));
#4697=FACE_BOUND('',#4698,.T.);
#4698=EDGE_LOOP('',(#7536,#7537,#7538,#7539));
#4699=FACE_BOUND('',#4700,.T.);
#4700=EDGE_LOOP('',(#7540,#7541,#7542,#7543));
#4701=FACE_BOUND('',#4702,.T.);
#4702=EDGE_LOOP('',(#7544,#7545,#7546,#7547));
#4703=FACE_BOUND('',#4704,.T.);
#4704=EDGE_LOOP('',(#7548,#7549,#7550,#7551));
#4705=FACE_BOUND('',#4706,.T.);
#4706=EDGE_LOOP('',(#7552,#7553,#7554,#7555));
#4707=FACE_BOUND('',#4708,.T.);
#4708=EDGE_LOOP('',(#7556,#7557,#7558,#7559));
#4709=FACE_BOUND('',#4710,.T.);
#4710=EDGE_LOOP('',(#7560,#7561,#7562,#7563));
#4711=FACE_BOUND('',#4712,.T.);
#4712=EDGE_LOOP('',(#7564,#7565,#7566,#7567));
#4713=FACE_BOUND('',#4714,.T.);
#4714=EDGE_LOOP('',(#7568,#7569,#7570,#7571));
#4715=FACE_BOUND('',#4716,.T.);
#4716=EDGE_LOOP('',(#7572,#7573,#7574,#7575));
#4717=FACE_BOUND('',#4718,.T.);
#4718=EDGE_LOOP('',(#7576,#7577,#7578,#7579));
#4719=FACE_BOUND('',#4720,.T.);
#4720=EDGE_LOOP('',(#7580,#7581,#7582,#7583));
#4721=FACE_BOUND('',#4722,.T.);
#4722=EDGE_LOOP('',(#7584,#7585,#7586,#7587));
#4723=FACE_BOUND('',#4724,.T.);
#4724=EDGE_LOOP('',(#7588,#7589,#7590,#7591));
#4725=FACE_BOUND('',#4726,.T.);
#4726=EDGE_LOOP('',(#7592,#7593,#7594,#7595));
#4727=FACE_BOUND('',#4728,.T.);
#4728=EDGE_LOOP('',(#7596,#7597,#7598,#7599));
#4729=FACE_BOUND('',#4730,.T.);
#4730=EDGE_LOOP('',(#7600,#7601,#7602,#7603));
#4731=FACE_BOUND('',#4732,.T.);
#4732=EDGE_LOOP('',(#7604,#7605,#7606,#7607));
#4733=FACE_BOUND('',#4734,.T.);
#4734=EDGE_LOOP('',(#7608,#7609,#7610,#7611));
#4735=FACE_BOUND('',#4736,.T.);
#4736=EDGE_LOOP('',(#7612,#7613,#7614,#7615));
#4737=FACE_BOUND('',#4738,.T.);
#4738=EDGE_LOOP('',(#7616,#7617,#7618,#7619));
#4739=FACE_BOUND('',#4740,.T.);
#4740=EDGE_LOOP('',(#7620));
#4741=PLANE('',#4742);
#4742=AXIS2_PLACEMENT_3D('',#4743,#4744,#4745);
#4743=CARTESIAN_POINT('',(-200.,-115.,0.));
#4744=DIRECTION('',(-1.4210854715202E-16,-1.,0.));
#4745=DIRECTION('',(1.,-1.4210854715202E-16,0.));
#4746=FACE_BOUND('',#4747,.T.);
#4747=EDGE_LOOP('',(#7621,#7622,#7623,#7624,#7625,#7626));
#4748=PLANE('',#4749);
#4749=AXIS2_PLACEMENT_3D('',#4750,#4751,#4752);
#4750=CARTESIAN_POINT('',(-38.,-91.,4.));
#4751=DIRECTION('',(0.,-1.,0.));
#4752=DIRECTION('',(1.,0.,0.));
#4753=FACE_BOUND('',#4754,.T.);
#4754=EDGE_LOOP('',(#7627,#7628,#7629,#7630,#7631,#7632,#7633,#7634,#7635,#7636,
#7637,#7638,#7639,#7640,#7641,#7642,#7643,#7644,#7645,#7646,#7647,#7648));
#4755=FACE_BOUND('',#4756,.T.);
#4756=EDGE_LOOP('',(#7649,#7650,#7651,#7652,#7653,#7654,#7655,#7656));
#4757=PLANE('',#4758);
#4758=AXIS2_PLACEMENT_3D('',#4759,#4760,#4761);
#4759=CARTESIAN_POINT('',(-3.00000000000002,-112.,4.));
#4760=DIRECTION('',(1.,-1.42597452704149E-16,0.));
#4761=DIRECTION('',(1.42597452704149E-16,1.,0.));
#4762=FACE_BOUND('',#4763,.T.);
#4763=EDGE_LOOP('',(#7657,#7658,#7659,#7660));
#4764=PLANE('',#4765);
#4765=AXIS2_PLACEMENT_3D('',#4766,#4767,#4768);
#4766=CARTESIAN_POINT('',(-3.00000000000001,-89.,4.));
#4767=DIRECTION('',(0.,1.,0.));
#4768=DIRECTION('',(-1.,0.,0.));
#4769=FACE_BOUND('',#4770,.T.);
#4770=EDGE_LOOP('',(#7661,#7662,#7663,#7664,#7665));
#4771=PLANE('',#4772);
#4772=AXIS2_PLACEMENT_3D('',#4773,#4774,#4775);
#4773=CARTESIAN_POINT('',(-16.,-89.,4.));
#4774=DIRECTION('',(1.,0.,0.));
#4775=DIRECTION('',(0.,1.,0.));
#4776=FACE_BOUND('',#4777,.T.);
#4777=EDGE_LOOP('',(#7666,#7667,#7668,#7669));
#4778=PLANE('',#4779);
#4779=AXIS2_PLACEMENT_3D('',#4780,#4781,#4782);
#4780=CARTESIAN_POINT('',(-16.,-86.,4.));
#4781=DIRECTION('',(0.,1.,0.));
#4782=DIRECTION('',(-1.,0.,0.));
#4783=FACE_BOUND('',#4784,.T.);
#4784=EDGE_LOOP('',(#7670,#7671,#7672));
#4785=PLANE('',#4786);
#4786=AXIS2_PLACEMENT_3D('',#4787,#4788,#4789);
#4787=CARTESIAN_POINT('',(-36.,-86.,4.));
#4788=DIRECTION('',(-1.,2.368475785867E-15,0.));
#4789=DIRECTION('',(-2.368475785867E-15,-1.,0.));
#4790=FACE_BOUND('',#4791,.T.);
#4791=EDGE_LOOP('',(#7673,#7674,#7675,#7676,#7677,#7678));
#4792=PLANE('',#4793);
#4793=AXIS2_PLACEMENT_3D('',#4794,#4795,#4796);
#4794=CARTESIAN_POINT('',(-4.00000000000001,-85.,4.));
#4795=DIRECTION('',(0.,0.707106781186548,0.707106781186548));
#4796=DIRECTION('',(-1.,0.,0.));
#4797=FACE_OUTER_BOUND('',#4798,.T.);
#4798=EDGE_LOOP('',(#7679));
#4799=FACE_OUTER_BOUND('',#4800,.T.);
#4800=EDGE_LOOP('',(#7680));
#4801=CYLINDRICAL_SURFACE('',#4802,1.);
#4802=AXIS2_PLACEMENT_3D('',#4803,#4804,#4805);
#4803=CARTESIAN_POINT('',(-22.,-88.5,4.));
#4804=DIRECTION('',(0.,0.,1.));
#4805=DIRECTION('',(0.866025403784422,-0.500000000000028,0.));
#4806=FACE_OUTER_BOUND('',#4807,.T.);
#4807=EDGE_LOOP('',(#7681));
#4808=FACE_OUTER_BOUND('',#4809,.T.);
#4809=EDGE_LOOP('',(#7682));
#4810=CYLINDRICAL_SURFACE('',#4811,1.);
#4811=AXIS2_PLACEMENT_3D('',#4812,#4813,#4814);
#4812=CARTESIAN_POINT('',(-30.,-88.5,4.));
#4813=DIRECTION('',(0.,0.,1.));
#4814=DIRECTION('',(0.866025403784446,-0.499999999999987,0.));
#4815=FACE_BOUND('',#4816,.T.);
#4816=EDGE_LOOP('',(#7683,#7684,#7685));
#4817=FACE_OUTER_BOUND('',#4818,.T.);
#4818=EDGE_LOOP('',(#7686));
#4819=CONICAL_SURFACE('',#4820,4.,0.785398163397448);
#4820=AXIS2_PLACEMENT_3D('',#4821,#4822,#4823);
#4821=CARTESIAN_POINT('',(-7.,-81.,6.));
#4822=DIRECTION('',(0.,0.,-1.));
#4823=DIRECTION('',(1.,0.,0.));
#4824=FACE_BOUND('',#4825,.T.);
#4825=EDGE_LOOP('',(#7687,#7688,#7689,#7690,#7691));
#4826=FACE_OUTER_BOUND('',#4827,.T.);
#4827=EDGE_LOOP('',(#7692));
#4828=CONICAL_SURFACE('',#4829,4.,0.785398163397448);
#4829=AXIS2_PLACEMENT_3D('',#4830,#4831,#4832);
#4830=CARTESIAN_POINT('',(-7.,-59.,6.));
#4831=DIRECTION('',(0.,0.,-1.));
#4832=DIRECTION('',(1.,0.,0.));
#4833=FACE_BOUND('',#4834,.T.);
#4834=EDGE_LOOP('',(#7693,#7694,#7695));
#4835=FACE_OUTER_BOUND('',#4836,.T.);
#4836=EDGE_LOOP('',(#7696));
#4837=CONICAL_SURFACE('',#4838,5.5,0.785398163397448);
#4838=AXIS2_PLACEMENT_3D('',#4839,#4840,#4841);
#4839=CARTESIAN_POINT('',(-11.,-48.,6.));
#4840=DIRECTION('',(0.,0.,-1.));
#4841=DIRECTION('',(1.,0.,0.));
#4842=FACE_BOUND('',#4843,.T.);
#4843=EDGE_LOOP('',(#7697,#7698,#7699,#7700));
#4844=PLANE('',#4845);
#4845=AXIS2_PLACEMENT_3D('',#4846,#4847,#4848);
#4846=CARTESIAN_POINT('',(-39.,-27.,4.));
#4847=DIRECTION('',(9.662107438054E-17,-0.707106781186547,0.707106781186548));
#4848=DIRECTION('',(1.,1.36642833800019E-16,0.));
#4849=FACE_BOUND('',#4850,.T.);
#4850=EDGE_LOOP('',(#7701,#7702,#7703,#7704));
#4851=PLANE('',#4852);
#4852=AXIS2_PLACEMENT_3D('',#4853,#4854,#4855);
#4853=CARTESIAN_POINT('',(-27.,13.,4.));
#4854=DIRECTION('',(-0.707106781186547,-9.662107438054E-17,0.707106781186548));
#4855=DIRECTION('',(1.36642833800019E-16,-1.,0.));
#4856=FACE_BOUND('',#4857,.T.);
#4857=EDGE_LOOP('',(#7705,#7706,#7707,#7708,#7709,#7710,#7711,#7712,#7713,#7714,
#7715,#7716,#7717,#7718,#7719,#7720,#7721,#7722,#7723,#7724,#7725,#7726,#7727,#7728,
#7729,#7730));
#4858=FACE_BOUND('',#4859,.T.);
#4859=EDGE_LOOP('',(#7731,#7732,#7733,#7734));
#4860=FACE_BOUND('',#4861,.T.);
#4861=EDGE_LOOP('',(#7735,#7736,#7737,#7738));
#4862=FACE_BOUND('',#4863,.T.);
#4863=EDGE_LOOP('',(#7739,#7740,#7741,#7742));
#4864=FACE_BOUND('',#4865,.T.);
#4865=EDGE_LOOP('',(#7743,#7744,#7745,#7746));
#4866=FACE_BOUND('',#4867,.T.);
#4867=EDGE_LOOP('',(#7747,#7748,#7749,#7750));
#4868=FACE_BOUND('',#4869,.T.);
#4869=EDGE_LOOP('',(#7751,#7752,#7753,#7754));
#4870=FACE_BOUND('',#4871,.T.);
#4871=EDGE_LOOP('',(#7755,#7756,#7757,#7758));
#4872=FACE_BOUND('',#4873,.T.);
#4873=EDGE_LOOP('',(#7759,#7760,#7761,#7762));
#4874=FACE_BOUND('',#4875,.T.);
#4875=EDGE_LOOP('',(#7763,#7764,#7765,#7766));
#4876=FACE_BOUND('',#4877,.T.);
#4877=EDGE_LOOP('',(#7767,#7768,#7769,#7770));
#4878=FACE_BOUND('',#4879,.T.);
#4879=EDGE_LOOP('',(#7771,#7772,#7773,#7774));
#4880=FACE_BOUND('',#4881,.T.);
#4881=EDGE_LOOP('',(#7775,#7776,#7777,#7778));
#4882=FACE_BOUND('',#4883,.T.);
#4883=EDGE_LOOP('',(#7779,#7780,#7781,#7782));
#4884=FACE_BOUND('',#4885,.T.);
#4885=EDGE_LOOP('',(#7783,#7784,#7785,#7786));
#4886=FACE_BOUND('',#4887,.T.);
#4887=EDGE_LOOP('',(#7787,#7788,#7789,#7790));
#4888=FACE_BOUND('',#4889,.T.);
#4889=EDGE_LOOP('',(#7791,#7792,#7793,#7794));
#4890=FACE_BOUND('',#4891,.T.);
#4891=EDGE_LOOP('',(#7795,#7796,#7797,#7798));
#4892=FACE_BOUND('',#4893,.T.);
#4893=EDGE_LOOP('',(#7799,#7800,#7801,#7802));
#4894=FACE_BOUND('',#4895,.T.);
#4895=EDGE_LOOP('',(#7803,#7804,#7805,#7806));
#4896=FACE_BOUND('',#4897,.T.);
#4897=EDGE_LOOP('',(#7807,#7808,#7809,#7810));
#4898=FACE_BOUND('',#4899,.T.);
#4899=EDGE_LOOP('',(#7811,#7812,#7813,#7814));
#4900=FACE_BOUND('',#4901,.T.);
#4901=EDGE_LOOP('',(#7815,#7816,#7817,#7818));
#4902=FACE_BOUND('',#4903,.T.);
#4903=EDGE_LOOP('',(#7819,#7820,#7821,#7822));
#4904=FACE_BOUND('',#4905,.T.);
#4905=EDGE_LOOP('',(#7823,#7824,#7825,#7826));
#4906=FACE_BOUND('',#4907,.T.);
#4907=EDGE_LOOP('',(#7827,#7828,#7829,#7830));
#4908=FACE_BOUND('',#4909,.T.);
#4909=EDGE_LOOP('',(#7831,#7832,#7833,#7834));
#4910=FACE_BOUND('',#4911,.T.);
#4911=EDGE_LOOP('',(#7835,#7836,#7837,#7838));
#4912=PLANE('',#4913);
#4913=AXIS2_PLACEMENT_3D('',#4914,#4915,#4916);
#4914=CARTESIAN_POINT('',(-3.,-3.,4.));
#4915=DIRECTION('',(1.19034221196924E-16,1.,0.));
#4916=DIRECTION('',(-1.,1.19034221196924E-16,0.));
#4917=FACE_BOUND('',#4918,.T.);
#4918=EDGE_LOOP('',(#7839,#7840,#7841,#7842,#7843,#7844,#7845,#7846));
#4919=CYLINDRICAL_SURFACE('',#4920,3.);
#4920=AXIS2_PLACEMENT_3D('',#4921,#4922,#4923);
#4921=CARTESIAN_POINT('',(-194.,-5.99999999999998,-8.));
#4922=DIRECTION('',(0.,0.,-1.));
#4923=DIRECTION('',(-1.,0.,0.));
#4924=FACE_BOUND('',#4925,.T.);
#4925=EDGE_LOOP('',(#7847,#7848,#7849,#7850,#7851,#7852,#7853,#7854,#7855,#7856,
#7857,#7858));
#4926=FACE_BOUND('',#4927,.T.);
#4927=EDGE_LOOP('',(#7859,#7860,#7861,#7862,#7863,#7864));
#4928=FACE_BOUND('',#4929,.T.);
#4929=EDGE_LOOP('',(#7865));
#4930=FACE_BOUND('',#4931,.T.);
#4931=EDGE_LOOP('',(#7866));
#4932=PLANE('',#4933);
#4933=AXIS2_PLACEMENT_3D('',#4934,#4935,#4936);
#4934=CARTESIAN_POINT('',(-197.,-2.99999999999998,4.));
#4935=DIRECTION('',(-1.,0.,0.));
#4936=DIRECTION('',(0.,-1.,0.));
#4937=FACE_BOUND('',#4938,.T.);
#4938=EDGE_LOOP('',(#7867,#7868,#7869,#7870));
#4939=PLANE('',#4940);
#4940=AXIS2_PLACEMENT_3D('',#4941,#4942,#4943);
#4941=CARTESIAN_POINT('',(-161.,-29.,4.));
#4942=DIRECTION('',(-4.831053719027E-17,0.707106781186548,0.707106781186548));
#4943=DIRECTION('',(-1.,-6.83214169000096E-17,0.));
#4944=FACE_BOUND('',#4945,.T.);
#4945=EDGE_LOOP('',(#7871,#7872,#7873,#7874));
#4946=PLANE('',#4947);
#4947=AXIS2_PLACEMENT_3D('',#4948,#4949,#4950);
#4948=CARTESIAN_POINT('',(-173.,-69.,4.));
#4949=DIRECTION('',(0.70710678118655,0.,0.707106781186545));
#4950=DIRECTION('',(0.,1.,0.));
#4951=FACE_BOUND('',#4952,.T.);
#4952=EDGE_LOOP('',(#7875,#7876,#7877,#7878));
#4953=PLANE('',#4954);
#4954=AXIS2_PLACEMENT_3D('',#4955,#4956,#4957);
#4955=CARTESIAN_POINT('',(-213.,-57.,4.));
#4956=DIRECTION('',(-9.662107438054E-17,-0.707106781186548,0.707106781186548));
#4957=DIRECTION('',(1.,-1.36642833800019E-16,0.));
#4958=FACE_OUTER_BOUND('',#4959,.T.);
#4959=EDGE_LOOP('',(#7879));
#4960=FACE_OUTER_BOUND('',#4961,.T.);
#4961=EDGE_LOOP('',(#7880));
#4962=CONICAL_SURFACE('',#4963,4.,0.785398163397448);
#4963=AXIS2_PLACEMENT_3D('',#4964,#4965,#4966);
#4964=CARTESIAN_POINT('',(-154.5,-61.5,6.));
#4965=DIRECTION('',(0.,0.,-1.));
#4966=DIRECTION('',(1.,0.,0.));
#4967=FACE_OUTER_BOUND('',#4968,.T.);
#4968=EDGE_LOOP('',(#7881));
#4969=FACE_OUTER_BOUND('',#4970,.T.);
#4970=EDGE_LOOP('',(#7882));
#4971=CONICAL_SURFACE('',#4972,4.,0.785398163397448);
#4972=AXIS2_PLACEMENT_3D('',#4973,#4974,#4975);
#4973=CARTESIAN_POINT('',(-54.,-81.,6.));
#4974=DIRECTION('',(0.,0.,-1.));
#4975=DIRECTION('',(1.,0.,0.));
#4976=FACE_OUTER_BOUND('',#4977,.T.);
#4977=EDGE_LOOP('',(#7883));
#4978=FACE_OUTER_BOUND('',#4979,.T.);
#4979=EDGE_LOOP('',(#7884));
#4980=CONICAL_SURFACE('',#4981,5.5,0.785398163397448);
#4981=AXIS2_PLACEMENT_3D('',#4982,#4983,#4984);
#4982=CARTESIAN_POINT('',(-183.,-12.,6.));
#4983=DIRECTION('',(0.,0.,-1.));
#4984=DIRECTION('',(1.,0.,0.));
#4985=FACE_OUTER_BOUND('',#4986,.T.);
#4986=EDGE_LOOP('',(#7885));
#4987=FACE_OUTER_BOUND('',#4988,.T.);
#4988=EDGE_LOOP('',(#7886));
#4989=CONICAL_SURFACE('',#4990,4.,0.785398163397448);
#4990=AXIS2_PLACEMENT_3D('',#4991,#4992,#4993);
#4991=CARTESIAN_POINT('',(-54.,-59.,6.));
#4992=DIRECTION('',(0.,0.,-1.));
#4993=DIRECTION('',(1.,0.,0.));
#4994=FACE_OUTER_BOUND('',#4995,.T.);
#4995=EDGE_LOOP('',(#7887));
#4996=FACE_OUTER_BOUND('',#4997,.T.);
#4997=EDGE_LOOP('',(#7888));
#4998=CONICAL_SURFACE('',#4999,4.,0.785398163397448);
#4999=AXIS2_PLACEMENT_3D('',#5000,#5001,#5002);
#5000=CARTESIAN_POINT('',(-89.5,-61.5,6.));
#5001=DIRECTION('',(0.,0.,-1.));
#5002=DIRECTION('',(1.,0.,0.));
#5003=FACE_BOUND('',#5004,.T.);
#5004=EDGE_LOOP('',(#7889));
#5005=FACE_BOUND('',#5006,.T.);
#5006=EDGE_LOOP('',(#7890));
#5007=PLANE('',#5008);
#5008=AXIS2_PLACEMENT_3D('',#5009,#5010,#5011);
#5009=CARTESIAN_POINT('',(0.,0.,8.));
#5010=DIRECTION('',(0.,0.,1.));
#5011=DIRECTION('',(-1.,1.22464679914735E-16,0.));
#5012=FACE_BOUND('',#5013,.T.);
#5013=EDGE_LOOP('',(#7891));
#5014=FACE_BOUND('',#5015,.T.);
#5015=EDGE_LOOP('',(#7892));
#5016=PLANE('',#5017);
#5017=AXIS2_PLACEMENT_3D('',#5018,#5019,#5020);
#5018=CARTESIAN_POINT('',(0.,0.,8.));
#5019=DIRECTION('',(0.,0.,1.));
#5020=DIRECTION('',(-1.,1.22464679914735E-16,0.));
#5021=FACE_BOUND('',#5022,.T.);
#5022=EDGE_LOOP('',(#7893,#7894,#7895,#7896,#7897,#7898));
#5023=PLANE('',#5024);
#5024=AXIS2_PLACEMENT_3D('',#5025,#5026,#5027);
#5025=CARTESIAN_POINT('',(-197.,-128.,35.));
#5026=DIRECTION('',(0.707106781186549,-1.89596070482569E-16,-0.707106781186546));
#5027=DIRECTION('',(-2.10493922828203E-32,1.,-2.68129334249094E-16));
#5028=FACE_BOUND('',#5029,.T.);
#5029=EDGE_LOOP('',(#7899,#7900,#7901));
#5030=PLANE('',#5031);
#5031=AXIS2_PLACEMENT_3D('',#5032,#5033,#5034);
#5032=CARTESIAN_POINT('',(0.,0.,34.));
#5033=DIRECTION('',(0.,0.,1.));
#5034=DIRECTION('',(-1.,1.22464679914735E-16,0.));
#5035=FACE_BOUND('',#5036,.T.);
#5036=EDGE_LOOP('',(#7902,#7903,#7904,#7905,#7906,#7907));
#5037=FACE_OUTER_BOUND('',#5038,.T.);
#5038=EDGE_LOOP('',(#7908));
#5039=CYLINDRICAL_SURFACE('',#5040,2.1);
#5040=AXIS2_PLACEMENT_3D('',#5041,#5042,#5043);
#5041=CARTESIAN_POINT('',(-196.,-111.,34.));
#5042=DIRECTION('',(0.,0.,1.));
#5043=DIRECTION('',(-1.,1.22464679914735E-16,0.));
#5044=FACE_BOUND('',#5045,.T.);
#5045=EDGE_LOOP('',(#7909,#7910,#7911,#7912));
#5046=PLANE('',#5047);
#5047=AXIS2_PLACEMENT_3D('',#5048,#5049,#5050);
#5048=CARTESIAN_POINT('',(0.,0.,39.));
#5049=DIRECTION('',(0.,0.,1.));
#5050=DIRECTION('',(-1.,1.22464679914735E-16,0.));
#5051=FACE_BOUND('',#5052,.T.);
#5052=EDGE_LOOP('',(#7913,#7914,#7915,#7916,#7917));
#5053=PLANE('',#5054);
#5054=AXIS2_PLACEMENT_3D('',#5055,#5056,#5057);
#5055=CARTESIAN_POINT('',(-192.,-107.,39.));
#5056=DIRECTION('',(0.,1.,0.));
#5057=DIRECTION('',(-1.,0.,0.));
#5058=FACE_BOUND('',#5059,.T.);
#5059=EDGE_LOOP('',(#7918,#7919,#7920,#7921));
#5060=CYLINDRICAL_SURFACE('',#5061,4.);
#5061=AXIS2_PLACEMENT_3D('',#5062,#5063,#5064);
#5062=CARTESIAN_POINT('',(-196.,-3.99999999999998,-16.));
#5063=DIRECTION('',(0.,0.,-1.));
#5064=DIRECTION('',(-1.,1.11022302462516E-16,0.));
#5065=FACE_BOUND('',#5066,.T.);
#5066=EDGE_LOOP('',(#7922,#7923,#7924,#7925));
#5067=FACE_BOUND('',#5068,.T.);
#5068=EDGE_LOOP('',(#7926,#7927,#7928,#7929,#7930,#7931));
#5069=FACE_BOUND('',#5070,.T.);
#5070=EDGE_LOOP('',(#7932));
#5071=FACE_BOUND('',#5072,.T.);
#5072=EDGE_LOOP('',(#7933));
#5073=PLANE('',#5074);
#5074=AXIS2_PLACEMENT_3D('',#5075,#5076,#5077);
#5075=CARTESIAN_POINT('',(-200.,2.44929359829471E-14,0.));
#5076=DIRECTION('',(-1.,0.,0.));
#5077=DIRECTION('',(0.,-1.,0.));
#5078=FACE_BOUND('',#5079,.T.);
#5079=EDGE_LOOP('',(#7934,#7935,#7936,#7937));
#5080=CYLINDRICAL_SURFACE('',#5081,4.);
#5081=AXIS2_PLACEMENT_3D('',#5082,#5083,#5084);
#5082=CARTESIAN_POINT('',(-196.,-111.,-16.));
#5083=DIRECTION('',(0.,0.,-1.));
#5084=DIRECTION('',(0.,-1.,0.));
#5085=FACE_BOUND('',#5086,.T.);
#5086=EDGE_LOOP('',(#7938,#7939,#7940,#7941));
#5087=CYLINDRICAL_SURFACE('',#5088,4.);
#5088=AXIS2_PLACEMENT_3D('',#5089,#5090,#5091);
#5089=CARTESIAN_POINT('',(-3.99999999999999,-111.,-16.));
#5090=DIRECTION('',(1.8114165138621E-16,0.,-1.));
#5091=DIRECTION('',(1.,0.,1.8114165138621E-16));
#5092=FACE_BOUND('',#5093,.T.);
#5093=EDGE_LOOP('',(#7942,#7943,#7944,#7945));
#5094=FACE_BOUND('',#5095,.T.);
#5095=EDGE_LOOP('',(#7946,#7947,#7948,#7949,#7950,#7951,#7952,#7953));
#5096=FACE_BOUND('',#5097,.T.);
#5097=EDGE_LOOP('',(#7954,#7955,#7956,#7957));
#5098=PLANE('',#5099);
#5099=AXIS2_PLACEMENT_3D('',#5100,#5101,#5102);
#5100=CARTESIAN_POINT('',(-1.40834381901946E-14,-115.,0.));
#5101=DIRECTION('',(1.,-1.22464679914735E-16,0.));
#5102=DIRECTION('',(1.22464679914735E-16,1.,0.));
#5103=FACE_BOUND('',#5104,.T.);
#5104=EDGE_LOOP('',(#7958,#7959,#7960,#7961));
#5105=CYLINDRICAL_SURFACE('',#5106,4.);
#5106=AXIS2_PLACEMENT_3D('',#5107,#5108,#5109);
#5107=CARTESIAN_POINT('',(-4.,-4.,-16.));
#5108=DIRECTION('',(0.,0.,-1.));
#5109=DIRECTION('',(2.22044604925031E-16,1.,0.));
#5110=FACE_BOUND('',#5111,.T.);
#5111=EDGE_LOOP('',(#7962,#7963,#7964,#7965));
#5112=FACE_BOUND('',#5113,.T.);
#5113=EDGE_LOOP('',(#7966,#7967,#7968,#7969));
#5114=FACE_BOUND('',#5115,.T.);
#5115=EDGE_LOOP('',(#7970,#7971,#7972,#7973));
#5116=FACE_BOUND('',#5117,.T.);
#5117=EDGE_LOOP('',(#7974,#7975,#7976,#7977));
#5118=FACE_BOUND('',#5119,.T.);
#5119=EDGE_LOOP('',(#7978,#7979,#7980,#7981));
#5120=FACE_BOUND('',#5121,.T.);
#5121=EDGE_LOOP('',(#7982,#7983,#7984,#7985));
#5122=FACE_BOUND('',#5123,.T.);
#5123=EDGE_LOOP('',(#7986,#7987,#7988,#7989));
#5124=FACE_BOUND('',#5125,.T.);
#5125=EDGE_LOOP('',(#7990,#7991,#7992,#7993));
#5126=FACE_BOUND('',#5127,.T.);
#5127=EDGE_LOOP('',(#7994,#7995,#7996,#7997));
#5128=FACE_BOUND('',#5129,.T.);
#5129=EDGE_LOOP('',(#7998,#7999,#8000,#8001));
#5130=FACE_BOUND('',#5131,.T.);
#5131=EDGE_LOOP('',(#8002,#8003,#8004,#8005));
#5132=FACE_BOUND('',#5133,.T.);
#5133=EDGE_LOOP('',(#8006,#8007,#8008,#8009));
#5134=FACE_BOUND('',#5135,.T.);
#5135=EDGE_LOOP('',(#8010,#8011,#8012,#8013));
#5136=FACE_BOUND('',#5137,.T.);
#5137=EDGE_LOOP('',(#8014,#8015,#8016,#8017));
#5138=FACE_BOUND('',#5139,.T.);
#5139=EDGE_LOOP('',(#8018,#8019,#8020,#8021));
#5140=FACE_BOUND('',#5141,.T.);
#5141=EDGE_LOOP('',(#8022,#8023,#8024,#8025));
#5142=FACE_BOUND('',#5143,.T.);
#5143=EDGE_LOOP('',(#8026,#8027,#8028,#8029));
#5144=FACE_BOUND('',#5145,.T.);
#5145=EDGE_LOOP('',(#8030,#8031,#8032,#8033));
#5146=FACE_BOUND('',#5147,.T.);
#5147=EDGE_LOOP('',(#8034,#8035,#8036,#8037));
#5148=FACE_BOUND('',#5149,.T.);
#5149=EDGE_LOOP('',(#8038,#8039,#8040,#8041));
#5150=FACE_BOUND('',#5151,.T.);
#5151=EDGE_LOOP('',(#8042,#8043,#8044,#8045));
#5152=FACE_BOUND('',#5153,.T.);
#5153=EDGE_LOOP('',(#8046,#8047,#8048,#8049));
#5154=FACE_BOUND('',#5155,.T.);
#5155=EDGE_LOOP('',(#8050,#8051,#8052,#8053));
#5156=FACE_BOUND('',#5157,.T.);
#5157=EDGE_LOOP('',(#8054,#8055,#8056,#8057));
#5158=FACE_BOUND('',#5159,.T.);
#5159=EDGE_LOOP('',(#8058,#8059,#8060,#8061));
#5160=FACE_BOUND('',#5161,.T.);
#5161=EDGE_LOOP('',(#8062,#8063,#8064,#8065));
#5162=FACE_BOUND('',#5163,.T.);
#5163=EDGE_LOOP('',(#8066,#8067,#8068,#8069));
#5164=FACE_BOUND('',#5165,.T.);
#5165=EDGE_LOOP('',(#8070,#8071,#8072,#8073));
#5166=FACE_BOUND('',#5167,.T.);
#5167=EDGE_LOOP('',(#8074,#8075,#8076,#8077));
#5168=FACE_BOUND('',#5169,.T.);
#5169=EDGE_LOOP('',(#8078,#8079,#8080,#8081));
#5170=FACE_BOUND('',#5171,.T.);
#5171=EDGE_LOOP('',(#8082,#8083,#8084,#8085));
#5172=PLANE('',#5173);
#5173=AXIS2_PLACEMENT_3D('',#5174,#5175,#5176);
#5174=CARTESIAN_POINT('',(0.,0.,0.));
#5175=DIRECTION('',(1.22464679914735E-16,1.,0.));
#5176=DIRECTION('',(-1.,1.22464679914735E-16,0.));
#5177=FACE_BOUND('',#5178,.T.);
#5178=EDGE_LOOP('',(#8086,#8087,#8088,#8089,#8090));
#5179=PLANE('',#5180);
#5180=AXIS2_PLACEMENT_3D('',#5181,#5182,#5183);
#5181=CARTESIAN_POINT('',(-197.,-7.99999999999991,39.));
#5182=DIRECTION('',(-1.77635683940023E-16,-1.,0.));
#5183=DIRECTION('',(1.,-1.77635683940023E-16,0.));
#5184=FACE_BOUND('',#5185,.T.);
#5185=EDGE_LOOP('',(#8091,#8092,#8093,#8094,#8095));
#5186=PLANE('',#5187);
#5187=AXIS2_PLACEMENT_3D('',#5188,#5189,#5190);
#5188=CARTESIAN_POINT('',(-192.,-7.99999999999991,39.));
#5189=DIRECTION('',(1.,1.13686837721616E-14,0.));
#5190=DIRECTION('',(-1.13686837721616E-14,1.,0.));
#5191=FACE_BOUND('',#5192,.T.);
#5192=EDGE_LOOP('',(#8096,#8097,#8098,#8099));
#5193=PLANE('',#5194);
#5194=AXIS2_PLACEMENT_3D('',#5195,#5196,#5197);
#5195=CARTESIAN_POINT('',(-104.,2.96117166854349E-14,32.));
#5196=DIRECTION('',(-1.,0.,0.));
#5197=DIRECTION('',(0.,-1.,0.));
#5198=FACE_BOUND('',#5199,.T.);
#5199=EDGE_LOOP('',(#8100,#8101,#8102,#8103,#8104,#8105,#8106,#8107));
#5200=CYLINDRICAL_SURFACE('',#5201,4.);
#5201=AXIS2_PLACEMENT_3D('',#5202,#5203,#5204);
#5202=CARTESIAN_POINT('',(-100.,-3.99999999999997,21.));
#5203=DIRECTION('',(0.,0.,-1.));
#5204=DIRECTION('',(0.,-1.,0.));
#5205=FACE_BOUND('',#5206,.T.);
#5206=EDGE_LOOP('',(#8108,#8109,#8110,#8111));
#5207=PLANE('',#5208);
#5208=AXIS2_PLACEMENT_3D('',#5209,#5210,#5211);
#5209=CARTESIAN_POINT('',(-96.,-7.99999999999997,32.));
#5210=DIRECTION('',(1.,0.,0.));
#5211=DIRECTION('',(0.,1.,0.));
#5212=FACE_BOUND('',#5213,.T.);
#5213=EDGE_LOOP('',(#8112,#8113,#8114,#8115,#8116));
#5214=PLANE('',#5215);
#5215=AXIS2_PLACEMENT_3D('',#5216,#5217,#5218);
#5216=CARTESIAN_POINT('',(-7.99999999999997,-3.,39.));
#5217=DIRECTION('',(-1.,1.77635683940025E-16,0.));
#5218=DIRECTION('',(-1.77635683940025E-16,-1.,0.));
#5219=FACE_BOUND('',#5220,.T.);
#5220=EDGE_LOOP('',(#8117,#8118,#8119,#8120,#8121));
#5221=PLANE('',#5222);
#5222=AXIS2_PLACEMENT_3D('',#5223,#5224,#5225);
#5223=CARTESIAN_POINT('',(-7.99999999999997,-8.,39.));
#5224=DIRECTION('',(-1.77635683940025E-16,-1.,0.));
#5225=DIRECTION('',(1.,-1.77635683940025E-16,0.));
#5226=FACE_BOUND('',#5227,.T.);
#5227=EDGE_LOOP('',(#8122,#8123,#8124,#8125,#8126));
#5228=PLANE('',#5229);
#5229=AXIS2_PLACEMENT_3D('',#5230,#5231,#5232);
#5230=CARTESIAN_POINT('',(-3.,-107.,39.));
#5231=DIRECTION('',(2.84217094304038E-15,1.,0.));
#5232=DIRECTION('',(-1.,2.84217094304038E-15,0.));
#5233=FACE_BOUND('',#5234,.T.);
#5234=EDGE_LOOP('',(#8127,#8128,#8129,#8130,#8131,#8132,#8133,#8134));
#5235=CYLINDRICAL_SURFACE('',#5236,4.);
#5236=AXIS2_PLACEMENT_3D('',#5237,#5238,#5239);
#5237=CARTESIAN_POINT('',(-100.,-111.,21.));
#5238=DIRECTION('',(0.,0.,-1.));
#5239=DIRECTION('',(0.,1.,0.));
#5240=FACE_BOUND('',#5241,.T.);
#5241=EDGE_LOOP('',(#8135,#8136,#8137,#8138,#8139));
#5242=FACE_OUTER_BOUND('',#5243,.T.);
#5243=EDGE_LOOP('',(#8140));
#5244=CYLINDRICAL_SURFACE('',#5245,2.1);
#5245=AXIS2_PLACEMENT_3D('',#5246,#5247,#5248);
#5246=CARTESIAN_POINT('',(-100.,-4.,36.));
#5247=DIRECTION('',(0.,0.,1.));
#5248=DIRECTION('',(-1.,1.22464679914735E-16,0.));
#5249=FACE_BOUND('',#5250,.T.);
#5250=EDGE_LOOP('',(#8141,#8142,#8143,#8144,#8145));
#5251=FACE_OUTER_BOUND('',#5252,.T.);
#5252=EDGE_LOOP('',(#8146));
#5253=CYLINDRICAL_SURFACE('',#5254,2.1);
#5254=AXIS2_PLACEMENT_3D('',#5255,#5256,#5257);
#5255=CARTESIAN_POINT('',(-100.,-111.,36.));
#5256=DIRECTION('',(0.,0.,1.));
#5257=DIRECTION('',(-1.,1.22464679914735E-16,0.));
#5258=FACE_BOUND('',#5259,.T.);
#5259=EDGE_LOOP('',(#8147,#8148,#8149,#8150,#8151,#8152));
#5260=FACE_OUTER_BOUND('',#5261,.T.);
#5261=EDGE_LOOP('',(#8153));
#5262=CYLINDRICAL_SURFACE('',#5263,2.1);
#5263=AXIS2_PLACEMENT_3D('',#5264,#5265,#5266);
#5264=CARTESIAN_POINT('',(-196.,-3.99999999999998,34.));
#5265=DIRECTION('',(0.,0.,1.));
#5266=DIRECTION('',(-1.,1.22464679914735E-16,0.));
#5267=FACE_BOUND('',#5268,.T.);
#5268=EDGE_LOOP('',(#8154,#8155,#8156,#8157,#8158,#8159));
#5269=FACE_OUTER_BOUND('',#5270,.T.);
#5270=EDGE_LOOP('',(#8160));
#5271=CYLINDRICAL_SURFACE('',#5272,2.1);
#5272=AXIS2_PLACEMENT_3D('',#5273,#5274,#5275);
#5273=CARTESIAN_POINT('',(-4.00000000000001,-111.,34.));
#5274=DIRECTION('',(0.,0.,1.));
#5275=DIRECTION('',(-1.,1.22464679914735E-16,0.));
#5276=FACE_BOUND('',#5277,.T.);
#5277=EDGE_LOOP('',(#8161,#8162,#8163,#8164,#8165,#8166));
#5278=FACE_OUTER_BOUND('',#5279,.T.);
#5279=EDGE_LOOP('',(#8167));
#5280=CYLINDRICAL_SURFACE('',#5281,2.1);
#5281=AXIS2_PLACEMENT_3D('',#5282,#5283,#5284);
#5282=CARTESIAN_POINT('',(-4.,-4.,34.));
#5283=DIRECTION('',(0.,0.,1.));
#5284=DIRECTION('',(-1.,1.22464679914735E-16,0.));
#5285=FACE_BOUND('',#5286,.T.);
#5286=EDGE_LOOP('',(#8168,#8169,#8170,#8171));
#5287=PLANE('',#5288);
#5288=AXIS2_PLACEMENT_3D('',#5289,#5290,#5291);
#5289=CARTESIAN_POINT('',(-100.5,-115.,36.));
#5290=DIRECTION('',(0.,0.,1.));
#5291=DIRECTION('',(1.,0.,0.));
#5292=FACE_BOUND('',#5293,.T.);
#5293=EDGE_LOOP('',(#8172,#8173,#8174));
#5294=PLANE('',#5295);
#5295=AXIS2_PLACEMENT_3D('',#5296,#5297,#5298);
#5296=CARTESIAN_POINT('',(0.,0.,36.));
#5297=DIRECTION('',(0.,0.,1.));
#5298=DIRECTION('',(-1.,1.22464679914735E-16,0.));
#5299=FACE_BOUND('',#5300,.T.);
#5300=EDGE_LOOP('',(#8175,#8176,#8177,#8178));
#5301=PLANE('',#5302);
#5302=AXIS2_PLACEMENT_3D('',#5303,#5304,#5305);
#5303=CARTESIAN_POINT('',(-100.5,-115.,36.));
#5304=DIRECTION('',(0.,0.,1.));
#5305=DIRECTION('',(1.,0.,0.));
#5306=FACE_BOUND('',#5307,.T.);
#5307=EDGE_LOOP('',(#8179,#8180));
#5308=PLANE('',#5309);
#5309=AXIS2_PLACEMENT_3D('',#5310,#5311,#5312);
#5310=CARTESIAN_POINT('',(0.,0.,36.));
#5311=DIRECTION('',(0.,0.,1.));
#5312=DIRECTION('',(-1.,1.22464679914735E-16,0.));
#5313=FACE_BOUND('',#5314,.T.);
#5314=EDGE_LOOP('',(#8181,#8182,#8183,#8184));
#5315=PLANE('',#5316);
#5316=AXIS2_PLACEMENT_3D('',#5317,#5318,#5319);
#5317=CARTESIAN_POINT('',(0.,0.,39.));
#5318=DIRECTION('',(0.,0.,1.));
#5319=DIRECTION('',(-1.,1.22464679914735E-16,0.));
#5320=FACE_BOUND('',#5321,.T.);
#5321=EDGE_LOOP('',(#8185,#8186,#8187,#8188,#8189,#8190));
#5322=PLANE('',#5323);
#5323=AXIS2_PLACEMENT_3D('',#5324,#5325,#5326);
#5324=CARTESIAN_POINT('',(-3.00000000000001,-75.,35.));
#5325=DIRECTION('',(-0.707106781186548,1.00722912443865E-16,-0.707106781186547));
#5326=DIRECTION('',(-1.42443708819831E-16,-1.,0.));
#5327=FACE_BOUND('',#5328,.T.);
#5328=EDGE_LOOP('',(#8191,#8192));
#5329=PLANE('',#5330);
#5330=AXIS2_PLACEMENT_3D('',#5331,#5332,#5333);
#5331=CARTESIAN_POINT('',(0.,0.,34.));
#5332=DIRECTION('',(0.,0.,1.));
#5333=DIRECTION('',(-1.,1.22464679914735E-16,0.));
#5334=FACE_BOUND('',#5335,.T.);
#5335=EDGE_LOOP('',(#8193,#8194,#8195,#8196,#8197,#8198));
#5336=PLANE('',#5337);
#5337=AXIS2_PLACEMENT_3D('',#5338,#5339,#5340);
#5338=CARTESIAN_POINT('',(-200.,-106.5,7.8));
#5339=DIRECTION('',(-1.4210854715202E-16,-1.,0.));
#5340=DIRECTION('',(0.,0.,-1.));
#5341=FACE_BOUND('',#5342,.T.);
#5342=EDGE_LOOP('',(#8199,#8200,#8201,#8202,#8203,#8204));
#5343=PLANE('',#5344);
#5344=AXIS2_PLACEMENT_3D('',#5345,#5346,#5347);
#5345=CARTESIAN_POINT('',(-200.,-96.5,5.));
#5346=DIRECTION('',(1.4210854715202E-16,1.,0.));
#5347=DIRECTION('',(0.,0.,1.));
#5348=FACE_BOUND('',#5349,.T.);
#5349=EDGE_LOOP('',(#8205,#8206,#8207,#8208));
#5350=PLANE('',#5351);
#5351=AXIS2_PLACEMENT_3D('',#5352,#5353,#5354);
#5352=CARTESIAN_POINT('',(-1.00000000000002,-112.,7.));
#5353=DIRECTION('',(0.,-8.45884209238214E-17,1.));
#5354=DIRECTION('',(1.48029736616688E-16,1.,8.45884209238214E-17));
#5355=FACE_BOUND('',#5356,.T.);
#5356=EDGE_LOOP('',(#8209,#8210,#8211,#8212));
#5357=PLANE('',#5358);
#5358=AXIS2_PLACEMENT_3D('',#5359,#5360,#5361);
#5359=CARTESIAN_POINT('',(-200.,-106.5,5.));
#5360=DIRECTION('',(0.,0.,-1.));
#5361=DIRECTION('',(0.,1.,0.));
#5362=FACE_BOUND('',#5363,.T.);
#5363=EDGE_LOOP('',(#8213,#8214,#8215,#8216,#8217,#8218,#8219,#8220));
#5364=PLANE('',#5365);
#5365=AXIS2_PLACEMENT_3D('',#5366,#5367,#5368);
#5366=CARTESIAN_POINT('',(0.,0.,0.));
#5367=DIRECTION('',(0.,0.,1.));
#5368=DIRECTION('',(-1.,1.22464679914735E-16,0.));
#5369=FACE_BOUND('',#5370,.T.);
#5370=EDGE_LOOP('',(#8221,#8222,#8223,#8224,#8225,#8226,#8227,#8228));
#5371=CYLINDRICAL_SURFACE('',#5372,3.);
#5372=AXIS2_PLACEMENT_3D('',#5373,#5374,#5375);
#5373=CARTESIAN_POINT('',(-6.,-6.,-4.));
#5374=DIRECTION('',(0.,0.,-1.));
#5375=DIRECTION('',(0.,1.,0.));
#5376=FACE_BOUND('',#5377,.T.);
#5377=EDGE_LOOP('',(#8229,#8230,#8231,#8232,#8233));
#5378=PLANE('',#5379);
#5379=AXIS2_PLACEMENT_3D('',#5380,#5381,#5382);
#5380=CARTESIAN_POINT('',(0.,0.,8.));
#5381=DIRECTION('',(0.,0.,1.));
#5382=DIRECTION('',(6.12323399573677E-17,-1.,0.));
#5383=FACE_BOUND('',#5384,.T.);
#5384=EDGE_LOOP('',(#8234,#8235,#8236,#8237));
#5385=PLANE('',#5386);
#5386=AXIS2_PLACEMENT_3D('',#5387,#5388,#5389);
#5387=CARTESIAN_POINT('',(-200.,-96.5,7.8));
#5388=DIRECTION('',(0.,0.,1.));
#5389=DIRECTION('',(0.,-1.,0.));
#5390=FACE_BOUND('',#5391,.T.);
#5391=EDGE_LOOP('',(#8238,#8239,#8240,#8241,#8242,#8243));
#5392=PLANE('',#5393);
#5393=AXIS2_PLACEMENT_3D('',#5394,#5395,#5396);
#5394=CARTESIAN_POINT('',(-3.,12.9999999999999,35.));
#5395=DIRECTION('',(-0.707106781186548,-8.88731580387039E-17,-0.707106781186546));
#5396=DIRECTION('',(-1.42443708819832E-16,-1.,2.68129334249095E-16));
#5397=FACE_BOUND('',#5398,.T.);
#5398=EDGE_LOOP('',(#8244,#8245,#8246,#8247));
#5399=CYLINDRICAL_SURFACE('',#5400,4.);
#5400=AXIS2_PLACEMENT_3D('',#5401,#5402,#5403);
#5401=CARTESIAN_POINT('',(-19.,-33.5,14.));
#5402=DIRECTION('',(-1.,0.,0.));
#5403=DIRECTION('',(0.,0.,-1.));
#5404=FACE_BOUND('',#5405,.T.);
#5405=EDGE_LOOP('',(#8248,#8249,#8250,#8251));
#5406=PLANE('',#5407);
#5407=AXIS2_PLACEMENT_3D('',#5408,#5409,#5410);
#5408=CARTESIAN_POINT('',(-200.,-37.5,10.));
#5409=DIRECTION('',(0.,0.,-1.));
#5410=DIRECTION('',(0.,1.,0.));
#5411=FACE_BOUND('',#5412,.T.);
#5412=EDGE_LOOP('',(#8252,#8253,#8254,#8255));
#5413=CYLINDRICAL_SURFACE('',#5414,4.);
#5414=AXIS2_PLACEMENT_3D('',#5415,#5416,#5417);
#5415=CARTESIAN_POINT('',(-19.,-26.5,14.));
#5416=DIRECTION('',(-1.,1.01506105108586E-16,0.));
#5417=DIRECTION('',(1.01506105108586E-16,1.,4.44089209850063E-16));
#5418=FACE_BOUND('',#5419,.T.);
#5419=EDGE_LOOP('',(#8256,#8257,#8258,#8259));
#5420=PLANE('',#5421);
#5421=AXIS2_PLACEMENT_3D('',#5422,#5423,#5424);
#5422=CARTESIAN_POINT('',(-200.,-22.5,10.));
#5423=DIRECTION('',(1.24344978758018E-16,1.,3.5527136788005E-16));
#5424=DIRECTION('',(0.,-3.5527136788005E-16,1.));
#5425=FACE_BOUND('',#5426,.T.);
#5426=EDGE_LOOP('',(#8260,#8261,#8262,#8263));
#5427=CYLINDRICAL_SURFACE('',#5428,4.);
#5428=AXIS2_PLACEMENT_3D('',#5429,#5430,#5431);
#5429=CARTESIAN_POINT('',(-19.,-26.5,16.));
#5430=DIRECTION('',(-1.,1.01506105108586E-16,0.));
#5431=DIRECTION('',(0.,0.,1.));
#5432=FACE_BOUND('',#5433,.T.);
#5433=EDGE_LOOP('',(#8264,#8265,#8266,#8267));
#5434=PLANE('',#5435);
#5435=AXIS2_PLACEMENT_3D('',#5436,#5437,#5438);
#5436=CARTESIAN_POINT('',(-200.,-22.5,20.));
#5437=DIRECTION('',(-2.94508071282511E-32,-2.368475785867E-16,1.));
#5438=DIRECTION('',(0.,-1.,-2.368475785867E-16));
#5439=FACE_BOUND('',#5440,.T.);
#5440=EDGE_LOOP('',(#8268,#8269,#8270,#8271));
#5441=CYLINDRICAL_SURFACE('',#5442,4.);
#5442=AXIS2_PLACEMENT_3D('',#5443,#5444,#5445);
#5443=CARTESIAN_POINT('',(-19.,-33.5,16.));
#5444=DIRECTION('',(-1.,0.,0.));
#5445=DIRECTION('',(0.,-1.,0.));
#5446=FACE_BOUND('',#5447,.T.);
#5447=EDGE_LOOP('',(#8272,#8273,#8274,#8275));
#5448=PLANE('',#5449);
#5449=AXIS2_PLACEMENT_3D('',#5450,#5451,#5452);
#5450=CARTESIAN_POINT('',(-200.,-37.5,20.));
#5451=DIRECTION('',(-1.06581410364015E-16,-1.,0.));
#5452=DIRECTION('',(0.,0.,-1.));
#5453=FACE_BOUND('',#5454,.T.);
#5454=EDGE_LOOP('',(#8276));
#5455=PLANE('',#5456);
#5456=AXIS2_PLACEMENT_3D('',#5457,#5458,#5459);
#5457=CARTESIAN_POINT('',(0.,0.,4.));
#5458=DIRECTION('',(0.,0.,1.));
#5459=DIRECTION('',(-1.,1.22464679914735E-16,0.));
#5460=FACE_BOUND('',#5461,.T.);
#5461=EDGE_LOOP('',(#8277));
#5462=PLANE('',#5463);
#5463=AXIS2_PLACEMENT_3D('',#5464,#5465,#5466);
#5464=CARTESIAN_POINT('',(0.,0.,4.));
#5465=DIRECTION('',(0.,0.,1.));
#5466=DIRECTION('',(-1.,1.22464679914735E-16,0.));
#5467=FACE_BOUND('',#5468,.T.);
#5468=EDGE_LOOP('',(#8278));
#5469=FACE_BOUND('',#5470,.T.);
#5470=EDGE_LOOP('',(#8279));
#5471=PLANE('',#5472);
#5472=AXIS2_PLACEMENT_3D('',#5473,#5474,#5475);
#5473=CARTESIAN_POINT('',(0.,0.,8.));
#5474=DIRECTION('',(0.,0.,1.));
#5475=DIRECTION('',(-1.,1.22464679914735E-16,0.));
#5476=FACE_BOUND('',#5477,.T.);
#5477=EDGE_LOOP('',(#8280));
#5478=FACE_BOUND('',#5479,.T.);
#5479=EDGE_LOOP('',(#8281));
#5480=PLANE('',#5481);
#5481=AXIS2_PLACEMENT_3D('',#5482,#5483,#5484);
#5482=CARTESIAN_POINT('',(0.,0.,8.));
#5483=DIRECTION('',(0.,0.,1.));
#5484=DIRECTION('',(-1.,1.22464679914735E-16,0.));
#5485=FACE_BOUND('',#5486,.T.);
#5486=EDGE_LOOP('',(#8282));
#5487=FACE_BOUND('',#5488,.T.);
#5488=EDGE_LOOP('',(#8283));
#5489=PLANE('',#5490);
#5490=AXIS2_PLACEMENT_3D('',#5491,#5492,#5493);
#5491=CARTESIAN_POINT('',(0.,0.,8.));
#5492=DIRECTION('',(0.,0.,1.));
#5493=DIRECTION('',(-1.,1.22464679914735E-16,0.));
#5494=FACE_BOUND('',#5495,.T.);
#5495=EDGE_LOOP('',(#8284,#8285,#8286,#8287,#8288,#8289));
#5496=PLANE('',#5497);
#5497=AXIS2_PLACEMENT_3D('',#5498,#5499,#5500);
#5498=CARTESIAN_POINT('',(-96.5,-115.,7.99999999999999));
#5499=DIRECTION('',(-1.,1.23572649697409E-16,0.));
#5500=DIRECTION('',(0.,0.,1.));
#5501=FACE_BOUND('',#5502,.T.);
#5502=EDGE_LOOP('',(#8290,#8291,#8292,#8293,#8294,#8295,#8296,#8297));
#5503=PLANE('',#5504);
#5504=AXIS2_PLACEMENT_3D('',#5505,#5506,#5507);
#5505=CARTESIAN_POINT('',(2.8421709430404E-14,-7.99999999999997,37.));
#5506=DIRECTION('',(0.,0.707106781186547,0.707106781186548));
#5507=DIRECTION('',(0.,0.707106781186548,-0.707106781186547));
#5508=FACE_BOUND('',#5509,.T.);
#5509=EDGE_LOOP('',(#8298,#8299,#8300,#8301,#8302,#8303,#8304));
#5510=PLANE('',#5511);
#5511=AXIS2_PLACEMENT_3D('',#5512,#5513,#5514);
#5512=CARTESIAN_POINT('',(-99.,-115.,36.));
#5513=DIRECTION('',(1.,-1.23572649697409E-16,0.));
#5514=DIRECTION('',(0.,0.,-1.));
#5515=FACE_BOUND('',#5516,.T.);
#5516=EDGE_LOOP('',(#8305,#8306,#8307,#8308));
#5517=PLANE('',#5518);
#5518=AXIS2_PLACEMENT_3D('',#5519,#5520,#5521);
#5519=CARTESIAN_POINT('',(-99.,-115.,7.99999999999999));
#5520=DIRECTION('',(0.,0.,-1.));
#5521=DIRECTION('',(-1.,0.,0.));
#5522=FACE_BOUND('',#5523,.T.);
#5523=EDGE_LOOP('',(#8309,#8310,#8311,#8312,#8313,#8314,#8315));
#5524=PLANE('',#5525);
#5525=AXIS2_PLACEMENT_3D('',#5526,#5527,#5528);
#5526=CARTESIAN_POINT('',(-100.5,-115.,7.99999999999999));
#5527=DIRECTION('',(-1.,1.23572649697409E-16,0.));
#5528=DIRECTION('',(0.,0.,1.));
#5529=FACE_BOUND('',#5530,.T.);
#5530=EDGE_LOOP('',(#8316,#8317,#8318,#8319,#8320,#8321));
#5531=PLANE('',#5532);
#5532=AXIS2_PLACEMENT_3D('',#5533,#5534,#5535);
#5533=CARTESIAN_POINT('',(-103.,-115.,36.));
#5534=DIRECTION('',(1.,-1.23572649697409E-16,0.));
#5535=DIRECTION('',(0.,0.,-1.));
#5536=FACE_BOUND('',#5537,.T.);
#5537=EDGE_LOOP('',(#8322,#8323,#8324,#8325));
#5538=PLANE('',#5539);
#5539=AXIS2_PLACEMENT_3D('',#5540,#5541,#5542);
#5540=CARTESIAN_POINT('',(-103.,-115.,7.99999999999999));
#5541=DIRECTION('',(0.,0.,-1.));
#5542=DIRECTION('',(-1.,0.,0.));
#5543=FACE_BOUND('',#5544,.T.);
#5544=EDGE_LOOP('',(#8326,#8327,#8328,#8329));
#5545=PLANE('',#5546);
#5546=AXIS2_PLACEMENT_3D('',#5547,#5548,#5549);
#5547=CARTESIAN_POINT('',(-104.5,-115.,7.99999999999999));
#5548=DIRECTION('',(-1.,1.23572649697409E-16,0.));
#5549=DIRECTION('',(0.,0.,1.));
#5550=FACE_BOUND('',#5551,.T.);
#5551=EDGE_LOOP('',(#8330,#8331,#8332,#8333,#8334,#8335));
#5552=PLANE('',#5553);
#5553=AXIS2_PLACEMENT_3D('',#5554,#5555,#5556);
#5554=CARTESIAN_POINT('',(-104.5,-115.,36.));
#5555=DIRECTION('',(0.,0.,1.));
#5556=DIRECTION('',(1.,0.,0.));
#5557=FACE_BOUND('',#5558,.T.);
#5558=EDGE_LOOP('',(#8336,#8337,#8338,#8339,#8340,#8341));
#5559=PLANE('',#5560);
#5560=AXIS2_PLACEMENT_3D('',#5561,#5562,#5563);
#5561=CARTESIAN_POINT('',(-213.,-2.99999999999998,35.));
#5562=DIRECTION('',(-8.29482808361236E-17,-0.707106781186548,-0.707106781186547));
#5563=DIRECTION('',(1.,-1.17306583733978E-16,-1.05246961414101E-32));
#5564=FACE_BOUND('',#5565,.T.);
#5565=EDGE_LOOP('',(#8342,#8343,#8344,#8345,#8346,#8347,#8348));
#5566=PLANE('',#5567);
#5567=AXIS2_PLACEMENT_3D('',#5568,#5569,#5570);
#5568=CARTESIAN_POINT('',(-40.,-3.,35.));
#5569=DIRECTION('',(-8.2948280836124E-17,-0.707106781186547,-0.707106781186548));
#5570=DIRECTION('',(1.,-1.17306583733979E-16,0.));
#5571=FACE_BOUND('',#5572,.T.);
#5572=EDGE_LOOP('',(#8349,#8350,#8351,#8352,#8353,#8354));
#5573=PLANE('',#5574);
#5574=AXIS2_PLACEMENT_3D('',#5575,#5576,#5577);
#5575=CARTESIAN_POINT('',(-96.5,-115.,36.));
#5576=DIRECTION('',(0.,0.,1.));
#5577=DIRECTION('',(1.,0.,0.));
#5578=FACE_BOUND('',#5579,.T.);
#5579=EDGE_LOOP('',(#8355,#8356,#8357,#8358));
#5580=PLANE('',#5581);
#5581=AXIS2_PLACEMENT_3D('',#5582,#5583,#5584);
#5582=CARTESIAN_POINT('',(-95.,-115.,36.));
#5583=DIRECTION('',(1.,-1.23572649697409E-16,0.));
#5584=DIRECTION('',(0.,0.,-1.));
#5585=FACE_BOUND('',#5586,.T.);
#5586=EDGE_LOOP('',(#8359,#8360,#8361,#8362));
#5587=PLANE('',#5588);
#5588=AXIS2_PLACEMENT_3D('',#5589,#5590,#5591);
#5589=CARTESIAN_POINT('',(-95.,-115.,7.99999999999999));
#5590=DIRECTION('',(0.,0.,-1.));
#5591=DIRECTION('',(-1.,0.,0.));
#5592=FACE_BOUND('',#5593,.T.);
#5593=EDGE_LOOP('',(#8363,#8364,#8365,#8366));
#5594=PLANE('',#5595);
#5595=AXIS2_PLACEMENT_3D('',#5596,#5597,#5598);
#5596=CARTESIAN_POINT('',(-36.5,-115.,8.));
#5597=DIRECTION('',(-1.,1.23572649697409E-16,-2.53765262771464E-16));
#5598=DIRECTION('',(-2.53765262771464E-16,0.,1.));
#5599=FACE_BOUND('',#5600,.T.);
#5600=EDGE_LOOP('',(#8367,#8368,#8369,#8370));
#5601=PLANE('',#5602);
#5602=AXIS2_PLACEMENT_3D('',#5603,#5604,#5605);
#5603=CARTESIAN_POINT('',(-36.5,-115.,36.));
#5604=DIRECTION('',(0.,0.,1.));
#5605=DIRECTION('',(1.,0.,0.));
#5606=FACE_BOUND('',#5607,.T.);
#5607=EDGE_LOOP('',(#8371,#8372,#8373,#8374));
#5608=PLANE('',#5609);
#5609=AXIS2_PLACEMENT_3D('',#5610,#5611,#5612);
#5610=CARTESIAN_POINT('',(-35.,-115.,36.));
#5611=DIRECTION('',(1.,-1.23572649697409E-16,2.53765262771464E-16));
#5612=DIRECTION('',(2.53765262771464E-16,0.,-1.));
#5613=FACE_BOUND('',#5614,.T.);
#5614=EDGE_LOOP('',(#8375,#8376,#8377,#8378));
#5615=PLANE('',#5616);
#5616=AXIS2_PLACEMENT_3D('',#5617,#5618,#5619);
#5617=CARTESIAN_POINT('',(0.,0.,8.));
#5618=DIRECTION('',(0.,0.,1.));
#5619=DIRECTION('',(-1.,1.22464679914735E-16,0.));
#5620=FACE_BOUND('',#5621,.T.);
#5621=EDGE_LOOP('',(#8379,#8380,#8381,#8382));
#5622=PLANE('',#5623);
#5623=AXIS2_PLACEMENT_3D('',#5624,#5625,#5626);
#5624=CARTESIAN_POINT('',(-40.5,-115.,7.99999999999999));
#5625=DIRECTION('',(-1.,1.23572649697409E-16,-2.53765262771464E-16));
#5626=DIRECTION('',(-2.53765262771464E-16,0.,1.));
#5627=FACE_BOUND('',#5628,.T.);
#5628=EDGE_LOOP('',(#8383,#8384,#8385,#8386));
#5629=PLANE('',#5630);
#5630=AXIS2_PLACEMENT_3D('',#5631,#5632,#5633);
#5631=CARTESIAN_POINT('',(-40.5,-115.,36.));
#5632=DIRECTION('',(0.,0.,1.));
#5633=DIRECTION('',(1.,0.,0.));
#5634=FACE_BOUND('',#5635,.T.);
#5635=EDGE_LOOP('',(#8387,#8388,#8389,#8390));
#5636=PLANE('',#5637);
#5637=AXIS2_PLACEMENT_3D('',#5638,#5639,#5640);
#5638=CARTESIAN_POINT('',(-39.,-115.,36.));
#5639=DIRECTION('',(1.,-1.23572649697409E-16,2.53765262771464E-16));
#5640=DIRECTION('',(2.53765262771464E-16,0.,-1.));
#5641=FACE_BOUND('',#5642,.T.);
#5642=EDGE_LOOP('',(#8391,#8392,#8393,#8394));
#5643=PLANE('',#5644);
#5644=AXIS2_PLACEMENT_3D('',#5645,#5646,#5647);
#5645=CARTESIAN_POINT('',(0.,0.,8.));
#5646=DIRECTION('',(0.,0.,1.));
#5647=DIRECTION('',(-1.,1.22464679914735E-16,0.));
#5648=FACE_BOUND('',#5649,.T.);
#5649=EDGE_LOOP('',(#8395,#8396,#8397,#8398));
#5650=PLANE('',#5651);
#5651=AXIS2_PLACEMENT_3D('',#5652,#5653,#5654);
#5652=CARTESIAN_POINT('',(-44.5,-115.,7.99999999999999));
#5653=DIRECTION('',(-1.,1.23572649697409E-16,-2.53765262771464E-16));
#5654=DIRECTION('',(-2.53765262771464E-16,0.,1.));
#5655=FACE_BOUND('',#5656,.T.);
#5656=EDGE_LOOP('',(#8399,#8400,#8401,#8402));
#5657=PLANE('',#5658);
#5658=AXIS2_PLACEMENT_3D('',#5659,#5660,#5661);
#5659=CARTESIAN_POINT('',(-44.5,-115.,36.));
#5660=DIRECTION('',(0.,0.,1.));
#5661=DIRECTION('',(1.,0.,0.));
#5662=FACE_BOUND('',#5663,.T.);
#5663=EDGE_LOOP('',(#8403,#8404,#8405,#8406));
#5664=PLANE('',#5665);
#5665=AXIS2_PLACEMENT_3D('',#5666,#5667,#5668);
#5666=CARTESIAN_POINT('',(-43.,-115.,36.));
#5667=DIRECTION('',(1.,-1.23572649697409E-16,2.53765262771464E-16));
#5668=DIRECTION('',(2.53765262771464E-16,0.,-1.));
#5669=FACE_BOUND('',#5670,.T.);
#5670=EDGE_LOOP('',(#8407,#8408,#8409,#8410));
#5671=PLANE('',#5672);
#5672=AXIS2_PLACEMENT_3D('',#5673,#5674,#5675);
#5673=CARTESIAN_POINT('',(-43.,-115.,7.99999999999999));
#5674=DIRECTION('',(0.,0.,-1.));
#5675=DIRECTION('',(-1.,0.,0.));
#5676=FACE_BOUND('',#5677,.T.);
#5677=EDGE_LOOP('',(#8411,#8412,#8413,#8414));
#5678=PLANE('',#5679);
#5679=AXIS2_PLACEMENT_3D('',#5680,#5681,#5682);
#5680=CARTESIAN_POINT('',(-48.5,-115.,7.99999999999999));
#5681=DIRECTION('',(-1.,1.23572649697409E-16,-2.53765262771464E-16));
#5682=DIRECTION('',(-2.53765262771464E-16,0.,1.));
#5683=FACE_BOUND('',#5684,.T.);
#5684=EDGE_LOOP('',(#8415,#8416,#8417,#8418));
#5685=PLANE('',#5686);
#5686=AXIS2_PLACEMENT_3D('',#5687,#5688,#5689);
#5687=CARTESIAN_POINT('',(-48.5,-115.,36.));
#5688=DIRECTION('',(0.,0.,1.));
#5689=DIRECTION('',(1.,0.,0.));
#5690=FACE_BOUND('',#5691,.T.);
#5691=EDGE_LOOP('',(#8419,#8420,#8421,#8422));
#5692=PLANE('',#5693);
#5693=AXIS2_PLACEMENT_3D('',#5694,#5695,#5696);
#5694=CARTESIAN_POINT('',(-47.,-115.,36.));
#5695=DIRECTION('',(1.,-1.23572649697409E-16,2.53765262771464E-16));
#5696=DIRECTION('',(2.53765262771464E-16,0.,-1.));
#5697=FACE_BOUND('',#5698,.T.);
#5698=EDGE_LOOP('',(#8423,#8424,#8425,#8426));
#5699=PLANE('',#5700);
#5700=AXIS2_PLACEMENT_3D('',#5701,#5702,#5703);
#5701=CARTESIAN_POINT('',(-47.,-115.,7.99999999999999));
#5702=DIRECTION('',(5.9211894646675E-16,-7.31697071509344E-32,-1.));
#5703=DIRECTION('',(-1.,0.,-5.9211894646675E-16));
#5704=FACE_BOUND('',#5705,.T.);
#5705=EDGE_LOOP('',(#8427,#8428,#8429,#8430));
#5706=PLANE('',#5707);
#5707=AXIS2_PLACEMENT_3D('',#5708,#5709,#5710);
#5708=CARTESIAN_POINT('',(-52.5,-115.,7.99999999999999));
#5709=DIRECTION('',(-1.,1.23572649697409E-16,-2.53765262771464E-16));
#5710=DIRECTION('',(-2.53765262771464E-16,0.,1.));
#5711=FACE_BOUND('',#5712,.T.);
#5712=EDGE_LOOP('',(#8431,#8432,#8433,#8434));
#5713=PLANE('',#5714);
#5714=AXIS2_PLACEMENT_3D('',#5715,#5716,#5717);
#5715=CARTESIAN_POINT('',(-52.5,-115.,36.));
#5716=DIRECTION('',(0.,0.,1.));
#5717=DIRECTION('',(1.,0.,0.));
#5718=FACE_BOUND('',#5719,.T.);
#5719=EDGE_LOOP('',(#8435,#8436,#8437,#8438));
#5720=PLANE('',#5721);
#5721=AXIS2_PLACEMENT_3D('',#5722,#5723,#5724);
#5722=CARTESIAN_POINT('',(-51.,-115.,36.));
#5723=DIRECTION('',(1.,-1.23572649697409E-16,2.53765262771464E-16));
#5724=DIRECTION('',(2.53765262771464E-16,0.,-1.));
#5725=FACE_BOUND('',#5726,.T.);
#5726=EDGE_LOOP('',(#8439,#8440,#8441,#8442));
#5727=PLANE('',#5728);
#5728=AXIS2_PLACEMENT_3D('',#5729,#5730,#5731);
#5729=CARTESIAN_POINT('',(0.,0.,8.));
#5730=DIRECTION('',(0.,0.,1.));
#5731=DIRECTION('',(-1.,1.22464679914735E-16,0.));
#5732=FACE_BOUND('',#5733,.T.);
#5733=EDGE_LOOP('',(#8443,#8444,#8445,#8446));
#5734=PLANE('',#5735);
#5735=AXIS2_PLACEMENT_3D('',#5736,#5737,#5738);
#5736=CARTESIAN_POINT('',(-56.5,-115.,7.99999999999999));
#5737=DIRECTION('',(-1.,1.23572649697409E-16,-2.53765262771464E-16));
#5738=DIRECTION('',(-2.53765262771464E-16,0.,1.));
#5739=FACE_BOUND('',#5740,.T.);
#5740=EDGE_LOOP('',(#8447,#8448,#8449,#8450));
#5741=PLANE('',#5742);
#5742=AXIS2_PLACEMENT_3D('',#5743,#5744,#5745);
#5743=CARTESIAN_POINT('',(-56.5,-115.,36.));
#5744=DIRECTION('',(0.,0.,1.));
#5745=DIRECTION('',(1.,0.,0.));
#5746=FACE_BOUND('',#5747,.T.);
#5747=EDGE_LOOP('',(#8451,#8452,#8453,#8454));
#5748=PLANE('',#5749);
#5749=AXIS2_PLACEMENT_3D('',#5750,#5751,#5752);
#5750=CARTESIAN_POINT('',(-55.,-115.,36.));
#5751=DIRECTION('',(1.,-1.23572649697409E-16,2.53765262771464E-16));
#5752=DIRECTION('',(2.53765262771464E-16,0.,-1.));
#5753=FACE_BOUND('',#5754,.T.);
#5754=EDGE_LOOP('',(#8455,#8456,#8457,#8458));
#5755=PLANE('',#5756);
#5756=AXIS2_PLACEMENT_3D('',#5757,#5758,#5759);
#5757=CARTESIAN_POINT('',(0.,0.,8.));
#5758=DIRECTION('',(0.,0.,1.));
#5759=DIRECTION('',(-1.,1.22464679914735E-16,0.));
#5760=FACE_BOUND('',#5761,.T.);
#5761=EDGE_LOOP('',(#8459,#8460,#8461,#8462));
#5762=PLANE('',#5763);
#5763=AXIS2_PLACEMENT_3D('',#5764,#5765,#5766);
#5764=CARTESIAN_POINT('',(-60.5,-115.,7.99999999999999));
#5765=DIRECTION('',(-1.,1.23572649697409E-16,-2.53765262771464E-16));
#5766=DIRECTION('',(-2.53765262771464E-16,0.,1.));
#5767=FACE_BOUND('',#5768,.T.);
#5768=EDGE_LOOP('',(#8463,#8464,#8465,#8466));
#5769=PLANE('',#5770);
#5770=AXIS2_PLACEMENT_3D('',#5771,#5772,#5773);
#5771=CARTESIAN_POINT('',(-60.5,-115.,36.));
#5772=DIRECTION('',(0.,0.,1.));
#5773=DIRECTION('',(1.,0.,0.));
#5774=FACE_BOUND('',#5775,.T.);
#5775=EDGE_LOOP('',(#8467,#8468,#8469,#8470));
#5776=PLANE('',#5777);
#5777=AXIS2_PLACEMENT_3D('',#5778,#5779,#5780);
#5778=CARTESIAN_POINT('',(-59.,-115.,36.));
#5779=DIRECTION('',(1.,-1.23572649697409E-16,2.53765262771464E-16));
#5780=DIRECTION('',(2.53765262771464E-16,0.,-1.));
#5781=FACE_BOUND('',#5782,.T.);
#5782=EDGE_LOOP('',(#8471,#8472,#8473,#8474));
#5783=PLANE('',#5784);
#5784=AXIS2_PLACEMENT_3D('',#5785,#5786,#5787);
#5785=CARTESIAN_POINT('',(-59.,-115.,7.99999999999999));
#5786=DIRECTION('',(0.,0.,-1.));
#5787=DIRECTION('',(-1.,0.,0.));
#5788=FACE_BOUND('',#5789,.T.);
#5789=EDGE_LOOP('',(#8475,#8476,#8477,#8478));
#5790=PLANE('',#5791);
#5791=AXIS2_PLACEMENT_3D('',#5792,#5793,#5794);
#5792=CARTESIAN_POINT('',(-64.5,-115.,7.99999999999999));
#5793=DIRECTION('',(-1.,1.23572649697409E-16,0.));
#5794=DIRECTION('',(0.,0.,1.));
#5795=FACE_BOUND('',#5796,.T.);
#5796=EDGE_LOOP('',(#8479,#8480,#8481,#8482));
#5797=PLANE('',#5798);
#5798=AXIS2_PLACEMENT_3D('',#5799,#5800,#5801);
#5799=CARTESIAN_POINT('',(-64.5,-115.,36.));
#5800=DIRECTION('',(0.,0.,1.));
#5801=DIRECTION('',(1.,0.,0.));
#5802=FACE_BOUND('',#5803,.T.);
#5803=EDGE_LOOP('',(#8483,#8484,#8485,#8486));
#5804=PLANE('',#5805);
#5805=AXIS2_PLACEMENT_3D('',#5806,#5807,#5808);
#5806=CARTESIAN_POINT('',(-63.,-115.,36.));
#5807=DIRECTION('',(1.,-1.23572649697409E-16,2.53765262771464E-16));
#5808=DIRECTION('',(2.53765262771464E-16,0.,-1.));
#5809=FACE_BOUND('',#5810,.T.);
#5810=EDGE_LOOP('',(#8487,#8488,#8489,#8490));
#5811=PLANE('',#5812);
#5812=AXIS2_PLACEMENT_3D('',#5813,#5814,#5815);
#5813=CARTESIAN_POINT('',(-63.,-115.,7.99999999999999));
#5814=DIRECTION('',(0.,0.,-1.));
#5815=DIRECTION('',(-1.,0.,0.));
#5816=FACE_BOUND('',#5817,.T.);
#5817=EDGE_LOOP('',(#8491,#8492,#8493,#8494));
#5818=PLANE('',#5819);
#5819=AXIS2_PLACEMENT_3D('',#5820,#5821,#5822);
#5820=CARTESIAN_POINT('',(-68.5,-115.,7.99999999999999));
#5821=DIRECTION('',(-1.,1.23572649697409E-16,0.));
#5822=DIRECTION('',(0.,0.,1.));
#5823=FACE_BOUND('',#5824,.T.);
#5824=EDGE_LOOP('',(#8495,#8496,#8497,#8498));
#5825=PLANE('',#5826);
#5826=AXIS2_PLACEMENT_3D('',#5827,#5828,#5829);
#5827=CARTESIAN_POINT('',(-68.5,-115.,36.));
#5828=DIRECTION('',(0.,0.,1.));
#5829=DIRECTION('',(1.,0.,0.));
#5830=FACE_BOUND('',#5831,.T.);
#5831=EDGE_LOOP('',(#8499,#8500,#8501,#8502));
#5832=PLANE('',#5833);
#5833=AXIS2_PLACEMENT_3D('',#5834,#5835,#5836);
#5834=CARTESIAN_POINT('',(-67.,-115.,36.));
#5835=DIRECTION('',(1.,-1.23572649697409E-16,0.));
#5836=DIRECTION('',(0.,0.,-1.));
#5837=FACE_BOUND('',#5838,.T.);
#5838=EDGE_LOOP('',(#8503,#8504,#8505,#8506));
#5839=PLANE('',#5840);
#5840=AXIS2_PLACEMENT_3D('',#5841,#5842,#5843);
#5841=CARTESIAN_POINT('',(-67.,-115.,7.99999999999999));
#5842=DIRECTION('',(0.,0.,-1.));
#5843=DIRECTION('',(-1.,0.,0.));
#5844=FACE_BOUND('',#5845,.T.);
#5845=EDGE_LOOP('',(#8507,#8508,#8509,#8510));
#5846=PLANE('',#5847);
#5847=AXIS2_PLACEMENT_3D('',#5848,#5849,#5850);
#5848=CARTESIAN_POINT('',(-72.5,-115.,7.99999999999999));
#5849=DIRECTION('',(-1.,1.23572649697409E-16,0.));
#5850=DIRECTION('',(0.,0.,1.));
#5851=FACE_BOUND('',#5852,.T.);
#5852=EDGE_LOOP('',(#8511,#8512,#8513,#8514));
#5853=PLANE('',#5854);
#5854=AXIS2_PLACEMENT_3D('',#5855,#5856,#5857);
#5855=CARTESIAN_POINT('',(-72.5,-115.,36.));
#5856=DIRECTION('',(0.,0.,1.));
#5857=DIRECTION('',(1.,0.,0.));
#5858=FACE_BOUND('',#5859,.T.);
#5859=EDGE_LOOP('',(#8515,#8516,#8517,#8518));
#5860=PLANE('',#5861);
#5861=AXIS2_PLACEMENT_3D('',#5862,#5863,#5864);
#5862=CARTESIAN_POINT('',(-71.,-115.,36.));
#5863=DIRECTION('',(1.,-1.23572649697409E-16,0.));
#5864=DIRECTION('',(0.,0.,-1.));
#5865=FACE_BOUND('',#5866,.T.);
#5866=EDGE_LOOP('',(#8519,#8520,#8521,#8522));
#5867=PLANE('',#5868);
#5868=AXIS2_PLACEMENT_3D('',#5869,#5870,#5871);
#5869=CARTESIAN_POINT('',(-71.,-115.,7.99999999999999));
#5870=DIRECTION('',(0.,0.,-1.));
#5871=DIRECTION('',(-1.,0.,0.));
#5872=FACE_BOUND('',#5873,.T.);
#5873=EDGE_LOOP('',(#8523,#8524,#8525,#8526));
#5874=PLANE('',#5875);
#5875=AXIS2_PLACEMENT_3D('',#5876,#5877,#5878);
#5876=CARTESIAN_POINT('',(-76.5,-115.,7.99999999999999));
#5877=DIRECTION('',(-1.,1.23572649697409E-16,0.));
#5878=DIRECTION('',(0.,0.,1.));
#5879=FACE_BOUND('',#5880,.T.);
#5880=EDGE_LOOP('',(#8527,#8528,#8529,#8530));
#5881=PLANE('',#5882);
#5882=AXIS2_PLACEMENT_3D('',#5883,#5884,#5885);
#5883=CARTESIAN_POINT('',(-76.5,-115.,36.));
#5884=DIRECTION('',(0.,0.,1.));
#5885=DIRECTION('',(1.,0.,0.));
#5886=FACE_BOUND('',#5887,.T.);
#5887=EDGE_LOOP('',(#8531,#8532,#8533,#8534));
#5888=PLANE('',#5889);
#5889=AXIS2_PLACEMENT_3D('',#5890,#5891,#5892);
#5890=CARTESIAN_POINT('',(-75.,-115.,36.));
#5891=DIRECTION('',(1.,-1.23572649697409E-16,0.));
#5892=DIRECTION('',(0.,0.,-1.));
#5893=FACE_BOUND('',#5894,.T.);
#5894=EDGE_LOOP('',(#8535,#8536,#8537,#8538));
#5895=PLANE('',#5896);
#5896=AXIS2_PLACEMENT_3D('',#5897,#5898,#5899);
#5897=CARTESIAN_POINT('',(-75.,-115.,7.99999999999999));
#5898=DIRECTION('',(5.9211894646675E-16,-7.31697071509344E-32,-1.));
#5899=DIRECTION('',(-1.,0.,-5.9211894646675E-16));
#5900=FACE_BOUND('',#5901,.T.);
#5901=EDGE_LOOP('',(#8539,#8540,#8541,#8542));
#5902=PLANE('',#5903);
#5903=AXIS2_PLACEMENT_3D('',#5904,#5905,#5906);
#5904=CARTESIAN_POINT('',(-80.5,-115.,7.99999999999999));
#5905=DIRECTION('',(-1.,1.23572649697409E-16,0.));
#5906=DIRECTION('',(0.,0.,1.));
#5907=FACE_BOUND('',#5908,.T.);
#5908=EDGE_LOOP('',(#8543,#8544,#8545,#8546));
#5909=PLANE('',#5910);
#5910=AXIS2_PLACEMENT_3D('',#5911,#5912,#5913);
#5911=CARTESIAN_POINT('',(-80.5,-115.,36.));
#5912=DIRECTION('',(0.,0.,1.));
#5913=DIRECTION('',(1.,0.,0.));
#5914=FACE_BOUND('',#5915,.T.);
#5915=EDGE_LOOP('',(#8547,#8548,#8549,#8550));
#5916=PLANE('',#5917);
#5917=AXIS2_PLACEMENT_3D('',#5918,#5919,#5920);
#5918=CARTESIAN_POINT('',(-79.,-115.,36.));
#5919=DIRECTION('',(1.,-1.23572649697409E-16,0.));
#5920=DIRECTION('',(0.,0.,-1.));
#5921=FACE_BOUND('',#5922,.T.);
#5922=EDGE_LOOP('',(#8551,#8552,#8553,#8554));
#5923=PLANE('',#5924);
#5924=AXIS2_PLACEMENT_3D('',#5925,#5926,#5927);
#5925=CARTESIAN_POINT('',(-79.,-115.,7.99999999999999));
#5926=DIRECTION('',(0.,0.,-1.));
#5927=DIRECTION('',(-1.,0.,0.));
#5928=FACE_BOUND('',#5929,.T.);
#5929=EDGE_LOOP('',(#8555,#8556,#8557,#8558));
#5930=PLANE('',#5931);
#5931=AXIS2_PLACEMENT_3D('',#5932,#5933,#5934);
#5932=CARTESIAN_POINT('',(-84.5,-115.,7.99999999999999));
#5933=DIRECTION('',(-1.,1.23572649697409E-16,0.));
#5934=DIRECTION('',(0.,0.,1.));
#5935=FACE_BOUND('',#5936,.T.);
#5936=EDGE_LOOP('',(#8559,#8560,#8561,#8562));
#5937=PLANE('',#5938);
#5938=AXIS2_PLACEMENT_3D('',#5939,#5940,#5941);
#5939=CARTESIAN_POINT('',(-84.5,-115.,36.));
#5940=DIRECTION('',(0.,0.,1.));
#5941=DIRECTION('',(1.,0.,0.));
#5942=FACE_BOUND('',#5943,.T.);
#5943=EDGE_LOOP('',(#8563,#8564,#8565,#8566));
#5944=PLANE('',#5945);
#5945=AXIS2_PLACEMENT_3D('',#5946,#5947,#5948);
#5946=CARTESIAN_POINT('',(-83.,-115.,36.));
#5947=DIRECTION('',(1.,-1.23572649697409E-16,0.));
#5948=DIRECTION('',(0.,0.,-1.));
#5949=FACE_BOUND('',#5950,.T.);
#5950=EDGE_LOOP('',(#8567,#8568,#8569,#8570));
#5951=PLANE('',#5952);
#5952=AXIS2_PLACEMENT_3D('',#5953,#5954,#5955);
#5953=CARTESIAN_POINT('',(-83.,-115.,7.99999999999999));
#5954=DIRECTION('',(5.9211894646675E-16,-7.31697071509344E-32,-1.));
#5955=DIRECTION('',(-1.,0.,-5.9211894646675E-16));
#5956=FACE_BOUND('',#5957,.T.);
#5957=EDGE_LOOP('',(#8571,#8572,#8573,#8574));
#5958=PLANE('',#5959);
#5959=AXIS2_PLACEMENT_3D('',#5960,#5961,#5962);
#5960=CARTESIAN_POINT('',(-88.5,-115.,7.99999999999999));
#5961=DIRECTION('',(-1.,1.23572649697409E-16,0.));
#5962=DIRECTION('',(0.,0.,1.));
#5963=FACE_BOUND('',#5964,.T.);
#5964=EDGE_LOOP('',(#8575,#8576,#8577,#8578));
#5965=PLANE('',#5966);
#5966=AXIS2_PLACEMENT_3D('',#5967,#5968,#5969);
#5967=CARTESIAN_POINT('',(-88.5,-115.,36.));
#5968=DIRECTION('',(-4.736951571734E-15,5.85357657207475E-31,1.));
#5969=DIRECTION('',(1.,0.,4.736951571734E-15));
#5970=FACE_BOUND('',#5971,.T.);
#5971=EDGE_LOOP('',(#8579,#8580,#8581,#8582));
#5972=PLANE('',#5973);
#5973=AXIS2_PLACEMENT_3D('',#5974,#5975,#5976);
#5974=CARTESIAN_POINT('',(-87.,-115.,36.));
#5975=DIRECTION('',(1.,-1.23572649697409E-16,0.));
#5976=DIRECTION('',(0.,0.,-1.));
#5977=FACE_BOUND('',#5978,.T.);
#5978=EDGE_LOOP('',(#8583,#8584,#8585,#8586));
#5979=PLANE('',#5980);
#5980=AXIS2_PLACEMENT_3D('',#5981,#5982,#5983);
#5981=CARTESIAN_POINT('',(0.,0.,8.));
#5982=DIRECTION('',(0.,0.,1.));
#5983=DIRECTION('',(-1.,1.22464679914735E-16,0.));
#5984=FACE_BOUND('',#5985,.T.);
#5985=EDGE_LOOP('',(#8587,#8588,#8589,#8590));
#5986=PLANE('',#5987);
#5987=AXIS2_PLACEMENT_3D('',#5988,#5989,#5990);
#5988=CARTESIAN_POINT('',(-92.5,-115.,7.99999999999999));
#5989=DIRECTION('',(-1.,1.23572649697409E-16,0.));
#5990=DIRECTION('',(0.,0.,1.));
#5991=FACE_BOUND('',#5992,.T.);
#5992=EDGE_LOOP('',(#8591,#8592,#8593,#8594));
#5993=PLANE('',#5994);
#5994=AXIS2_PLACEMENT_3D('',#5995,#5996,#5997);
#5995=CARTESIAN_POINT('',(-92.5,-115.,36.));
#5996=DIRECTION('',(0.,0.,1.));
#5997=DIRECTION('',(1.,0.,0.));
#5998=FACE_BOUND('',#5999,.T.);
#5999=EDGE_LOOP('',(#8595,#8596,#8597,#8598));
#6000=PLANE('',#6001);
#6001=AXIS2_PLACEMENT_3D('',#6002,#6003,#6004);
#6002=CARTESIAN_POINT('',(-91.,-115.,36.));
#6003=DIRECTION('',(1.,-1.23572649697409E-16,0.));
#6004=DIRECTION('',(0.,0.,-1.));
#6005=FACE_BOUND('',#6006,.T.);
#6006=EDGE_LOOP('',(#8599,#8600,#8601,#8602));
#6007=PLANE('',#6008);
#6008=AXIS2_PLACEMENT_3D('',#6009,#6010,#6011);
#6009=CARTESIAN_POINT('',(0.,0.,8.));
#6010=DIRECTION('',(0.,0.,1.));
#6011=DIRECTION('',(-1.,1.22464679914735E-16,0.));
#6012=FACE_BOUND('',#6013,.T.);
#6013=EDGE_LOOP('',(#8603,#8604,#8605,#8606));
#6014=PLANE('',#6015);
#6015=AXIS2_PLACEMENT_3D('',#6016,#6017,#6018);
#6016=CARTESIAN_POINT('',(-108.5,-115.,7.99999999999999));
#6017=DIRECTION('',(-1.,1.23572649697409E-16,0.));
#6018=DIRECTION('',(0.,0.,1.));
#6019=FACE_BOUND('',#6020,.T.);
#6020=EDGE_LOOP('',(#8607,#8608,#8609,#8610));
#6021=PLANE('',#6022);
#6022=AXIS2_PLACEMENT_3D('',#6023,#6024,#6025);
#6023=CARTESIAN_POINT('',(-108.5,-115.,36.));
#6024=DIRECTION('',(0.,0.,1.));
#6025=DIRECTION('',(1.,0.,0.));
#6026=FACE_BOUND('',#6027,.T.);
#6027=EDGE_LOOP('',(#8611,#8612,#8613,#8614));
#6028=PLANE('',#6029);
#6029=AXIS2_PLACEMENT_3D('',#6030,#6031,#6032);
#6030=CARTESIAN_POINT('',(-107.,-115.,36.));
#6031=DIRECTION('',(1.,-1.23572649697409E-16,0.));
#6032=DIRECTION('',(0.,0.,-1.));
#6033=FACE_BOUND('',#6034,.T.);
#6034=EDGE_LOOP('',(#8615,#8616,#8617,#8618));
#6035=PLANE('',#6036);
#6036=AXIS2_PLACEMENT_3D('',#6037,#6038,#6039);
#6037=CARTESIAN_POINT('',(-107.,-115.,7.99999999999999));
#6038=DIRECTION('',(0.,0.,-1.));
#6039=DIRECTION('',(-1.,0.,0.));
#6040=FACE_BOUND('',#6041,.T.);
#6041=EDGE_LOOP('',(#8619,#8620,#8621,#8622));
#6042=PLANE('',#6043);
#6043=AXIS2_PLACEMENT_3D('',#6044,#6045,#6046);
#6044=CARTESIAN_POINT('',(-112.5,-115.,7.99999999999999));
#6045=DIRECTION('',(-1.,1.23572649697409E-16,0.));
#6046=DIRECTION('',(0.,0.,1.));
#6047=FACE_BOUND('',#6048,.T.);
#6048=EDGE_LOOP('',(#8623,#8624,#8625,#8626));
#6049=PLANE('',#6050);
#6050=AXIS2_PLACEMENT_3D('',#6051,#6052,#6053);
#6051=CARTESIAN_POINT('',(-112.5,-115.,36.));
#6052=DIRECTION('',(0.,0.,1.));
#6053=DIRECTION('',(1.,0.,0.));
#6054=FACE_BOUND('',#6055,.T.);
#6055=EDGE_LOOP('',(#8627,#8628,#8629,#8630));
#6056=PLANE('',#6057);
#6057=AXIS2_PLACEMENT_3D('',#6058,#6059,#6060);
#6058=CARTESIAN_POINT('',(-111.,-115.,36.));
#6059=DIRECTION('',(1.,-1.23572649697409E-16,0.));
#6060=DIRECTION('',(0.,0.,-1.));
#6061=FACE_BOUND('',#6062,.T.);
#6062=EDGE_LOOP('',(#8631,#8632,#8633,#8634));
#6063=PLANE('',#6064);
#6064=AXIS2_PLACEMENT_3D('',#6065,#6066,#6067);
#6065=CARTESIAN_POINT('',(-111.,-115.,7.99999999999999));
#6066=DIRECTION('',(5.9211894646675E-16,-7.31697071509344E-32,-1.));
#6067=DIRECTION('',(-1.,0.,-5.9211894646675E-16));
#6068=FACE_BOUND('',#6069,.T.);
#6069=EDGE_LOOP('',(#8635,#8636,#8637,#8638));
#6070=PLANE('',#6071);
#6071=AXIS2_PLACEMENT_3D('',#6072,#6073,#6074);
#6072=CARTESIAN_POINT('',(-116.5,-115.,7.99999999999999));
#6073=DIRECTION('',(-1.,1.23572649697409E-16,0.));
#6074=DIRECTION('',(0.,0.,1.));
#6075=FACE_BOUND('',#6076,.T.);
#6076=EDGE_LOOP('',(#8639,#8640,#8641,#8642));
#6077=PLANE('',#6078);
#6078=AXIS2_PLACEMENT_3D('',#6079,#6080,#6081);
#6079=CARTESIAN_POINT('',(-116.5,-115.,36.));
#6080=DIRECTION('',(0.,0.,1.));
#6081=DIRECTION('',(1.,0.,0.));
#6082=FACE_BOUND('',#6083,.T.);
#6083=EDGE_LOOP('',(#8643,#8644,#8645,#8646));
#6084=PLANE('',#6085);
#6085=AXIS2_PLACEMENT_3D('',#6086,#6087,#6088);
#6086=CARTESIAN_POINT('',(-115.,-115.,36.));
#6087=DIRECTION('',(1.,-1.23572649697409E-16,0.));
#6088=DIRECTION('',(0.,0.,-1.));
#6089=FACE_BOUND('',#6090,.T.);
#6090=EDGE_LOOP('',(#8647,#8648,#8649,#8650));
#6091=PLANE('',#6092);
#6092=AXIS2_PLACEMENT_3D('',#6093,#6094,#6095);
#6093=CARTESIAN_POINT('',(-115.,-115.,7.99999999999999));
#6094=DIRECTION('',(0.,0.,-1.));
#6095=DIRECTION('',(-1.,0.,0.));
#6096=FACE_BOUND('',#6097,.T.);
#6097=EDGE_LOOP('',(#8651,#8652,#8653,#8654));
#6098=PLANE('',#6099);
#6099=AXIS2_PLACEMENT_3D('',#6100,#6101,#6102);
#6100=CARTESIAN_POINT('',(-120.5,-115.,7.99999999999998));
#6101=DIRECTION('',(-1.,1.23572649697409E-16,0.));
#6102=DIRECTION('',(0.,0.,1.));
#6103=FACE_BOUND('',#6104,.T.);
#6104=EDGE_LOOP('',(#8655,#8656,#8657,#8658));
#6105=PLANE('',#6106);
#6106=AXIS2_PLACEMENT_3D('',#6107,#6108,#6109);
#6107=CARTESIAN_POINT('',(-120.5,-115.,36.));
#6108=DIRECTION('',(0.,0.,1.));
#6109=DIRECTION('',(1.,0.,0.));
#6110=FACE_BOUND('',#6111,.T.);
#6111=EDGE_LOOP('',(#8659,#8660,#8661,#8662));
#6112=PLANE('',#6113);
#6113=AXIS2_PLACEMENT_3D('',#6114,#6115,#6116);
#6114=CARTESIAN_POINT('',(-119.,-115.,36.));
#6115=DIRECTION('',(1.,-1.23572649697409E-16,0.));
#6116=DIRECTION('',(0.,0.,-1.));
#6117=FACE_BOUND('',#6118,.T.);
#6118=EDGE_LOOP('',(#8663,#8664,#8665,#8666));
#6119=PLANE('',#6120);
#6120=AXIS2_PLACEMENT_3D('',#6121,#6122,#6123);
#6121=CARTESIAN_POINT('',(-119.,-115.,7.99999999999999));
#6122=DIRECTION('',(5.9211894646675E-16,-7.31697071509344E-32,-1.));
#6123=DIRECTION('',(-1.,0.,-5.9211894646675E-16));
#6124=FACE_BOUND('',#6125,.T.);
#6125=EDGE_LOOP('',(#8667,#8668,#8669,#8670));
#6126=PLANE('',#6127);
#6127=AXIS2_PLACEMENT_3D('',#6128,#6129,#6130);
#6128=CARTESIAN_POINT('',(-124.5,-115.,7.99999999999998));
#6129=DIRECTION('',(-1.,1.23572649697409E-16,0.));
#6130=DIRECTION('',(0.,0.,1.));
#6131=FACE_BOUND('',#6132,.T.);
#6132=EDGE_LOOP('',(#8671,#8672,#8673,#8674));
#6133=PLANE('',#6134);
#6134=AXIS2_PLACEMENT_3D('',#6135,#6136,#6137);
#6135=CARTESIAN_POINT('',(-124.5,-115.,36.));
#6136=DIRECTION('',(0.,0.,1.));
#6137=DIRECTION('',(1.,0.,0.));
#6138=FACE_BOUND('',#6139,.T.);
#6139=EDGE_LOOP('',(#8675,#8676,#8677,#8678));
#6140=PLANE('',#6141);
#6141=AXIS2_PLACEMENT_3D('',#6142,#6143,#6144);
#6142=CARTESIAN_POINT('',(-123.,-115.,36.));
#6143=DIRECTION('',(1.,-1.23572649697409E-16,0.));
#6144=DIRECTION('',(0.,0.,-1.));
#6145=FACE_BOUND('',#6146,.T.);
#6146=EDGE_LOOP('',(#8679,#8680,#8681,#8682));
#6147=PLANE('',#6148);
#6148=AXIS2_PLACEMENT_3D('',#6149,#6150,#6151);
#6149=CARTESIAN_POINT('',(-123.,-115.,7.99999999999998));
#6150=DIRECTION('',(0.,0.,-1.));
#6151=DIRECTION('',(-1.,0.,0.));
#6152=FACE_BOUND('',#6153,.T.);
#6153=EDGE_LOOP('',(#8683,#8684,#8685,#8686));
#6154=PLANE('',#6155);
#6155=AXIS2_PLACEMENT_3D('',#6156,#6157,#6158);
#6156=CARTESIAN_POINT('',(-128.5,-115.,7.99999999999998));
#6157=DIRECTION('',(-1.,0.,0.));
#6158=DIRECTION('',(0.,0.,1.));
#6159=FACE_BOUND('',#6160,.T.);
#6160=EDGE_LOOP('',(#8687,#8688,#8689,#8690));
#6161=PLANE('',#6162);
#6162=AXIS2_PLACEMENT_3D('',#6163,#6164,#6165);
#6163=CARTESIAN_POINT('',(-128.5,-115.,36.));
#6164=DIRECTION('',(0.,0.,1.));
#6165=DIRECTION('',(1.,0.,0.));
#6166=FACE_BOUND('',#6167,.T.);
#6167=EDGE_LOOP('',(#8691,#8692,#8693,#8694));
#6168=PLANE('',#6169);
#6169=AXIS2_PLACEMENT_3D('',#6170,#6171,#6172);
#6170=CARTESIAN_POINT('',(-127.,-115.,36.));
#6171=DIRECTION('',(1.,-1.23572649697409E-16,0.));
#6172=DIRECTION('',(0.,0.,-1.));
#6173=FACE_BOUND('',#6174,.T.);
#6174=EDGE_LOOP('',(#8695,#8696,#8697,#8698));
#6175=PLANE('',#6176);
#6176=AXIS2_PLACEMENT_3D('',#6177,#6178,#6179);
#6177=CARTESIAN_POINT('',(-127.,-115.,7.99999999999998));
#6178=DIRECTION('',(0.,0.,-1.));
#6179=DIRECTION('',(-1.,0.,0.));
#6180=FACE_BOUND('',#6181,.T.);
#6181=EDGE_LOOP('',(#8699,#8700,#8701,#8702));
#6182=PLANE('',#6183);
#6183=AXIS2_PLACEMENT_3D('',#6184,#6185,#6186);
#6184=CARTESIAN_POINT('',(-132.5,-115.,7.99999999999998));
#6185=DIRECTION('',(-1.,0.,0.));
#6186=DIRECTION('',(0.,0.,1.));
#6187=FACE_BOUND('',#6188,.T.);
#6188=EDGE_LOOP('',(#8703,#8704,#8705,#8706));
#6189=PLANE('',#6190);
#6190=AXIS2_PLACEMENT_3D('',#6191,#6192,#6193);
#6191=CARTESIAN_POINT('',(-132.5,-115.,36.));
#6192=DIRECTION('',(0.,0.,1.));
#6193=DIRECTION('',(1.,0.,0.));
#6194=FACE_BOUND('',#6195,.T.);
#6195=EDGE_LOOP('',(#8707,#8708,#8709,#8710));
#6196=PLANE('',#6197);
#6197=AXIS2_PLACEMENT_3D('',#6198,#6199,#6200);
#6198=CARTESIAN_POINT('',(-131.,-115.,36.));
#6199=DIRECTION('',(1.,0.,0.));
#6200=DIRECTION('',(0.,0.,-1.));
#6201=FACE_BOUND('',#6202,.T.);
#6202=EDGE_LOOP('',(#8711,#8712,#8713,#8714));
#6203=PLANE('',#6204);
#6204=AXIS2_PLACEMENT_3D('',#6205,#6206,#6207);
#6205=CARTESIAN_POINT('',(-131.,-115.,7.99999999999998));
#6206=DIRECTION('',(0.,0.,-1.));
#6207=DIRECTION('',(-1.,0.,0.));
#6208=FACE_BOUND('',#6209,.T.);
#6209=EDGE_LOOP('',(#8715,#8716,#8717,#8718));
#6210=PLANE('',#6211);
#6211=AXIS2_PLACEMENT_3D('',#6212,#6213,#6214);
#6212=CARTESIAN_POINT('',(-136.5,-115.,7.99999999999998));
#6213=DIRECTION('',(-1.,0.,0.));
#6214=DIRECTION('',(0.,0.,1.));
#6215=FACE_BOUND('',#6216,.T.);
#6216=EDGE_LOOP('',(#8719,#8720,#8721,#8722));
#6217=PLANE('',#6218);
#6218=AXIS2_PLACEMENT_3D('',#6219,#6220,#6221);
#6219=CARTESIAN_POINT('',(-136.5,-115.,36.));
#6220=DIRECTION('',(0.,0.,1.));
#6221=DIRECTION('',(1.,0.,0.));
#6222=FACE_BOUND('',#6223,.T.);
#6223=EDGE_LOOP('',(#8723,#8724,#8725,#8726));
#6224=PLANE('',#6225);
#6225=AXIS2_PLACEMENT_3D('',#6226,#6227,#6228);
#6226=CARTESIAN_POINT('',(-135.,-115.,36.));
#6227=DIRECTION('',(1.,0.,0.));
#6228=DIRECTION('',(0.,0.,-1.));
#6229=FACE_BOUND('',#6230,.T.);
#6230=EDGE_LOOP('',(#8727,#8728,#8729,#8730));
#6231=PLANE('',#6232);
#6232=AXIS2_PLACEMENT_3D('',#6233,#6234,#6235);
#6233=CARTESIAN_POINT('',(-135.,-115.,7.99999999999998));
#6234=DIRECTION('',(0.,0.,-1.));
#6235=DIRECTION('',(-1.,0.,0.));
#6236=FACE_BOUND('',#6237,.T.);
#6237=EDGE_LOOP('',(#8731,#8732,#8733,#8734));
#6238=PLANE('',#6239);
#6239=AXIS2_PLACEMENT_3D('',#6240,#6241,#6242);
#6240=CARTESIAN_POINT('',(-140.5,-115.,7.99999999999998));
#6241=DIRECTION('',(-1.,0.,0.));
#6242=DIRECTION('',(0.,0.,1.));
#6243=FACE_BOUND('',#6244,.T.);
#6244=EDGE_LOOP('',(#8735,#8736,#8737,#8738));
#6245=PLANE('',#6246);
#6246=AXIS2_PLACEMENT_3D('',#6247,#6248,#6249);
#6247=CARTESIAN_POINT('',(-140.5,-115.,36.));
#6248=DIRECTION('',(0.,0.,1.));
#6249=DIRECTION('',(1.,0.,0.));
#6250=FACE_BOUND('',#6251,.T.);
#6251=EDGE_LOOP('',(#8739,#8740,#8741,#8742));
#6252=PLANE('',#6253);
#6253=AXIS2_PLACEMENT_3D('',#6254,#6255,#6256);
#6254=CARTESIAN_POINT('',(-139.,-115.,36.));
#6255=DIRECTION('',(1.,0.,0.));
#6256=DIRECTION('',(0.,0.,-1.));
#6257=FACE_BOUND('',#6258,.T.);
#6258=EDGE_LOOP('',(#8743,#8744,#8745,#8746));
#6259=PLANE('',#6260);
#6260=AXIS2_PLACEMENT_3D('',#6261,#6262,#6263);
#6261=CARTESIAN_POINT('',(-139.,-115.,7.99999999999998));
#6262=DIRECTION('',(0.,0.,-1.));
#6263=DIRECTION('',(-1.,0.,0.));
#6264=FACE_BOUND('',#6265,.T.);
#6265=EDGE_LOOP('',(#8747,#8748,#8749,#8750));
#6266=PLANE('',#6267);
#6267=AXIS2_PLACEMENT_3D('',#6268,#6269,#6270);
#6268=CARTESIAN_POINT('',(-144.5,-115.,7.99999999999998));
#6269=DIRECTION('',(-1.,0.,0.));
#6270=DIRECTION('',(0.,0.,1.));
#6271=FACE_BOUND('',#6272,.T.);
#6272=EDGE_LOOP('',(#8751,#8752,#8753,#8754));
#6273=PLANE('',#6274);
#6274=AXIS2_PLACEMENT_3D('',#6275,#6276,#6277);
#6275=CARTESIAN_POINT('',(-144.5,-115.,36.));
#6276=DIRECTION('',(0.,0.,1.));
#6277=DIRECTION('',(1.,0.,0.));
#6278=FACE_BOUND('',#6279,.T.);
#6279=EDGE_LOOP('',(#8755,#8756,#8757,#8758));
#6280=PLANE('',#6281);
#6281=AXIS2_PLACEMENT_3D('',#6282,#6283,#6284);
#6282=CARTESIAN_POINT('',(-143.,-115.,36.));
#6283=DIRECTION('',(1.,0.,0.));
#6284=DIRECTION('',(0.,0.,-1.));
#6285=FACE_BOUND('',#6286,.T.);
#6286=EDGE_LOOP('',(#8759,#8760,#8761,#8762));
#6287=PLANE('',#6288);
#6288=AXIS2_PLACEMENT_3D('',#6289,#6290,#6291);
#6289=CARTESIAN_POINT('',(-143.,-115.,7.99999999999998));
#6290=DIRECTION('',(0.,0.,-1.));
#6291=DIRECTION('',(-1.,0.,0.));
#6292=FACE_BOUND('',#6293,.T.);
#6293=EDGE_LOOP('',(#8763,#8764,#8765,#8766));
#6294=PLANE('',#6295);
#6295=AXIS2_PLACEMENT_3D('',#6296,#6297,#6298);
#6296=CARTESIAN_POINT('',(-148.5,-115.,7.99999999999998));
#6297=DIRECTION('',(-1.,0.,0.));
#6298=DIRECTION('',(0.,0.,1.));
#6299=FACE_BOUND('',#6300,.T.);
#6300=EDGE_LOOP('',(#8767,#8768,#8769,#8770));
#6301=PLANE('',#6302);
#6302=AXIS2_PLACEMENT_3D('',#6303,#6304,#6305);
#6303=CARTESIAN_POINT('',(-148.5,-115.,36.));
#6304=DIRECTION('',(0.,0.,1.));
#6305=DIRECTION('',(1.,0.,0.));
#6306=FACE_BOUND('',#6307,.T.);
#6307=EDGE_LOOP('',(#8771,#8772,#8773,#8774));
#6308=PLANE('',#6309);
#6309=AXIS2_PLACEMENT_3D('',#6310,#6311,#6312);
#6310=CARTESIAN_POINT('',(-147.,-115.,36.));
#6311=DIRECTION('',(1.,0.,0.));
#6312=DIRECTION('',(0.,0.,-1.));
#6313=FACE_BOUND('',#6314,.T.);
#6314=EDGE_LOOP('',(#8775,#8776,#8777,#8778));
#6315=PLANE('',#6316);
#6316=AXIS2_PLACEMENT_3D('',#6317,#6318,#6319);
#6317=CARTESIAN_POINT('',(-147.,-115.,7.99999999999998));
#6318=DIRECTION('',(0.,0.,-1.));
#6319=DIRECTION('',(-1.,0.,0.));
#6320=FACE_BOUND('',#6321,.T.);
#6321=EDGE_LOOP('',(#8779,#8780,#8781,#8782));
#6322=PLANE('',#6323);
#6323=AXIS2_PLACEMENT_3D('',#6324,#6325,#6326);
#6324=CARTESIAN_POINT('',(-152.5,-115.,7.99999999999998));
#6325=DIRECTION('',(-1.,0.,0.));
#6326=DIRECTION('',(0.,0.,1.));
#6327=FACE_BOUND('',#6328,.T.);
#6328=EDGE_LOOP('',(#8783,#8784,#8785,#8786));
#6329=PLANE('',#6330);
#6330=AXIS2_PLACEMENT_3D('',#6331,#6332,#6333);
#6331=CARTESIAN_POINT('',(-152.5,-115.,36.));
#6332=DIRECTION('',(0.,0.,1.));
#6333=DIRECTION('',(1.,0.,0.));
#6334=FACE_BOUND('',#6335,.T.);
#6335=EDGE_LOOP('',(#8787,#8788,#8789,#8790));
#6336=PLANE('',#6337);
#6337=AXIS2_PLACEMENT_3D('',#6338,#6339,#6340);
#6338=CARTESIAN_POINT('',(-151.,-115.,36.));
#6339=DIRECTION('',(1.,0.,0.));
#6340=DIRECTION('',(0.,0.,-1.));
#6341=FACE_BOUND('',#6342,.T.);
#6342=EDGE_LOOP('',(#8791,#8792,#8793,#8794));
#6343=PLANE('',#6344);
#6344=AXIS2_PLACEMENT_3D('',#6345,#6346,#6347);
#6345=CARTESIAN_POINT('',(-151.,-115.,7.99999999999998));
#6346=DIRECTION('',(0.,0.,-1.));
#6347=DIRECTION('',(-1.,0.,0.));
#6348=FACE_BOUND('',#6349,.T.);
#6349=EDGE_LOOP('',(#8795,#8796,#8797));
#6350=PLANE('',#6351);
#6351=AXIS2_PLACEMENT_3D('',#6352,#6353,#6354);
#6352=CARTESIAN_POINT('',(0.,0.,34.));
#6353=DIRECTION('',(0.,0.,1.));
#6354=DIRECTION('',(-1.,1.22464679914735E-16,0.));
#6355=FACE_BOUND('',#6356,.T.);
#6356=EDGE_LOOP('',(#8798,#8799,#8800,#8801,#8802,#8803));
#6357=PLANE('',#6358);
#6358=AXIS2_PLACEMENT_3D('',#6359,#6360,#6361);
#6359=CARTESIAN_POINT('',(-197.,-39.9999999999999,35.));
#6360=DIRECTION('',(0.707106781186548,0.,-0.707106781186548));
#6361=DIRECTION('',(0.,1.,0.));
#6362=FACE_BOUND('',#6363,.T.);
#6363=EDGE_LOOP('',(#8804,#8805,#8806,#8807));
#6364=PLANE('',#6365);
#6365=AXIS2_PLACEMENT_3D('',#6366,#6367,#6368);
#6366=CARTESIAN_POINT('',(0.,0.,8.));
#6367=DIRECTION('',(0.,0.,1.));
#6368=DIRECTION('',(6.12323399573677E-17,-1.,0.));
#6369=FACE_BOUND('',#6370,.T.);
#6370=EDGE_LOOP('',(#8808,#8809,#8810,#8811));
#6371=PLANE('',#6372);
#6372=AXIS2_PLACEMENT_3D('',#6373,#6374,#6375);
#6373=CARTESIAN_POINT('',(0.,-71.5,25.5));
#6374=DIRECTION('',(0.,1.,0.));
#6375=DIRECTION('',(0.,0.,-1.));
#6376=FACE_BOUND('',#6377,.T.);
#6377=EDGE_LOOP('',(#8812,#8813,#8814,#8815));
#6378=PLANE('',#6379);
#6379=AXIS2_PLACEMENT_3D('',#6380,#6381,#6382);
#6380=CARTESIAN_POINT('',(0.,-71.5,13.5));
#6381=DIRECTION('',(0.,6.57909940518611E-17,-1.));
#6382=DIRECTION('',(0.,-1.,-6.57909940518611E-17));
#6383=FACE_BOUND('',#6384,.T.);
#6384=EDGE_LOOP('',(#8816,#8817,#8818,#8819));
#6385=PLANE('',#6386);
#6386=AXIS2_PLACEMENT_3D('',#6387,#6388,#6389);
#6387=CARTESIAN_POINT('',(0.,-98.5,13.5));
#6388=DIRECTION('',(0.,-1.,0.));
#6389=DIRECTION('',(0.,0.,1.));
#6390=FACE_BOUND('',#6391,.T.);
#6391=EDGE_LOOP('',(#8820,#8821,#8822,#8823));
#6392=PLANE('',#6393);
#6393=AXIS2_PLACEMENT_3D('',#6394,#6395,#6396);
#6394=CARTESIAN_POINT('',(0.,-98.5,25.5));
#6395=DIRECTION('',(0.,-0.707106781174179,0.707106781198916));
#6396=DIRECTION('',(0.,0.707106781198916,0.707106781174179));
#6397=FACE_BOUND('',#6398,.T.);
#6398=EDGE_LOOP('',(#8824,#8825,#8826,#8827));
#6399=PLANE('',#6400);
#6400=AXIS2_PLACEMENT_3D('',#6401,#6402,#6403);
#6401=CARTESIAN_POINT('',(0.,-93.4999999998251,30.5));
#6402=DIRECTION('',(0.,2.08983157580801E-16,1.));
#6403=DIRECTION('',(0.,1.,-2.08983157580801E-16));
#6404=FACE_BOUND('',#6405,.T.);
#6405=EDGE_LOOP('',(#8828,#8829,#8830,#8831));
#6406=PLANE('',#6407);
#6407=AXIS2_PLACEMENT_3D('',#6408,#6409,#6410);
#6408=CARTESIAN_POINT('',(0.,-76.5000000001749,30.5));
#6409=DIRECTION('',(0.,0.707106781174179,0.707106781198916));
#6410=DIRECTION('',(0.,0.707106781198916,-0.707106781174179));
#6411=FACE_OUTER_BOUND('',#6412,.T.);
#6412=EDGE_LOOP('',(#8832));
#6413=FACE_OUTER_BOUND('',#6414,.T.);
#6414=EDGE_LOOP('',(#8833));
#6415=CYLINDRICAL_SURFACE('',#6416,2.);
#6416=AXIS2_PLACEMENT_3D('',#6417,#6418,#6419);
#6417=CARTESIAN_POINT('',(0.,-65.,22.));
#6418=DIRECTION('',(-1.,0.,0.));
#6419=DIRECTION('',(0.,-1.,-6.12323399573677E-17));
#6420=FACE_OUTER_BOUND('',#6421,.T.);
#6421=EDGE_LOOP('',(#8834));
#6422=FACE_OUTER_BOUND('',#6423,.T.);
#6423=EDGE_LOOP('',(#8835));
#6424=CYLINDRICAL_SURFACE('',#6425,2.);
#6425=AXIS2_PLACEMENT_3D('',#6426,#6427,#6428);
#6426=CARTESIAN_POINT('',(0.,-105.,22.));
#6427=DIRECTION('',(-1.,0.,0.));
#6428=DIRECTION('',(0.,-1.,-6.12323399573677E-17));
#6429=FACE_BOUND('',#6430,.T.);
#6430=EDGE_LOOP('',(#8836));
#6431=FACE_BOUND('',#6432,.T.);
#6432=EDGE_LOOP('',(#8837));
#6433=PLANE('',#6434);
#6434=AXIS2_PLACEMENT_3D('',#6435,#6436,#6437);
#6435=CARTESIAN_POINT('',(0.,0.,8.));
#6436=DIRECTION('',(0.,0.,1.));
#6437=DIRECTION('',(-1.,1.22464679914735E-16,0.));
#6438=FACE_BOUND('',#6439,.T.);
#6439=EDGE_LOOP('',(#8838));
#6440=FACE_BOUND('',#6441,.T.);
#6441=EDGE_LOOP('',(#8839));
#6442=PLANE('',#6443);
#6443=AXIS2_PLACEMENT_3D('',#6444,#6445,#6446);
#6444=CARTESIAN_POINT('',(0.,0.,8.));
#6445=DIRECTION('',(0.,0.,1.));
#6446=DIRECTION('',(-1.,1.22464679914735E-16,0.));
#6447=FACE_BOUND('',#6448,.T.);
#6448=EDGE_LOOP('',(#8840));
#6449=FACE_BOUND('',#6450,.T.);
#6450=EDGE_LOOP('',(#8841));
#6451=PLANE('',#6452);
#6452=AXIS2_PLACEMENT_3D('',#6453,#6454,#6455);
#6453=CARTESIAN_POINT('',(0.,0.,8.));
#6454=DIRECTION('',(0.,0.,1.));
#6455=DIRECTION('',(-1.,1.22464679914735E-16,0.));
#6456=FACE_BOUND('',#6457,.T.);
#6457=EDGE_LOOP('',(#8842));
#6458=FACE_BOUND('',#6459,.T.);
#6459=EDGE_LOOP('',(#8843));
#6460=PLANE('',#6461);
#6461=AXIS2_PLACEMENT_3D('',#6462,#6463,#6464);
#6462=CARTESIAN_POINT('',(0.,0.,8.));
#6463=DIRECTION('',(0.,0.,1.));
#6464=DIRECTION('',(-1.,1.22464679914735E-16,0.));
#6465=FACE_BOUND('',#6466,.T.);
#6466=EDGE_LOOP('',(#8844));
#6467=FACE_BOUND('',#6468,.T.);
#6468=EDGE_LOOP('',(#8845));
#6469=PLANE('',#6470);
#6470=AXIS2_PLACEMENT_3D('',#6471,#6472,#6473);
#6471=CARTESIAN_POINT('',(0.,0.,8.));
#6472=DIRECTION('',(0.,0.,1.));
#6473=DIRECTION('',(-1.,1.22464679914735E-16,0.));
#6474=FACE_OUTER_BOUND('',#6475,.T.);
#6475=EDGE_LOOP('',(#8846));
#6476=FACE_OUTER_BOUND('',#6477,.T.);
#6477=EDGE_LOOP('',(#8847));
#6478=CYLINDRICAL_SURFACE('',#6479,1.);
#6479=AXIS2_PLACEMENT_3D('',#6480,#6481,#6482);
#6480=CARTESIAN_POINT('',(-89.5,-106.5,4.));
#6481=DIRECTION('',(0.,0.,1.));
#6482=DIRECTION('',(-1.,1.22464679914735E-16,0.));
#6483=FACE_OUTER_BOUND('',#6484,.T.);
#6484=EDGE_LOOP('',(#8848));
#6485=FACE_OUTER_BOUND('',#6486,.T.);
#6486=EDGE_LOOP('',(#8849));
#6487=CYLINDRICAL_SURFACE('',#6488,1.);
#6488=AXIS2_PLACEMENT_3D('',#6489,#6490,#6491);
#6489=CARTESIAN_POINT('',(-154.5,-106.5,4.));
#6490=DIRECTION('',(0.,0.,1.));
#6491=DIRECTION('',(-1.,1.22464679914735E-16,0.));
#6492=FACE_BOUND('',#6493,.T.);
#6493=EDGE_LOOP('',(#8850,#8851,#8852,#8853));
#6494=PLANE('',#6495);
#6495=AXIS2_PLACEMENT_3D('',#6496,#6497,#6498);
#6496=CARTESIAN_POINT('',(-100.5,-115.,36.));
#6497=DIRECTION('',(0.,0.,1.));
#6498=DIRECTION('',(1.,0.,0.));
#6499=FACE_BOUND('',#6500,.T.);
#6500=EDGE_LOOP('',(#8854,#8855,#8856,#8857));
#6501=PLANE('',#6502);
#6502=AXIS2_PLACEMENT_3D('',#6503,#6504,#6505);
#6503=CARTESIAN_POINT('',(0.,0.,39.));
#6504=DIRECTION('',(0.,0.,1.));
#6505=DIRECTION('',(-1.,1.22464679914735E-16,0.));
#6506=FACE_BOUND('',#6507,.T.);
#6507=EDGE_LOOP('',(#8858,#8859,#8860,#8861));
#6508=PLANE('',#6509);
#6509=AXIS2_PLACEMENT_3D('',#6510,#6511,#6512);
#6510=CARTESIAN_POINT('',(0.,0.,39.));
#6511=DIRECTION('',(0.,0.,1.));
#6512=DIRECTION('',(-1.,1.22464679914735E-16,0.));
#6513=FACE_BOUND('',#6514,.T.);
#6514=EDGE_LOOP('',(#8862,#8863,#8864,#8865));
#6515=PLANE('',#6516);
#6516=AXIS2_PLACEMENT_3D('',#6517,#6518,#6519);
#6517=CARTESIAN_POINT('',(-100.5,-115.,36.));
#6518=DIRECTION('',(0.,0.,1.));
#6519=DIRECTION('',(1.,0.,0.));
#6520=FACE_BOUND('',#6521,.T.);
#6521=EDGE_LOOP('',(#8866,#8867,#8868));
#6522=PLANE('',#6523);
#6523=AXIS2_PLACEMENT_3D('',#6524,#6525,#6526);
#6524=CARTESIAN_POINT('',(0.,0.,36.));
#6525=DIRECTION('',(0.,0.,1.));
#6526=DIRECTION('',(-1.,1.22464679914735E-16,0.));
#6527=FACE_BOUND('',#6528,.T.);
#6528=EDGE_LOOP('',(#8869,#8870));
#6529=PLANE('',#6530);
#6530=AXIS2_PLACEMENT_3D('',#6531,#6532,#6533);
#6531=CARTESIAN_POINT('',(0.,0.,36.));
#6532=DIRECTION('',(0.,0.,1.));
#6533=DIRECTION('',(-1.,1.22464679914735E-16,0.));
#6534=FACE_BOUND('',#6535,.T.);
#6535=EDGE_LOOP('',(#8871,#8872));
#6536=PLANE('',#6537);
#6537=AXIS2_PLACEMENT_3D('',#6538,#6539,#6540);
#6538=CARTESIAN_POINT('',(0.,0.,34.));
#6539=DIRECTION('',(0.,0.,1.));
#6540=DIRECTION('',(-1.,1.22464679914735E-16,0.));
#6541=FACE_OUTER_BOUND('',#6542,.T.);
#6542=EDGE_LOOP('',(#8873));
#6543=FACE_OUTER_BOUND('',#6544,.T.);
#6544=EDGE_LOOP('',(#8874));
#6545=CYLINDRICAL_SURFACE('',#6546,1.);
#6546=AXIS2_PLACEMENT_3D('',#6547,#6548,#6549);
#6547=CARTESIAN_POINT('',(-7.,-81.,4.));
#6548=DIRECTION('',(0.,0.,1.));
#6549=DIRECTION('',(-1.,1.22464679914735E-16,0.));
#6550=FACE_OUTER_BOUND('',#6551,.T.);
#6551=EDGE_LOOP('',(#8875));
#6552=FACE_OUTER_BOUND('',#6553,.T.);
#6553=EDGE_LOOP('',(#8876));
#6554=CYLINDRICAL_SURFACE('',#6555,1.);
#6555=AXIS2_PLACEMENT_3D('',#6556,#6557,#6558);
#6556=CARTESIAN_POINT('',(-7.,-59.,4.));
#6557=DIRECTION('',(0.,0.,1.));
#6558=DIRECTION('',(-1.,1.22464679914735E-16,0.));
#6559=FACE_OUTER_BOUND('',#6560,.T.);
#6560=EDGE_LOOP('',(#8877));
#6561=FACE_OUTER_BOUND('',#6562,.T.);
#6562=EDGE_LOOP('',(#8878));
#6563=CYLINDRICAL_SURFACE('',#6564,2.1);
#6564=AXIS2_PLACEMENT_3D('',#6565,#6566,#6567);
#6565=CARTESIAN_POINT('',(-11.,-48.,4.));
#6566=DIRECTION('',(0.,0.,1.));
#6567=DIRECTION('',(-1.,1.22464679914735E-16,0.));
#6568=FACE_OUTER_BOUND('',#6569,.T.);
#6569=EDGE_LOOP('',(#8879));
#6570=FACE_OUTER_BOUND('',#6571,.T.);
#6571=EDGE_LOOP('',(#8880));
#6572=CYLINDRICAL_SURFACE('',#6573,1.);
#6573=AXIS2_PLACEMENT_3D('',#6574,#6575,#6576);
#6574=CARTESIAN_POINT('',(-154.5,-61.5,4.));
#6575=DIRECTION('',(0.,0.,1.));
#6576=DIRECTION('',(-1.,1.22464679914735E-16,0.));
#6577=FACE_OUTER_BOUND('',#6578,.T.);
#6578=EDGE_LOOP('',(#8881));
#6579=FACE_OUTER_BOUND('',#6580,.T.);
#6580=EDGE_LOOP('',(#8882));
#6581=CYLINDRICAL_SURFACE('',#6582,1.);
#6582=AXIS2_PLACEMENT_3D('',#6583,#6584,#6585);
#6583=CARTESIAN_POINT('',(-54.,-81.,4.));
#6584=DIRECTION('',(0.,0.,1.));
#6585=DIRECTION('',(-1.,1.22464679914735E-16,0.));
#6586=FACE_OUTER_BOUND('',#6587,.T.);
#6587=EDGE_LOOP('',(#8883));
#6588=FACE_OUTER_BOUND('',#6589,.T.);
#6589=EDGE_LOOP('',(#8884));
#6590=CYLINDRICAL_SURFACE('',#6591,2.1);
#6591=AXIS2_PLACEMENT_3D('',#6592,#6593,#6594);
#6592=CARTESIAN_POINT('',(-183.,-12.,4.));
#6593=DIRECTION('',(0.,0.,1.));
#6594=DIRECTION('',(-1.,1.22464679914735E-16,0.));
#6595=FACE_OUTER_BOUND('',#6596,.T.);
#6596=EDGE_LOOP('',(#8885));
#6597=FACE_OUTER_BOUND('',#6598,.T.);
#6598=EDGE_LOOP('',(#8886));
#6599=CYLINDRICAL_SURFACE('',#6600,1.);
#6600=AXIS2_PLACEMENT_3D('',#6601,#6602,#6603);
#6601=CARTESIAN_POINT('',(-54.,-59.,4.));
#6602=DIRECTION('',(0.,0.,1.));
#6603=DIRECTION('',(-1.,1.22464679914735E-16,0.));
#6604=FACE_OUTER_BOUND('',#6605,.T.);
#6605=EDGE_LOOP('',(#8887));
#6606=FACE_OUTER_BOUND('',#6607,.T.);
#6607=EDGE_LOOP('',(#8888));
#6608=CYLINDRICAL_SURFACE('',#6609,1.);
#6609=AXIS2_PLACEMENT_3D('',#6610,#6611,#6612);
#6610=CARTESIAN_POINT('',(-89.5,-61.5,4.));
#6611=DIRECTION('',(0.,0.,1.));
#6612=DIRECTION('',(-1.,1.22464679914735E-16,0.));
#6613=FACE_BOUND('',#6614,.T.);
#6614=EDGE_LOOP('',(#8889));
#6615=PLANE('',#6616);
#6616=AXIS2_PLACEMENT_3D('',#6617,#6618,#6619);
#6617=CARTESIAN_POINT('',(0.,0.,4.));
#6618=DIRECTION('',(0.,0.,1.));
#6619=DIRECTION('',(-1.,1.22464679914735E-16,0.));
#6620=FACE_BOUND('',#6621,.T.);
#6621=EDGE_LOOP('',(#8890));
#6622=PLANE('',#6623);
#6623=AXIS2_PLACEMENT_3D('',#6624,#6625,#6626);
#6624=CARTESIAN_POINT('',(0.,0.,4.));
#6625=DIRECTION('',(0.,0.,1.));
#6626=DIRECTION('',(-1.,1.22464679914735E-16,0.));
#6627=FACE_BOUND('',#6628,.T.);
#6628=EDGE_LOOP('',(#8891));
#6629=PLANE('',#6630);
#6630=AXIS2_PLACEMENT_3D('',#6631,#6632,#6633);
#6631=CARTESIAN_POINT('',(0.,0.,4.));
#6632=DIRECTION('',(0.,0.,1.));
#6633=DIRECTION('',(-1.,1.22464679914735E-16,0.));
#6634=FACE_BOUND('',#6635,.T.);
#6635=EDGE_LOOP('',(#8892));
#6636=PLANE('',#6637);
#6637=AXIS2_PLACEMENT_3D('',#6638,#6639,#6640);
#6638=CARTESIAN_POINT('',(0.,0.,4.));
#6639=DIRECTION('',(0.,0.,1.));
#6640=DIRECTION('',(-1.,1.22464679914735E-16,0.));
#6641=FACE_BOUND('',#6642,.T.);
#6642=EDGE_LOOP('',(#8893));
#6643=PLANE('',#6644);
#6644=AXIS2_PLACEMENT_3D('',#6645,#6646,#6647);
#6645=CARTESIAN_POINT('',(0.,0.,4.));
#6646=DIRECTION('',(0.,0.,1.));
#6647=DIRECTION('',(-1.,1.22464679914735E-16,0.));
#6648=FACE_BOUND('',#6649,.T.);
#6649=EDGE_LOOP('',(#8894));
#6650=PLANE('',#6651);
#6651=AXIS2_PLACEMENT_3D('',#6652,#6653,#6654);
#6652=CARTESIAN_POINT('',(0.,0.,4.));
#6653=DIRECTION('',(0.,0.,1.));
#6654=DIRECTION('',(-1.,1.22464679914735E-16,0.));
#6655=FACE_BOUND('',#6656,.T.);
#6656=EDGE_LOOP('',(#8895));
#6657=PLANE('',#6658);
#6658=AXIS2_PLACEMENT_3D('',#6659,#6660,#6661);
#6659=CARTESIAN_POINT('',(0.,0.,4.));
#6660=DIRECTION('',(0.,0.,1.));
#6661=DIRECTION('',(-1.,1.22464679914735E-16,0.));
#6662=FACE_BOUND('',#6663,.T.);
#6663=EDGE_LOOP('',(#8896));
#6664=PLANE('',#6665);
#6665=AXIS2_PLACEMENT_3D('',#6666,#6667,#6668);
#6666=CARTESIAN_POINT('',(0.,0.,4.));
#6667=DIRECTION('',(0.,0.,1.));
#6668=DIRECTION('',(-1.,1.22464679914735E-16,0.));
#6669=FACE_BOUND('',#6670,.T.);
#6670=EDGE_LOOP('',(#8897));
#6671=PLANE('',#6672);
#6672=AXIS2_PLACEMENT_3D('',#6673,#6674,#6675);
#6673=CARTESIAN_POINT('',(0.,0.,4.));
#6674=DIRECTION('',(0.,0.,1.));
#6675=DIRECTION('',(-1.,1.22464679914735E-16,0.));
#6676=FACE_BOUND('',#6677,.T.);
#6677=EDGE_LOOP('',(#8898));
#6678=PLANE('',#6679);
#6679=AXIS2_PLACEMENT_3D('',#6680,#6681,#6682);
#6680=CARTESIAN_POINT('',(0.,0.,4.));
#6681=DIRECTION('',(0.,0.,1.));
#6682=DIRECTION('',(-1.,1.22464679914735E-16,0.));
#6683=ORIENTED_EDGE('',*,*,#8899,.T.);
#6684=ORIENTED_EDGE('',*,*,#8900,.T.);
#6685=ORIENTED_EDGE('',*,*,#8901,.F.);
#6686=ORIENTED_EDGE('',*,*,#8902,.T.);
#6687=ORIENTED_EDGE('',*,*,#8903,.F.);
#6688=ORIENTED_EDGE('',*,*,#8904,.T.);
#6689=ORIENTED_EDGE('',*,*,#8905,.F.);
#6690=ORIENTED_EDGE('',*,*,#8906,.T.);
#6691=ORIENTED_EDGE('',*,*,#8907,.T.);
#6692=ORIENTED_EDGE('',*,*,#8908,.F.);
#6693=ORIENTED_EDGE('',*,*,#8909,.F.);
#6694=ORIENTED_EDGE('',*,*,#8910,.F.);
#6695=ORIENTED_EDGE('',*,*,#8911,.F.);
#6696=ORIENTED_EDGE('',*,*,#8912,.T.);
#6697=ORIENTED_EDGE('',*,*,#8913,.T.);
#6698=ORIENTED_EDGE('',*,*,#8914,.T.);
#6699=ORIENTED_EDGE('',*,*,#8915,.T.);
#6700=ORIENTED_EDGE('',*,*,#8916,.T.);
#6701=ORIENTED_EDGE('',*,*,#8917,.T.);
#6702=ORIENTED_EDGE('',*,*,#8918,.T.);
#6703=ORIENTED_EDGE('',*,*,#8919,.T.);
#6704=ORIENTED_EDGE('',*,*,#8920,.T.);
#6705=ORIENTED_EDGE('',*,*,#8921,.T.);
#6706=ORIENTED_EDGE('',*,*,#8922,.T.);
#6707=ORIENTED_EDGE('',*,*,#8923,.T.);
#6708=ORIENTED_EDGE('',*,*,#8924,.T.);
#6709=ORIENTED_EDGE('',*,*,#8925,.F.);
#6710=ORIENTED_EDGE('',*,*,#8926,.F.);
#6711=ORIENTED_EDGE('',*,*,#8927,.F.);
#6712=ORIENTED_EDGE('',*,*,#8928,.F.);
#6713=ORIENTED_EDGE('',*,*,#8929,.F.);
#6714=ORIENTED_EDGE('',*,*,#8930,.F.);
#6715=ORIENTED_EDGE('',*,*,#8931,.F.);
#6716=ORIENTED_EDGE('',*,*,#8932,.T.);
#6717=ORIENTED_EDGE('',*,*,#8933,.F.);
#6718=ORIENTED_EDGE('',*,*,#8934,.F.);
#6719=ORIENTED_EDGE('',*,*,#8935,.T.);
#6720=ORIENTED_EDGE('',*,*,#8936,.T.);
#6721=ORIENTED_EDGE('',*,*,#8937,.T.);
#6722=ORIENTED_EDGE('',*,*,#8938,.T.);
#6723=ORIENTED_EDGE('',*,*,#8939,.T.);
#6724=ORIENTED_EDGE('',*,*,#8940,.T.);
#6725=ORIENTED_EDGE('',*,*,#8941,.T.);
#6726=ORIENTED_EDGE('',*,*,#8942,.T.);
#6727=ORIENTED_EDGE('',*,*,#8943,.T.);
#6728=ORIENTED_EDGE('',*,*,#8944,.T.);
#6729=ORIENTED_EDGE('',*,*,#8945,.T.);
#6730=ORIENTED_EDGE('',*,*,#8946,.T.);
#6731=ORIENTED_EDGE('',*,*,#8947,.T.);
#6732=ORIENTED_EDGE('',*,*,#8948,.T.);
#6733=ORIENTED_EDGE('',*,*,#8949,.T.);
#6734=ORIENTED_EDGE('',*,*,#8950,.T.);
#6735=ORIENTED_EDGE('',*,*,#8951,.T.);
#6736=ORIENTED_EDGE('',*,*,#8952,.T.);
#6737=ORIENTED_EDGE('',*,*,#8953,.T.);
#6738=ORIENTED_EDGE('',*,*,#8954,.T.);
#6739=ORIENTED_EDGE('',*,*,#8955,.T.);
#6740=ORIENTED_EDGE('',*,*,#8956,.T.);
#6741=ORIENTED_EDGE('',*,*,#8957,.T.);
#6742=ORIENTED_EDGE('',*,*,#8958,.T.);
#6743=ORIENTED_EDGE('',*,*,#8959,.T.);
#6744=ORIENTED_EDGE('',*,*,#8960,.T.);
#6745=ORIENTED_EDGE('',*,*,#8961,.T.);
#6746=ORIENTED_EDGE('',*,*,#8962,.T.);
#6747=ORIENTED_EDGE('',*,*,#8963,.T.);
#6748=ORIENTED_EDGE('',*,*,#8964,.T.);
#6749=ORIENTED_EDGE('',*,*,#8965,.T.);
#6750=ORIENTED_EDGE('',*,*,#8966,.T.);
#6751=ORIENTED_EDGE('',*,*,#8967,.T.);
#6752=ORIENTED_EDGE('',*,*,#8968,.T.);
#6753=ORIENTED_EDGE('',*,*,#8969,.T.);
#6754=ORIENTED_EDGE('',*,*,#8970,.T.);
#6755=ORIENTED_EDGE('',*,*,#8971,.T.);
#6756=ORIENTED_EDGE('',*,*,#8972,.T.);
#6757=ORIENTED_EDGE('',*,*,#8973,.T.);
#6758=ORIENTED_EDGE('',*,*,#8974,.T.);
#6759=ORIENTED_EDGE('',*,*,#8975,.T.);
#6760=ORIENTED_EDGE('',*,*,#8976,.T.);
#6761=ORIENTED_EDGE('',*,*,#8977,.T.);
#6762=ORIENTED_EDGE('',*,*,#8978,.T.);
#6763=ORIENTED_EDGE('',*,*,#8979,.T.);
#6764=ORIENTED_EDGE('',*,*,#8980,.T.);
#6765=ORIENTED_EDGE('',*,*,#8981,.T.);
#6766=ORIENTED_EDGE('',*,*,#8982,.T.);
#6767=ORIENTED_EDGE('',*,*,#8983,.T.);
#6768=ORIENTED_EDGE('',*,*,#8984,.T.);
#6769=ORIENTED_EDGE('',*,*,#8985,.T.);
#6770=ORIENTED_EDGE('',*,*,#8986,.T.);
#6771=ORIENTED_EDGE('',*,*,#8987,.T.);
#6772=ORIENTED_EDGE('',*,*,#8988,.T.);
#6773=ORIENTED_EDGE('',*,*,#8989,.T.);
#6774=ORIENTED_EDGE('',*,*,#8990,.T.);
#6775=ORIENTED_EDGE('',*,*,#8991,.T.);
#6776=ORIENTED_EDGE('',*,*,#8992,.T.);
#6777=ORIENTED_EDGE('',*,*,#8993,.T.);
#6778=ORIENTED_EDGE('',*,*,#8994,.T.);
#6779=ORIENTED_EDGE('',*,*,#8995,.T.);
#6780=ORIENTED_EDGE('',*,*,#8996,.T.);
#6781=ORIENTED_EDGE('',*,*,#8997,.T.);
#6782=ORIENTED_EDGE('',*,*,#8998,.T.);
#6783=ORIENTED_EDGE('',*,*,#8999,.T.);
#6784=ORIENTED_EDGE('',*,*,#9000,.T.);
#6785=ORIENTED_EDGE('',*,*,#9001,.T.);
#6786=ORIENTED_EDGE('',*,*,#9002,.T.);
#6787=ORIENTED_EDGE('',*,*,#9003,.T.);
#6788=ORIENTED_EDGE('',*,*,#9004,.T.);
#6789=ORIENTED_EDGE('',*,*,#9005,.T.);
#6790=ORIENTED_EDGE('',*,*,#9006,.T.);
#6791=ORIENTED_EDGE('',*,*,#9007,.T.);
#6792=ORIENTED_EDGE('',*,*,#9008,.T.);
#6793=ORIENTED_EDGE('',*,*,#9009,.T.);
#6794=ORIENTED_EDGE('',*,*,#9010,.T.);
#6795=ORIENTED_EDGE('',*,*,#9011,.T.);
#6796=ORIENTED_EDGE('',*,*,#9012,.T.);
#6797=ORIENTED_EDGE('',*,*,#9013,.T.);
#6798=ORIENTED_EDGE('',*,*,#9014,.T.);
#6799=ORIENTED_EDGE('',*,*,#9015,.T.);
#6800=ORIENTED_EDGE('',*,*,#9016,.T.);
#6801=ORIENTED_EDGE('',*,*,#9017,.T.);
#6802=ORIENTED_EDGE('',*,*,#9018,.T.);
#6803=ORIENTED_EDGE('',*,*,#9019,.T.);
#6804=ORIENTED_EDGE('',*,*,#9020,.T.);
#6805=ORIENTED_EDGE('',*,*,#9021,.T.);
#6806=ORIENTED_EDGE('',*,*,#9022,.T.);
#6807=ORIENTED_EDGE('',*,*,#9023,.T.);
#6808=ORIENTED_EDGE('',*,*,#9024,.T.);
#6809=ORIENTED_EDGE('',*,*,#9025,.T.);
#6810=ORIENTED_EDGE('',*,*,#9026,.T.);
#6811=ORIENTED_EDGE('',*,*,#9027,.T.);
#6812=ORIENTED_EDGE('',*,*,#9028,.T.);
#6813=ORIENTED_EDGE('',*,*,#9029,.T.);
#6814=ORIENTED_EDGE('',*,*,#9030,.T.);
#6815=ORIENTED_EDGE('',*,*,#9031,.T.);
#6816=ORIENTED_EDGE('',*,*,#9032,.T.);
#6817=ORIENTED_EDGE('',*,*,#9033,.T.);
#6818=ORIENTED_EDGE('',*,*,#9034,.T.);
#6819=ORIENTED_EDGE('',*,*,#9035,.T.);
#6820=ORIENTED_EDGE('',*,*,#9036,.T.);
#6821=ORIENTED_EDGE('',*,*,#9037,.T.);
#6822=ORIENTED_EDGE('',*,*,#9038,.T.);
#6823=ORIENTED_EDGE('',*,*,#9039,.T.);
#6824=ORIENTED_EDGE('',*,*,#9040,.T.);
#6825=ORIENTED_EDGE('',*,*,#9041,.T.);
#6826=ORIENTED_EDGE('',*,*,#9042,.T.);
#6827=ORIENTED_EDGE('',*,*,#9043,.T.);
#6828=ORIENTED_EDGE('',*,*,#8938,.F.);
#6829=ORIENTED_EDGE('',*,*,#9044,.F.);
#6830=ORIENTED_EDGE('',*,*,#8937,.F.);
#6831=ORIENTED_EDGE('',*,*,#9045,.F.);
#6832=ORIENTED_EDGE('',*,*,#9046,.F.);
#6833=ORIENTED_EDGE('',*,*,#9047,.T.);
#6834=ORIENTED_EDGE('',*,*,#8899,.F.);
#6835=ORIENTED_EDGE('',*,*,#9048,.F.);
#6836=ORIENTED_EDGE('',*,*,#8934,.T.);
#6837=ORIENTED_EDGE('',*,*,#9049,.T.);
#6838=ORIENTED_EDGE('',*,*,#9050,.T.);
#6839=ORIENTED_EDGE('',*,*,#9051,.T.);
#6840=ORIENTED_EDGE('',*,*,#9052,.T.);
#6841=ORIENTED_EDGE('',*,*,#9053,.T.);
#6842=ORIENTED_EDGE('',*,*,#9054,.T.);
#6843=ORIENTED_EDGE('',*,*,#9055,.T.);
#6844=ORIENTED_EDGE('',*,*,#9056,.T.);
#6845=ORIENTED_EDGE('',*,*,#9057,.T.);
#6846=ORIENTED_EDGE('',*,*,#8900,.F.);
#6847=ORIENTED_EDGE('',*,*,#9047,.F.);
#6848=ORIENTED_EDGE('',*,*,#9058,.F.);
#6849=ORIENTED_EDGE('',*,*,#9059,.T.);
#6850=ORIENTED_EDGE('',*,*,#9060,.T.);
#6851=ORIENTED_EDGE('',*,*,#9061,.T.);
#6852=ORIENTED_EDGE('',*,*,#9062,.T.);
#6853=ORIENTED_EDGE('',*,*,#8901,.T.);
#6854=ORIENTED_EDGE('',*,*,#9057,.F.);
#6855=ORIENTED_EDGE('',*,*,#9063,.F.);
#6856=ORIENTED_EDGE('',*,*,#9064,.F.);
#6857=ORIENTED_EDGE('',*,*,#8906,.F.);
#6858=ORIENTED_EDGE('',*,*,#9065,.F.);
#6859=ORIENTED_EDGE('',*,*,#9066,.F.);
#6860=ORIENTED_EDGE('',*,*,#8904,.F.);
#6861=ORIENTED_EDGE('',*,*,#9067,.F.);
#6862=ORIENTED_EDGE('',*,*,#9068,.F.);
#6863=ORIENTED_EDGE('',*,*,#8902,.F.);
#6864=ORIENTED_EDGE('',*,*,#9062,.F.);
#6865=ORIENTED_EDGE('',*,*,#9069,.F.);
#6866=ORIENTED_EDGE('',*,*,#9070,.F.);
#6867=ORIENTED_EDGE('',*,*,#9071,.F.);
#6868=ORIENTED_EDGE('',*,*,#9072,.F.);
#6869=ORIENTED_EDGE('',*,*,#9073,.F.);
#6870=ORIENTED_EDGE('',*,*,#9074,.F.);
#6871=ORIENTED_EDGE('',*,*,#9075,.F.);
#6872=ORIENTED_EDGE('',*,*,#9076,.F.);
#6873=ORIENTED_EDGE('',*,*,#9077,.F.);
#6874=ORIENTED_EDGE('',*,*,#9078,.F.);
#6875=ORIENTED_EDGE('',*,*,#9079,.F.);
#6876=ORIENTED_EDGE('',*,*,#9080,.F.);
#6877=ORIENTED_EDGE('',*,*,#9081,.F.);
#6878=ORIENTED_EDGE('',*,*,#9082,.F.);
#6879=ORIENTED_EDGE('',*,*,#9083,.F.);
#6880=ORIENTED_EDGE('',*,*,#9084,.F.);
#6881=ORIENTED_EDGE('',*,*,#9085,.F.);
#6882=ORIENTED_EDGE('',*,*,#9086,.F.);
#6883=ORIENTED_EDGE('',*,*,#9087,.F.);
#6884=ORIENTED_EDGE('',*,*,#9088,.F.);
#6885=ORIENTED_EDGE('',*,*,#9089,.F.);
#6886=ORIENTED_EDGE('',*,*,#9090,.F.);
#6887=ORIENTED_EDGE('',*,*,#9091,.F.);
#6888=ORIENTED_EDGE('',*,*,#9092,.F.);
#6889=ORIENTED_EDGE('',*,*,#9093,.F.);
#6890=ORIENTED_EDGE('',*,*,#9094,.F.);
#6891=ORIENTED_EDGE('',*,*,#9095,.F.);
#6892=ORIENTED_EDGE('',*,*,#9068,.T.);
#6893=ORIENTED_EDGE('',*,*,#9067,.T.);
#6894=ORIENTED_EDGE('',*,*,#8903,.T.);
#6895=ORIENTED_EDGE('',*,*,#9096,.F.);
#6896=ORIENTED_EDGE('',*,*,#9066,.T.);
#6897=ORIENTED_EDGE('',*,*,#9065,.T.);
#6898=ORIENTED_EDGE('',*,*,#8905,.T.);
#6899=ORIENTED_EDGE('',*,*,#9097,.F.);
#6900=ORIENTED_EDGE('',*,*,#9098,.T.);
#6901=ORIENTED_EDGE('',*,*,#9099,.T.);
#6902=ORIENTED_EDGE('',*,*,#9100,.T.);
#6903=ORIENTED_EDGE('',*,*,#9101,.T.);
#6904=ORIENTED_EDGE('',*,*,#9102,.T.);
#6905=ORIENTED_EDGE('',*,*,#9103,.T.);
#6906=ORIENTED_EDGE('',*,*,#8907,.F.);
#6907=ORIENTED_EDGE('',*,*,#9064,.T.);
#6908=ORIENTED_EDGE('',*,*,#9103,.F.);
#6909=ORIENTED_EDGE('',*,*,#9104,.T.);
#6910=ORIENTED_EDGE('',*,*,#9105,.T.);
#6911=ORIENTED_EDGE('',*,*,#9106,.F.);
#6912=ORIENTED_EDGE('',*,*,#9107,.T.);
#6913=ORIENTED_EDGE('',*,*,#8908,.T.);
#6914=ORIENTED_EDGE('',*,*,#9107,.F.);
#6915=ORIENTED_EDGE('',*,*,#9108,.T.);
#6916=ORIENTED_EDGE('',*,*,#9109,.T.);
#6917=ORIENTED_EDGE('',*,*,#9110,.F.);
#6918=ORIENTED_EDGE('',*,*,#8909,.T.);
#6919=ORIENTED_EDGE('',*,*,#9111,.F.);
#6920=ORIENTED_EDGE('',*,*,#9112,.T.);
#6921=ORIENTED_EDGE('',*,*,#9113,.F.);
#6922=ORIENTED_EDGE('',*,*,#9114,.T.);
#6923=ORIENTED_EDGE('',*,*,#9115,.F.);
#6924=ORIENTED_EDGE('',*,*,#9116,.T.);
#6925=ORIENTED_EDGE('',*,*,#9117,.F.);
#6926=ORIENTED_EDGE('',*,*,#9118,.T.);
#6927=ORIENTED_EDGE('',*,*,#9119,.T.);
#6928=ORIENTED_EDGE('',*,*,#8910,.T.);
#6929=ORIENTED_EDGE('',*,*,#9110,.T.);
#6930=ORIENTED_EDGE('',*,*,#9120,.T.);
#6931=ORIENTED_EDGE('',*,*,#9121,.T.);
#6932=ORIENTED_EDGE('',*,*,#9122,.T.);
#6933=ORIENTED_EDGE('',*,*,#9123,.T.);
#6934=ORIENTED_EDGE('',*,*,#9124,.T.);
#6935=ORIENTED_EDGE('',*,*,#9125,.T.);
#6936=ORIENTED_EDGE('',*,*,#9126,.F.);
#6937=ORIENTED_EDGE('',*,*,#9127,.T.);
#6938=ORIENTED_EDGE('',*,*,#9128,.T.);
#6939=ORIENTED_EDGE('',*,*,#9129,.T.);
#6940=ORIENTED_EDGE('',*,*,#9130,.T.);
#6941=ORIENTED_EDGE('',*,*,#9131,.T.);
#6942=ORIENTED_EDGE('',*,*,#9132,.T.);
#6943=ORIENTED_EDGE('',*,*,#9133,.T.);
#6944=ORIENTED_EDGE('',*,*,#8926,.T.);
#6945=ORIENTED_EDGE('',*,*,#9134,.T.);
#6946=ORIENTED_EDGE('',*,*,#9135,.F.);
#6947=ORIENTED_EDGE('',*,*,#9136,.T.);
#6948=ORIENTED_EDGE('',*,*,#9137,.T.);
#6949=ORIENTED_EDGE('',*,*,#9138,.T.);
#6950=ORIENTED_EDGE('',*,*,#9139,.T.);
#6951=ORIENTED_EDGE('',*,*,#9140,.T.);
#6952=ORIENTED_EDGE('',*,*,#9141,.T.);
#6953=ORIENTED_EDGE('',*,*,#9142,.T.);
#6954=ORIENTED_EDGE('',*,*,#8911,.T.);
#6955=ORIENTED_EDGE('',*,*,#9119,.F.);
#6956=ORIENTED_EDGE('',*,*,#9143,.F.);
#6957=ORIENTED_EDGE('',*,*,#9144,.F.);
#6958=ORIENTED_EDGE('',*,*,#9145,.T.);
#6959=ORIENTED_EDGE('',*,*,#8912,.F.);
#6960=ORIENTED_EDGE('',*,*,#9142,.F.);
#6961=ORIENTED_EDGE('',*,*,#9146,.F.);
#6962=ORIENTED_EDGE('',*,*,#9147,.F.);
#6963=ORIENTED_EDGE('',*,*,#9148,.F.);
#6964=ORIENTED_EDGE('',*,*,#9149,.T.);
#6965=ORIENTED_EDGE('',*,*,#8913,.F.);
#6966=ORIENTED_EDGE('',*,*,#9145,.F.);
#6967=ORIENTED_EDGE('',*,*,#9150,.F.);
#6968=ORIENTED_EDGE('',*,*,#9151,.T.);
#6969=ORIENTED_EDGE('',*,*,#8914,.F.);
#6970=ORIENTED_EDGE('',*,*,#9149,.F.);
#6971=ORIENTED_EDGE('',*,*,#9152,.F.);
#6972=ORIENTED_EDGE('',*,*,#9147,.T.);
#6973=ORIENTED_EDGE('',*,*,#9153,.F.);
#6974=ORIENTED_EDGE('',*,*,#9154,.F.);
#6975=ORIENTED_EDGE('',*,*,#8915,.F.);
#6976=ORIENTED_EDGE('',*,*,#9151,.F.);
#6977=ORIENTED_EDGE('',*,*,#9155,.T.);
#6978=ORIENTED_EDGE('',*,*,#8920,.F.);
#6979=ORIENTED_EDGE('',*,*,#9156,.T.);
#6980=ORIENTED_EDGE('',*,*,#9157,.T.);
#6981=ORIENTED_EDGE('',*,*,#9158,.T.);
#6982=ORIENTED_EDGE('',*,*,#8916,.F.);
#6983=ORIENTED_EDGE('',*,*,#9154,.T.);
#6984=ORIENTED_EDGE('',*,*,#9159,.F.);
#6985=ORIENTED_EDGE('',*,*,#9160,.F.);
#6986=ORIENTED_EDGE('',*,*,#9161,.T.);
#6987=ORIENTED_EDGE('',*,*,#8917,.F.);
#6988=ORIENTED_EDGE('',*,*,#9158,.F.);
#6989=ORIENTED_EDGE('',*,*,#9162,.F.);
#6990=ORIENTED_EDGE('',*,*,#9163,.F.);
#6991=ORIENTED_EDGE('',*,*,#9164,.F.);
#6992=ORIENTED_EDGE('',*,*,#9165,.F.);
#6993=ORIENTED_EDGE('',*,*,#9166,.T.);
#6994=ORIENTED_EDGE('',*,*,#8918,.F.);
#6995=ORIENTED_EDGE('',*,*,#9161,.F.);
#6996=ORIENTED_EDGE('',*,*,#9167,.F.);
#6997=ORIENTED_EDGE('',*,*,#9168,.T.);
#6998=ORIENTED_EDGE('',*,*,#9169,.F.);
#6999=ORIENTED_EDGE('',*,*,#9170,.T.);
#7000=ORIENTED_EDGE('',*,*,#9156,.F.);
#7001=ORIENTED_EDGE('',*,*,#8919,.F.);
#7002=ORIENTED_EDGE('',*,*,#9166,.F.);
#7003=ORIENTED_EDGE('',*,*,#9171,.F.);
#7004=ORIENTED_EDGE('',*,*,#9172,.T.);
#7005=ORIENTED_EDGE('',*,*,#8921,.F.);
#7006=ORIENTED_EDGE('',*,*,#9155,.F.);
#7007=ORIENTED_EDGE('',*,*,#9173,.F.);
#7008=ORIENTED_EDGE('',*,*,#9174,.F.);
#7009=ORIENTED_EDGE('',*,*,#9175,.F.);
#7010=ORIENTED_EDGE('',*,*,#9176,.T.);
#7011=ORIENTED_EDGE('',*,*,#8922,.F.);
#7012=ORIENTED_EDGE('',*,*,#9172,.F.);
#7013=ORIENTED_EDGE('',*,*,#9177,.F.);
#7014=ORIENTED_EDGE('',*,*,#9178,.T.);
#7015=ORIENTED_EDGE('',*,*,#8923,.F.);
#7016=ORIENTED_EDGE('',*,*,#9176,.F.);
#7017=ORIENTED_EDGE('',*,*,#9179,.F.);
#7018=ORIENTED_EDGE('',*,*,#9174,.T.);
#7019=ORIENTED_EDGE('',*,*,#9180,.F.);
#7020=ORIENTED_EDGE('',*,*,#9181,.F.);
#7021=ORIENTED_EDGE('',*,*,#8924,.F.);
#7022=ORIENTED_EDGE('',*,*,#9178,.F.);
#7023=ORIENTED_EDGE('',*,*,#9181,.T.);
#7024=ORIENTED_EDGE('',*,*,#9182,.T.);
#7025=ORIENTED_EDGE('',*,*,#9134,.F.);
#7026=ORIENTED_EDGE('',*,*,#8925,.T.);
#7027=ORIENTED_EDGE('',*,*,#9183,.F.);
#7028=ORIENTED_EDGE('',*,*,#8927,.T.);
#7029=ORIENTED_EDGE('',*,*,#9133,.F.);
#7030=ORIENTED_EDGE('',*,*,#9184,.F.);
#7031=ORIENTED_EDGE('',*,*,#9185,.T.);
#7032=ORIENTED_EDGE('',*,*,#9186,.F.);
#7033=ORIENTED_EDGE('',*,*,#8928,.T.);
#7034=ORIENTED_EDGE('',*,*,#9183,.T.);
#7035=ORIENTED_EDGE('',*,*,#9187,.F.);
#7036=ORIENTED_EDGE('',*,*,#9188,.F.);
#7037=ORIENTED_EDGE('',*,*,#9189,.T.);
#7038=ORIENTED_EDGE('',*,*,#9190,.T.);
#7039=ORIENTED_EDGE('',*,*,#8929,.T.);
#7040=ORIENTED_EDGE('',*,*,#9186,.T.);
#7041=ORIENTED_EDGE('',*,*,#9191,.T.);
#7042=ORIENTED_EDGE('',*,*,#9192,.T.);
#7043=ORIENTED_EDGE('',*,*,#9193,.T.);
#7044=ORIENTED_EDGE('',*,*,#9194,.T.);
#7045=ORIENTED_EDGE('',*,*,#9195,.F.);
#7046=ORIENTED_EDGE('',*,*,#9196,.T.);
#7047=ORIENTED_EDGE('',*,*,#9196,.F.);
#7048=ORIENTED_EDGE('',*,*,#9197,.F.);
#7049=ORIENTED_EDGE('',*,*,#9198,.F.);
#7050=ORIENTED_EDGE('',*,*,#9199,.F.);
#7051=ORIENTED_EDGE('',*,*,#8930,.T.);
#7052=ORIENTED_EDGE('',*,*,#9200,.F.);
#7053=ORIENTED_EDGE('',*,*,#9201,.T.);
#7054=ORIENTED_EDGE('',*,*,#9202,.T.);
#7055=ORIENTED_EDGE('',*,*,#9203,.T.);
#7056=ORIENTED_EDGE('',*,*,#8931,.T.);
#7057=ORIENTED_EDGE('',*,*,#9199,.T.);
#7058=ORIENTED_EDGE('',*,*,#9204,.F.);
#7059=ORIENTED_EDGE('',*,*,#9205,.F.);
#7060=ORIENTED_EDGE('',*,*,#9206,.F.);
#7061=ORIENTED_EDGE('',*,*,#9207,.F.);
#7062=ORIENTED_EDGE('',*,*,#8932,.F.);
#7063=ORIENTED_EDGE('',*,*,#9203,.F.);
#7064=ORIENTED_EDGE('',*,*,#9207,.T.);
#7065=ORIENTED_EDGE('',*,*,#9208,.T.);
#7066=ORIENTED_EDGE('',*,*,#9049,.F.);
#7067=ORIENTED_EDGE('',*,*,#8933,.T.);
#7068=ORIENTED_EDGE('',*,*,#9209,.F.);
#7069=ORIENTED_EDGE('',*,*,#9210,.T.);
#7070=ORIENTED_EDGE('',*,*,#8935,.F.);
#7071=ORIENTED_EDGE('',*,*,#9059,.F.);
#7072=ORIENTED_EDGE('',*,*,#9211,.F.);
#7073=ORIENTED_EDGE('',*,*,#9048,.T.);
#7074=ORIENTED_EDGE('',*,*,#8936,.F.);
#7075=ORIENTED_EDGE('',*,*,#9210,.F.);
#7076=ORIENTED_EDGE('',*,*,#8939,.F.);
#7077=ORIENTED_EDGE('',*,*,#9212,.F.);
#7078=ORIENTED_EDGE('',*,*,#9213,.F.);
#7079=ORIENTED_EDGE('',*,*,#9214,.T.);
#7080=ORIENTED_EDGE('',*,*,#8940,.F.);
#7081=ORIENTED_EDGE('',*,*,#9215,.F.);
#7082=ORIENTED_EDGE('',*,*,#9216,.F.);
#7083=ORIENTED_EDGE('',*,*,#9217,.T.);
#7084=ORIENTED_EDGE('',*,*,#8941,.F.);
#7085=ORIENTED_EDGE('',*,*,#9214,.F.);
#7086=ORIENTED_EDGE('',*,*,#9218,.F.);
#7087=ORIENTED_EDGE('',*,*,#9219,.T.);
#7088=ORIENTED_EDGE('',*,*,#8942,.F.);
#7089=ORIENTED_EDGE('',*,*,#9217,.F.);
#7090=ORIENTED_EDGE('',*,*,#9220,.F.);
#7091=ORIENTED_EDGE('',*,*,#9215,.T.);
#7092=ORIENTED_EDGE('',*,*,#8943,.F.);
#7093=ORIENTED_EDGE('',*,*,#9219,.F.);
#7094=ORIENTED_EDGE('',*,*,#9221,.F.);
#7095=ORIENTED_EDGE('',*,*,#9222,.T.);
#7096=ORIENTED_EDGE('',*,*,#8944,.F.);
#7097=ORIENTED_EDGE('',*,*,#9223,.F.);
#7098=ORIENTED_EDGE('',*,*,#9224,.F.);
#7099=ORIENTED_EDGE('',*,*,#9225,.T.);
#7100=ORIENTED_EDGE('',*,*,#8945,.F.);
#7101=ORIENTED_EDGE('',*,*,#9222,.F.);
#7102=ORIENTED_EDGE('',*,*,#9226,.F.);
#7103=ORIENTED_EDGE('',*,*,#9227,.T.);
#7104=ORIENTED_EDGE('',*,*,#8946,.F.);
#7105=ORIENTED_EDGE('',*,*,#9225,.F.);
#7106=ORIENTED_EDGE('',*,*,#9228,.F.);
#7107=ORIENTED_EDGE('',*,*,#9223,.T.);
#7108=ORIENTED_EDGE('',*,*,#8947,.F.);
#7109=ORIENTED_EDGE('',*,*,#9227,.F.);
#7110=ORIENTED_EDGE('',*,*,#9229,.F.);
#7111=ORIENTED_EDGE('',*,*,#9230,.T.);
#7112=ORIENTED_EDGE('',*,*,#8948,.F.);
#7113=ORIENTED_EDGE('',*,*,#9231,.F.);
#7114=ORIENTED_EDGE('',*,*,#9232,.F.);
#7115=ORIENTED_EDGE('',*,*,#9233,.T.);
#7116=ORIENTED_EDGE('',*,*,#8949,.F.);
#7117=ORIENTED_EDGE('',*,*,#9230,.F.);
#7118=ORIENTED_EDGE('',*,*,#9234,.F.);
#7119=ORIENTED_EDGE('',*,*,#9235,.T.);
#7120=ORIENTED_EDGE('',*,*,#8950,.F.);
#7121=ORIENTED_EDGE('',*,*,#9233,.F.);
#7122=ORIENTED_EDGE('',*,*,#9236,.F.);
#7123=ORIENTED_EDGE('',*,*,#9231,.T.);
#7124=ORIENTED_EDGE('',*,*,#8951,.F.);
#7125=ORIENTED_EDGE('',*,*,#9235,.F.);
#7126=ORIENTED_EDGE('',*,*,#9237,.F.);
#7127=ORIENTED_EDGE('',*,*,#9238,.T.);
#7128=ORIENTED_EDGE('',*,*,#8952,.F.);
#7129=ORIENTED_EDGE('',*,*,#9239,.F.);
#7130=ORIENTED_EDGE('',*,*,#9240,.F.);
#7131=ORIENTED_EDGE('',*,*,#9241,.T.);
#7132=ORIENTED_EDGE('',*,*,#8953,.F.);
#7133=ORIENTED_EDGE('',*,*,#9238,.F.);
#7134=ORIENTED_EDGE('',*,*,#9242,.F.);
#7135=ORIENTED_EDGE('',*,*,#9243,.T.);
#7136=ORIENTED_EDGE('',*,*,#8954,.F.);
#7137=ORIENTED_EDGE('',*,*,#9241,.F.);
#7138=ORIENTED_EDGE('',*,*,#9244,.F.);
#7139=ORIENTED_EDGE('',*,*,#9239,.T.);
#7140=ORIENTED_EDGE('',*,*,#8955,.F.);
#7141=ORIENTED_EDGE('',*,*,#9243,.F.);
#7142=ORIENTED_EDGE('',*,*,#9245,.F.);
#7143=ORIENTED_EDGE('',*,*,#9246,.T.);
#7144=ORIENTED_EDGE('',*,*,#8956,.F.);
#7145=ORIENTED_EDGE('',*,*,#9247,.F.);
#7146=ORIENTED_EDGE('',*,*,#9248,.F.);
#7147=ORIENTED_EDGE('',*,*,#9249,.T.);
#7148=ORIENTED_EDGE('',*,*,#8957,.F.);
#7149=ORIENTED_EDGE('',*,*,#9246,.F.);
#7150=ORIENTED_EDGE('',*,*,#9250,.F.);
#7151=ORIENTED_EDGE('',*,*,#9251,.T.);
#7152=ORIENTED_EDGE('',*,*,#8958,.F.);
#7153=ORIENTED_EDGE('',*,*,#9249,.F.);
#7154=ORIENTED_EDGE('',*,*,#9252,.F.);
#7155=ORIENTED_EDGE('',*,*,#9247,.T.);
#7156=ORIENTED_EDGE('',*,*,#8959,.F.);
#7157=ORIENTED_EDGE('',*,*,#9251,.F.);
#7158=ORIENTED_EDGE('',*,*,#9253,.F.);
#7159=ORIENTED_EDGE('',*,*,#9254,.T.);
#7160=ORIENTED_EDGE('',*,*,#8960,.F.);
#7161=ORIENTED_EDGE('',*,*,#9255,.F.);
#7162=ORIENTED_EDGE('',*,*,#9256,.F.);
#7163=ORIENTED_EDGE('',*,*,#9257,.T.);
#7164=ORIENTED_EDGE('',*,*,#8961,.F.);
#7165=ORIENTED_EDGE('',*,*,#9254,.F.);
#7166=ORIENTED_EDGE('',*,*,#9258,.F.);
#7167=ORIENTED_EDGE('',*,*,#9259,.T.);
#7168=ORIENTED_EDGE('',*,*,#8962,.F.);
#7169=ORIENTED_EDGE('',*,*,#9257,.F.);
#7170=ORIENTED_EDGE('',*,*,#9260,.F.);
#7171=ORIENTED_EDGE('',*,*,#9255,.T.);
#7172=ORIENTED_EDGE('',*,*,#8963,.F.);
#7173=ORIENTED_EDGE('',*,*,#9259,.F.);
#7174=ORIENTED_EDGE('',*,*,#9261,.F.);
#7175=ORIENTED_EDGE('',*,*,#9262,.T.);
#7176=ORIENTED_EDGE('',*,*,#8964,.F.);
#7177=ORIENTED_EDGE('',*,*,#9263,.F.);
#7178=ORIENTED_EDGE('',*,*,#9264,.F.);
#7179=ORIENTED_EDGE('',*,*,#9265,.T.);
#7180=ORIENTED_EDGE('',*,*,#8965,.F.);
#7181=ORIENTED_EDGE('',*,*,#9262,.F.);
#7182=ORIENTED_EDGE('',*,*,#9266,.F.);
#7183=ORIENTED_EDGE('',*,*,#9267,.T.);
#7184=ORIENTED_EDGE('',*,*,#8966,.F.);
#7185=ORIENTED_EDGE('',*,*,#9265,.F.);
#7186=ORIENTED_EDGE('',*,*,#9268,.F.);
#7187=ORIENTED_EDGE('',*,*,#9263,.T.);
#7188=ORIENTED_EDGE('',*,*,#8967,.F.);
#7189=ORIENTED_EDGE('',*,*,#9267,.F.);
#7190=ORIENTED_EDGE('',*,*,#9269,.F.);
#7191=ORIENTED_EDGE('',*,*,#9270,.T.);
#7192=ORIENTED_EDGE('',*,*,#8968,.F.);
#7193=ORIENTED_EDGE('',*,*,#9271,.F.);
#7194=ORIENTED_EDGE('',*,*,#9272,.F.);
#7195=ORIENTED_EDGE('',*,*,#9273,.T.);
#7196=ORIENTED_EDGE('',*,*,#8969,.F.);
#7197=ORIENTED_EDGE('',*,*,#9270,.F.);
#7198=ORIENTED_EDGE('',*,*,#9274,.F.);
#7199=ORIENTED_EDGE('',*,*,#9275,.T.);
#7200=ORIENTED_EDGE('',*,*,#8970,.F.);
#7201=ORIENTED_EDGE('',*,*,#9273,.F.);
#7202=ORIENTED_EDGE('',*,*,#9276,.F.);
#7203=ORIENTED_EDGE('',*,*,#9271,.T.);
#7204=ORIENTED_EDGE('',*,*,#8971,.F.);
#7205=ORIENTED_EDGE('',*,*,#9275,.F.);
#7206=ORIENTED_EDGE('',*,*,#9277,.F.);
#7207=ORIENTED_EDGE('',*,*,#9278,.T.);
#7208=ORIENTED_EDGE('',*,*,#8972,.F.);
#7209=ORIENTED_EDGE('',*,*,#9279,.F.);
#7210=ORIENTED_EDGE('',*,*,#9280,.F.);
#7211=ORIENTED_EDGE('',*,*,#9281,.T.);
#7212=ORIENTED_EDGE('',*,*,#8973,.F.);
#7213=ORIENTED_EDGE('',*,*,#9278,.F.);
#7214=ORIENTED_EDGE('',*,*,#9282,.F.);
#7215=ORIENTED_EDGE('',*,*,#9283,.T.);
#7216=ORIENTED_EDGE('',*,*,#8974,.F.);
#7217=ORIENTED_EDGE('',*,*,#9281,.F.);
#7218=ORIENTED_EDGE('',*,*,#9284,.F.);
#7219=ORIENTED_EDGE('',*,*,#9279,.T.);
#7220=ORIENTED_EDGE('',*,*,#8975,.F.);
#7221=ORIENTED_EDGE('',*,*,#9283,.F.);
#7222=ORIENTED_EDGE('',*,*,#9285,.F.);
#7223=ORIENTED_EDGE('',*,*,#9286,.T.);
#7224=ORIENTED_EDGE('',*,*,#8976,.F.);
#7225=ORIENTED_EDGE('',*,*,#9287,.F.);
#7226=ORIENTED_EDGE('',*,*,#9288,.F.);
#7227=ORIENTED_EDGE('',*,*,#9289,.T.);
#7228=ORIENTED_EDGE('',*,*,#8977,.F.);
#7229=ORIENTED_EDGE('',*,*,#9286,.F.);
#7230=ORIENTED_EDGE('',*,*,#9290,.F.);
#7231=ORIENTED_EDGE('',*,*,#9291,.T.);
#7232=ORIENTED_EDGE('',*,*,#8978,.F.);
#7233=ORIENTED_EDGE('',*,*,#9289,.F.);
#7234=ORIENTED_EDGE('',*,*,#9292,.F.);
#7235=ORIENTED_EDGE('',*,*,#9287,.T.);
#7236=ORIENTED_EDGE('',*,*,#8979,.F.);
#7237=ORIENTED_EDGE('',*,*,#9291,.F.);
#7238=ORIENTED_EDGE('',*,*,#9293,.F.);
#7239=ORIENTED_EDGE('',*,*,#9294,.T.);
#7240=ORIENTED_EDGE('',*,*,#8980,.F.);
#7241=ORIENTED_EDGE('',*,*,#9295,.F.);
#7242=ORIENTED_EDGE('',*,*,#9296,.F.);
#7243=ORIENTED_EDGE('',*,*,#9297,.T.);
#7244=ORIENTED_EDGE('',*,*,#8981,.F.);
#7245=ORIENTED_EDGE('',*,*,#9294,.F.);
#7246=ORIENTED_EDGE('',*,*,#9298,.F.);
#7247=ORIENTED_EDGE('',*,*,#9299,.T.);
#7248=ORIENTED_EDGE('',*,*,#8982,.F.);
#7249=ORIENTED_EDGE('',*,*,#9297,.F.);
#7250=ORIENTED_EDGE('',*,*,#9300,.F.);
#7251=ORIENTED_EDGE('',*,*,#9295,.T.);
#7252=ORIENTED_EDGE('',*,*,#8983,.F.);
#7253=ORIENTED_EDGE('',*,*,#9299,.F.);
#7254=ORIENTED_EDGE('',*,*,#9301,.F.);
#7255=ORIENTED_EDGE('',*,*,#9302,.T.);
#7256=ORIENTED_EDGE('',*,*,#8984,.F.);
#7257=ORIENTED_EDGE('',*,*,#9303,.F.);
#7258=ORIENTED_EDGE('',*,*,#9304,.F.);
#7259=ORIENTED_EDGE('',*,*,#9305,.T.);
#7260=ORIENTED_EDGE('',*,*,#8985,.F.);
#7261=ORIENTED_EDGE('',*,*,#9302,.F.);
#7262=ORIENTED_EDGE('',*,*,#9306,.F.);
#7263=ORIENTED_EDGE('',*,*,#9307,.T.);
#7264=ORIENTED_EDGE('',*,*,#8986,.F.);
#7265=ORIENTED_EDGE('',*,*,#9305,.F.);
#7266=ORIENTED_EDGE('',*,*,#9308,.F.);
#7267=ORIENTED_EDGE('',*,*,#9303,.T.);
#7268=ORIENTED_EDGE('',*,*,#8987,.F.);
#7269=ORIENTED_EDGE('',*,*,#9307,.F.);
#7270=ORIENTED_EDGE('',*,*,#9309,.F.);
#7271=ORIENTED_EDGE('',*,*,#9310,.T.);
#7272=ORIENTED_EDGE('',*,*,#8988,.F.);
#7273=ORIENTED_EDGE('',*,*,#9311,.F.);
#7274=ORIENTED_EDGE('',*,*,#9312,.F.);
#7275=ORIENTED_EDGE('',*,*,#9313,.T.);
#7276=ORIENTED_EDGE('',*,*,#8989,.F.);
#7277=ORIENTED_EDGE('',*,*,#9310,.F.);
#7278=ORIENTED_EDGE('',*,*,#9314,.F.);
#7279=ORIENTED_EDGE('',*,*,#9315,.T.);
#7280=ORIENTED_EDGE('',*,*,#8990,.F.);
#7281=ORIENTED_EDGE('',*,*,#9313,.F.);
#7282=ORIENTED_EDGE('',*,*,#9316,.F.);
#7283=ORIENTED_EDGE('',*,*,#9311,.T.);
#7284=ORIENTED_EDGE('',*,*,#8991,.F.);
#7285=ORIENTED_EDGE('',*,*,#9315,.F.);
#7286=ORIENTED_EDGE('',*,*,#9317,.F.);
#7287=ORIENTED_EDGE('',*,*,#9318,.T.);
#7288=ORIENTED_EDGE('',*,*,#8992,.F.);
#7289=ORIENTED_EDGE('',*,*,#9319,.F.);
#7290=ORIENTED_EDGE('',*,*,#9320,.F.);
#7291=ORIENTED_EDGE('',*,*,#9321,.T.);
#7292=ORIENTED_EDGE('',*,*,#8993,.F.);
#7293=ORIENTED_EDGE('',*,*,#9318,.F.);
#7294=ORIENTED_EDGE('',*,*,#9322,.F.);
#7295=ORIENTED_EDGE('',*,*,#9323,.T.);
#7296=ORIENTED_EDGE('',*,*,#8994,.F.);
#7297=ORIENTED_EDGE('',*,*,#9321,.F.);
#7298=ORIENTED_EDGE('',*,*,#9324,.F.);
#7299=ORIENTED_EDGE('',*,*,#9319,.T.);
#7300=ORIENTED_EDGE('',*,*,#8995,.F.);
#7301=ORIENTED_EDGE('',*,*,#9323,.F.);
#7302=ORIENTED_EDGE('',*,*,#9325,.F.);
#7303=ORIENTED_EDGE('',*,*,#9326,.T.);
#7304=ORIENTED_EDGE('',*,*,#8996,.F.);
#7305=ORIENTED_EDGE('',*,*,#9327,.F.);
#7306=ORIENTED_EDGE('',*,*,#9328,.F.);
#7307=ORIENTED_EDGE('',*,*,#9329,.T.);
#7308=ORIENTED_EDGE('',*,*,#8997,.F.);
#7309=ORIENTED_EDGE('',*,*,#9326,.F.);
#7310=ORIENTED_EDGE('',*,*,#9330,.F.);
#7311=ORIENTED_EDGE('',*,*,#9331,.T.);
#7312=ORIENTED_EDGE('',*,*,#8998,.F.);
#7313=ORIENTED_EDGE('',*,*,#9329,.F.);
#7314=ORIENTED_EDGE('',*,*,#9332,.F.);
#7315=ORIENTED_EDGE('',*,*,#9327,.T.);
#7316=ORIENTED_EDGE('',*,*,#8999,.F.);
#7317=ORIENTED_EDGE('',*,*,#9331,.F.);
#7318=ORIENTED_EDGE('',*,*,#9333,.F.);
#7319=ORIENTED_EDGE('',*,*,#9334,.T.);
#7320=ORIENTED_EDGE('',*,*,#9000,.F.);
#7321=ORIENTED_EDGE('',*,*,#9335,.F.);
#7322=ORIENTED_EDGE('',*,*,#9336,.F.);
#7323=ORIENTED_EDGE('',*,*,#9337,.T.);
#7324=ORIENTED_EDGE('',*,*,#9001,.F.);
#7325=ORIENTED_EDGE('',*,*,#9334,.F.);
#7326=ORIENTED_EDGE('',*,*,#9338,.F.);
#7327=ORIENTED_EDGE('',*,*,#9339,.T.);
#7328=ORIENTED_EDGE('',*,*,#9002,.F.);
#7329=ORIENTED_EDGE('',*,*,#9337,.F.);
#7330=ORIENTED_EDGE('',*,*,#9340,.F.);
#7331=ORIENTED_EDGE('',*,*,#9335,.T.);
#7332=ORIENTED_EDGE('',*,*,#9003,.F.);
#7333=ORIENTED_EDGE('',*,*,#9339,.F.);
#7334=ORIENTED_EDGE('',*,*,#9341,.F.);
#7335=ORIENTED_EDGE('',*,*,#9342,.T.);
#7336=ORIENTED_EDGE('',*,*,#9004,.F.);
#7337=ORIENTED_EDGE('',*,*,#9343,.F.);
#7338=ORIENTED_EDGE('',*,*,#9344,.F.);
#7339=ORIENTED_EDGE('',*,*,#9345,.T.);
#7340=ORIENTED_EDGE('',*,*,#9005,.F.);
#7341=ORIENTED_EDGE('',*,*,#9342,.F.);
#7342=ORIENTED_EDGE('',*,*,#9346,.F.);
#7343=ORIENTED_EDGE('',*,*,#9347,.T.);
#7344=ORIENTED_EDGE('',*,*,#9006,.F.);
#7345=ORIENTED_EDGE('',*,*,#9345,.F.);
#7346=ORIENTED_EDGE('',*,*,#9348,.F.);
#7347=ORIENTED_EDGE('',*,*,#9343,.T.);
#7348=ORIENTED_EDGE('',*,*,#9007,.F.);
#7349=ORIENTED_EDGE('',*,*,#9347,.F.);
#7350=ORIENTED_EDGE('',*,*,#9349,.F.);
#7351=ORIENTED_EDGE('',*,*,#9350,.T.);
#7352=ORIENTED_EDGE('',*,*,#9008,.F.);
#7353=ORIENTED_EDGE('',*,*,#9351,.F.);
#7354=ORIENTED_EDGE('',*,*,#9352,.F.);
#7355=ORIENTED_EDGE('',*,*,#9353,.T.);
#7356=ORIENTED_EDGE('',*,*,#9009,.F.);
#7357=ORIENTED_EDGE('',*,*,#9350,.F.);
#7358=ORIENTED_EDGE('',*,*,#9354,.F.);
#7359=ORIENTED_EDGE('',*,*,#9355,.T.);
#7360=ORIENTED_EDGE('',*,*,#9010,.F.);
#7361=ORIENTED_EDGE('',*,*,#9353,.F.);
#7362=ORIENTED_EDGE('',*,*,#9356,.F.);
#7363=ORIENTED_EDGE('',*,*,#9351,.T.);
#7364=ORIENTED_EDGE('',*,*,#9011,.F.);
#7365=ORIENTED_EDGE('',*,*,#9355,.F.);
#7366=ORIENTED_EDGE('',*,*,#9357,.F.);
#7367=ORIENTED_EDGE('',*,*,#9358,.T.);
#7368=ORIENTED_EDGE('',*,*,#9012,.F.);
#7369=ORIENTED_EDGE('',*,*,#9359,.F.);
#7370=ORIENTED_EDGE('',*,*,#9360,.F.);
#7371=ORIENTED_EDGE('',*,*,#9361,.T.);
#7372=ORIENTED_EDGE('',*,*,#9013,.F.);
#7373=ORIENTED_EDGE('',*,*,#9358,.F.);
#7374=ORIENTED_EDGE('',*,*,#9362,.F.);
#7375=ORIENTED_EDGE('',*,*,#9363,.T.);
#7376=ORIENTED_EDGE('',*,*,#9014,.F.);
#7377=ORIENTED_EDGE('',*,*,#9361,.F.);
#7378=ORIENTED_EDGE('',*,*,#9364,.F.);
#7379=ORIENTED_EDGE('',*,*,#9359,.T.);
#7380=ORIENTED_EDGE('',*,*,#9015,.F.);
#7381=ORIENTED_EDGE('',*,*,#9363,.F.);
#7382=ORIENTED_EDGE('',*,*,#9365,.F.);
#7383=ORIENTED_EDGE('',*,*,#9366,.T.);
#7384=ORIENTED_EDGE('',*,*,#9016,.F.);
#7385=ORIENTED_EDGE('',*,*,#9367,.F.);
#7386=ORIENTED_EDGE('',*,*,#9368,.F.);
#7387=ORIENTED_EDGE('',*,*,#9369,.T.);
#7388=ORIENTED_EDGE('',*,*,#9017,.F.);
#7389=ORIENTED_EDGE('',*,*,#9366,.F.);
#7390=ORIENTED_EDGE('',*,*,#9370,.F.);
#7391=ORIENTED_EDGE('',*,*,#9371,.T.);
#7392=ORIENTED_EDGE('',*,*,#9018,.F.);
#7393=ORIENTED_EDGE('',*,*,#9369,.F.);
#7394=ORIENTED_EDGE('',*,*,#9372,.F.);
#7395=ORIENTED_EDGE('',*,*,#9367,.T.);
#7396=ORIENTED_EDGE('',*,*,#9019,.F.);
#7397=ORIENTED_EDGE('',*,*,#9371,.F.);
#7398=ORIENTED_EDGE('',*,*,#9373,.F.);
#7399=ORIENTED_EDGE('',*,*,#9374,.T.);
#7400=ORIENTED_EDGE('',*,*,#9020,.F.);
#7401=ORIENTED_EDGE('',*,*,#9375,.F.);
#7402=ORIENTED_EDGE('',*,*,#9376,.F.);
#7403=ORIENTED_EDGE('',*,*,#9377,.T.);
#7404=ORIENTED_EDGE('',*,*,#9021,.F.);
#7405=ORIENTED_EDGE('',*,*,#9374,.F.);
#7406=ORIENTED_EDGE('',*,*,#9378,.F.);
#7407=ORIENTED_EDGE('',*,*,#9379,.T.);
#7408=ORIENTED_EDGE('',*,*,#9022,.F.);
#7409=ORIENTED_EDGE('',*,*,#9377,.F.);
#7410=ORIENTED_EDGE('',*,*,#9380,.F.);
#7411=ORIENTED_EDGE('',*,*,#9375,.T.);
#7412=ORIENTED_EDGE('',*,*,#9023,.F.);
#7413=ORIENTED_EDGE('',*,*,#9379,.F.);
#7414=ORIENTED_EDGE('',*,*,#9381,.F.);
#7415=ORIENTED_EDGE('',*,*,#9382,.T.);
#7416=ORIENTED_EDGE('',*,*,#9024,.F.);
#7417=ORIENTED_EDGE('',*,*,#9383,.F.);
#7418=ORIENTED_EDGE('',*,*,#9384,.F.);
#7419=ORIENTED_EDGE('',*,*,#9385,.T.);
#7420=ORIENTED_EDGE('',*,*,#9025,.F.);
#7421=ORIENTED_EDGE('',*,*,#9382,.F.);
#7422=ORIENTED_EDGE('',*,*,#9386,.F.);
#7423=ORIENTED_EDGE('',*,*,#9387,.T.);
#7424=ORIENTED_EDGE('',*,*,#9026,.F.);
#7425=ORIENTED_EDGE('',*,*,#9385,.F.);
#7426=ORIENTED_EDGE('',*,*,#9388,.F.);
#7427=ORIENTED_EDGE('',*,*,#9383,.T.);
#7428=ORIENTED_EDGE('',*,*,#9027,.F.);
#7429=ORIENTED_EDGE('',*,*,#9387,.F.);
#7430=ORIENTED_EDGE('',*,*,#9389,.F.);
#7431=ORIENTED_EDGE('',*,*,#9390,.T.);
#7432=ORIENTED_EDGE('',*,*,#9028,.F.);
#7433=ORIENTED_EDGE('',*,*,#9391,.F.);
#7434=ORIENTED_EDGE('',*,*,#9392,.F.);
#7435=ORIENTED_EDGE('',*,*,#9393,.T.);
#7436=ORIENTED_EDGE('',*,*,#9029,.F.);
#7437=ORIENTED_EDGE('',*,*,#9390,.F.);
#7438=ORIENTED_EDGE('',*,*,#9394,.F.);
#7439=ORIENTED_EDGE('',*,*,#9395,.T.);
#7440=ORIENTED_EDGE('',*,*,#9030,.F.);
#7441=ORIENTED_EDGE('',*,*,#9393,.F.);
#7442=ORIENTED_EDGE('',*,*,#9396,.F.);
#7443=ORIENTED_EDGE('',*,*,#9391,.T.);
#7444=ORIENTED_EDGE('',*,*,#9031,.F.);
#7445=ORIENTED_EDGE('',*,*,#9395,.F.);
#7446=ORIENTED_EDGE('',*,*,#9397,.F.);
#7447=ORIENTED_EDGE('',*,*,#9398,.T.);
#7448=ORIENTED_EDGE('',*,*,#9032,.F.);
#7449=ORIENTED_EDGE('',*,*,#9399,.F.);
#7450=ORIENTED_EDGE('',*,*,#9400,.F.);
#7451=ORIENTED_EDGE('',*,*,#9401,.T.);
#7452=ORIENTED_EDGE('',*,*,#9033,.F.);
#7453=ORIENTED_EDGE('',*,*,#9398,.F.);
#7454=ORIENTED_EDGE('',*,*,#9402,.F.);
#7455=ORIENTED_EDGE('',*,*,#9403,.T.);
#7456=ORIENTED_EDGE('',*,*,#9034,.F.);
#7457=ORIENTED_EDGE('',*,*,#9401,.F.);
#7458=ORIENTED_EDGE('',*,*,#9404,.F.);
#7459=ORIENTED_EDGE('',*,*,#9399,.T.);
#7460=ORIENTED_EDGE('',*,*,#9035,.F.);
#7461=ORIENTED_EDGE('',*,*,#9403,.F.);
#7462=ORIENTED_EDGE('',*,*,#9405,.F.);
#7463=ORIENTED_EDGE('',*,*,#9406,.T.);
#7464=ORIENTED_EDGE('',*,*,#9036,.F.);
#7465=ORIENTED_EDGE('',*,*,#9407,.F.);
#7466=ORIENTED_EDGE('',*,*,#9408,.F.);
#7467=ORIENTED_EDGE('',*,*,#9409,.T.);
#7468=ORIENTED_EDGE('',*,*,#9037,.F.);
#7469=ORIENTED_EDGE('',*,*,#9406,.F.);
#7470=ORIENTED_EDGE('',*,*,#9410,.F.);
#7471=ORIENTED_EDGE('',*,*,#9411,.T.);
#7472=ORIENTED_EDGE('',*,*,#9038,.F.);
#7473=ORIENTED_EDGE('',*,*,#9409,.F.);
#7474=ORIENTED_EDGE('',*,*,#9412,.F.);
#7475=ORIENTED_EDGE('',*,*,#9407,.T.);
#7476=ORIENTED_EDGE('',*,*,#9039,.F.);
#7477=ORIENTED_EDGE('',*,*,#9411,.F.);
#7478=ORIENTED_EDGE('',*,*,#9413,.F.);
#7479=ORIENTED_EDGE('',*,*,#9414,.T.);
#7480=ORIENTED_EDGE('',*,*,#9040,.F.);
#7481=ORIENTED_EDGE('',*,*,#9415,.F.);
#7482=ORIENTED_EDGE('',*,*,#9416,.F.);
#7483=ORIENTED_EDGE('',*,*,#9417,.T.);
#7484=ORIENTED_EDGE('',*,*,#9041,.F.);
#7485=ORIENTED_EDGE('',*,*,#9414,.F.);
#7486=ORIENTED_EDGE('',*,*,#9418,.F.);
#7487=ORIENTED_EDGE('',*,*,#9419,.T.);
#7488=ORIENTED_EDGE('',*,*,#9042,.F.);
#7489=ORIENTED_EDGE('',*,*,#9417,.F.);
#7490=ORIENTED_EDGE('',*,*,#9420,.F.);
#7491=ORIENTED_EDGE('',*,*,#9415,.T.);
#7492=ORIENTED_EDGE('',*,*,#9043,.F.);
#7493=ORIENTED_EDGE('',*,*,#9419,.F.);
#7494=ORIENTED_EDGE('',*,*,#9044,.T.);
#7495=ORIENTED_EDGE('',*,*,#9045,.T.);
#7496=ORIENTED_EDGE('',*,*,#9421,.F.);
#7497=ORIENTED_EDGE('',*,*,#9422,.T.);
#7498=ORIENTED_EDGE('',*,*,#9423,.T.);
#7499=ORIENTED_EDGE('',*,*,#9114,.F.);
#7500=ORIENTED_EDGE('',*,*,#9413,.T.);
#7501=ORIENTED_EDGE('',*,*,#9420,.T.);
#7502=ORIENTED_EDGE('',*,*,#9418,.T.);
#7503=ORIENTED_EDGE('',*,*,#9416,.T.);
#7504=ORIENTED_EDGE('',*,*,#9046,.T.);
#7505=ORIENTED_EDGE('',*,*,#9211,.T.);
#7506=ORIENTED_EDGE('',*,*,#9209,.T.);
#7507=ORIENTED_EDGE('',*,*,#9058,.T.);
#7508=ORIENTED_EDGE('',*,*,#9405,.T.);
#7509=ORIENTED_EDGE('',*,*,#9412,.T.);
#7510=ORIENTED_EDGE('',*,*,#9410,.T.);
#7511=ORIENTED_EDGE('',*,*,#9408,.T.);
#7512=ORIENTED_EDGE('',*,*,#9397,.T.);
#7513=ORIENTED_EDGE('',*,*,#9404,.T.);
#7514=ORIENTED_EDGE('',*,*,#9402,.T.);
#7515=ORIENTED_EDGE('',*,*,#9400,.T.);
#7516=ORIENTED_EDGE('',*,*,#9389,.T.);
#7517=ORIENTED_EDGE('',*,*,#9396,.T.);
#7518=ORIENTED_EDGE('',*,*,#9394,.T.);
#7519=ORIENTED_EDGE('',*,*,#9392,.T.);
#7520=ORIENTED_EDGE('',*,*,#9381,.T.);
#7521=ORIENTED_EDGE('',*,*,#9388,.T.);
#7522=ORIENTED_EDGE('',*,*,#9386,.T.);
#7523=ORIENTED_EDGE('',*,*,#9384,.T.);
#7524=ORIENTED_EDGE('',*,*,#9373,.T.);
#7525=ORIENTED_EDGE('',*,*,#9380,.T.);
#7526=ORIENTED_EDGE('',*,*,#9378,.T.);
#7527=ORIENTED_EDGE('',*,*,#9376,.T.);
#7528=ORIENTED_EDGE('',*,*,#9365,.T.);
#7529=ORIENTED_EDGE('',*,*,#9372,.T.);
#7530=ORIENTED_EDGE('',*,*,#9370,.T.);
#7531=ORIENTED_EDGE('',*,*,#9368,.T.);
#7532=ORIENTED_EDGE('',*,*,#9357,.T.);
#7533=ORIENTED_EDGE('',*,*,#9364,.T.);
#7534=ORIENTED_EDGE('',*,*,#9362,.T.);
#7535=ORIENTED_EDGE('',*,*,#9360,.T.);
#7536=ORIENTED_EDGE('',*,*,#9349,.T.);
#7537=ORIENTED_EDGE('',*,*,#9356,.T.);
#7538=ORIENTED_EDGE('',*,*,#9354,.T.);
#7539=ORIENTED_EDGE('',*,*,#9352,.T.);
#7540=ORIENTED_EDGE('',*,*,#9341,.T.);
#7541=ORIENTED_EDGE('',*,*,#9348,.T.);
#7542=ORIENTED_EDGE('',*,*,#9346,.T.);
#7543=ORIENTED_EDGE('',*,*,#9344,.T.);
#7544=ORIENTED_EDGE('',*,*,#9333,.T.);
#7545=ORIENTED_EDGE('',*,*,#9340,.T.);
#7546=ORIENTED_EDGE('',*,*,#9338,.T.);
#7547=ORIENTED_EDGE('',*,*,#9336,.T.);
#7548=ORIENTED_EDGE('',*,*,#9325,.T.);
#7549=ORIENTED_EDGE('',*,*,#9332,.T.);
#7550=ORIENTED_EDGE('',*,*,#9330,.T.);
#7551=ORIENTED_EDGE('',*,*,#9328,.T.);
#7552=ORIENTED_EDGE('',*,*,#9317,.T.);
#7553=ORIENTED_EDGE('',*,*,#9324,.T.);
#7554=ORIENTED_EDGE('',*,*,#9322,.T.);
#7555=ORIENTED_EDGE('',*,*,#9320,.T.);
#7556=ORIENTED_EDGE('',*,*,#9309,.T.);
#7557=ORIENTED_EDGE('',*,*,#9316,.T.);
#7558=ORIENTED_EDGE('',*,*,#9314,.T.);
#7559=ORIENTED_EDGE('',*,*,#9312,.T.);
#7560=ORIENTED_EDGE('',*,*,#9171,.T.);
#7561=ORIENTED_EDGE('',*,*,#9179,.T.);
#7562=ORIENTED_EDGE('',*,*,#9177,.T.);
#7563=ORIENTED_EDGE('',*,*,#9175,.T.);
#7564=ORIENTED_EDGE('',*,*,#9160,.T.);
#7565=ORIENTED_EDGE('',*,*,#9424,.T.);
#7566=ORIENTED_EDGE('',*,*,#9167,.T.);
#7567=ORIENTED_EDGE('',*,*,#9165,.T.);
#7568=ORIENTED_EDGE('',*,*,#9148,.T.);
#7569=ORIENTED_EDGE('',*,*,#9144,.T.);
#7570=ORIENTED_EDGE('',*,*,#9152,.T.);
#7571=ORIENTED_EDGE('',*,*,#9150,.T.);
#7572=ORIENTED_EDGE('',*,*,#9301,.T.);
#7573=ORIENTED_EDGE('',*,*,#9308,.T.);
#7574=ORIENTED_EDGE('',*,*,#9306,.T.);
#7575=ORIENTED_EDGE('',*,*,#9304,.T.);
#7576=ORIENTED_EDGE('',*,*,#9293,.T.);
#7577=ORIENTED_EDGE('',*,*,#9300,.T.);
#7578=ORIENTED_EDGE('',*,*,#9298,.T.);
#7579=ORIENTED_EDGE('',*,*,#9296,.T.);
#7580=ORIENTED_EDGE('',*,*,#9285,.T.);
#7581=ORIENTED_EDGE('',*,*,#9292,.T.);
#7582=ORIENTED_EDGE('',*,*,#9290,.T.);
#7583=ORIENTED_EDGE('',*,*,#9288,.T.);
#7584=ORIENTED_EDGE('',*,*,#9277,.T.);
#7585=ORIENTED_EDGE('',*,*,#9284,.T.);
#7586=ORIENTED_EDGE('',*,*,#9282,.T.);
#7587=ORIENTED_EDGE('',*,*,#9280,.T.);
#7588=ORIENTED_EDGE('',*,*,#9269,.T.);
#7589=ORIENTED_EDGE('',*,*,#9276,.T.);
#7590=ORIENTED_EDGE('',*,*,#9274,.T.);
#7591=ORIENTED_EDGE('',*,*,#9272,.T.);
#7592=ORIENTED_EDGE('',*,*,#9261,.T.);
#7593=ORIENTED_EDGE('',*,*,#9268,.T.);
#7594=ORIENTED_EDGE('',*,*,#9266,.T.);
#7595=ORIENTED_EDGE('',*,*,#9264,.T.);
#7596=ORIENTED_EDGE('',*,*,#9253,.T.);
#7597=ORIENTED_EDGE('',*,*,#9260,.T.);
#7598=ORIENTED_EDGE('',*,*,#9258,.T.);
#7599=ORIENTED_EDGE('',*,*,#9256,.T.);
#7600=ORIENTED_EDGE('',*,*,#9245,.T.);
#7601=ORIENTED_EDGE('',*,*,#9252,.T.);
#7602=ORIENTED_EDGE('',*,*,#9250,.T.);
#7603=ORIENTED_EDGE('',*,*,#9248,.T.);
#7604=ORIENTED_EDGE('',*,*,#9237,.T.);
#7605=ORIENTED_EDGE('',*,*,#9244,.T.);
#7606=ORIENTED_EDGE('',*,*,#9242,.T.);
#7607=ORIENTED_EDGE('',*,*,#9240,.T.);
#7608=ORIENTED_EDGE('',*,*,#9229,.T.);
#7609=ORIENTED_EDGE('',*,*,#9236,.T.);
#7610=ORIENTED_EDGE('',*,*,#9234,.T.);
#7611=ORIENTED_EDGE('',*,*,#9232,.T.);
#7612=ORIENTED_EDGE('',*,*,#9221,.T.);
#7613=ORIENTED_EDGE('',*,*,#9228,.T.);
#7614=ORIENTED_EDGE('',*,*,#9226,.T.);
#7615=ORIENTED_EDGE('',*,*,#9224,.T.);
#7616=ORIENTED_EDGE('',*,*,#9213,.T.);
#7617=ORIENTED_EDGE('',*,*,#9220,.T.);
#7618=ORIENTED_EDGE('',*,*,#9218,.T.);
#7619=ORIENTED_EDGE('',*,*,#9216,.T.);
#7620=ORIENTED_EDGE('',*,*,#9212,.T.);
#7621=ORIENTED_EDGE('',*,*,#9206,.T.);
#7622=ORIENTED_EDGE('',*,*,#9202,.F.);
#7623=ORIENTED_EDGE('',*,*,#9425,.T.);
#7624=ORIENTED_EDGE('',*,*,#9426,.T.);
#7625=ORIENTED_EDGE('',*,*,#9050,.F.);
#7626=ORIENTED_EDGE('',*,*,#9208,.F.);
#7627=ORIENTED_EDGE('',*,*,#9427,.F.);
#7628=ORIENTED_EDGE('',*,*,#9428,.F.);
#7629=ORIENTED_EDGE('',*,*,#9429,.F.);
#7630=ORIENTED_EDGE('',*,*,#9081,.T.);
#7631=ORIENTED_EDGE('',*,*,#9430,.F.);
#7632=ORIENTED_EDGE('',*,*,#9075,.T.);
#7633=ORIENTED_EDGE('',*,*,#9431,.F.);
#7634=ORIENTED_EDGE('',*,*,#9072,.T.);
#7635=ORIENTED_EDGE('',*,*,#9432,.F.);
#7636=ORIENTED_EDGE('',*,*,#9051,.F.);
#7637=ORIENTED_EDGE('',*,*,#9426,.F.);
#7638=ORIENTED_EDGE('',*,*,#9433,.T.);
#7639=ORIENTED_EDGE('',*,*,#9434,.T.);
#7640=ORIENTED_EDGE('',*,*,#9435,.T.);
#7641=ORIENTED_EDGE('',*,*,#9436,.T.);
#7642=ORIENTED_EDGE('',*,*,#9197,.T.);
#7643=ORIENTED_EDGE('',*,*,#9195,.T.);
#7644=ORIENTED_EDGE('',*,*,#9437,.F.);
#7645=ORIENTED_EDGE('',*,*,#9438,.F.);
#7646=ORIENTED_EDGE('',*,*,#9131,.F.);
#7647=ORIENTED_EDGE('',*,*,#9439,.F.);
#7648=ORIENTED_EDGE('',*,*,#9440,.F.);
#7649=ORIENTED_EDGE('',*,*,#9441,.F.);
#7650=ORIENTED_EDGE('',*,*,#9442,.T.);
#7651=ORIENTED_EDGE('',*,*,#9443,.F.);
#7652=ORIENTED_EDGE('',*,*,#9444,.T.);
#7653=ORIENTED_EDGE('',*,*,#9445,.F.);
#7654=ORIENTED_EDGE('',*,*,#9446,.T.);
#7655=ORIENTED_EDGE('',*,*,#9447,.F.);
#7656=ORIENTED_EDGE('',*,*,#9448,.T.);
#7657=ORIENTED_EDGE('',*,*,#9071,.T.);
#7658=ORIENTED_EDGE('',*,*,#9449,.T.);
#7659=ORIENTED_EDGE('',*,*,#9052,.F.);
#7660=ORIENTED_EDGE('',*,*,#9432,.T.);
#7661=ORIENTED_EDGE('',*,*,#9450,.F.);
#7662=ORIENTED_EDGE('',*,*,#9451,.T.);
#7663=ORIENTED_EDGE('',*,*,#9053,.F.);
#7664=ORIENTED_EDGE('',*,*,#9449,.F.);
#7665=ORIENTED_EDGE('',*,*,#9070,.T.);
#7666=ORIENTED_EDGE('',*,*,#9452,.F.);
#7667=ORIENTED_EDGE('',*,*,#9453,.T.);
#7668=ORIENTED_EDGE('',*,*,#9054,.F.);
#7669=ORIENTED_EDGE('',*,*,#9451,.F.);
#7670=ORIENTED_EDGE('',*,*,#9454,.F.);
#7671=ORIENTED_EDGE('',*,*,#9055,.F.);
#7672=ORIENTED_EDGE('',*,*,#9453,.F.);
#7673=ORIENTED_EDGE('',*,*,#9069,.T.);
#7674=ORIENTED_EDGE('',*,*,#9063,.T.);
#7675=ORIENTED_EDGE('',*,*,#9056,.F.);
#7676=ORIENTED_EDGE('',*,*,#9454,.T.);
#7677=ORIENTED_EDGE('',*,*,#9452,.T.);
#7678=ORIENTED_EDGE('',*,*,#9450,.T.);
#7679=ORIENTED_EDGE('',*,*,#9060,.F.);
#7680=ORIENTED_EDGE('',*,*,#9455,.T.);
#7681=ORIENTED_EDGE('',*,*,#9061,.F.);
#7682=ORIENTED_EDGE('',*,*,#9456,.T.);
#7683=ORIENTED_EDGE('',*,*,#9074,.T.);
#7684=ORIENTED_EDGE('',*,*,#9073,.T.);
#7685=ORIENTED_EDGE('',*,*,#9431,.T.);
#7686=ORIENTED_EDGE('',*,*,#9457,.F.);
#7687=ORIENTED_EDGE('',*,*,#9080,.T.);
#7688=ORIENTED_EDGE('',*,*,#9458,.F.);
#7689=ORIENTED_EDGE('',*,*,#9077,.T.);
#7690=ORIENTED_EDGE('',*,*,#9076,.T.);
#7691=ORIENTED_EDGE('',*,*,#9430,.T.);
#7692=ORIENTED_EDGE('',*,*,#9459,.F.);
#7693=ORIENTED_EDGE('',*,*,#9079,.T.);
#7694=ORIENTED_EDGE('',*,*,#9078,.T.);
#7695=ORIENTED_EDGE('',*,*,#9458,.T.);
#7696=ORIENTED_EDGE('',*,*,#9460,.F.);
#7697=ORIENTED_EDGE('',*,*,#9082,.T.);
#7698=ORIENTED_EDGE('',*,*,#9429,.T.);
#7699=ORIENTED_EDGE('',*,*,#9461,.F.);
#7700=ORIENTED_EDGE('',*,*,#9462,.F.);
#7701=ORIENTED_EDGE('',*,*,#9083,.T.);
#7702=ORIENTED_EDGE('',*,*,#9462,.T.);
#7703=ORIENTED_EDGE('',*,*,#9463,.F.);
#7704=ORIENTED_EDGE('',*,*,#9464,.T.);
#7705=ORIENTED_EDGE('',*,*,#9465,.T.);
#7706=ORIENTED_EDGE('',*,*,#9466,.T.);
#7707=ORIENTED_EDGE('',*,*,#9467,.T.);
#7708=ORIENTED_EDGE('',*,*,#9468,.T.);
#7709=ORIENTED_EDGE('',*,*,#9469,.T.);
#7710=ORIENTED_EDGE('',*,*,#9470,.T.);
#7711=ORIENTED_EDGE('',*,*,#9471,.T.);
#7712=ORIENTED_EDGE('',*,*,#9472,.T.);
#7713=ORIENTED_EDGE('',*,*,#9473,.T.);
#7714=ORIENTED_EDGE('',*,*,#9474,.T.);
#7715=ORIENTED_EDGE('',*,*,#9475,.F.);
#7716=ORIENTED_EDGE('',*,*,#9124,.F.);
#7717=ORIENTED_EDGE('',*,*,#9476,.F.);
#7718=ORIENTED_EDGE('',*,*,#9477,.F.);
#7719=ORIENTED_EDGE('',*,*,#9478,.F.);
#7720=ORIENTED_EDGE('',*,*,#9084,.T.);
#7721=ORIENTED_EDGE('',*,*,#9464,.F.);
#7722=ORIENTED_EDGE('',*,*,#9479,.F.);
#7723=ORIENTED_EDGE('',*,*,#9480,.T.);
#7724=ORIENTED_EDGE('',*,*,#9481,.F.);
#7725=ORIENTED_EDGE('',*,*,#9482,.F.);
#7726=ORIENTED_EDGE('',*,*,#9128,.F.);
#7727=ORIENTED_EDGE('',*,*,#9483,.F.);
#7728=ORIENTED_EDGE('',*,*,#9484,.T.);
#7729=ORIENTED_EDGE('',*,*,#9485,.T.);
#7730=ORIENTED_EDGE('',*,*,#9486,.T.);
#7731=ORIENTED_EDGE('',*,*,#9487,.T.);
#7732=ORIENTED_EDGE('',*,*,#9488,.T.);
#7733=ORIENTED_EDGE('',*,*,#9489,.T.);
#7734=ORIENTED_EDGE('',*,*,#9490,.T.);
#7735=ORIENTED_EDGE('',*,*,#9491,.T.);
#7736=ORIENTED_EDGE('',*,*,#9492,.T.);
#7737=ORIENTED_EDGE('',*,*,#9493,.T.);
#7738=ORIENTED_EDGE('',*,*,#9494,.T.);
#7739=ORIENTED_EDGE('',*,*,#9495,.T.);
#7740=ORIENTED_EDGE('',*,*,#9496,.T.);
#7741=ORIENTED_EDGE('',*,*,#9497,.T.);
#7742=ORIENTED_EDGE('',*,*,#9498,.T.);
#7743=ORIENTED_EDGE('',*,*,#9499,.T.);
#7744=ORIENTED_EDGE('',*,*,#9500,.T.);
#7745=ORIENTED_EDGE('',*,*,#9501,.T.);
#7746=ORIENTED_EDGE('',*,*,#9502,.T.);
#7747=ORIENTED_EDGE('',*,*,#9503,.T.);
#7748=ORIENTED_EDGE('',*,*,#9504,.T.);
#7749=ORIENTED_EDGE('',*,*,#9505,.T.);
#7750=ORIENTED_EDGE('',*,*,#9506,.T.);
#7751=ORIENTED_EDGE('',*,*,#9507,.T.);
#7752=ORIENTED_EDGE('',*,*,#9508,.T.);
#7753=ORIENTED_EDGE('',*,*,#9509,.T.);
#7754=ORIENTED_EDGE('',*,*,#9510,.T.);
#7755=ORIENTED_EDGE('',*,*,#9511,.T.);
#7756=ORIENTED_EDGE('',*,*,#9512,.T.);
#7757=ORIENTED_EDGE('',*,*,#9513,.T.);
#7758=ORIENTED_EDGE('',*,*,#9514,.T.);
#7759=ORIENTED_EDGE('',*,*,#9515,.T.);
#7760=ORIENTED_EDGE('',*,*,#9516,.T.);
#7761=ORIENTED_EDGE('',*,*,#9517,.T.);
#7762=ORIENTED_EDGE('',*,*,#9518,.T.);
#7763=ORIENTED_EDGE('',*,*,#9519,.T.);
#7764=ORIENTED_EDGE('',*,*,#9520,.T.);
#7765=ORIENTED_EDGE('',*,*,#9521,.T.);
#7766=ORIENTED_EDGE('',*,*,#9522,.T.);
#7767=ORIENTED_EDGE('',*,*,#9523,.T.);
#7768=ORIENTED_EDGE('',*,*,#9524,.T.);
#7769=ORIENTED_EDGE('',*,*,#9525,.T.);
#7770=ORIENTED_EDGE('',*,*,#9526,.T.);
#7771=ORIENTED_EDGE('',*,*,#9527,.T.);
#7772=ORIENTED_EDGE('',*,*,#9528,.T.);
#7773=ORIENTED_EDGE('',*,*,#9529,.T.);
#7774=ORIENTED_EDGE('',*,*,#9530,.T.);
#7775=ORIENTED_EDGE('',*,*,#9531,.T.);
#7776=ORIENTED_EDGE('',*,*,#9532,.T.);
#7777=ORIENTED_EDGE('',*,*,#9533,.T.);
#7778=ORIENTED_EDGE('',*,*,#9534,.T.);
#7779=ORIENTED_EDGE('',*,*,#9535,.T.);
#7780=ORIENTED_EDGE('',*,*,#9536,.T.);
#7781=ORIENTED_EDGE('',*,*,#9537,.T.);
#7782=ORIENTED_EDGE('',*,*,#9538,.T.);
#7783=ORIENTED_EDGE('',*,*,#9539,.T.);
#7784=ORIENTED_EDGE('',*,*,#9540,.T.);
#7785=ORIENTED_EDGE('',*,*,#9541,.T.);
#7786=ORIENTED_EDGE('',*,*,#9542,.T.);
#7787=ORIENTED_EDGE('',*,*,#9543,.T.);
#7788=ORIENTED_EDGE('',*,*,#9544,.T.);
#7789=ORIENTED_EDGE('',*,*,#9545,.T.);
#7790=ORIENTED_EDGE('',*,*,#9546,.T.);
#7791=ORIENTED_EDGE('',*,*,#9547,.T.);
#7792=ORIENTED_EDGE('',*,*,#9548,.T.);
#7793=ORIENTED_EDGE('',*,*,#9549,.T.);
#7794=ORIENTED_EDGE('',*,*,#9550,.T.);
#7795=ORIENTED_EDGE('',*,*,#9551,.T.);
#7796=ORIENTED_EDGE('',*,*,#9552,.T.);
#7797=ORIENTED_EDGE('',*,*,#9553,.T.);
#7798=ORIENTED_EDGE('',*,*,#9554,.T.);
#7799=ORIENTED_EDGE('',*,*,#9555,.T.);
#7800=ORIENTED_EDGE('',*,*,#9556,.T.);
#7801=ORIENTED_EDGE('',*,*,#9557,.T.);
#7802=ORIENTED_EDGE('',*,*,#9558,.T.);
#7803=ORIENTED_EDGE('',*,*,#9559,.T.);
#7804=ORIENTED_EDGE('',*,*,#9560,.T.);
#7805=ORIENTED_EDGE('',*,*,#9561,.T.);
#7806=ORIENTED_EDGE('',*,*,#9562,.T.);
#7807=ORIENTED_EDGE('',*,*,#9563,.T.);
#7808=ORIENTED_EDGE('',*,*,#9564,.T.);
#7809=ORIENTED_EDGE('',*,*,#9565,.T.);
#7810=ORIENTED_EDGE('',*,*,#9566,.T.);
#7811=ORIENTED_EDGE('',*,*,#9567,.T.);
#7812=ORIENTED_EDGE('',*,*,#9568,.T.);
#7813=ORIENTED_EDGE('',*,*,#9569,.T.);
#7814=ORIENTED_EDGE('',*,*,#9570,.T.);
#7815=ORIENTED_EDGE('',*,*,#9571,.T.);
#7816=ORIENTED_EDGE('',*,*,#9572,.T.);
#7817=ORIENTED_EDGE('',*,*,#9573,.T.);
#7818=ORIENTED_EDGE('',*,*,#9574,.T.);
#7819=ORIENTED_EDGE('',*,*,#9575,.T.);
#7820=ORIENTED_EDGE('',*,*,#9576,.T.);
#7821=ORIENTED_EDGE('',*,*,#9577,.T.);
#7822=ORIENTED_EDGE('',*,*,#9578,.T.);
#7823=ORIENTED_EDGE('',*,*,#9579,.T.);
#7824=ORIENTED_EDGE('',*,*,#9580,.T.);
#7825=ORIENTED_EDGE('',*,*,#9581,.T.);
#7826=ORIENTED_EDGE('',*,*,#9582,.T.);
#7827=ORIENTED_EDGE('',*,*,#9583,.T.);
#7828=ORIENTED_EDGE('',*,*,#9584,.T.);
#7829=ORIENTED_EDGE('',*,*,#9585,.T.);
#7830=ORIENTED_EDGE('',*,*,#9586,.T.);
#7831=ORIENTED_EDGE('',*,*,#9587,.T.);
#7832=ORIENTED_EDGE('',*,*,#9588,.T.);
#7833=ORIENTED_EDGE('',*,*,#9589,.T.);
#7834=ORIENTED_EDGE('',*,*,#9590,.T.);
#7835=ORIENTED_EDGE('',*,*,#9591,.T.);
#7836=ORIENTED_EDGE('',*,*,#9592,.T.);
#7837=ORIENTED_EDGE('',*,*,#9593,.T.);
#7838=ORIENTED_EDGE('',*,*,#9594,.T.);
#7839=ORIENTED_EDGE('',*,*,#9478,.T.);
#7840=ORIENTED_EDGE('',*,*,#9595,.T.);
#7841=ORIENTED_EDGE('',*,*,#9596,.T.);
#7842=ORIENTED_EDGE('',*,*,#9597,.T.);
#7843=ORIENTED_EDGE('',*,*,#9598,.T.);
#7844=ORIENTED_EDGE('',*,*,#9599,.T.);
#7845=ORIENTED_EDGE('',*,*,#9600,.F.);
#7846=ORIENTED_EDGE('',*,*,#9085,.T.);
#7847=ORIENTED_EDGE('',*,*,#9098,.F.);
#7848=ORIENTED_EDGE('',*,*,#9090,.T.);
#7849=ORIENTED_EDGE('',*,*,#9601,.F.);
#7850=ORIENTED_EDGE('',*,*,#9602,.F.);
#7851=ORIENTED_EDGE('',*,*,#9603,.F.);
#7852=ORIENTED_EDGE('',*,*,#9086,.T.);
#7853=ORIENTED_EDGE('',*,*,#9600,.T.);
#7854=ORIENTED_EDGE('',*,*,#9604,.F.);
#7855=ORIENTED_EDGE('',*,*,#9605,.F.);
#7856=ORIENTED_EDGE('',*,*,#9121,.F.);
#7857=ORIENTED_EDGE('',*,*,#9606,.F.);
#7858=ORIENTED_EDGE('',*,*,#9607,.F.);
#7859=ORIENTED_EDGE('',*,*,#9608,.T.);
#7860=ORIENTED_EDGE('',*,*,#9609,.T.);
#7861=ORIENTED_EDGE('',*,*,#9610,.T.);
#7862=ORIENTED_EDGE('',*,*,#9611,.T.);
#7863=ORIENTED_EDGE('',*,*,#9612,.T.);
#7864=ORIENTED_EDGE('',*,*,#9613,.T.);
#7865=ORIENTED_EDGE('',*,*,#9614,.T.);
#7866=ORIENTED_EDGE('',*,*,#9615,.T.);
#7867=ORIENTED_EDGE('',*,*,#9087,.T.);
#7868=ORIENTED_EDGE('',*,*,#9603,.T.);
#7869=ORIENTED_EDGE('',*,*,#9616,.F.);
#7870=ORIENTED_EDGE('',*,*,#9617,.F.);
#7871=ORIENTED_EDGE('',*,*,#9088,.T.);
#7872=ORIENTED_EDGE('',*,*,#9617,.T.);
#7873=ORIENTED_EDGE('',*,*,#9618,.F.);
#7874=ORIENTED_EDGE('',*,*,#9619,.F.);
#7875=ORIENTED_EDGE('',*,*,#9089,.T.);
#7876=ORIENTED_EDGE('',*,*,#9619,.T.);
#7877=ORIENTED_EDGE('',*,*,#9620,.F.);
#7878=ORIENTED_EDGE('',*,*,#9601,.T.);
#7879=ORIENTED_EDGE('',*,*,#9621,.F.);
#7880=ORIENTED_EDGE('',*,*,#9091,.T.);
#7881=ORIENTED_EDGE('',*,*,#9622,.F.);
#7882=ORIENTED_EDGE('',*,*,#9092,.T.);
#7883=ORIENTED_EDGE('',*,*,#9623,.F.);
#7884=ORIENTED_EDGE('',*,*,#9093,.T.);
#7885=ORIENTED_EDGE('',*,*,#9624,.F.);
#7886=ORIENTED_EDGE('',*,*,#9094,.T.);
#7887=ORIENTED_EDGE('',*,*,#9625,.F.);
#7888=ORIENTED_EDGE('',*,*,#9095,.T.);
#7889=ORIENTED_EDGE('',*,*,#9096,.T.);
#7890=ORIENTED_EDGE('',*,*,#9626,.T.);
#7891=ORIENTED_EDGE('',*,*,#9097,.T.);
#7892=ORIENTED_EDGE('',*,*,#9627,.T.);
#7893=ORIENTED_EDGE('',*,*,#9099,.F.);
#7894=ORIENTED_EDGE('',*,*,#9607,.T.);
#7895=ORIENTED_EDGE('',*,*,#9628,.T.);
#7896=ORIENTED_EDGE('',*,*,#9629,.F.);
#7897=ORIENTED_EDGE('',*,*,#9105,.F.);
#7898=ORIENTED_EDGE('',*,*,#9630,.T.);
#7899=ORIENTED_EDGE('',*,*,#9101,.F.);
#7900=ORIENTED_EDGE('',*,*,#9631,.T.);
#7901=ORIENTED_EDGE('',*,*,#9632,.T.);
#7902=ORIENTED_EDGE('',*,*,#9102,.F.);
#7903=ORIENTED_EDGE('',*,*,#9632,.F.);
#7904=ORIENTED_EDGE('',*,*,#9631,.F.);
#7905=ORIENTED_EDGE('',*,*,#9100,.F.);
#7906=ORIENTED_EDGE('',*,*,#9630,.F.);
#7907=ORIENTED_EDGE('',*,*,#9104,.F.);
#7908=ORIENTED_EDGE('',*,*,#9138,.F.);
#7909=ORIENTED_EDGE('',*,*,#9106,.T.);
#7910=ORIENTED_EDGE('',*,*,#9629,.T.);
#7911=ORIENTED_EDGE('',*,*,#9633,.F.);
#7912=ORIENTED_EDGE('',*,*,#9108,.F.);
#7913=ORIENTED_EDGE('',*,*,#9628,.F.);
#7914=ORIENTED_EDGE('',*,*,#9606,.T.);
#7915=ORIENTED_EDGE('',*,*,#9120,.F.);
#7916=ORIENTED_EDGE('',*,*,#9109,.F.);
#7917=ORIENTED_EDGE('',*,*,#9633,.T.);
#7918=ORIENTED_EDGE('',*,*,#9634,.F.);
#7919=ORIENTED_EDGE('',*,*,#9635,.T.);
#7920=ORIENTED_EDGE('',*,*,#9636,.T.);
#7921=ORIENTED_EDGE('',*,*,#9111,.T.);
#7922=ORIENTED_EDGE('',*,*,#9636,.F.);
#7923=ORIENTED_EDGE('',*,*,#9637,.T.);
#7924=ORIENTED_EDGE('',*,*,#9638,.T.);
#7925=ORIENTED_EDGE('',*,*,#9112,.F.);
#7926=ORIENTED_EDGE('',*,*,#9639,.T.);
#7927=ORIENTED_EDGE('',*,*,#9640,.T.);
#7928=ORIENTED_EDGE('',*,*,#9641,.T.);
#7929=ORIENTED_EDGE('',*,*,#9642,.T.);
#7930=ORIENTED_EDGE('',*,*,#9643,.T.);
#7931=ORIENTED_EDGE('',*,*,#9644,.T.);
#7932=ORIENTED_EDGE('',*,*,#9645,.T.);
#7933=ORIENTED_EDGE('',*,*,#9646,.T.);
#7934=ORIENTED_EDGE('',*,*,#9638,.F.);
#7935=ORIENTED_EDGE('',*,*,#9647,.T.);
#7936=ORIENTED_EDGE('',*,*,#9421,.T.);
#7937=ORIENTED_EDGE('',*,*,#9113,.T.);
#7938=ORIENTED_EDGE('',*,*,#9423,.F.);
#7939=ORIENTED_EDGE('',*,*,#9648,.T.);
#7940=ORIENTED_EDGE('',*,*,#9649,.T.);
#7941=ORIENTED_EDGE('',*,*,#9115,.T.);
#7942=ORIENTED_EDGE('',*,*,#9650,.T.);
#7943=ORIENTED_EDGE('',*,*,#9116,.F.);
#7944=ORIENTED_EDGE('',*,*,#9649,.F.);
#7945=ORIENTED_EDGE('',*,*,#9651,.T.);
#7946=ORIENTED_EDGE('',*,*,#9652,.F.);
#7947=ORIENTED_EDGE('',*,*,#9653,.T.);
#7948=ORIENTED_EDGE('',*,*,#9654,.F.);
#7949=ORIENTED_EDGE('',*,*,#9655,.T.);
#7950=ORIENTED_EDGE('',*,*,#9656,.F.);
#7951=ORIENTED_EDGE('',*,*,#9657,.T.);
#7952=ORIENTED_EDGE('',*,*,#9658,.F.);
#7953=ORIENTED_EDGE('',*,*,#9659,.T.);
#7954=ORIENTED_EDGE('',*,*,#9660,.T.);
#7955=ORIENTED_EDGE('',*,*,#9661,.T.);
#7956=ORIENTED_EDGE('',*,*,#9662,.T.);
#7957=ORIENTED_EDGE('',*,*,#9663,.T.);
#7958=ORIENTED_EDGE('',*,*,#9650,.F.);
#7959=ORIENTED_EDGE('',*,*,#9664,.T.);
#7960=ORIENTED_EDGE('',*,*,#9665,.T.);
#7961=ORIENTED_EDGE('',*,*,#9117,.T.);
#7962=ORIENTED_EDGE('',*,*,#9634,.T.);
#7963=ORIENTED_EDGE('',*,*,#9118,.F.);
#7964=ORIENTED_EDGE('',*,*,#9665,.F.);
#7965=ORIENTED_EDGE('',*,*,#9666,.T.);
#7966=ORIENTED_EDGE('',*,*,#9667,.T.);
#7967=ORIENTED_EDGE('',*,*,#9668,.T.);
#7968=ORIENTED_EDGE('',*,*,#9669,.T.);
#7969=ORIENTED_EDGE('',*,*,#9670,.T.);
#7970=ORIENTED_EDGE('',*,*,#9671,.T.);
#7971=ORIENTED_EDGE('',*,*,#9672,.T.);
#7972=ORIENTED_EDGE('',*,*,#9673,.T.);
#7973=ORIENTED_EDGE('',*,*,#9674,.T.);
#7974=ORIENTED_EDGE('',*,*,#9675,.T.);
#7975=ORIENTED_EDGE('',*,*,#9676,.T.);
#7976=ORIENTED_EDGE('',*,*,#9677,.T.);
#7977=ORIENTED_EDGE('',*,*,#9678,.T.);
#7978=ORIENTED_EDGE('',*,*,#9679,.T.);
#7979=ORIENTED_EDGE('',*,*,#9680,.T.);
#7980=ORIENTED_EDGE('',*,*,#9681,.T.);
#7981=ORIENTED_EDGE('',*,*,#9682,.T.);
#7982=ORIENTED_EDGE('',*,*,#9683,.T.);
#7983=ORIENTED_EDGE('',*,*,#9684,.T.);
#7984=ORIENTED_EDGE('',*,*,#9685,.T.);
#7985=ORIENTED_EDGE('',*,*,#9686,.T.);
#7986=ORIENTED_EDGE('',*,*,#9687,.T.);
#7987=ORIENTED_EDGE('',*,*,#9688,.T.);
#7988=ORIENTED_EDGE('',*,*,#9689,.T.);
#7989=ORIENTED_EDGE('',*,*,#9690,.T.);
#7990=ORIENTED_EDGE('',*,*,#9691,.T.);
#7991=ORIENTED_EDGE('',*,*,#9692,.T.);
#7992=ORIENTED_EDGE('',*,*,#9693,.T.);
#7993=ORIENTED_EDGE('',*,*,#9694,.T.);
#7994=ORIENTED_EDGE('',*,*,#9695,.T.);
#7995=ORIENTED_EDGE('',*,*,#9696,.T.);
#7996=ORIENTED_EDGE('',*,*,#9697,.T.);
#7997=ORIENTED_EDGE('',*,*,#9698,.T.);
#7998=ORIENTED_EDGE('',*,*,#9699,.T.);
#7999=ORIENTED_EDGE('',*,*,#9700,.T.);
#8000=ORIENTED_EDGE('',*,*,#9701,.T.);
#8001=ORIENTED_EDGE('',*,*,#9702,.T.);
#8002=ORIENTED_EDGE('',*,*,#9703,.T.);
#8003=ORIENTED_EDGE('',*,*,#9704,.T.);
#8004=ORIENTED_EDGE('',*,*,#9705,.T.);
#8005=ORIENTED_EDGE('',*,*,#9706,.T.);
#8006=ORIENTED_EDGE('',*,*,#9707,.T.);
#8007=ORIENTED_EDGE('',*,*,#9708,.T.);
#8008=ORIENTED_EDGE('',*,*,#9709,.T.);
#8009=ORIENTED_EDGE('',*,*,#9710,.T.);
#8010=ORIENTED_EDGE('',*,*,#9711,.T.);
#8011=ORIENTED_EDGE('',*,*,#9712,.T.);
#8012=ORIENTED_EDGE('',*,*,#9713,.T.);
#8013=ORIENTED_EDGE('',*,*,#9714,.T.);
#8014=ORIENTED_EDGE('',*,*,#9715,.T.);
#8015=ORIENTED_EDGE('',*,*,#9716,.T.);
#8016=ORIENTED_EDGE('',*,*,#9717,.T.);
#8017=ORIENTED_EDGE('',*,*,#9718,.T.);
#8018=ORIENTED_EDGE('',*,*,#9719,.T.);
#8019=ORIENTED_EDGE('',*,*,#9720,.T.);
#8020=ORIENTED_EDGE('',*,*,#9721,.T.);
#8021=ORIENTED_EDGE('',*,*,#9722,.T.);
#8022=ORIENTED_EDGE('',*,*,#9723,.T.);
#8023=ORIENTED_EDGE('',*,*,#9724,.T.);
#8024=ORIENTED_EDGE('',*,*,#9725,.T.);
#8025=ORIENTED_EDGE('',*,*,#9726,.T.);
#8026=ORIENTED_EDGE('',*,*,#9727,.T.);
#8027=ORIENTED_EDGE('',*,*,#9728,.T.);
#8028=ORIENTED_EDGE('',*,*,#9729,.T.);
#8029=ORIENTED_EDGE('',*,*,#9730,.T.);
#8030=ORIENTED_EDGE('',*,*,#9731,.T.);
#8031=ORIENTED_EDGE('',*,*,#9732,.T.);
#8032=ORIENTED_EDGE('',*,*,#9733,.T.);
#8033=ORIENTED_EDGE('',*,*,#9734,.T.);
#8034=ORIENTED_EDGE('',*,*,#9735,.T.);
#8035=ORIENTED_EDGE('',*,*,#9736,.T.);
#8036=ORIENTED_EDGE('',*,*,#9737,.T.);
#8037=ORIENTED_EDGE('',*,*,#9738,.T.);
#8038=ORIENTED_EDGE('',*,*,#9739,.T.);
#8039=ORIENTED_EDGE('',*,*,#9740,.T.);
#8040=ORIENTED_EDGE('',*,*,#9741,.T.);
#8041=ORIENTED_EDGE('',*,*,#9742,.T.);
#8042=ORIENTED_EDGE('',*,*,#9743,.T.);
#8043=ORIENTED_EDGE('',*,*,#9744,.T.);
#8044=ORIENTED_EDGE('',*,*,#9745,.T.);
#8045=ORIENTED_EDGE('',*,*,#9746,.T.);
#8046=ORIENTED_EDGE('',*,*,#9747,.T.);
#8047=ORIENTED_EDGE('',*,*,#9748,.T.);
#8048=ORIENTED_EDGE('',*,*,#9749,.T.);
#8049=ORIENTED_EDGE('',*,*,#9750,.T.);
#8050=ORIENTED_EDGE('',*,*,#9751,.T.);
#8051=ORIENTED_EDGE('',*,*,#9752,.T.);
#8052=ORIENTED_EDGE('',*,*,#9753,.T.);
#8053=ORIENTED_EDGE('',*,*,#9754,.T.);
#8054=ORIENTED_EDGE('',*,*,#9755,.T.);
#8055=ORIENTED_EDGE('',*,*,#9756,.T.);
#8056=ORIENTED_EDGE('',*,*,#9757,.T.);
#8057=ORIENTED_EDGE('',*,*,#9758,.T.);
#8058=ORIENTED_EDGE('',*,*,#9759,.T.);
#8059=ORIENTED_EDGE('',*,*,#9760,.T.);
#8060=ORIENTED_EDGE('',*,*,#9761,.T.);
#8061=ORIENTED_EDGE('',*,*,#9762,.T.);
#8062=ORIENTED_EDGE('',*,*,#9763,.T.);
#8063=ORIENTED_EDGE('',*,*,#9764,.T.);
#8064=ORIENTED_EDGE('',*,*,#9765,.T.);
#8065=ORIENTED_EDGE('',*,*,#9766,.T.);
#8066=ORIENTED_EDGE('',*,*,#9767,.T.);
#8067=ORIENTED_EDGE('',*,*,#9768,.T.);
#8068=ORIENTED_EDGE('',*,*,#9769,.T.);
#8069=ORIENTED_EDGE('',*,*,#9770,.T.);
#8070=ORIENTED_EDGE('',*,*,#9771,.T.);
#8071=ORIENTED_EDGE('',*,*,#9772,.T.);
#8072=ORIENTED_EDGE('',*,*,#9773,.T.);
#8073=ORIENTED_EDGE('',*,*,#9774,.T.);
#8074=ORIENTED_EDGE('',*,*,#9775,.T.);
#8075=ORIENTED_EDGE('',*,*,#9776,.T.);
#8076=ORIENTED_EDGE('',*,*,#9777,.T.);
#8077=ORIENTED_EDGE('',*,*,#9778,.T.);
#8078=ORIENTED_EDGE('',*,*,#9779,.T.);
#8079=ORIENTED_EDGE('',*,*,#9780,.T.);
#8080=ORIENTED_EDGE('',*,*,#9781,.T.);
#8081=ORIENTED_EDGE('',*,*,#9782,.T.);
#8082=ORIENTED_EDGE('',*,*,#9783,.T.);
#8083=ORIENTED_EDGE('',*,*,#9784,.T.);
#8084=ORIENTED_EDGE('',*,*,#9785,.T.);
#8085=ORIENTED_EDGE('',*,*,#9786,.T.);
#8086=ORIENTED_EDGE('',*,*,#9787,.F.);
#8087=ORIENTED_EDGE('',*,*,#9788,.T.);
#8088=ORIENTED_EDGE('',*,*,#9789,.T.);
#8089=ORIENTED_EDGE('',*,*,#9122,.F.);
#8090=ORIENTED_EDGE('',*,*,#9605,.T.);
#8091=ORIENTED_EDGE('',*,*,#9790,.F.);
#8092=ORIENTED_EDGE('',*,*,#9476,.T.);
#8093=ORIENTED_EDGE('',*,*,#9123,.F.);
#8094=ORIENTED_EDGE('',*,*,#9789,.F.);
#8095=ORIENTED_EDGE('',*,*,#9791,.T.);
#8096=ORIENTED_EDGE('',*,*,#9792,.T.);
#8097=ORIENTED_EDGE('',*,*,#9793,.T.);
#8098=ORIENTED_EDGE('',*,*,#9125,.F.);
#8099=ORIENTED_EDGE('',*,*,#9475,.T.);
#8100=ORIENTED_EDGE('',*,*,#9794,.T.);
#8101=ORIENTED_EDGE('',*,*,#9795,.T.);
#8102=ORIENTED_EDGE('',*,*,#9796,.T.);
#8103=ORIENTED_EDGE('',*,*,#9126,.T.);
#8104=ORIENTED_EDGE('',*,*,#9793,.F.);
#8105=ORIENTED_EDGE('',*,*,#9797,.T.);
#8106=ORIENTED_EDGE('',*,*,#9798,.T.);
#8107=ORIENTED_EDGE('',*,*,#9799,.T.);
#8108=ORIENTED_EDGE('',*,*,#9800,.T.);
#8109=ORIENTED_EDGE('',*,*,#9483,.T.);
#8110=ORIENTED_EDGE('',*,*,#9127,.F.);
#8111=ORIENTED_EDGE('',*,*,#9796,.F.);
#8112=ORIENTED_EDGE('',*,*,#9801,.F.);
#8113=ORIENTED_EDGE('',*,*,#9802,.T.);
#8114=ORIENTED_EDGE('',*,*,#9803,.T.);
#8115=ORIENTED_EDGE('',*,*,#9129,.F.);
#8116=ORIENTED_EDGE('',*,*,#9482,.T.);
#8117=ORIENTED_EDGE('',*,*,#9804,.F.);
#8118=ORIENTED_EDGE('',*,*,#9439,.T.);
#8119=ORIENTED_EDGE('',*,*,#9130,.F.);
#8120=ORIENTED_EDGE('',*,*,#9803,.F.);
#8121=ORIENTED_EDGE('',*,*,#9805,.T.);
#8122=ORIENTED_EDGE('',*,*,#9806,.F.);
#8123=ORIENTED_EDGE('',*,*,#9807,.T.);
#8124=ORIENTED_EDGE('',*,*,#9184,.T.);
#8125=ORIENTED_EDGE('',*,*,#9132,.F.);
#8126=ORIENTED_EDGE('',*,*,#9438,.T.);
#8127=ORIENTED_EDGE('',*,*,#9173,.T.);
#8128=ORIENTED_EDGE('',*,*,#9159,.T.);
#8129=ORIENTED_EDGE('',*,*,#9153,.T.);
#8130=ORIENTED_EDGE('',*,*,#9146,.T.);
#8131=ORIENTED_EDGE('',*,*,#9143,.T.);
#8132=ORIENTED_EDGE('',*,*,#9135,.T.);
#8133=ORIENTED_EDGE('',*,*,#9182,.F.);
#8134=ORIENTED_EDGE('',*,*,#9180,.T.);
#8135=ORIENTED_EDGE('',*,*,#9808,.F.);
#8136=ORIENTED_EDGE('',*,*,#9809,.T.);
#8137=ORIENTED_EDGE('',*,*,#9810,.F.);
#8138=ORIENTED_EDGE('',*,*,#9811,.F.);
#8139=ORIENTED_EDGE('',*,*,#9812,.T.);
#8140=ORIENTED_EDGE('',*,*,#9136,.F.);
#8141=ORIENTED_EDGE('',*,*,#9813,.F.);
#8142=ORIENTED_EDGE('',*,*,#9814,.T.);
#8143=ORIENTED_EDGE('',*,*,#9815,.F.);
#8144=ORIENTED_EDGE('',*,*,#9816,.F.);
#8145=ORIENTED_EDGE('',*,*,#9817,.T.);
#8146=ORIENTED_EDGE('',*,*,#9137,.F.);
#8147=ORIENTED_EDGE('',*,*,#9818,.F.);
#8148=ORIENTED_EDGE('',*,*,#9819,.F.);
#8149=ORIENTED_EDGE('',*,*,#9598,.F.);
#8150=ORIENTED_EDGE('',*,*,#9820,.F.);
#8151=ORIENTED_EDGE('',*,*,#9821,.F.);
#8152=ORIENTED_EDGE('',*,*,#9596,.F.);
#8153=ORIENTED_EDGE('',*,*,#9139,.F.);
#8154=ORIENTED_EDGE('',*,*,#9193,.F.);
#8155=ORIENTED_EDGE('',*,*,#9822,.F.);
#8156=ORIENTED_EDGE('',*,*,#9191,.F.);
#8157=ORIENTED_EDGE('',*,*,#9190,.F.);
#8158=ORIENTED_EDGE('',*,*,#9189,.F.);
#8159=ORIENTED_EDGE('',*,*,#9823,.F.);
#8160=ORIENTED_EDGE('',*,*,#9140,.F.);
#8161=ORIENTED_EDGE('',*,*,#9824,.F.);
#8162=ORIENTED_EDGE('',*,*,#9825,.F.);
#8163=ORIENTED_EDGE('',*,*,#9826,.F.);
#8164=ORIENTED_EDGE('',*,*,#9827,.F.);
#8165=ORIENTED_EDGE('',*,*,#9828,.F.);
#8166=ORIENTED_EDGE('',*,*,#9829,.F.);
#8167=ORIENTED_EDGE('',*,*,#9141,.F.);
#8168=ORIENTED_EDGE('',*,*,#9817,.F.);
#8169=ORIENTED_EDGE('',*,*,#9162,.T.);
#8170=ORIENTED_EDGE('',*,*,#9157,.F.);
#8171=ORIENTED_EDGE('',*,*,#9170,.F.);
#8172=ORIENTED_EDGE('',*,*,#9163,.T.);
#8173=ORIENTED_EDGE('',*,*,#9816,.T.);
#8174=ORIENTED_EDGE('',*,*,#9815,.T.);
#8175=ORIENTED_EDGE('',*,*,#9814,.F.);
#8176=ORIENTED_EDGE('',*,*,#9168,.F.);
#8177=ORIENTED_EDGE('',*,*,#9424,.F.);
#8178=ORIENTED_EDGE('',*,*,#9164,.T.);
#8179=ORIENTED_EDGE('',*,*,#9169,.T.);
#8180=ORIENTED_EDGE('',*,*,#9813,.T.);
#8181=ORIENTED_EDGE('',*,*,#9830,.T.);
#8182=ORIENTED_EDGE('',*,*,#9187,.T.);
#8183=ORIENTED_EDGE('',*,*,#9185,.F.);
#8184=ORIENTED_EDGE('',*,*,#9807,.F.);
#8185=ORIENTED_EDGE('',*,*,#9194,.F.);
#8186=ORIENTED_EDGE('',*,*,#9823,.T.);
#8187=ORIENTED_EDGE('',*,*,#9188,.T.);
#8188=ORIENTED_EDGE('',*,*,#9830,.F.);
#8189=ORIENTED_EDGE('',*,*,#9806,.T.);
#8190=ORIENTED_EDGE('',*,*,#9437,.T.);
#8191=ORIENTED_EDGE('',*,*,#9192,.F.);
#8192=ORIENTED_EDGE('',*,*,#9822,.T.);
#8193=ORIENTED_EDGE('',*,*,#9198,.T.);
#8194=ORIENTED_EDGE('',*,*,#9436,.F.);
#8195=ORIENTED_EDGE('',*,*,#9831,.T.);
#8196=ORIENTED_EDGE('',*,*,#9662,.F.);
#8197=ORIENTED_EDGE('',*,*,#9832,.F.);
#8198=ORIENTED_EDGE('',*,*,#9204,.T.);
#8199=ORIENTED_EDGE('',*,*,#9833,.T.);
#8200=ORIENTED_EDGE('',*,*,#9200,.T.);
#8201=ORIENTED_EDGE('',*,*,#9834,.T.);
#8202=ORIENTED_EDGE('',*,*,#9660,.F.);
#8203=ORIENTED_EDGE('',*,*,#9835,.F.);
#8204=ORIENTED_EDGE('',*,*,#9434,.F.);
#8205=ORIENTED_EDGE('',*,*,#9433,.F.);
#8206=ORIENTED_EDGE('',*,*,#9425,.F.);
#8207=ORIENTED_EDGE('',*,*,#9201,.F.);
#8208=ORIENTED_EDGE('',*,*,#9833,.F.);
#8209=ORIENTED_EDGE('',*,*,#9205,.T.);
#8210=ORIENTED_EDGE('',*,*,#9832,.T.);
#8211=ORIENTED_EDGE('',*,*,#9661,.F.);
#8212=ORIENTED_EDGE('',*,*,#9834,.F.);
#8213=ORIENTED_EDGE('',*,*,#9635,.F.);
#8214=ORIENTED_EDGE('',*,*,#9666,.F.);
#8215=ORIENTED_EDGE('',*,*,#9664,.F.);
#8216=ORIENTED_EDGE('',*,*,#9651,.F.);
#8217=ORIENTED_EDGE('',*,*,#9648,.F.);
#8218=ORIENTED_EDGE('',*,*,#9422,.F.);
#8219=ORIENTED_EDGE('',*,*,#9647,.F.);
#8220=ORIENTED_EDGE('',*,*,#9637,.F.);
#8221=ORIENTED_EDGE('',*,*,#9427,.T.);
#8222=ORIENTED_EDGE('',*,*,#9836,.T.);
#8223=ORIENTED_EDGE('',*,*,#9829,.T.);
#8224=ORIENTED_EDGE('',*,*,#9837,.T.);
#8225=ORIENTED_EDGE('',*,*,#9827,.T.);
#8226=ORIENTED_EDGE('',*,*,#9838,.T.);
#8227=ORIENTED_EDGE('',*,*,#9480,.F.);
#8228=ORIENTED_EDGE('',*,*,#9839,.T.);
#8229=ORIENTED_EDGE('',*,*,#9839,.F.);
#8230=ORIENTED_EDGE('',*,*,#9479,.T.);
#8231=ORIENTED_EDGE('',*,*,#9463,.T.);
#8232=ORIENTED_EDGE('',*,*,#9461,.T.);
#8233=ORIENTED_EDGE('',*,*,#9428,.T.);
#8234=ORIENTED_EDGE('',*,*,#9435,.F.);
#8235=ORIENTED_EDGE('',*,*,#9835,.T.);
#8236=ORIENTED_EDGE('',*,*,#9663,.F.);
#8237=ORIENTED_EDGE('',*,*,#9831,.F.);
#8238=ORIENTED_EDGE('',*,*,#9836,.F.);
#8239=ORIENTED_EDGE('',*,*,#9440,.T.);
#8240=ORIENTED_EDGE('',*,*,#9804,.T.);
#8241=ORIENTED_EDGE('',*,*,#9840,.F.);
#8242=ORIENTED_EDGE('',*,*,#9841,.F.);
#8243=ORIENTED_EDGE('',*,*,#9824,.T.);
#8244=ORIENTED_EDGE('',*,*,#9842,.T.);
#8245=ORIENTED_EDGE('',*,*,#9652,.T.);
#8246=ORIENTED_EDGE('',*,*,#9843,.F.);
#8247=ORIENTED_EDGE('',*,*,#9441,.T.);
#8248=ORIENTED_EDGE('',*,*,#9843,.T.);
#8249=ORIENTED_EDGE('',*,*,#9659,.F.);
#8250=ORIENTED_EDGE('',*,*,#9844,.F.);
#8251=ORIENTED_EDGE('',*,*,#9442,.F.);
#8252=ORIENTED_EDGE('',*,*,#9844,.T.);
#8253=ORIENTED_EDGE('',*,*,#9658,.T.);
#8254=ORIENTED_EDGE('',*,*,#9845,.F.);
#8255=ORIENTED_EDGE('',*,*,#9443,.T.);
#8256=ORIENTED_EDGE('',*,*,#9846,.F.);
#8257=ORIENTED_EDGE('',*,*,#9444,.F.);
#8258=ORIENTED_EDGE('',*,*,#9845,.T.);
#8259=ORIENTED_EDGE('',*,*,#9657,.F.);
#8260=ORIENTED_EDGE('',*,*,#9846,.T.);
#8261=ORIENTED_EDGE('',*,*,#9656,.T.);
#8262=ORIENTED_EDGE('',*,*,#9847,.F.);
#8263=ORIENTED_EDGE('',*,*,#9445,.T.);
#8264=ORIENTED_EDGE('',*,*,#9848,.F.);
#8265=ORIENTED_EDGE('',*,*,#9446,.F.);
#8266=ORIENTED_EDGE('',*,*,#9847,.T.);
#8267=ORIENTED_EDGE('',*,*,#9655,.F.);
#8268=ORIENTED_EDGE('',*,*,#9848,.T.);
#8269=ORIENTED_EDGE('',*,*,#9654,.T.);
#8270=ORIENTED_EDGE('',*,*,#9849,.F.);
#8271=ORIENTED_EDGE('',*,*,#9447,.T.);
#8272=ORIENTED_EDGE('',*,*,#9842,.F.);
#8273=ORIENTED_EDGE('',*,*,#9448,.F.);
#8274=ORIENTED_EDGE('',*,*,#9849,.T.);
#8275=ORIENTED_EDGE('',*,*,#9653,.F.);
#8276=ORIENTED_EDGE('',*,*,#9455,.F.);
#8277=ORIENTED_EDGE('',*,*,#9456,.F.);
#8278=ORIENTED_EDGE('',*,*,#9457,.T.);
#8279=ORIENTED_EDGE('',*,*,#9850,.T.);
#8280=ORIENTED_EDGE('',*,*,#9459,.T.);
#8281=ORIENTED_EDGE('',*,*,#9851,.T.);
#8282=ORIENTED_EDGE('',*,*,#9460,.T.);
#8283=ORIENTED_EDGE('',*,*,#9852,.T.);
#8284=ORIENTED_EDGE('',*,*,#9727,.F.);
#8285=ORIENTED_EDGE('',*,*,#9853,.F.);
#8286=ORIENTED_EDGE('',*,*,#9794,.F.);
#8287=ORIENTED_EDGE('',*,*,#9854,.F.);
#8288=ORIENTED_EDGE('',*,*,#9465,.F.);
#8289=ORIENTED_EDGE('',*,*,#9855,.T.);
#8290=ORIENTED_EDGE('',*,*,#9854,.T.);
#8291=ORIENTED_EDGE('',*,*,#9799,.F.);
#8292=ORIENTED_EDGE('',*,*,#9856,.T.);
#8293=ORIENTED_EDGE('',*,*,#9470,.F.);
#8294=ORIENTED_EDGE('',*,*,#9857,.T.);
#8295=ORIENTED_EDGE('',*,*,#9858,.T.);
#8296=ORIENTED_EDGE('',*,*,#9859,.T.);
#8297=ORIENTED_EDGE('',*,*,#9466,.F.);
#8298=ORIENTED_EDGE('',*,*,#9733,.F.);
#8299=ORIENTED_EDGE('',*,*,#9860,.F.);
#8300=ORIENTED_EDGE('',*,*,#9467,.F.);
#8301=ORIENTED_EDGE('',*,*,#9859,.F.);
#8302=ORIENTED_EDGE('',*,*,#9861,.T.);
#8303=ORIENTED_EDGE('',*,*,#9862,.F.);
#8304=ORIENTED_EDGE('',*,*,#9863,.T.);
#8305=ORIENTED_EDGE('',*,*,#9732,.F.);
#8306=ORIENTED_EDGE('',*,*,#9864,.F.);
#8307=ORIENTED_EDGE('',*,*,#9468,.F.);
#8308=ORIENTED_EDGE('',*,*,#9860,.T.);
#8309=ORIENTED_EDGE('',*,*,#9731,.F.);
#8310=ORIENTED_EDGE('',*,*,#9865,.F.);
#8311=ORIENTED_EDGE('',*,*,#9866,.F.);
#8312=ORIENTED_EDGE('',*,*,#9867,.F.);
#8313=ORIENTED_EDGE('',*,*,#9857,.F.);
#8314=ORIENTED_EDGE('',*,*,#9469,.F.);
#8315=ORIENTED_EDGE('',*,*,#9864,.T.);
#8316=ORIENTED_EDGE('',*,*,#9737,.F.);
#8317=ORIENTED_EDGE('',*,*,#9868,.F.);
#8318=ORIENTED_EDGE('',*,*,#9471,.F.);
#8319=ORIENTED_EDGE('',*,*,#9856,.F.);
#8320=ORIENTED_EDGE('',*,*,#9798,.F.);
#8321=ORIENTED_EDGE('',*,*,#9869,.T.);
#8322=ORIENTED_EDGE('',*,*,#9736,.F.);
#8323=ORIENTED_EDGE('',*,*,#9870,.F.);
#8324=ORIENTED_EDGE('',*,*,#9472,.F.);
#8325=ORIENTED_EDGE('',*,*,#9868,.T.);
#8326=ORIENTED_EDGE('',*,*,#9735,.F.);
#8327=ORIENTED_EDGE('',*,*,#9871,.F.);
#8328=ORIENTED_EDGE('',*,*,#9473,.F.);
#8329=ORIENTED_EDGE('',*,*,#9870,.T.);
#8330=ORIENTED_EDGE('',*,*,#9738,.F.);
#8331=ORIENTED_EDGE('',*,*,#9869,.F.);
#8332=ORIENTED_EDGE('',*,*,#9797,.F.);
#8333=ORIENTED_EDGE('',*,*,#9792,.F.);
#8334=ORIENTED_EDGE('',*,*,#9474,.F.);
#8335=ORIENTED_EDGE('',*,*,#9871,.T.);
#8336=ORIENTED_EDGE('',*,*,#9595,.F.);
#8337=ORIENTED_EDGE('',*,*,#9477,.T.);
#8338=ORIENTED_EDGE('',*,*,#9790,.T.);
#8339=ORIENTED_EDGE('',*,*,#9872,.F.);
#8340=ORIENTED_EDGE('',*,*,#9873,.F.);
#8341=ORIENTED_EDGE('',*,*,#9818,.T.);
#8342=ORIENTED_EDGE('',*,*,#9838,.F.);
#8343=ORIENTED_EDGE('',*,*,#9826,.T.);
#8344=ORIENTED_EDGE('',*,*,#9825,.T.);
#8345=ORIENTED_EDGE('',*,*,#9841,.T.);
#8346=ORIENTED_EDGE('',*,*,#9874,.F.);
#8347=ORIENTED_EDGE('',*,*,#9801,.T.);
#8348=ORIENTED_EDGE('',*,*,#9481,.T.);
#8349=ORIENTED_EDGE('',*,*,#9730,.F.);
#8350=ORIENTED_EDGE('',*,*,#9875,.F.);
#8351=ORIENTED_EDGE('',*,*,#9484,.F.);
#8352=ORIENTED_EDGE('',*,*,#9800,.F.);
#8353=ORIENTED_EDGE('',*,*,#9795,.F.);
#8354=ORIENTED_EDGE('',*,*,#9853,.T.);
#8355=ORIENTED_EDGE('',*,*,#9729,.F.);
#8356=ORIENTED_EDGE('',*,*,#9876,.F.);
#8357=ORIENTED_EDGE('',*,*,#9485,.F.);
#8358=ORIENTED_EDGE('',*,*,#9875,.T.);
#8359=ORIENTED_EDGE('',*,*,#9728,.F.);
#8360=ORIENTED_EDGE('',*,*,#9855,.F.);
#8361=ORIENTED_EDGE('',*,*,#9486,.F.);
#8362=ORIENTED_EDGE('',*,*,#9876,.T.);
#8363=ORIENTED_EDGE('',*,*,#9667,.F.);
#8364=ORIENTED_EDGE('',*,*,#9877,.F.);
#8365=ORIENTED_EDGE('',*,*,#9487,.F.);
#8366=ORIENTED_EDGE('',*,*,#9878,.T.);
#8367=ORIENTED_EDGE('',*,*,#9670,.F.);
#8368=ORIENTED_EDGE('',*,*,#9879,.F.);
#8369=ORIENTED_EDGE('',*,*,#9488,.F.);
#8370=ORIENTED_EDGE('',*,*,#9877,.T.);
#8371=ORIENTED_EDGE('',*,*,#9669,.F.);
#8372=ORIENTED_EDGE('',*,*,#9880,.F.);
#8373=ORIENTED_EDGE('',*,*,#9489,.F.);
#8374=ORIENTED_EDGE('',*,*,#9879,.T.);
#8375=ORIENTED_EDGE('',*,*,#9668,.F.);
#8376=ORIENTED_EDGE('',*,*,#9878,.F.);
#8377=ORIENTED_EDGE('',*,*,#9490,.F.);
#8378=ORIENTED_EDGE('',*,*,#9880,.T.);
#8379=ORIENTED_EDGE('',*,*,#9671,.F.);
#8380=ORIENTED_EDGE('',*,*,#9881,.F.);
#8381=ORIENTED_EDGE('',*,*,#9491,.F.);
#8382=ORIENTED_EDGE('',*,*,#9882,.T.);
#8383=ORIENTED_EDGE('',*,*,#9674,.F.);
#8384=ORIENTED_EDGE('',*,*,#9883,.F.);
#8385=ORIENTED_EDGE('',*,*,#9492,.F.);
#8386=ORIENTED_EDGE('',*,*,#9881,.T.);
#8387=ORIENTED_EDGE('',*,*,#9673,.F.);
#8388=ORIENTED_EDGE('',*,*,#9884,.F.);
#8389=ORIENTED_EDGE('',*,*,#9493,.F.);
#8390=ORIENTED_EDGE('',*,*,#9883,.T.);
#8391=ORIENTED_EDGE('',*,*,#9672,.F.);
#8392=ORIENTED_EDGE('',*,*,#9882,.F.);
#8393=ORIENTED_EDGE('',*,*,#9494,.F.);
#8394=ORIENTED_EDGE('',*,*,#9884,.T.);
#8395=ORIENTED_EDGE('',*,*,#9675,.F.);
#8396=ORIENTED_EDGE('',*,*,#9885,.F.);
#8397=ORIENTED_EDGE('',*,*,#9495,.F.);
#8398=ORIENTED_EDGE('',*,*,#9886,.T.);
#8399=ORIENTED_EDGE('',*,*,#9678,.F.);
#8400=ORIENTED_EDGE('',*,*,#9887,.F.);
#8401=ORIENTED_EDGE('',*,*,#9496,.F.);
#8402=ORIENTED_EDGE('',*,*,#9885,.T.);
#8403=ORIENTED_EDGE('',*,*,#9677,.F.);
#8404=ORIENTED_EDGE('',*,*,#9888,.F.);
#8405=ORIENTED_EDGE('',*,*,#9497,.F.);
#8406=ORIENTED_EDGE('',*,*,#9887,.T.);
#8407=ORIENTED_EDGE('',*,*,#9676,.F.);
#8408=ORIENTED_EDGE('',*,*,#9886,.F.);
#8409=ORIENTED_EDGE('',*,*,#9498,.F.);
#8410=ORIENTED_EDGE('',*,*,#9888,.T.);
#8411=ORIENTED_EDGE('',*,*,#9679,.F.);
#8412=ORIENTED_EDGE('',*,*,#9889,.F.);
#8413=ORIENTED_EDGE('',*,*,#9499,.F.);
#8414=ORIENTED_EDGE('',*,*,#9890,.T.);
#8415=ORIENTED_EDGE('',*,*,#9682,.F.);
#8416=ORIENTED_EDGE('',*,*,#9891,.F.);
#8417=ORIENTED_EDGE('',*,*,#9500,.F.);
#8418=ORIENTED_EDGE('',*,*,#9889,.T.);
#8419=ORIENTED_EDGE('',*,*,#9681,.F.);
#8420=ORIENTED_EDGE('',*,*,#9892,.F.);
#8421=ORIENTED_EDGE('',*,*,#9501,.F.);
#8422=ORIENTED_EDGE('',*,*,#9891,.T.);
#8423=ORIENTED_EDGE('',*,*,#9680,.F.);
#8424=ORIENTED_EDGE('',*,*,#9890,.F.);
#8425=ORIENTED_EDGE('',*,*,#9502,.F.);
#8426=ORIENTED_EDGE('',*,*,#9892,.T.);
#8427=ORIENTED_EDGE('',*,*,#9683,.F.);
#8428=ORIENTED_EDGE('',*,*,#9893,.F.);
#8429=ORIENTED_EDGE('',*,*,#9503,.F.);
#8430=ORIENTED_EDGE('',*,*,#9894,.T.);
#8431=ORIENTED_EDGE('',*,*,#9686,.F.);
#8432=ORIENTED_EDGE('',*,*,#9895,.F.);
#8433=ORIENTED_EDGE('',*,*,#9504,.F.);
#8434=ORIENTED_EDGE('',*,*,#9893,.T.);
#8435=ORIENTED_EDGE('',*,*,#9685,.F.);
#8436=ORIENTED_EDGE('',*,*,#9896,.F.);
#8437=ORIENTED_EDGE('',*,*,#9505,.F.);
#8438=ORIENTED_EDGE('',*,*,#9895,.T.);
#8439=ORIENTED_EDGE('',*,*,#9684,.F.);
#8440=ORIENTED_EDGE('',*,*,#9894,.F.);
#8441=ORIENTED_EDGE('',*,*,#9506,.F.);
#8442=ORIENTED_EDGE('',*,*,#9896,.T.);
#8443=ORIENTED_EDGE('',*,*,#9687,.F.);
#8444=ORIENTED_EDGE('',*,*,#9897,.F.);
#8445=ORIENTED_EDGE('',*,*,#9507,.F.);
#8446=ORIENTED_EDGE('',*,*,#9898,.T.);
#8447=ORIENTED_EDGE('',*,*,#9690,.F.);
#8448=ORIENTED_EDGE('',*,*,#9899,.F.);
#8449=ORIENTED_EDGE('',*,*,#9508,.F.);
#8450=ORIENTED_EDGE('',*,*,#9897,.T.);
#8451=ORIENTED_EDGE('',*,*,#9689,.F.);
#8452=ORIENTED_EDGE('',*,*,#9900,.F.);
#8453=ORIENTED_EDGE('',*,*,#9509,.F.);
#8454=ORIENTED_EDGE('',*,*,#9899,.T.);
#8455=ORIENTED_EDGE('',*,*,#9688,.F.);
#8456=ORIENTED_EDGE('',*,*,#9898,.F.);
#8457=ORIENTED_EDGE('',*,*,#9510,.F.);
#8458=ORIENTED_EDGE('',*,*,#9900,.T.);
#8459=ORIENTED_EDGE('',*,*,#9691,.F.);
#8460=ORIENTED_EDGE('',*,*,#9901,.F.);
#8461=ORIENTED_EDGE('',*,*,#9511,.F.);
#8462=ORIENTED_EDGE('',*,*,#9902,.T.);
#8463=ORIENTED_EDGE('',*,*,#9694,.F.);
#8464=ORIENTED_EDGE('',*,*,#9903,.F.);
#8465=ORIENTED_EDGE('',*,*,#9512,.F.);
#8466=ORIENTED_EDGE('',*,*,#9901,.T.);
#8467=ORIENTED_EDGE('',*,*,#9693,.F.);
#8468=ORIENTED_EDGE('',*,*,#9904,.F.);
#8469=ORIENTED_EDGE('',*,*,#9513,.F.);
#8470=ORIENTED_EDGE('',*,*,#9903,.T.);
#8471=ORIENTED_EDGE('',*,*,#9692,.F.);
#8472=ORIENTED_EDGE('',*,*,#9902,.F.);
#8473=ORIENTED_EDGE('',*,*,#9514,.F.);
#8474=ORIENTED_EDGE('',*,*,#9904,.T.);
#8475=ORIENTED_EDGE('',*,*,#9695,.F.);
#8476=ORIENTED_EDGE('',*,*,#9905,.F.);
#8477=ORIENTED_EDGE('',*,*,#9515,.F.);
#8478=ORIENTED_EDGE('',*,*,#9906,.T.);
#8479=ORIENTED_EDGE('',*,*,#9698,.F.);
#8480=ORIENTED_EDGE('',*,*,#9907,.F.);
#8481=ORIENTED_EDGE('',*,*,#9516,.F.);
#8482=ORIENTED_EDGE('',*,*,#9905,.T.);
#8483=ORIENTED_EDGE('',*,*,#9697,.F.);
#8484=ORIENTED_EDGE('',*,*,#9908,.F.);
#8485=ORIENTED_EDGE('',*,*,#9517,.F.);
#8486=ORIENTED_EDGE('',*,*,#9907,.T.);
#8487=ORIENTED_EDGE('',*,*,#9696,.F.);
#8488=ORIENTED_EDGE('',*,*,#9906,.F.);
#8489=ORIENTED_EDGE('',*,*,#9518,.F.);
#8490=ORIENTED_EDGE('',*,*,#9908,.T.);
#8491=ORIENTED_EDGE('',*,*,#9699,.F.);
#8492=ORIENTED_EDGE('',*,*,#9909,.F.);
#8493=ORIENTED_EDGE('',*,*,#9519,.F.);
#8494=ORIENTED_EDGE('',*,*,#9910,.T.);
#8495=ORIENTED_EDGE('',*,*,#9702,.F.);
#8496=ORIENTED_EDGE('',*,*,#9911,.F.);
#8497=ORIENTED_EDGE('',*,*,#9520,.F.);
#8498=ORIENTED_EDGE('',*,*,#9909,.T.);
#8499=ORIENTED_EDGE('',*,*,#9701,.F.);
#8500=ORIENTED_EDGE('',*,*,#9912,.F.);
#8501=ORIENTED_EDGE('',*,*,#9521,.F.);
#8502=ORIENTED_EDGE('',*,*,#9911,.T.);
#8503=ORIENTED_EDGE('',*,*,#9700,.F.);
#8504=ORIENTED_EDGE('',*,*,#9910,.F.);
#8505=ORIENTED_EDGE('',*,*,#9522,.F.);
#8506=ORIENTED_EDGE('',*,*,#9912,.T.);
#8507=ORIENTED_EDGE('',*,*,#9703,.F.);
#8508=ORIENTED_EDGE('',*,*,#9913,.F.);
#8509=ORIENTED_EDGE('',*,*,#9523,.F.);
#8510=ORIENTED_EDGE('',*,*,#9914,.T.);
#8511=ORIENTED_EDGE('',*,*,#9706,.F.);
#8512=ORIENTED_EDGE('',*,*,#9915,.F.);
#8513=ORIENTED_EDGE('',*,*,#9524,.F.);
#8514=ORIENTED_EDGE('',*,*,#9913,.T.);
#8515=ORIENTED_EDGE('',*,*,#9705,.F.);
#8516=ORIENTED_EDGE('',*,*,#9916,.F.);
#8517=ORIENTED_EDGE('',*,*,#9525,.F.);
#8518=ORIENTED_EDGE('',*,*,#9915,.T.);
#8519=ORIENTED_EDGE('',*,*,#9704,.F.);
#8520=ORIENTED_EDGE('',*,*,#9914,.F.);
#8521=ORIENTED_EDGE('',*,*,#9526,.F.);
#8522=ORIENTED_EDGE('',*,*,#9916,.T.);
#8523=ORIENTED_EDGE('',*,*,#9707,.F.);
#8524=ORIENTED_EDGE('',*,*,#9917,.F.);
#8525=ORIENTED_EDGE('',*,*,#9527,.F.);
#8526=ORIENTED_EDGE('',*,*,#9918,.T.);
#8527=ORIENTED_EDGE('',*,*,#9710,.F.);
#8528=ORIENTED_EDGE('',*,*,#9919,.F.);
#8529=ORIENTED_EDGE('',*,*,#9528,.F.);
#8530=ORIENTED_EDGE('',*,*,#9917,.T.);
#8531=ORIENTED_EDGE('',*,*,#9709,.F.);
#8532=ORIENTED_EDGE('',*,*,#9920,.F.);
#8533=ORIENTED_EDGE('',*,*,#9529,.F.);
#8534=ORIENTED_EDGE('',*,*,#9919,.T.);
#8535=ORIENTED_EDGE('',*,*,#9708,.F.);
#8536=ORIENTED_EDGE('',*,*,#9918,.F.);
#8537=ORIENTED_EDGE('',*,*,#9530,.F.);
#8538=ORIENTED_EDGE('',*,*,#9920,.T.);
#8539=ORIENTED_EDGE('',*,*,#9711,.F.);
#8540=ORIENTED_EDGE('',*,*,#9921,.F.);
#8541=ORIENTED_EDGE('',*,*,#9531,.F.);
#8542=ORIENTED_EDGE('',*,*,#9922,.T.);
#8543=ORIENTED_EDGE('',*,*,#9714,.F.);
#8544=ORIENTED_EDGE('',*,*,#9923,.F.);
#8545=ORIENTED_EDGE('',*,*,#9532,.F.);
#8546=ORIENTED_EDGE('',*,*,#9921,.T.);
#8547=ORIENTED_EDGE('',*,*,#9713,.F.);
#8548=ORIENTED_EDGE('',*,*,#9924,.F.);
#8549=ORIENTED_EDGE('',*,*,#9533,.F.);
#8550=ORIENTED_EDGE('',*,*,#9923,.T.);
#8551=ORIENTED_EDGE('',*,*,#9712,.F.);
#8552=ORIENTED_EDGE('',*,*,#9922,.F.);
#8553=ORIENTED_EDGE('',*,*,#9534,.F.);
#8554=ORIENTED_EDGE('',*,*,#9924,.T.);
#8555=ORIENTED_EDGE('',*,*,#9715,.F.);
#8556=ORIENTED_EDGE('',*,*,#9925,.F.);
#8557=ORIENTED_EDGE('',*,*,#9535,.F.);
#8558=ORIENTED_EDGE('',*,*,#9926,.T.);
#8559=ORIENTED_EDGE('',*,*,#9718,.F.);
#8560=ORIENTED_EDGE('',*,*,#9927,.F.);
#8561=ORIENTED_EDGE('',*,*,#9536,.F.);
#8562=ORIENTED_EDGE('',*,*,#9925,.T.);
#8563=ORIENTED_EDGE('',*,*,#9717,.F.);
#8564=ORIENTED_EDGE('',*,*,#9928,.F.);
#8565=ORIENTED_EDGE('',*,*,#9537,.F.);
#8566=ORIENTED_EDGE('',*,*,#9927,.T.);
#8567=ORIENTED_EDGE('',*,*,#9716,.F.);
#8568=ORIENTED_EDGE('',*,*,#9926,.F.);
#8569=ORIENTED_EDGE('',*,*,#9538,.F.);
#8570=ORIENTED_EDGE('',*,*,#9928,.T.);
#8571=ORIENTED_EDGE('',*,*,#9719,.F.);
#8572=ORIENTED_EDGE('',*,*,#9929,.F.);
#8573=ORIENTED_EDGE('',*,*,#9539,.F.);
#8574=ORIENTED_EDGE('',*,*,#9930,.T.);
#8575=ORIENTED_EDGE('',*,*,#9722,.F.);
#8576=ORIENTED_EDGE('',*,*,#9931,.F.);
#8577=ORIENTED_EDGE('',*,*,#9540,.F.);
#8578=ORIENTED_EDGE('',*,*,#9929,.T.);
#8579=ORIENTED_EDGE('',*,*,#9721,.F.);
#8580=ORIENTED_EDGE('',*,*,#9932,.F.);
#8581=ORIENTED_EDGE('',*,*,#9541,.F.);
#8582=ORIENTED_EDGE('',*,*,#9931,.T.);
#8583=ORIENTED_EDGE('',*,*,#9720,.F.);
#8584=ORIENTED_EDGE('',*,*,#9930,.F.);
#8585=ORIENTED_EDGE('',*,*,#9542,.F.);
#8586=ORIENTED_EDGE('',*,*,#9932,.T.);
#8587=ORIENTED_EDGE('',*,*,#9723,.F.);
#8588=ORIENTED_EDGE('',*,*,#9933,.F.);
#8589=ORIENTED_EDGE('',*,*,#9543,.F.);
#8590=ORIENTED_EDGE('',*,*,#9934,.T.);
#8591=ORIENTED_EDGE('',*,*,#9726,.F.);
#8592=ORIENTED_EDGE('',*,*,#9935,.F.);
#8593=ORIENTED_EDGE('',*,*,#9544,.F.);
#8594=ORIENTED_EDGE('',*,*,#9933,.T.);
#8595=ORIENTED_EDGE('',*,*,#9725,.F.);
#8596=ORIENTED_EDGE('',*,*,#9936,.F.);
#8597=ORIENTED_EDGE('',*,*,#9545,.F.);
#8598=ORIENTED_EDGE('',*,*,#9935,.T.);
#8599=ORIENTED_EDGE('',*,*,#9724,.F.);
#8600=ORIENTED_EDGE('',*,*,#9934,.F.);
#8601=ORIENTED_EDGE('',*,*,#9546,.F.);
#8602=ORIENTED_EDGE('',*,*,#9936,.T.);
#8603=ORIENTED_EDGE('',*,*,#9739,.F.);
#8604=ORIENTED_EDGE('',*,*,#9937,.F.);
#8605=ORIENTED_EDGE('',*,*,#9547,.F.);
#8606=ORIENTED_EDGE('',*,*,#9938,.T.);
#8607=ORIENTED_EDGE('',*,*,#9742,.F.);
#8608=ORIENTED_EDGE('',*,*,#9939,.F.);
#8609=ORIENTED_EDGE('',*,*,#9548,.F.);
#8610=ORIENTED_EDGE('',*,*,#9937,.T.);
#8611=ORIENTED_EDGE('',*,*,#9741,.F.);
#8612=ORIENTED_EDGE('',*,*,#9940,.F.);
#8613=ORIENTED_EDGE('',*,*,#9549,.F.);
#8614=ORIENTED_EDGE('',*,*,#9939,.T.);
#8615=ORIENTED_EDGE('',*,*,#9740,.F.);
#8616=ORIENTED_EDGE('',*,*,#9938,.F.);
#8617=ORIENTED_EDGE('',*,*,#9550,.F.);
#8618=ORIENTED_EDGE('',*,*,#9940,.T.);
#8619=ORIENTED_EDGE('',*,*,#9743,.F.);
#8620=ORIENTED_EDGE('',*,*,#9941,.F.);
#8621=ORIENTED_EDGE('',*,*,#9551,.F.);
#8622=ORIENTED_EDGE('',*,*,#9942,.T.);
#8623=ORIENTED_EDGE('',*,*,#9746,.F.);
#8624=ORIENTED_EDGE('',*,*,#9943,.F.);
#8625=ORIENTED_EDGE('',*,*,#9552,.F.);
#8626=ORIENTED_EDGE('',*,*,#9941,.T.);
#8627=ORIENTED_EDGE('',*,*,#9745,.F.);
#8628=ORIENTED_EDGE('',*,*,#9944,.F.);
#8629=ORIENTED_EDGE('',*,*,#9553,.F.);
#8630=ORIENTED_EDGE('',*,*,#9943,.T.);
#8631=ORIENTED_EDGE('',*,*,#9744,.F.);
#8632=ORIENTED_EDGE('',*,*,#9942,.F.);
#8633=ORIENTED_EDGE('',*,*,#9554,.F.);
#8634=ORIENTED_EDGE('',*,*,#9944,.T.);
#8635=ORIENTED_EDGE('',*,*,#9747,.F.);
#8636=ORIENTED_EDGE('',*,*,#9945,.F.);
#8637=ORIENTED_EDGE('',*,*,#9555,.F.);
#8638=ORIENTED_EDGE('',*,*,#9946,.T.);
#8639=ORIENTED_EDGE('',*,*,#9750,.F.);
#8640=ORIENTED_EDGE('',*,*,#9947,.F.);
#8641=ORIENTED_EDGE('',*,*,#9556,.F.);
#8642=ORIENTED_EDGE('',*,*,#9945,.T.);
#8643=ORIENTED_EDGE('',*,*,#9749,.F.);
#8644=ORIENTED_EDGE('',*,*,#9948,.F.);
#8645=ORIENTED_EDGE('',*,*,#9557,.F.);
#8646=ORIENTED_EDGE('',*,*,#9947,.T.);
#8647=ORIENTED_EDGE('',*,*,#9748,.F.);
#8648=ORIENTED_EDGE('',*,*,#9946,.F.);
#8649=ORIENTED_EDGE('',*,*,#9558,.F.);
#8650=ORIENTED_EDGE('',*,*,#9948,.T.);
#8651=ORIENTED_EDGE('',*,*,#9751,.F.);
#8652=ORIENTED_EDGE('',*,*,#9949,.F.);
#8653=ORIENTED_EDGE('',*,*,#9559,.F.);
#8654=ORIENTED_EDGE('',*,*,#9950,.T.);
#8655=ORIENTED_EDGE('',*,*,#9754,.F.);
#8656=ORIENTED_EDGE('',*,*,#9951,.F.);
#8657=ORIENTED_EDGE('',*,*,#9560,.F.);
#8658=ORIENTED_EDGE('',*,*,#9949,.T.);
#8659=ORIENTED_EDGE('',*,*,#9753,.F.);
#8660=ORIENTED_EDGE('',*,*,#9952,.F.);
#8661=ORIENTED_EDGE('',*,*,#9561,.F.);
#8662=ORIENTED_EDGE('',*,*,#9951,.T.);
#8663=ORIENTED_EDGE('',*,*,#9752,.F.);
#8664=ORIENTED_EDGE('',*,*,#9950,.F.);
#8665=ORIENTED_EDGE('',*,*,#9562,.F.);
#8666=ORIENTED_EDGE('',*,*,#9952,.T.);
#8667=ORIENTED_EDGE('',*,*,#9755,.F.);
#8668=ORIENTED_EDGE('',*,*,#9953,.F.);
#8669=ORIENTED_EDGE('',*,*,#9563,.F.);
#8670=ORIENTED_EDGE('',*,*,#9954,.T.);
#8671=ORIENTED_EDGE('',*,*,#9758,.F.);
#8672=ORIENTED_EDGE('',*,*,#9955,.F.);
#8673=ORIENTED_EDGE('',*,*,#9564,.F.);
#8674=ORIENTED_EDGE('',*,*,#9953,.T.);
#8675=ORIENTED_EDGE('',*,*,#9757,.F.);
#8676=ORIENTED_EDGE('',*,*,#9956,.F.);
#8677=ORIENTED_EDGE('',*,*,#9565,.F.);
#8678=ORIENTED_EDGE('',*,*,#9955,.T.);
#8679=ORIENTED_EDGE('',*,*,#9756,.F.);
#8680=ORIENTED_EDGE('',*,*,#9954,.F.);
#8681=ORIENTED_EDGE('',*,*,#9566,.F.);
#8682=ORIENTED_EDGE('',*,*,#9956,.T.);
#8683=ORIENTED_EDGE('',*,*,#9759,.F.);
#8684=ORIENTED_EDGE('',*,*,#9957,.F.);
#8685=ORIENTED_EDGE('',*,*,#9567,.F.);
#8686=ORIENTED_EDGE('',*,*,#9958,.T.);
#8687=ORIENTED_EDGE('',*,*,#9762,.F.);
#8688=ORIENTED_EDGE('',*,*,#9959,.F.);
#8689=ORIENTED_EDGE('',*,*,#9568,.F.);
#8690=ORIENTED_EDGE('',*,*,#9957,.T.);
#8691=ORIENTED_EDGE('',*,*,#9761,.F.);
#8692=ORIENTED_EDGE('',*,*,#9960,.F.);
#8693=ORIENTED_EDGE('',*,*,#9569,.F.);
#8694=ORIENTED_EDGE('',*,*,#9959,.T.);
#8695=ORIENTED_EDGE('',*,*,#9760,.F.);
#8696=ORIENTED_EDGE('',*,*,#9958,.F.);
#8697=ORIENTED_EDGE('',*,*,#9570,.F.);
#8698=ORIENTED_EDGE('',*,*,#9960,.T.);
#8699=ORIENTED_EDGE('',*,*,#9763,.F.);
#8700=ORIENTED_EDGE('',*,*,#9961,.F.);
#8701=ORIENTED_EDGE('',*,*,#9571,.F.);
#8702=ORIENTED_EDGE('',*,*,#9962,.T.);
#8703=ORIENTED_EDGE('',*,*,#9766,.F.);
#8704=ORIENTED_EDGE('',*,*,#9963,.F.);
#8705=ORIENTED_EDGE('',*,*,#9572,.F.);
#8706=ORIENTED_EDGE('',*,*,#9961,.T.);
#8707=ORIENTED_EDGE('',*,*,#9765,.F.);
#8708=ORIENTED_EDGE('',*,*,#9964,.F.);
#8709=ORIENTED_EDGE('',*,*,#9573,.F.);
#8710=ORIENTED_EDGE('',*,*,#9963,.T.);
#8711=ORIENTED_EDGE('',*,*,#9764,.F.);
#8712=ORIENTED_EDGE('',*,*,#9962,.F.);
#8713=ORIENTED_EDGE('',*,*,#9574,.F.);
#8714=ORIENTED_EDGE('',*,*,#9964,.T.);
#8715=ORIENTED_EDGE('',*,*,#9767,.F.);
#8716=ORIENTED_EDGE('',*,*,#9965,.F.);
#8717=ORIENTED_EDGE('',*,*,#9575,.F.);
#8718=ORIENTED_EDGE('',*,*,#9966,.T.);
#8719=ORIENTED_EDGE('',*,*,#9770,.F.);
#8720=ORIENTED_EDGE('',*,*,#9967,.F.);
#8721=ORIENTED_EDGE('',*,*,#9576,.F.);
#8722=ORIENTED_EDGE('',*,*,#9965,.T.);
#8723=ORIENTED_EDGE('',*,*,#9769,.F.);
#8724=ORIENTED_EDGE('',*,*,#9968,.F.);
#8725=ORIENTED_EDGE('',*,*,#9577,.F.);
#8726=ORIENTED_EDGE('',*,*,#9967,.T.);
#8727=ORIENTED_EDGE('',*,*,#9768,.F.);
#8728=ORIENTED_EDGE('',*,*,#9966,.F.);
#8729=ORIENTED_EDGE('',*,*,#9578,.F.);
#8730=ORIENTED_EDGE('',*,*,#9968,.T.);
#8731=ORIENTED_EDGE('',*,*,#9771,.F.);
#8732=ORIENTED_EDGE('',*,*,#9969,.F.);
#8733=ORIENTED_EDGE('',*,*,#9579,.F.);
#8734=ORIENTED_EDGE('',*,*,#9970,.T.);
#8735=ORIENTED_EDGE('',*,*,#9774,.F.);
#8736=ORIENTED_EDGE('',*,*,#9971,.F.);
#8737=ORIENTED_EDGE('',*,*,#9580,.F.);
#8738=ORIENTED_EDGE('',*,*,#9969,.T.);
#8739=ORIENTED_EDGE('',*,*,#9773,.F.);
#8740=ORIENTED_EDGE('',*,*,#9972,.F.);
#8741=ORIENTED_EDGE('',*,*,#9581,.F.);
#8742=ORIENTED_EDGE('',*,*,#9971,.T.);
#8743=ORIENTED_EDGE('',*,*,#9772,.F.);
#8744=ORIENTED_EDGE('',*,*,#9970,.F.);
#8745=ORIENTED_EDGE('',*,*,#9582,.F.);
#8746=ORIENTED_EDGE('',*,*,#9972,.T.);
#8747=ORIENTED_EDGE('',*,*,#9775,.F.);
#8748=ORIENTED_EDGE('',*,*,#9973,.F.);
#8749=ORIENTED_EDGE('',*,*,#9583,.F.);
#8750=ORIENTED_EDGE('',*,*,#9974,.T.);
#8751=ORIENTED_EDGE('',*,*,#9778,.F.);
#8752=ORIENTED_EDGE('',*,*,#9975,.F.);
#8753=ORIENTED_EDGE('',*,*,#9584,.F.);
#8754=ORIENTED_EDGE('',*,*,#9973,.T.);
#8755=ORIENTED_EDGE('',*,*,#9777,.F.);
#8756=ORIENTED_EDGE('',*,*,#9976,.F.);
#8757=ORIENTED_EDGE('',*,*,#9585,.F.);
#8758=ORIENTED_EDGE('',*,*,#9975,.T.);
#8759=ORIENTED_EDGE('',*,*,#9776,.F.);
#8760=ORIENTED_EDGE('',*,*,#9974,.F.);
#8761=ORIENTED_EDGE('',*,*,#9586,.F.);
#8762=ORIENTED_EDGE('',*,*,#9976,.T.);
#8763=ORIENTED_EDGE('',*,*,#9779,.F.);
#8764=ORIENTED_EDGE('',*,*,#9977,.F.);
#8765=ORIENTED_EDGE('',*,*,#9587,.F.);
#8766=ORIENTED_EDGE('',*,*,#9978,.T.);
#8767=ORIENTED_EDGE('',*,*,#9782,.F.);
#8768=ORIENTED_EDGE('',*,*,#9979,.F.);
#8769=ORIENTED_EDGE('',*,*,#9588,.F.);
#8770=ORIENTED_EDGE('',*,*,#9977,.T.);
#8771=ORIENTED_EDGE('',*,*,#9781,.F.);
#8772=ORIENTED_EDGE('',*,*,#9980,.F.);
#8773=ORIENTED_EDGE('',*,*,#9589,.F.);
#8774=ORIENTED_EDGE('',*,*,#9979,.T.);
#8775=ORIENTED_EDGE('',*,*,#9780,.F.);
#8776=ORIENTED_EDGE('',*,*,#9978,.F.);
#8777=ORIENTED_EDGE('',*,*,#9590,.F.);
#8778=ORIENTED_EDGE('',*,*,#9980,.T.);
#8779=ORIENTED_EDGE('',*,*,#9783,.F.);
#8780=ORIENTED_EDGE('',*,*,#9981,.F.);
#8781=ORIENTED_EDGE('',*,*,#9591,.F.);
#8782=ORIENTED_EDGE('',*,*,#9982,.T.);
#8783=ORIENTED_EDGE('',*,*,#9786,.F.);
#8784=ORIENTED_EDGE('',*,*,#9983,.F.);
#8785=ORIENTED_EDGE('',*,*,#9592,.F.);
#8786=ORIENTED_EDGE('',*,*,#9981,.T.);
#8787=ORIENTED_EDGE('',*,*,#9785,.F.);
#8788=ORIENTED_EDGE('',*,*,#9984,.F.);
#8789=ORIENTED_EDGE('',*,*,#9593,.F.);
#8790=ORIENTED_EDGE('',*,*,#9983,.T.);
#8791=ORIENTED_EDGE('',*,*,#9784,.F.);
#8792=ORIENTED_EDGE('',*,*,#9982,.F.);
#8793=ORIENTED_EDGE('',*,*,#9594,.F.);
#8794=ORIENTED_EDGE('',*,*,#9984,.T.);
#8795=ORIENTED_EDGE('',*,*,#9597,.F.);
#8796=ORIENTED_EDGE('',*,*,#9821,.T.);
#8797=ORIENTED_EDGE('',*,*,#9820,.T.);
#8798=ORIENTED_EDGE('',*,*,#9599,.F.);
#8799=ORIENTED_EDGE('',*,*,#9819,.T.);
#8800=ORIENTED_EDGE('',*,*,#9873,.T.);
#8801=ORIENTED_EDGE('',*,*,#9985,.F.);
#8802=ORIENTED_EDGE('',*,*,#9787,.T.);
#8803=ORIENTED_EDGE('',*,*,#9604,.T.);
#8804=ORIENTED_EDGE('',*,*,#9602,.T.);
#8805=ORIENTED_EDGE('',*,*,#9620,.T.);
#8806=ORIENTED_EDGE('',*,*,#9618,.T.);
#8807=ORIENTED_EDGE('',*,*,#9616,.T.);
#8808=ORIENTED_EDGE('',*,*,#9608,.F.);
#8809=ORIENTED_EDGE('',*,*,#9986,.T.);
#8810=ORIENTED_EDGE('',*,*,#9639,.F.);
#8811=ORIENTED_EDGE('',*,*,#9987,.F.);
#8812=ORIENTED_EDGE('',*,*,#9609,.F.);
#8813=ORIENTED_EDGE('',*,*,#9987,.T.);
#8814=ORIENTED_EDGE('',*,*,#9644,.F.);
#8815=ORIENTED_EDGE('',*,*,#9988,.F.);
#8816=ORIENTED_EDGE('',*,*,#9610,.F.);
#8817=ORIENTED_EDGE('',*,*,#9988,.T.);
#8818=ORIENTED_EDGE('',*,*,#9643,.F.);
#8819=ORIENTED_EDGE('',*,*,#9989,.F.);
#8820=ORIENTED_EDGE('',*,*,#9611,.F.);
#8821=ORIENTED_EDGE('',*,*,#9989,.T.);
#8822=ORIENTED_EDGE('',*,*,#9642,.F.);
#8823=ORIENTED_EDGE('',*,*,#9990,.F.);
#8824=ORIENTED_EDGE('',*,*,#9612,.F.);
#8825=ORIENTED_EDGE('',*,*,#9990,.T.);
#8826=ORIENTED_EDGE('',*,*,#9641,.F.);
#8827=ORIENTED_EDGE('',*,*,#9991,.F.);
#8828=ORIENTED_EDGE('',*,*,#9613,.F.);
#8829=ORIENTED_EDGE('',*,*,#9991,.T.);
#8830=ORIENTED_EDGE('',*,*,#9640,.F.);
#8831=ORIENTED_EDGE('',*,*,#9986,.F.);
#8832=ORIENTED_EDGE('',*,*,#9614,.F.);
#8833=ORIENTED_EDGE('',*,*,#9645,.F.);
#8834=ORIENTED_EDGE('',*,*,#9615,.F.);
#8835=ORIENTED_EDGE('',*,*,#9646,.F.);
#8836=ORIENTED_EDGE('',*,*,#9621,.T.);
#8837=ORIENTED_EDGE('',*,*,#9992,.T.);
#8838=ORIENTED_EDGE('',*,*,#9622,.T.);
#8839=ORIENTED_EDGE('',*,*,#9993,.T.);
#8840=ORIENTED_EDGE('',*,*,#9623,.T.);
#8841=ORIENTED_EDGE('',*,*,#9994,.T.);
#8842=ORIENTED_EDGE('',*,*,#9624,.T.);
#8843=ORIENTED_EDGE('',*,*,#9995,.T.);
#8844=ORIENTED_EDGE('',*,*,#9625,.T.);
#8845=ORIENTED_EDGE('',*,*,#9996,.T.);
#8846=ORIENTED_EDGE('',*,*,#9626,.F.);
#8847=ORIENTED_EDGE('',*,*,#9997,.T.);
#8848=ORIENTED_EDGE('',*,*,#9627,.F.);
#8849=ORIENTED_EDGE('',*,*,#9998,.T.);
#8850=ORIENTED_EDGE('',*,*,#9812,.F.);
#8851=ORIENTED_EDGE('',*,*,#9865,.T.);
#8852=ORIENTED_EDGE('',*,*,#9734,.F.);
#8853=ORIENTED_EDGE('',*,*,#9863,.F.);
#8854=ORIENTED_EDGE('',*,*,#9985,.T.);
#8855=ORIENTED_EDGE('',*,*,#9872,.T.);
#8856=ORIENTED_EDGE('',*,*,#9791,.F.);
#8857=ORIENTED_EDGE('',*,*,#9788,.F.);
#8858=ORIENTED_EDGE('',*,*,#9874,.T.);
#8859=ORIENTED_EDGE('',*,*,#9840,.T.);
#8860=ORIENTED_EDGE('',*,*,#9805,.F.);
#8861=ORIENTED_EDGE('',*,*,#9802,.F.);
#8862=ORIENTED_EDGE('',*,*,#9809,.F.);
#8863=ORIENTED_EDGE('',*,*,#9861,.F.);
#8864=ORIENTED_EDGE('',*,*,#9858,.F.);
#8865=ORIENTED_EDGE('',*,*,#9867,.T.);
#8866=ORIENTED_EDGE('',*,*,#9866,.T.);
#8867=ORIENTED_EDGE('',*,*,#9811,.T.);
#8868=ORIENTED_EDGE('',*,*,#9810,.T.);
#8869=ORIENTED_EDGE('',*,*,#9862,.T.);
#8870=ORIENTED_EDGE('',*,*,#9808,.T.);
#8871=ORIENTED_EDGE('',*,*,#9837,.F.);
#8872=ORIENTED_EDGE('',*,*,#9828,.T.);
#8873=ORIENTED_EDGE('',*,*,#9850,.F.);
#8874=ORIENTED_EDGE('',*,*,#9999,.T.);
#8875=ORIENTED_EDGE('',*,*,#9851,.F.);
#8876=ORIENTED_EDGE('',*,*,#10000,.T.);
#8877=ORIENTED_EDGE('',*,*,#9852,.F.);
#8878=ORIENTED_EDGE('',*,*,#10001,.T.);
#8879=ORIENTED_EDGE('',*,*,#9992,.F.);
#8880=ORIENTED_EDGE('',*,*,#10002,.T.);
#8881=ORIENTED_EDGE('',*,*,#9993,.F.);
#8882=ORIENTED_EDGE('',*,*,#10003,.T.);
#8883=ORIENTED_EDGE('',*,*,#9994,.F.);
#8884=ORIENTED_EDGE('',*,*,#10004,.T.);
#8885=ORIENTED_EDGE('',*,*,#9995,.F.);
#8886=ORIENTED_EDGE('',*,*,#10005,.T.);
#8887=ORIENTED_EDGE('',*,*,#9996,.F.);
#8888=ORIENTED_EDGE('',*,*,#10006,.T.);
#8889=ORIENTED_EDGE('',*,*,#9997,.F.);
#8890=ORIENTED_EDGE('',*,*,#9998,.F.);
#8891=ORIENTED_EDGE('',*,*,#9999,.F.);
#8892=ORIENTED_EDGE('',*,*,#10000,.F.);
#8893=ORIENTED_EDGE('',*,*,#10001,.F.);
#8894=ORIENTED_EDGE('',*,*,#10002,.F.);
#8895=ORIENTED_EDGE('',*,*,#10003,.F.);
#8896=ORIENTED_EDGE('',*,*,#10004,.F.);
#8897=ORIENTED_EDGE('',*,*,#10005,.F.);
#8898=ORIENTED_EDGE('',*,*,#10006,.F.);
#8899=EDGE_CURVE('',#10007,#10008,#10009,.T.);
#8900=EDGE_CURVE('',#10008,#10010,#10011,.T.);
#8901=EDGE_CURVE('',#10012,#10010,#10013,.F.);
#8902=EDGE_CURVE('',#10012,#10014,#10015,.F.);
#8903=EDGE_CURVE('',#10016,#10014,#10017,.T.);
#8904=EDGE_CURVE('',#10016,#10018,#10019,.F.);
#8905=EDGE_CURVE('',#10020,#10018,#10021,.T.);
#8906=EDGE_CURVE('',#10020,#10022,#10023,.F.);
#8907=EDGE_CURVE('',#10022,#10024,#10025,.T.);
#8908=EDGE_CURVE('',#10026,#10024,#10027,.T.);
#8909=EDGE_CURVE('',#10028,#10026,#10029,.F.);
#8910=EDGE_CURVE('',#10030,#10028,#10031,.F.);
#8911=EDGE_CURVE('',#10032,#10030,#10033,.F.);
#8912=EDGE_CURVE('',#10032,#10034,#10035,.T.);
#8913=EDGE_CURVE('',#10034,#10036,#10037,.T.);
#8914=EDGE_CURVE('',#10036,#10038,#10039,.T.);
#8915=EDGE_CURVE('',#10038,#10040,#10041,.T.);
#8916=EDGE_CURVE('',#10040,#10042,#10043,.F.);
#8917=EDGE_CURVE('',#10042,#10044,#10045,.T.);
#8918=EDGE_CURVE('',#10044,#10046,#10047,.T.);
#8919=EDGE_CURVE('',#10046,#10048,#10049,.T.);
#8920=EDGE_CURVE('',#10048,#10050,#10051,.F.);
#8921=EDGE_CURVE('',#10050,#10052,#10053,.T.);
#8922=EDGE_CURVE('',#10052,#10054,#10055,.T.);
#8923=EDGE_CURVE('',#10054,#10056,#10057,.T.);
#8924=EDGE_CURVE('',#10056,#10058,#10059,.T.);
#8925=EDGE_CURVE('',#10060,#10058,#10061,.F.);
#8926=EDGE_CURVE('',#10062,#10060,#10063,.F.);
#8927=EDGE_CURVE('',#10064,#10062,#10065,.F.);
#8928=EDGE_CURVE('',#10066,#10064,#10067,.T.);
#8929=EDGE_CURVE('',#10068,#10066,#10069,.T.);
#8930=EDGE_CURVE('',#10070,#10068,#10071,.T.);
#8931=EDGE_CURVE('',#10072,#10070,#10073,.T.);
#8932=EDGE_CURVE('',#10072,#10074,#10075,.F.);
#8933=EDGE_CURVE('',#10076,#10074,#10077,.F.);
#8934=EDGE_CURVE('',#10078,#10076,#10079,.F.);
#8935=EDGE_CURVE('',#10078,#10080,#10081,.T.);
#8936=EDGE_CURVE('',#10080,#10007,#10082,.T.);
#8937=EDGE_CURVE('',#10083,#10083,#10084,.F.);
#8938=EDGE_CURVE('',#10085,#10085,#10086,.F.);
#8939=EDGE_CURVE('',#10087,#10087,#10088,.T.);
#8940=EDGE_CURVE('',#10089,#10090,#10091,.T.);
#8941=EDGE_CURVE('',#10090,#10092,#10093,.T.);
#8942=EDGE_CURVE('',#10092,#10094,#10095,.T.);
#8943=EDGE_CURVE('',#10094,#10089,#10096,.T.);
#8944=EDGE_CURVE('',#10097,#10098,#10099,.T.);
#8945=EDGE_CURVE('',#10098,#10100,#10101,.T.);
#8946=EDGE_CURVE('',#10100,#10102,#10103,.T.);
#8947=EDGE_CURVE('',#10102,#10097,#10104,.T.);
#8948=EDGE_CURVE('',#10105,#10106,#10107,.T.);
#8949=EDGE_CURVE('',#10106,#10108,#10109,.T.);
#8950=EDGE_CURVE('',#10108,#10110,#10111,.T.);
#8951=EDGE_CURVE('',#10110,#10105,#10112,.T.);
#8952=EDGE_CURVE('',#10113,#10114,#10115,.T.);
#8953=EDGE_CURVE('',#10114,#10116,#10117,.T.);
#8954=EDGE_CURVE('',#10116,#10118,#10119,.T.);
#8955=EDGE_CURVE('',#10118,#10113,#10120,.T.);
#8956=EDGE_CURVE('',#10121,#10122,#10123,.T.);
#8957=EDGE_CURVE('',#10122,#10124,#10125,.T.);
#8958=EDGE_CURVE('',#10124,#10126,#10127,.T.);
#8959=EDGE_CURVE('',#10126,#10121,#10128,.T.);
#8960=EDGE_CURVE('',#10129,#10130,#10131,.T.);
#8961=EDGE_CURVE('',#10130,#10132,#10133,.T.);
#8962=EDGE_CURVE('',#10132,#10134,#10135,.T.);
#8963=EDGE_CURVE('',#10134,#10129,#10136,.T.);
#8964=EDGE_CURVE('',#10137,#10138,#10139,.T.);
#8965=EDGE_CURVE('',#10138,#10140,#10141,.T.);
#8966=EDGE_CURVE('',#10140,#10142,#10143,.T.);
#8967=EDGE_CURVE('',#10142,#10137,#10144,.T.);
#8968=EDGE_CURVE('',#10145,#10146,#10147,.T.);
#8969=EDGE_CURVE('',#10146,#10148,#10149,.T.);
#8970=EDGE_CURVE('',#10148,#10150,#10151,.T.);
#8971=EDGE_CURVE('',#10150,#10145,#10152,.T.);
#8972=EDGE_CURVE('',#10153,#10154,#10155,.T.);
#8973=EDGE_CURVE('',#10154,#10156,#10157,.T.);
#8974=EDGE_CURVE('',#10156,#10158,#10159,.T.);
#8975=EDGE_CURVE('',#10158,#10153,#10160,.T.);
#8976=EDGE_CURVE('',#10161,#10162,#10163,.T.);
#8977=EDGE_CURVE('',#10162,#10164,#10165,.T.);
#8978=EDGE_CURVE('',#10164,#10166,#10167,.T.);
#8979=EDGE_CURVE('',#10166,#10161,#10168,.T.);
#8980=EDGE_CURVE('',#10169,#10170,#10171,.T.);
#8981=EDGE_CURVE('',#10170,#10172,#10173,.T.);
#8982=EDGE_CURVE('',#10172,#10174,#10175,.T.);
#8983=EDGE_CURVE('',#10174,#10169,#10176,.T.);
#8984=EDGE_CURVE('',#10177,#10178,#10179,.T.);
#8985=EDGE_CURVE('',#10178,#10180,#10181,.T.);
#8986=EDGE_CURVE('',#10180,#10182,#10183,.T.);
#8987=EDGE_CURVE('',#10182,#10177,#10184,.T.);
#8988=EDGE_CURVE('',#10185,#10186,#10187,.T.);
#8989=EDGE_CURVE('',#10186,#10188,#10189,.T.);
#8990=EDGE_CURVE('',#10188,#10190,#10191,.T.);
#8991=EDGE_CURVE('',#10190,#10185,#10192,.T.);
#8992=EDGE_CURVE('',#10193,#10194,#10195,.T.);
#8993=EDGE_CURVE('',#10194,#10196,#10197,.T.);
#8994=EDGE_CURVE('',#10196,#10198,#10199,.T.);
#8995=EDGE_CURVE('',#10198,#10193,#10200,.T.);
#8996=EDGE_CURVE('',#10201,#10202,#10203,.T.);
#8997=EDGE_CURVE('',#10202,#10204,#10205,.T.);
#8998=EDGE_CURVE('',#10204,#10206,#10207,.T.);
#8999=EDGE_CURVE('',#10206,#10201,#10208,.T.);
#9000=EDGE_CURVE('',#10209,#10210,#10211,.T.);
#9001=EDGE_CURVE('',#10210,#10212,#10213,.T.);
#9002=EDGE_CURVE('',#10212,#10214,#10215,.T.);
#9003=EDGE_CURVE('',#10214,#10209,#10216,.T.);
#9004=EDGE_CURVE('',#10217,#10218,#10219,.T.);
#9005=EDGE_CURVE('',#10218,#10220,#10221,.T.);
#9006=EDGE_CURVE('',#10220,#10222,#10223,.T.);
#9007=EDGE_CURVE('',#10222,#10217,#10224,.T.);
#9008=EDGE_CURVE('',#10225,#10226,#10227,.T.);
#9009=EDGE_CURVE('',#10226,#10228,#10229,.T.);
#9010=EDGE_CURVE('',#10228,#10230,#10231,.T.);
#9011=EDGE_CURVE('',#10230,#10225,#10232,.T.);
#9012=EDGE_CURVE('',#10233,#10234,#10235,.T.);
#9013=EDGE_CURVE('',#10234,#10236,#10237,.T.);
#9014=EDGE_CURVE('',#10236,#10238,#10239,.T.);
#9015=EDGE_CURVE('',#10238,#10233,#10240,.T.);
#9016=EDGE_CURVE('',#10241,#10242,#10243,.T.);
#9017=EDGE_CURVE('',#10242,#10244,#10245,.T.);
#9018=EDGE_CURVE('',#10244,#10246,#10247,.T.);
#9019=EDGE_CURVE('',#10246,#10241,#10248,.T.);
#9020=EDGE_CURVE('',#10249,#10250,#10251,.T.);
#9021=EDGE_CURVE('',#10250,#10252,#10253,.T.);
#9022=EDGE_CURVE('',#10252,#10254,#10255,.T.);
#9023=EDGE_CURVE('',#10254,#10249,#10256,.T.);
#9024=EDGE_CURVE('',#10257,#10258,#10259,.T.);
#9025=EDGE_CURVE('',#10258,#10260,#10261,.T.);
#9026=EDGE_CURVE('',#10260,#10262,#10263,.T.);
#9027=EDGE_CURVE('',#10262,#10257,#10264,.T.);
#9028=EDGE_CURVE('',#10265,#10266,#10267,.T.);
#9029=EDGE_CURVE('',#10266,#10268,#10269,.T.);
#9030=EDGE_CURVE('',#10268,#10270,#10271,.T.);
#9031=EDGE_CURVE('',#10270,#10265,#10272,.T.);
#9032=EDGE_CURVE('',#10273,#10274,#10275,.T.);
#9033=EDGE_CURVE('',#10274,#10276,#10277,.T.);
#9034=EDGE_CURVE('',#10276,#10278,#10279,.T.);
#9035=EDGE_CURVE('',#10278,#10273,#10280,.T.);
#9036=EDGE_CURVE('',#10281,#10282,#10283,.T.);
#9037=EDGE_CURVE('',#10282,#10284,#10285,.T.);
#9038=EDGE_CURVE('',#10284,#10286,#10287,.T.);
#9039=EDGE_CURVE('',#10286,#10281,#10288,.T.);
#9040=EDGE_CURVE('',#10289,#10290,#10291,.T.);
#9041=EDGE_CURVE('',#10290,#10292,#10293,.T.);
#9042=EDGE_CURVE('',#10292,#10294,#10295,.T.);
#9043=EDGE_CURVE('',#10294,#10289,#10296,.T.);
#9044=EDGE_CURVE('',#10297,#10297,#10298,.T.);
#9045=EDGE_CURVE('',#10299,#10299,#10300,.T.);
#9046=EDGE_CURVE('',#10301,#10302,#10303,.F.);
#9047=EDGE_CURVE('',#10301,#10008,#10304,.T.);
#9048=EDGE_CURVE('',#10302,#10007,#10305,.T.);
#9049=EDGE_CURVE('',#10076,#10306,#10307,.T.);
#9050=EDGE_CURVE('',#10306,#10308,#10309,.T.);
#9051=EDGE_CURVE('',#10308,#10310,#10311,.F.);
#9052=EDGE_CURVE('',#10310,#10312,#10313,.T.);
#9053=EDGE_CURVE('',#10312,#10314,#10315,.T.);
#9054=EDGE_CURVE('',#10314,#10316,#10317,.T.);
#9055=EDGE_CURVE('',#10316,#10318,#10319,.T.);
#9056=EDGE_CURVE('',#10318,#10320,#10321,.T.);
#9057=EDGE_CURVE('',#10320,#10010,#10322,.T.);
#9058=EDGE_CURVE('',#10323,#10301,#10324,.F.);
#9059=EDGE_CURVE('',#10323,#10078,#10325,.T.);
#9060=EDGE_CURVE('',#10326,#10326,#10327,.F.);
#9061=EDGE_CURVE('',#10328,#10328,#10329,.F.);
#9062=EDGE_CURVE('',#10330,#10012,#10331,.T.);
#9063=EDGE_CURVE('',#10330,#10320,#10332,.T.);
#9064=EDGE_CURVE('',#10022,#10333,#10334,.F.);
#9065=EDGE_CURVE('',#10335,#10020,#10336,.T.);
#9066=EDGE_CURVE('',#10018,#10335,#10337,.T.);
#9067=EDGE_CURVE('',#10338,#10016,#10339,.T.);
#9068=EDGE_CURVE('',#10014,#10338,#10340,.T.);
#9069=EDGE_CURVE('',#10341,#10330,#10342,.T.);
#9070=EDGE_CURVE('',#10343,#10341,#10344,.T.);
#9071=EDGE_CURVE('',#10345,#10343,#10346,.T.);
#9072=EDGE_CURVE('',#10347,#10345,#10348,.F.);
#9073=EDGE_CURVE('',#10349,#10347,#10350,.T.);
#9074=EDGE_CURVE('',#10351,#10349,#10352,.T.);
#9075=EDGE_CURVE('',#10353,#10351,#10354,.F.);
#9076=EDGE_CURVE('',#10355,#10353,#10356,.T.);
#9077=EDGE_CURVE('',#10357,#10355,#10358,.T.);
#9078=EDGE_CURVE('',#10359,#10357,#10360,.T.);
#9079=EDGE_CURVE('',#10361,#10359,#10362,.T.);
#9080=EDGE_CURVE('',#10363,#10361,#10364,.T.);
#9081=EDGE_CURVE('',#10365,#10363,#10366,.F.);
#9082=EDGE_CURVE('',#10367,#10365,#10368,.T.);
#9083=EDGE_CURVE('',#10369,#10367,#10370,.T.);
#9084=EDGE_CURVE('',#10371,#10369,#10372,.F.);
#9085=EDGE_CURVE('',#10373,#10371,#10374,.F.);
#9086=EDGE_CURVE('',#10375,#10373,#10376,.F.);
#9087=EDGE_CURVE('',#10377,#10375,#10378,.T.);
#9088=EDGE_CURVE('',#10379,#10377,#10380,.T.);
#9089=EDGE_CURVE('',#10381,#10379,#10382,.T.);
#9090=EDGE_CURVE('',#10333,#10381,#10383,.F.);
#9091=EDGE_CURVE('',#10384,#10384,#10385,.T.);
#9092=EDGE_CURVE('',#10386,#10386,#10387,.T.);
#9093=EDGE_CURVE('',#10388,#10388,#10389,.T.);
#9094=EDGE_CURVE('',#10390,#10390,#10391,.T.);
#9095=EDGE_CURVE('',#10392,#10392,#10393,.T.);
#9096=EDGE_CURVE('',#10394,#10394,#10395,.T.);
#9097=EDGE_CURVE('',#10396,#10396,#10397,.T.);
#9098=EDGE_CURVE('',#10333,#10398,#10399,.T.);
#9099=EDGE_CURVE('',#10398,#10400,#10401,.F.);
#9100=EDGE_CURVE('',#10400,#10402,#10403,.F.);
#9101=EDGE_CURVE('',#10402,#10404,#10405,.F.);
#9102=EDGE_CURVE('',#10404,#10406,#10407,.F.);
#9103=EDGE_CURVE('',#10406,#10024,#10408,.T.);
#9104=EDGE_CURVE('',#10406,#10409,#10410,.T.);
#9105=EDGE_CURVE('',#10409,#10411,#10412,.T.);
#9106=EDGE_CURVE('',#10413,#10411,#10414,.T.);
#9107=EDGE_CURVE('',#10413,#10026,#10415,.F.);
#9108=EDGE_CURVE('',#10413,#10416,#10417,.T.);
#9109=EDGE_CURVE('',#10416,#10418,#10419,.T.);
#9110=EDGE_CURVE('',#10028,#10418,#10420,.T.);
#9111=EDGE_CURVE('',#10421,#10422,#10423,.F.);
#9112=EDGE_CURVE('',#10421,#10424,#10425,.T.);
#9113=EDGE_CURVE('',#10426,#10424,#10427,.F.);
#9114=EDGE_CURVE('',#10426,#10428,#10429,.T.);
#9115=EDGE_CURVE('',#10430,#10428,#10431,.F.);
#9116=EDGE_CURVE('',#10430,#10432,#10433,.T.);
#9117=EDGE_CURVE('',#10434,#10432,#10435,.F.);
#9118=EDGE_CURVE('',#10434,#10422,#10436,.T.);
#9119=EDGE_CURVE('',#10437,#10030,#10438,.T.);
#9120=EDGE_CURVE('',#10418,#10439,#10440,.T.);
#9121=EDGE_CURVE('',#10439,#10441,#10442,.F.);
#9122=EDGE_CURVE('',#10441,#10443,#10444,.T.);
#9123=EDGE_CURVE('',#10443,#10445,#10446,.T.);
#9124=EDGE_CURVE('',#10445,#10447,#10448,.F.);
#9125=EDGE_CURVE('',#10447,#10449,#10450,.T.);
#9126=EDGE_CURVE('',#10451,#10449,#10452,.F.);
#9127=EDGE_CURVE('',#10451,#10453,#10454,.T.);
#9128=EDGE_CURVE('',#10453,#10455,#10456,.F.);
#9129=EDGE_CURVE('',#10455,#10457,#10458,.T.);
#9130=EDGE_CURVE('',#10457,#10459,#10460,.T.);
#9131=EDGE_CURVE('',#10459,#10461,#10462,.F.);
#9132=EDGE_CURVE('',#10461,#10463,#10464,.T.);
#9133=EDGE_CURVE('',#10463,#10062,#10465,.T.);
#9134=EDGE_CURVE('',#10060,#10466,#10467,.T.);
#9135=EDGE_CURVE('',#10437,#10466,#10468,.F.);
#9136=EDGE_CURVE('',#10469,#10469,#10470,.F.);
#9137=EDGE_CURVE('',#10471,#10471,#10472,.F.);
#9138=EDGE_CURVE('',#10473,#10473,#10474,.F.);
#9139=EDGE_CURVE('',#10475,#10475,#10476,.F.);
#9140=EDGE_CURVE('',#10477,#10477,#10478,.F.);
#9141=EDGE_CURVE('',#10479,#10479,#10480,.F.);
#9142=EDGE_CURVE('',#10481,#10032,#10482,.F.);
#9143=EDGE_CURVE('',#10481,#10437,#10483,.T.);
#9144=EDGE_CURVE('',#10484,#10485,#10486,.F.);
#9145=EDGE_CURVE('',#10484,#10034,#10487,.T.);
#9146=EDGE_CURVE('',#10488,#10481,#10489,.F.);
#9147=EDGE_CURVE('',#10485,#10488,#10490,.T.);
#9148=EDGE_CURVE('',#10491,#10484,#10492,.F.);
#9149=EDGE_CURVE('',#10491,#10036,#10493,.T.);
#9150=EDGE_CURVE('',#10494,#10491,#10495,.F.);
#9151=EDGE_CURVE('',#10494,#10038,#10496,.T.);
#9152=EDGE_CURVE('',#10485,#10494,#10497,.F.);
#9153=EDGE_CURVE('',#10498,#10488,#10499,.T.);
#9154=EDGE_CURVE('',#10040,#10498,#10500,.T.);
#9155=EDGE_CURVE('',#10501,#10050,#10502,.T.);
#9156=EDGE_CURVE('',#10048,#10503,#10504,.T.);
#9157=EDGE_CURVE('',#10503,#10505,#10506,.T.);
#9158=EDGE_CURVE('',#10505,#10042,#10507,.T.);
#9159=EDGE_CURVE('',#10501,#10498,#10508,.T.);
#9160=EDGE_CURVE('',#10509,#10510,#10511,.F.);
#9161=EDGE_CURVE('',#10509,#10044,#10512,.T.);
#9162=EDGE_CURVE('',#10513,#10505,#10514,.T.);
#9163=EDGE_CURVE('',#10515,#10513,#10516,.F.);
#9164=EDGE_CURVE('',#10510,#10515,#10517,.T.);
#9165=EDGE_CURVE('',#10518,#10509,#10519,.F.);
#9166=EDGE_CURVE('',#10518,#10046,#10520,.T.);
#9167=EDGE_CURVE('',#10521,#10518,#10522,.F.);
#9168=EDGE_CURVE('',#10521,#10523,#10524,.T.);
#9169=EDGE_CURVE('',#10525,#10523,#10526,.F.);
#9170=EDGE_CURVE('',#10525,#10503,#10527,.T.);
#9171=EDGE_CURVE('',#10528,#10529,#10530,.F.);
#9172=EDGE_CURVE('',#10528,#10052,#10531,.T.);
#9173=EDGE_CURVE('',#10532,#10501,#10533,.F.);
#9174=EDGE_CURVE('',#10529,#10532,#10534,.T.);
#9175=EDGE_CURVE('',#10535,#10528,#10536,.F.);
#9176=EDGE_CURVE('',#10535,#10054,#10537,.T.);
#9177=EDGE_CURVE('',#10538,#10535,#10539,.F.);
#9178=EDGE_CURVE('',#10538,#10056,#10540,.T.);
#9179=EDGE_CURVE('',#10529,#10538,#10541,.F.);
#9180=EDGE_CURVE('',#10542,#10532,#10543,.F.);
#9181=EDGE_CURVE('',#10058,#10542,#10544,.F.);
#9182=EDGE_CURVE('',#10542,#10466,#10545,.T.);
#9183=EDGE_CURVE('',#10064,#10546,#10547,.F.);
#9184=EDGE_CURVE('',#10548,#10463,#10549,.T.);
#9185=EDGE_CURVE('',#10548,#10546,#10550,.T.);
#9186=EDGE_CURVE('',#10066,#10551,#10552,.F.);
#9187=EDGE_CURVE('',#10553,#10546,#10554,.T.);
#9188=EDGE_CURVE('',#10555,#10553,#10556,.T.);
#9189=EDGE_CURVE('',#10555,#10557,#10558,.T.);
#9190=EDGE_CURVE('',#10557,#10551,#10559,.T.);
#9191=EDGE_CURVE('',#10551,#10560,#10561,.F.);
#9192=EDGE_CURVE('',#10560,#10562,#10563,.F.);
#9193=EDGE_CURVE('',#10562,#10564,#10565,.F.);
#9194=EDGE_CURVE('',#10564,#10566,#10567,.T.);
#9195=EDGE_CURVE('',#10568,#10566,#10569,.T.);
#9196=EDGE_CURVE('',#10568,#10068,#10570,.F.);
#9197=EDGE_CURVE('',#10571,#10568,#10572,.T.);
#9198=EDGE_CURVE('',#10573,#10571,#10574,.T.);
#9199=EDGE_CURVE('',#10070,#10573,#10575,.T.);
#9200=EDGE_CURVE('',#10576,#10577,#10578,.F.);
#9201=EDGE_CURVE('',#10576,#10579,#10580,.T.);
#9202=EDGE_CURVE('',#10579,#10581,#10582,.T.);
#9203=EDGE_CURVE('',#10581,#10072,#10583,.T.);
#9204=EDGE_CURVE('',#10584,#10573,#10585,.F.);
#9205=EDGE_CURVE('',#10577,#10584,#10586,.F.);
#9206=EDGE_CURVE('',#10587,#10581,#10588,.T.);
#9207=EDGE_CURVE('',#10074,#10587,#10589,.T.);
#9208=EDGE_CURVE('',#10587,#10306,#10590,.T.);
#9209=EDGE_CURVE('',#10591,#10323,#10592,.F.);
#9210=EDGE_CURVE('',#10591,#10080,#10593,.T.);
#9211=EDGE_CURVE('',#10302,#10591,#10594,.F.);
#9212=EDGE_CURVE('',#10595,#10595,#10596,.F.);
#9213=EDGE_CURVE('',#10597,#10598,#10599,.F.);
#9214=EDGE_CURVE('',#10597,#10090,#10600,.T.);
#9215=EDGE_CURVE('',#10598,#10089,#10601,.T.);
#9216=EDGE_CURVE('',#10602,#10597,#10603,.F.);
#9217=EDGE_CURVE('',#10602,#10092,#10604,.T.);
#9218=EDGE_CURVE('',#10605,#10602,#10606,.F.);
#9219=EDGE_CURVE('',#10605,#10094,#10607,.T.);
#9220=EDGE_CURVE('',#10598,#10605,#10608,.F.);
#9221=EDGE_CURVE('',#10609,#10610,#10611,.F.);
#9222=EDGE_CURVE('',#10609,#10098,#10612,.T.);
#9223=EDGE_CURVE('',#10610,#10097,#10613,.T.);
#9224=EDGE_CURVE('',#10614,#10609,#10615,.F.);
#9225=EDGE_CURVE('',#10614,#10100,#10616,.T.);
#9226=EDGE_CURVE('',#10617,#10614,#10618,.F.);
#9227=EDGE_CURVE('',#10617,#10102,#10619,.T.);
#9228=EDGE_CURVE('',#10610,#10617,#10620,.F.);
#9229=EDGE_CURVE('',#10621,#10622,#10623,.F.);
#9230=EDGE_CURVE('',#10621,#10106,#10624,.T.);
#9231=EDGE_CURVE('',#10622,#10105,#10625,.T.);
#9232=EDGE_CURVE('',#10626,#10621,#10627,.F.);
#9233=EDGE_CURVE('',#10626,#10108,#10628,.T.);
#9234=EDGE_CURVE('',#10629,#10626,#10630,.F.);
#9235=EDGE_CURVE('',#10629,#10110,#10631,.T.);
#9236=EDGE_CURVE('',#10622,#10629,#10632,.F.);
#9237=EDGE_CURVE('',#10633,#10634,#10635,.F.);
#9238=EDGE_CURVE('',#10633,#10114,#10636,.T.);
#9239=EDGE_CURVE('',#10634,#10113,#10637,.T.);
#9240=EDGE_CURVE('',#10638,#10633,#10639,.F.);
#9241=EDGE_CURVE('',#10638,#10116,#10640,.T.);
#9242=EDGE_CURVE('',#10641,#10638,#10642,.F.);
#9243=EDGE_CURVE('',#10641,#10118,#10643,.T.);
#9244=EDGE_CURVE('',#10634,#10641,#10644,.F.);
#9245=EDGE_CURVE('',#10645,#10646,#10647,.F.);
#9246=EDGE_CURVE('',#10645,#10122,#10648,.T.);
#9247=EDGE_CURVE('',#10646,#10121,#10649,.T.);
#9248=EDGE_CURVE('',#10650,#10645,#10651,.F.);
#9249=EDGE_CURVE('',#10650,#10124,#10652,.T.);
#9250=EDGE_CURVE('',#10653,#10650,#10654,.F.);
#9251=EDGE_CURVE('',#10653,#10126,#10655,.T.);
#9252=EDGE_CURVE('',#10646,#10653,#10656,.F.);
#9253=EDGE_CURVE('',#10657,#10658,#10659,.F.);
#9254=EDGE_CURVE('',#10657,#10130,#10660,.T.);
#9255=EDGE_CURVE('',#10658,#10129,#10661,.T.);
#9256=EDGE_CURVE('',#10662,#10657,#10663,.F.);
#9257=EDGE_CURVE('',#10662,#10132,#10664,.T.);
#9258=EDGE_CURVE('',#10665,#10662,#10666,.F.);
#9259=EDGE_CURVE('',#10665,#10134,#10667,.T.);
#9260=EDGE_CURVE('',#10658,#10665,#10668,.F.);
#9261=EDGE_CURVE('',#10669,#10670,#10671,.F.);
#9262=EDGE_CURVE('',#10669,#10138,#10672,.T.);
#9263=EDGE_CURVE('',#10670,#10137,#10673,.T.);
#9264=EDGE_CURVE('',#10674,#10669,#10675,.F.);
#9265=EDGE_CURVE('',#10674,#10140,#10676,.T.);
#9266=EDGE_CURVE('',#10677,#10674,#10678,.F.);
#9267=EDGE_CURVE('',#10677,#10142,#10679,.T.);
#9268=EDGE_CURVE('',#10670,#10677,#10680,.F.);
#9269=EDGE_CURVE('',#10681,#10682,#10683,.F.);
#9270=EDGE_CURVE('',#10681,#10146,#10684,.T.);
#9271=EDGE_CURVE('',#10682,#10145,#10685,.T.);
#9272=EDGE_CURVE('',#10686,#10681,#10687,.F.);
#9273=EDGE_CURVE('',#10686,#10148,#10688,.T.);
#9274=EDGE_CURVE('',#10689,#10686,#10690,.F.);
#9275=EDGE_CURVE('',#10689,#10150,#10691,.T.);
#9276=EDGE_CURVE('',#10682,#10689,#10692,.F.);
#9277=EDGE_CURVE('',#10693,#10694,#10695,.F.);
#9278=EDGE_CURVE('',#10693,#10154,#10696,.T.);
#9279=EDGE_CURVE('',#10694,#10153,#10697,.T.);
#9280=EDGE_CURVE('',#10698,#10693,#10699,.F.);
#9281=EDGE_CURVE('',#10698,#10156,#10700,.T.);
#9282=EDGE_CURVE('',#10701,#10698,#10702,.F.);
#9283=EDGE_CURVE('',#10701,#10158,#10703,.T.);
#9284=EDGE_CURVE('',#10694,#10701,#10704,.F.);
#9285=EDGE_CURVE('',#10705,#10706,#10707,.F.);
#9286=EDGE_CURVE('',#10705,#10162,#10708,.T.);
#9287=EDGE_CURVE('',#10706,#10161,#10709,.T.);
#9288=EDGE_CURVE('',#10710,#10705,#10711,.F.);
#9289=EDGE_CURVE('',#10710,#10164,#10712,.T.);
#9290=EDGE_CURVE('',#10713,#10710,#10714,.F.);
#9291=EDGE_CURVE('',#10713,#10166,#10715,.T.);
#9292=EDGE_CURVE('',#10706,#10713,#10716,.F.);
#9293=EDGE_CURVE('',#10717,#10718,#10719,.F.);
#9294=EDGE_CURVE('',#10717,#10170,#10720,.T.);
#9295=EDGE_CURVE('',#10718,#10169,#10721,.T.);
#9296=EDGE_CURVE('',#10722,#10717,#10723,.F.);
#9297=EDGE_CURVE('',#10722,#10172,#10724,.T.);
#9298=EDGE_CURVE('',#10725,#10722,#10726,.F.);
#9299=EDGE_CURVE('',#10725,#10174,#10727,.T.);
#9300=EDGE_CURVE('',#10718,#10725,#10728,.F.);
#9301=EDGE_CURVE('',#10729,#10730,#10731,.F.);
#9302=EDGE_CURVE('',#10729,#10178,#10732,.T.);
#9303=EDGE_CURVE('',#10730,#10177,#10733,.T.);
#9304=EDGE_CURVE('',#10734,#10729,#10735,.F.);
#9305=EDGE_CURVE('',#10734,#10180,#10736,.T.);
#9306=EDGE_CURVE('',#10737,#10734,#10738,.F.);
#9307=EDGE_CURVE('',#10737,#10182,#10739,.T.);
#9308=EDGE_CURVE('',#10730,#10737,#10740,.F.);
#9309=EDGE_CURVE('',#10741,#10742,#10743,.F.);
#9310=EDGE_CURVE('',#10741,#10186,#10744,.T.);
#9311=EDGE_CURVE('',#10742,#10185,#10745,.T.);
#9312=EDGE_CURVE('',#10746,#10741,#10747,.F.);
#9313=EDGE_CURVE('',#10746,#10188,#10748,.T.);
#9314=EDGE_CURVE('',#10749,#10746,#10750,.F.);
#9315=EDGE_CURVE('',#10749,#10190,#10751,.T.);
#9316=EDGE_CURVE('',#10742,#10749,#10752,.F.);
#9317=EDGE_CURVE('',#10753,#10754,#10755,.F.);
#9318=EDGE_CURVE('',#10753,#10194,#10756,.T.);
#9319=EDGE_CURVE('',#10754,#10193,#10757,.T.);
#9320=EDGE_CURVE('',#10758,#10753,#10759,.F.);
#9321=EDGE_CURVE('',#10758,#10196,#10760,.T.);
#9322=EDGE_CURVE('',#10761,#10758,#10762,.F.);
#9323=EDGE_CURVE('',#10761,#10198,#10763,.T.);
#9324=EDGE_CURVE('',#10754,#10761,#10764,.F.);
#9325=EDGE_CURVE('',#10765,#10766,#10767,.F.);
#9326=EDGE_CURVE('',#10765,#10202,#10768,.T.);
#9327=EDGE_CURVE('',#10766,#10201,#10769,.T.);
#9328=EDGE_CURVE('',#10770,#10765,#10771,.F.);
#9329=EDGE_CURVE('',#10770,#10204,#10772,.T.);
#9330=EDGE_CURVE('',#10773,#10770,#10774,.F.);
#9331=EDGE_CURVE('',#10773,#10206,#10775,.T.);
#9332=EDGE_CURVE('',#10766,#10773,#10776,.F.);
#9333=EDGE_CURVE('',#10777,#10778,#10779,.F.);
#9334=EDGE_CURVE('',#10777,#10210,#10780,.T.);
#9335=EDGE_CURVE('',#10778,#10209,#10781,.T.);
#9336=EDGE_CURVE('',#10782,#10777,#10783,.F.);
#9337=EDGE_CURVE('',#10782,#10212,#10784,.T.);
#9338=EDGE_CURVE('',#10785,#10782,#10786,.F.);
#9339=EDGE_CURVE('',#10785,#10214,#10787,.T.);
#9340=EDGE_CURVE('',#10778,#10785,#10788,.F.);
#9341=EDGE_CURVE('',#10789,#10790,#10791,.F.);
#9342=EDGE_CURVE('',#10789,#10218,#10792,.T.);
#9343=EDGE_CURVE('',#10790,#10217,#10793,.T.);
#9344=EDGE_CURVE('',#10794,#10789,#10795,.F.);
#9345=EDGE_CURVE('',#10794,#10220,#10796,.T.);
#9346=EDGE_CURVE('',#10797,#10794,#10798,.F.);
#9347=EDGE_CURVE('',#10797,#10222,#10799,.T.);
#9348=EDGE_CURVE('',#10790,#10797,#10800,.F.);
#9349=EDGE_CURVE('',#10801,#10802,#10803,.F.);
#9350=EDGE_CURVE('',#10801,#10226,#10804,.T.);
#9351=EDGE_CURVE('',#10802,#10225,#10805,.T.);
#9352=EDGE_CURVE('',#10806,#10801,#10807,.F.);
#9353=EDGE_CURVE('',#10806,#10228,#10808,.T.);
#9354=EDGE_CURVE('',#10809,#10806,#10810,.F.);
#9355=EDGE_CURVE('',#10809,#10230,#10811,.T.);
#9356=EDGE_CURVE('',#10802,#10809,#10812,.F.);
#9357=EDGE_CURVE('',#10813,#10814,#10815,.F.);
#9358=EDGE_CURVE('',#10813,#10234,#10816,.T.);
#9359=EDGE_CURVE('',#10814,#10233,#10817,.T.);
#9360=EDGE_CURVE('',#10818,#10813,#10819,.F.);
#9361=EDGE_CURVE('',#10818,#10236,#10820,.T.);
#9362=EDGE_CURVE('',#10821,#10818,#10822,.F.);
#9363=EDGE_CURVE('',#10821,#10238,#10823,.T.);
#9364=EDGE_CURVE('',#10814,#10821,#10824,.F.);
#9365=EDGE_CURVE('',#10825,#10826,#10827,.F.);
#9366=EDGE_CURVE('',#10825,#10242,#10828,.T.);
#9367=EDGE_CURVE('',#10826,#10241,#10829,.T.);
#9368=EDGE_CURVE('',#10830,#10825,#10831,.F.);
#9369=EDGE_CURVE('',#10830,#10244,#10832,.T.);
#9370=EDGE_CURVE('',#10833,#10830,#10834,.F.);
#9371=EDGE_CURVE('',#10833,#10246,#10835,.T.);
#9372=EDGE_CURVE('',#10826,#10833,#10836,.F.);
#9373=EDGE_CURVE('',#10837,#10838,#10839,.F.);
#9374=EDGE_CURVE('',#10837,#10250,#10840,.T.);
#9375=EDGE_CURVE('',#10838,#10249,#10841,.T.);
#9376=EDGE_CURVE('',#10842,#10837,#10843,.F.);
#9377=EDGE_CURVE('',#10842,#10252,#10844,.T.);
#9378=EDGE_CURVE('',#10845,#10842,#10846,.F.);
#9379=EDGE_CURVE('',#10845,#10254,#10847,.T.);
#9380=EDGE_CURVE('',#10838,#10845,#10848,.F.);
#9381=EDGE_CURVE('',#10849,#10850,#10851,.F.);
#9382=EDGE_CURVE('',#10849,#10258,#10852,.T.);
#9383=EDGE_CURVE('',#10850,#10257,#10853,.T.);
#9384=EDGE_CURVE('',#10854,#10849,#10855,.F.);
#9385=EDGE_CURVE('',#10854,#10260,#10856,.T.);
#9386=EDGE_CURVE('',#10857,#10854,#10858,.F.);
#9387=EDGE_CURVE('',#10857,#10262,#10859,.T.);
#9388=EDGE_CURVE('',#10850,#10857,#10860,.F.);
#9389=EDGE_CURVE('',#10861,#10862,#10863,.F.);
#9390=EDGE_CURVE('',#10861,#10266,#10864,.T.);
#9391=EDGE_CURVE('',#10862,#10265,#10865,.T.);
#9392=EDGE_CURVE('',#10866,#10861,#10867,.F.);
#9393=EDGE_CURVE('',#10866,#10268,#10868,.T.);
#9394=EDGE_CURVE('',#10869,#10866,#10870,.F.);
#9395=EDGE_CURVE('',#10869,#10270,#10871,.T.);
#9396=EDGE_CURVE('',#10862,#10869,#10872,.F.);
#9397=EDGE_CURVE('',#10873,#10874,#10875,.F.);
#9398=EDGE_CURVE('',#10873,#10274,#10876,.T.);
#9399=EDGE_CURVE('',#10874,#10273,#10877,.T.);
#9400=EDGE_CURVE('',#10878,#10873,#10879,.F.);
#9401=EDGE_CURVE('',#10878,#10276,#10880,.T.);
#9402=EDGE_CURVE('',#10881,#10878,#10882,.F.);
#9403=EDGE_CURVE('',#10881,#10278,#10883,.T.);
#9404=EDGE_CURVE('',#10874,#10881,#10884,.F.);
#9405=EDGE_CURVE('',#10885,#10886,#10887,.F.);
#9406=EDGE_CURVE('',#10885,#10282,#10888,.T.);
#9407=EDGE_CURVE('',#10886,#10281,#10889,.T.);
#9408=EDGE_CURVE('',#10890,#10885,#10891,.F.);
#9409=EDGE_CURVE('',#10890,#10284,#10892,.T.);
#9410=EDGE_CURVE('',#10893,#10890,#10894,.F.);
#9411=EDGE_CURVE('',#10893,#10286,#10895,.T.);
#9412=EDGE_CURVE('',#10886,#10893,#10896,.F.);
#9413=EDGE_CURVE('',#10897,#10898,#10899,.F.);
#9414=EDGE_CURVE('',#10897,#10290,#10900,.T.);
#9415=EDGE_CURVE('',#10898,#10289,#10901,.T.);
#9416=EDGE_CURVE('',#10902,#10897,#10903,.F.);
#9417=EDGE_CURVE('',#10902,#10292,#10904,.T.);
#9418=EDGE_CURVE('',#10905,#10902,#10906,.F.);
#9419=EDGE_CURVE('',#10905,#10294,#10907,.T.);
#9420=EDGE_CURVE('',#10898,#10905,#10908,.F.);
#9421=EDGE_CURVE('',#10909,#10426,#10910,.T.);
#9422=EDGE_CURVE('',#10909,#10911,#10912,.T.);
#9423=EDGE_CURVE('',#10911,#10428,#10913,.T.);
#9424=EDGE_CURVE('',#10510,#10521,#10914,.F.);
#9425=EDGE_CURVE('',#10579,#10915,#10916,.T.);
#9426=EDGE_CURVE('',#10915,#10308,#10917,.F.);
#9427=EDGE_CURVE('',#10918,#10919,#10920,.T.);
#9428=EDGE_CURVE('',#10921,#10918,#10922,.F.);
#9429=EDGE_CURVE('',#10365,#10921,#10923,.F.);
#9430=EDGE_CURVE('',#10353,#10363,#10924,.T.);
#9431=EDGE_CURVE('',#10347,#10351,#10925,.T.);
#9432=EDGE_CURVE('',#10310,#10345,#10926,.F.);
#9433=EDGE_CURVE('',#10915,#10927,#10928,.T.);
#9434=EDGE_CURVE('',#10927,#10929,#10930,.T.);
#9435=EDGE_CURVE('',#10929,#10931,#10932,.T.);
#9436=EDGE_CURVE('',#10931,#10571,#10933,.T.);
#9437=EDGE_CURVE('',#10934,#10566,#10935,.T.);
#9438=EDGE_CURVE('',#10461,#10934,#10936,.F.);
#9439=EDGE_CURVE('',#10937,#10459,#10938,.F.);
#9440=EDGE_CURVE('',#10919,#10937,#10939,.T.);
#9441=EDGE_CURVE('',#10940,#10941,#10942,.F.);
#9442=EDGE_CURVE('',#10940,#10943,#10944,.T.);
#9443=EDGE_CURVE('',#10945,#10943,#10946,.F.);
#9444=EDGE_CURVE('',#10945,#10947,#10948,.T.);
#9445=EDGE_CURVE('',#10949,#10947,#10950,.F.);
#9446=EDGE_CURVE('',#10949,#10951,#10952,.T.);
#9447=EDGE_CURVE('',#10953,#10951,#10954,.F.);
#9448=EDGE_CURVE('',#10953,#10941,#10955,.T.);
#9449=EDGE_CURVE('',#10343,#10312,#10956,.T.);
#9450=EDGE_CURVE('',#10957,#10341,#10958,.F.);
#9451=EDGE_CURVE('',#10957,#10314,#10959,.T.);
#9452=EDGE_CURVE('',#10960,#10957,#10961,.F.);
#9453=EDGE_CURVE('',#10960,#10316,#10962,.T.);
#9454=EDGE_CURVE('',#10318,#10960,#10963,.F.);
#9455=EDGE_CURVE('',#10964,#10964,#10965,.F.);
#9456=EDGE_CURVE('',#10966,#10966,#10967,.F.);
#9457=EDGE_CURVE('',#10968,#10968,#10969,.T.);
#9458=EDGE_CURVE('',#10357,#10361,#10970,.T.);
#9459=EDGE_CURVE('',#10971,#10971,#10972,.T.);
#9460=EDGE_CURVE('',#10973,#10973,#10974,.T.);
#9461=EDGE_CURVE('',#10975,#10921,#10976,.T.);
#9462=EDGE_CURVE('',#10367,#10975,#10977,.T.);
#9463=EDGE_CURVE('',#10978,#10975,#10979,.T.);
#9464=EDGE_CURVE('',#10978,#10369,#10980,.F.);
#9465=EDGE_CURVE('',#10981,#10982,#10983,.T.);
#9466=EDGE_CURVE('',#10982,#10984,#10985,.F.);
#9467=EDGE_CURVE('',#10984,#10986,#10987,.T.);
#9468=EDGE_CURVE('',#10986,#10988,#10989,.T.);
#9469=EDGE_CURVE('',#10988,#10990,#10991,.T.);
#9470=EDGE_CURVE('',#10990,#10992,#10993,.F.);
#9471=EDGE_CURVE('',#10992,#10994,#10995,.T.);
#9472=EDGE_CURVE('',#10994,#10996,#10997,.T.);
#9473=EDGE_CURVE('',#10996,#10998,#10999,.T.);
#9474=EDGE_CURVE('',#10998,#11000,#11001,.T.);
#9475=EDGE_CURVE('',#10447,#11000,#11002,.F.);
#9476=EDGE_CURVE('',#11003,#10445,#11004,.F.);
#9477=EDGE_CURVE('',#11005,#11003,#11006,.T.);
#9478=EDGE_CURVE('',#10371,#11005,#11007,.T.);
#9479=EDGE_CURVE('',#11008,#10978,#11009,.F.);
#9480=EDGE_CURVE('',#11008,#11010,#11011,.T.);
#9481=EDGE_CURVE('',#11012,#11010,#11013,.T.);
#9482=EDGE_CURVE('',#10455,#11012,#11014,.F.);
#9483=EDGE_CURVE('',#11015,#10453,#11016,.F.);
#9484=EDGE_CURVE('',#11015,#11017,#11018,.T.);
#9485=EDGE_CURVE('',#11017,#11019,#11020,.T.);
#9486=EDGE_CURVE('',#11019,#10981,#11021,.T.);
#9487=EDGE_CURVE('',#11022,#11023,#11024,.T.);
#9488=EDGE_CURVE('',#11023,#11025,#11026,.T.);
#9489=EDGE_CURVE('',#11025,#11027,#11028,.T.);
#9490=EDGE_CURVE('',#11027,#11022,#11029,.T.);
#9491=EDGE_CURVE('',#11030,#11031,#11032,.T.);
#9492=EDGE_CURVE('',#11031,#11033,#11034,.T.);
#9493=EDGE_CURVE('',#11033,#11035,#11036,.T.);
#9494=EDGE_CURVE('',#11035,#11030,#11037,.T.);
#9495=EDGE_CURVE('',#11038,#11039,#11040,.T.);
#9496=EDGE_CURVE('',#11039,#11041,#11042,.T.);
#9497=EDGE_CURVE('',#11041,#11043,#11044,.T.);
#9498=EDGE_CURVE('',#11043,#11038,#11045,.T.);
#9499=EDGE_CURVE('',#11046,#11047,#11048,.T.);
#9500=EDGE_CURVE('',#11047,#11049,#11050,.T.);
#9501=EDGE_CURVE('',#11049,#11051,#11052,.T.);
#9502=EDGE_CURVE('',#11051,#11046,#11053,.T.);
#9503=EDGE_CURVE('',#11054,#11055,#11056,.T.);
#9504=EDGE_CURVE('',#11055,#11057,#11058,.T.);
#9505=EDGE_CURVE('',#11057,#11059,#11060,.T.);
#9506=EDGE_CURVE('',#11059,#11054,#11061,.T.);
#9507=EDGE_CURVE('',#11062,#11063,#11064,.T.);
#9508=EDGE_CURVE('',#11063,#11065,#11066,.T.);
#9509=EDGE_CURVE('',#11065,#11067,#11068,.T.);
#9510=EDGE_CURVE('',#11067,#11062,#11069,.T.);
#9511=EDGE_CURVE('',#11070,#11071,#11072,.T.);
#9512=EDGE_CURVE('',#11071,#11073,#11074,.T.);
#9513=EDGE_CURVE('',#11073,#11075,#11076,.T.);
#9514=EDGE_CURVE('',#11075,#11070,#11077,.T.);
#9515=EDGE_CURVE('',#11078,#11079,#11080,.T.);
#9516=EDGE_CURVE('',#11079,#11081,#11082,.T.);
#9517=EDGE_CURVE('',#11081,#11083,#11084,.T.);
#9518=EDGE_CURVE('',#11083,#11078,#11085,.T.);
#9519=EDGE_CURVE('',#11086,#11087,#11088,.T.);
#9520=EDGE_CURVE('',#11087,#11089,#11090,.T.);
#9521=EDGE_CURVE('',#11089,#11091,#11092,.T.);
#9522=EDGE_CURVE('',#11091,#11086,#11093,.T.);
#9523=EDGE_CURVE('',#11094,#11095,#11096,.T.);
#9524=EDGE_CURVE('',#11095,#11097,#11098,.T.);
#9525=EDGE_CURVE('',#11097,#11099,#11100,.T.);
#9526=EDGE_CURVE('',#11099,#11094,#11101,.T.);
#9527=EDGE_CURVE('',#11102,#11103,#11104,.T.);
#9528=EDGE_CURVE('',#11103,#11105,#11106,.T.);
#9529=EDGE_CURVE('',#11105,#11107,#11108,.T.);
#9530=EDGE_CURVE('',#11107,#11102,#11109,.T.);
#9531=EDGE_CURVE('',#11110,#11111,#11112,.T.);
#9532=EDGE_CURVE('',#11111,#11113,#11114,.T.);
#9533=EDGE_CURVE('',#11113,#11115,#11116,.T.);
#9534=EDGE_CURVE('',#11115,#11110,#11117,.T.);
#9535=EDGE_CURVE('',#11118,#11119,#11120,.T.);
#9536=EDGE_CURVE('',#11119,#11121,#11122,.T.);
#9537=EDGE_CURVE('',#11121,#11123,#11124,.T.);
#9538=EDGE_CURVE('',#11123,#11118,#11125,.T.);
#9539=EDGE_CURVE('',#11126,#11127,#11128,.T.);
#9540=EDGE_CURVE('',#11127,#11129,#11130,.T.);
#9541=EDGE_CURVE('',#11129,#11131,#11132,.T.);
#9542=EDGE_CURVE('',#11131,#11126,#11133,.T.);
#9543=EDGE_CURVE('',#11134,#11135,#11136,.T.);
#9544=EDGE_CURVE('',#11135,#11137,#11138,.T.);
#9545=EDGE_CURVE('',#11137,#11139,#11140,.T.);
#9546=EDGE_CURVE('',#11139,#11134,#11141,.T.);
#9547=EDGE_CURVE('',#11142,#11143,#11144,.T.);
#9548=EDGE_CURVE('',#11143,#11145,#11146,.T.);
#9549=EDGE_CURVE('',#11145,#11147,#11148,.T.);
#9550=EDGE_CURVE('',#11147,#11142,#11149,.T.);
#9551=EDGE_CURVE('',#11150,#11151,#11152,.T.);
#9552=EDGE_CURVE('',#11151,#11153,#11154,.T.);
#9553=EDGE_CURVE('',#11153,#11155,#11156,.T.);
#9554=EDGE_CURVE('',#11155,#11150,#11157,.T.);
#9555=EDGE_CURVE('',#11158,#11159,#11160,.T.);
#9556=EDGE_CURVE('',#11159,#11161,#11162,.T.);
#9557=EDGE_CURVE('',#11161,#11163,#11164,.T.);
#9558=EDGE_CURVE('',#11163,#11158,#11165,.T.);
#9559=EDGE_CURVE('',#11166,#11167,#11168,.T.);
#9560=EDGE_CURVE('',#11167,#11169,#11170,.T.);
#9561=EDGE_CURVE('',#11169,#11171,#11172,.T.);
#9562=EDGE_CURVE('',#11171,#11166,#11173,.T.);
#9563=EDGE_CURVE('',#11174,#11175,#11176,.T.);
#9564=EDGE_CURVE('',#11175,#11177,#11178,.T.);
#9565=EDGE_CURVE('',#11177,#11179,#11180,.T.);
#9566=EDGE_CURVE('',#11179,#11174,#11181,.T.);
#9567=EDGE_CURVE('',#11182,#11183,#11184,.T.);
#9568=EDGE_CURVE('',#11183,#11185,#11186,.T.);
#9569=EDGE_CURVE('',#11185,#11187,#11188,.T.);
#9570=EDGE_CURVE('',#11187,#11182,#11189,.T.);
#9571=EDGE_CURVE('',#11190,#11191,#11192,.T.);
#9572=EDGE_CURVE('',#11191,#11193,#11194,.T.);
#9573=EDGE_CURVE('',#11193,#11195,#11196,.T.);
#9574=EDGE_CURVE('',#11195,#11190,#11197,.T.);
#9575=EDGE_CURVE('',#11198,#11199,#11200,.T.);
#9576=EDGE_CURVE('',#11199,#11201,#11202,.T.);
#9577=EDGE_CURVE('',#11201,#11203,#11204,.T.);
#9578=EDGE_CURVE('',#11203,#11198,#11205,.T.);
#9579=EDGE_CURVE('',#11206,#11207,#11208,.T.);
#9580=EDGE_CURVE('',#11207,#11209,#11210,.T.);
#9581=EDGE_CURVE('',#11209,#11211,#11212,.T.);
#9582=EDGE_CURVE('',#11211,#11206,#11213,.T.);
#9583=EDGE_CURVE('',#11214,#11215,#11216,.T.);
#9584=EDGE_CURVE('',#11215,#11217,#11218,.T.);
#9585=EDGE_CURVE('',#11217,#11219,#11220,.T.);
#9586=EDGE_CURVE('',#11219,#11214,#11221,.T.);
#9587=EDGE_CURVE('',#11222,#11223,#11224,.T.);
#9588=EDGE_CURVE('',#11223,#11225,#11226,.T.);
#9589=EDGE_CURVE('',#11225,#11227,#11228,.T.);
#9590=EDGE_CURVE('',#11227,#11222,#11229,.T.);
#9591=EDGE_CURVE('',#11230,#11231,#11232,.T.);
#9592=EDGE_CURVE('',#11231,#11233,#11234,.T.);
#9593=EDGE_CURVE('',#11233,#11235,#11236,.T.);
#9594=EDGE_CURVE('',#11235,#11230,#11237,.T.);
#9595=EDGE_CURVE('',#11005,#11238,#11239,.F.);
#9596=EDGE_CURVE('',#11238,#11240,#11241,.F.);
#9597=EDGE_CURVE('',#11240,#11242,#11243,.F.);
#9598=EDGE_CURVE('',#11242,#11244,#11245,.F.);
#9599=EDGE_CURVE('',#11244,#11246,#11247,.T.);
#9600=EDGE_CURVE('',#10373,#11246,#11248,.T.);
#9601=EDGE_CURVE('',#11249,#10381,#11250,.F.);
#9602=EDGE_CURVE('',#11251,#11249,#11252,.F.);
#9603=EDGE_CURVE('',#10375,#11251,#11253,.F.);
#9604=EDGE_CURVE('',#11254,#11246,#11255,.T.);
#9605=EDGE_CURVE('',#10441,#11254,#11256,.F.);
#9606=EDGE_CURVE('',#11257,#10439,#11258,.F.);
#9607=EDGE_CURVE('',#10398,#11257,#11259,.T.);
#9608=EDGE_CURVE('',#11260,#11261,#11262,.T.);
#9609=EDGE_CURVE('',#11261,#11263,#11264,.T.);
#9610=EDGE_CURVE('',#11263,#11265,#11266,.T.);
#9611=EDGE_CURVE('',#11265,#11267,#11268,.T.);
#9612=EDGE_CURVE('',#11267,#11269,#11270,.T.);
#9613=EDGE_CURVE('',#11269,#11260,#11271,.T.);
#9614=EDGE_CURVE('',#11272,#11272,#11273,.T.);
#9615=EDGE_CURVE('',#11274,#11274,#11275,.T.);
#9616=EDGE_CURVE('',#11276,#11251,#11277,.T.);
#9617=EDGE_CURVE('',#10377,#11276,#11278,.T.);
#9618=EDGE_CURVE('',#11279,#11276,#11280,.T.);
#9619=EDGE_CURVE('',#10379,#11279,#11281,.T.);
#9620=EDGE_CURVE('',#11249,#11279,#11282,.T.);
#9621=EDGE_CURVE('',#11283,#11283,#11284,.T.);
#9622=EDGE_CURVE('',#11285,#11285,#11286,.T.);
#9623=EDGE_CURVE('',#11287,#11287,#11288,.T.);
#9624=EDGE_CURVE('',#11289,#11289,#11290,.T.);
#9625=EDGE_CURVE('',#11291,#11291,#11292,.T.);
#9626=EDGE_CURVE('',#11293,#11293,#11294,.F.);
#9627=EDGE_CURVE('',#11295,#11295,#11296,.F.);
#9628=EDGE_CURVE('',#11257,#11297,#11298,.F.);
#9629=EDGE_CURVE('',#10411,#11297,#11299,.T.);
#9630=EDGE_CURVE('',#10409,#10400,#11300,.T.);
#9631=EDGE_CURVE('',#10402,#11301,#11302,.T.);
#9632=EDGE_CURVE('',#11301,#10404,#11303,.T.);
#9633=EDGE_CURVE('',#10416,#11297,#11304,.T.);
#9634=EDGE_CURVE('',#11305,#10422,#11306,.T.);
#9635=EDGE_CURVE('',#11305,#11307,#11308,.F.);
#9636=EDGE_CURVE('',#11307,#10421,#11309,.T.);
#9637=EDGE_CURVE('',#11307,#11310,#11311,.T.);
#9638=EDGE_CURVE('',#11310,#10424,#11312,.T.);
#9639=EDGE_CURVE('',#11313,#11314,#11315,.F.);
#9640=EDGE_CURVE('',#11314,#11316,#11317,.F.);
#9641=EDGE_CURVE('',#11316,#11318,#11319,.F.);
#9642=EDGE_CURVE('',#11318,#11320,#11321,.F.);
#9643=EDGE_CURVE('',#11320,#11322,#11323,.F.);
#9644=EDGE_CURVE('',#11322,#11313,#11324,.F.);
#9645=EDGE_CURVE('',#11325,#11325,#11326,.F.);
#9646=EDGE_CURVE('',#11327,#11327,#11328,.F.);
#9647=EDGE_CURVE('',#11310,#10909,#11329,.F.);
#9648=EDGE_CURVE('',#10911,#11330,#11331,.F.);
#9649=EDGE_CURVE('',#11330,#10430,#11332,.T.);
#9650=EDGE_CURVE('',#11333,#10432,#11334,.T.);
#9651=EDGE_CURVE('',#11330,#11333,#11335,.T.);
#9652=EDGE_CURVE('',#11336,#11337,#11338,.F.);
#9653=EDGE_CURVE('',#11336,#11339,#11340,.F.);
#9654=EDGE_CURVE('',#11341,#11339,#11342,.F.);
#9655=EDGE_CURVE('',#11341,#11343,#11344,.F.);
#9656=EDGE_CURVE('',#11345,#11343,#11346,.F.);
#9657=EDGE_CURVE('',#11345,#11347,#11348,.F.);
#9658=EDGE_CURVE('',#11349,#11347,#11350,.F.);
#9659=EDGE_CURVE('',#11349,#11337,#11351,.F.);
#9660=EDGE_CURVE('',#11352,#11353,#11354,.F.);
#9661=EDGE_CURVE('',#11353,#11355,#11356,.F.);
#9662=EDGE_CURVE('',#11355,#11357,#11358,.F.);
#9663=EDGE_CURVE('',#11357,#11352,#11359,.F.);
#9664=EDGE_CURVE('',#11333,#11360,#11361,.F.);
#9665=EDGE_CURVE('',#11360,#10434,#11362,.T.);
#9666=EDGE_CURVE('',#11360,#11305,#11363,.T.);
#9667=EDGE_CURVE('',#11364,#11365,#11366,.F.);
#9668=EDGE_CURVE('',#11365,#11367,#11368,.F.);
#9669=EDGE_CURVE('',#11367,#11369,#11370,.F.);
#9670=EDGE_CURVE('',#11369,#11364,#11371,.F.);
#9671=EDGE_CURVE('',#11372,#11373,#11374,.F.);
#9672=EDGE_CURVE('',#11373,#11375,#11376,.F.);
#9673=EDGE_CURVE('',#11375,#11377,#11378,.F.);
#9674=EDGE_CURVE('',#11377,#11372,#11379,.F.);
#9675=EDGE_CURVE('',#11380,#11381,#11382,.F.);
#9676=EDGE_CURVE('',#11381,#11383,#11384,.F.);
#9677=EDGE_CURVE('',#11383,#11385,#11386,.F.);
#9678=EDGE_CURVE('',#11385,#11380,#11387,.F.);
#9679=EDGE_CURVE('',#11388,#11389,#11390,.F.);
#9680=EDGE_CURVE('',#11389,#11391,#11392,.F.);
#9681=EDGE_CURVE('',#11391,#11393,#11394,.F.);
#9682=EDGE_CURVE('',#11393,#11388,#11395,.F.);
#9683=EDGE_CURVE('',#11396,#11397,#11398,.F.);
#9684=EDGE_CURVE('',#11397,#11399,#11400,.F.);
#9685=EDGE_CURVE('',#11399,#11401,#11402,.F.);
#9686=EDGE_CURVE('',#11401,#11396,#11403,.F.);
#9687=EDGE_CURVE('',#11404,#11405,#11406,.F.);
#9688=EDGE_CURVE('',#11405,#11407,#11408,.F.);
#9689=EDGE_CURVE('',#11407,#11409,#11410,.F.);
#9690=EDGE_CURVE('',#11409,#11404,#11411,.F.);
#9691=EDGE_CURVE('',#11412,#11413,#11414,.F.);
#9692=EDGE_CURVE('',#11413,#11415,#11416,.F.);
#9693=EDGE_CURVE('',#11415,#11417,#11418,.F.);
#9694=EDGE_CURVE('',#11417,#11412,#11419,.F.);
#9695=EDGE_CURVE('',#11420,#11421,#11422,.F.);
#9696=EDGE_CURVE('',#11421,#11423,#11424,.F.);
#9697=EDGE_CURVE('',#11423,#11425,#11426,.F.);
#9698=EDGE_CURVE('',#11425,#11420,#11427,.F.);
#9699=EDGE_CURVE('',#11428,#11429,#11430,.F.);
#9700=EDGE_CURVE('',#11429,#11431,#11432,.F.);
#9701=EDGE_CURVE('',#11431,#11433,#11434,.F.);
#9702=EDGE_CURVE('',#11433,#11428,#11435,.F.);
#9703=EDGE_CURVE('',#11436,#11437,#11438,.F.);
#9704=EDGE_CURVE('',#11437,#11439,#11440,.F.);
#9705=EDGE_CURVE('',#11439,#11441,#11442,.F.);
#9706=EDGE_CURVE('',#11441,#11436,#11443,.F.);
#9707=EDGE_CURVE('',#11444,#11445,#11446,.F.);
#9708=EDGE_CURVE('',#11445,#11447,#11448,.F.);
#9709=EDGE_CURVE('',#11447,#11449,#11450,.F.);
#9710=EDGE_CURVE('',#11449,#11444,#11451,.F.);
#9711=EDGE_CURVE('',#11452,#11453,#11454,.F.);
#9712=EDGE_CURVE('',#11453,#11455,#11456,.F.);
#9713=EDGE_CURVE('',#11455,#11457,#11458,.F.);
#9714=EDGE_CURVE('',#11457,#11452,#11459,.F.);
#9715=EDGE_CURVE('',#11460,#11461,#11462,.F.);
#9716=EDGE_CURVE('',#11461,#11463,#11464,.F.);
#9717=EDGE_CURVE('',#11463,#11465,#11466,.F.);
#9718=EDGE_CURVE('',#11465,#11460,#11467,.F.);
#9719=EDGE_CURVE('',#11468,#11469,#11470,.F.);
#9720=EDGE_CURVE('',#11469,#11471,#11472,.F.);
#9721=EDGE_CURVE('',#11471,#11473,#11474,.F.);
#9722=EDGE_CURVE('',#11473,#11468,#11475,.F.);
#9723=EDGE_CURVE('',#11476,#11477,#11478,.F.);
#9724=EDGE_CURVE('',#11477,#11479,#11480,.F.);
#9725=EDGE_CURVE('',#11479,#11481,#11482,.F.);
#9726=EDGE_CURVE('',#11481,#11476,#11483,.F.);
#9727=EDGE_CURVE('',#11484,#11485,#11486,.F.);
#9728=EDGE_CURVE('',#11485,#11487,#11488,.F.);
#9729=EDGE_CURVE('',#11487,#11489,#11490,.F.);
#9730=EDGE_CURVE('',#11489,#11484,#11491,.F.);
#9731=EDGE_CURVE('',#11492,#11493,#11494,.F.);
#9732=EDGE_CURVE('',#11493,#11495,#11496,.F.);
#9733=EDGE_CURVE('',#11495,#11497,#11498,.F.);
#9734=EDGE_CURVE('',#11497,#11492,#11499,.F.);
#9735=EDGE_CURVE('',#11500,#11501,#11502,.F.);
#9736=EDGE_CURVE('',#11501,#11503,#11504,.F.);
#9737=EDGE_CURVE('',#11503,#11505,#11506,.F.);
#9738=EDGE_CURVE('',#11505,#11500,#11507,.F.);
#9739=EDGE_CURVE('',#11508,#11509,#11510,.F.);
#9740=EDGE_CURVE('',#11509,#11511,#11512,.F.);
#9741=EDGE_CURVE('',#11511,#11513,#11514,.F.);
#9742=EDGE_CURVE('',#11513,#11508,#11515,.F.);
#9743=EDGE_CURVE('',#11516,#11517,#11518,.F.);
#9744=EDGE_CURVE('',#11517,#11519,#11520,.F.);
#9745=EDGE_CURVE('',#11519,#11521,#11522,.F.);
#9746=EDGE_CURVE('',#11521,#11516,#11523,.F.);
#9747=EDGE_CURVE('',#11524,#11525,#11526,.F.);
#9748=EDGE_CURVE('',#11525,#11527,#11528,.F.);
#9749=EDGE_CURVE('',#11527,#11529,#11530,.F.);
#9750=EDGE_CURVE('',#11529,#11524,#11531,.F.);
#9751=EDGE_CURVE('',#11532,#11533,#11534,.F.);
#9752=EDGE_CURVE('',#11533,#11535,#11536,.F.);
#9753=EDGE_CURVE('',#11535,#11537,#11538,.F.);
#9754=EDGE_CURVE('',#11537,#11532,#11539,.F.);
#9755=EDGE_CURVE('',#11540,#11541,#11542,.F.);
#9756=EDGE_CURVE('',#11541,#11543,#11544,.F.);
#9757=EDGE_CURVE('',#11543,#11545,#11546,.F.);
#9758=EDGE_CURVE('',#11545,#11540,#11547,.F.);
#9759=EDGE_CURVE('',#11548,#11549,#11550,.F.);
#9760=EDGE_CURVE('',#11549,#11551,#11552,.F.);
#9761=EDGE_CURVE('',#11551,#11553,#11554,.F.);
#9762=EDGE_CURVE('',#11553,#11548,#11555,.F.);
#9763=EDGE_CURVE('',#11556,#11557,#11558,.F.);
#9764=EDGE_CURVE('',#11557,#11559,#11560,.F.);
#9765=EDGE_CURVE('',#11559,#11561,#11562,.F.);
#9766=EDGE_CURVE('',#11561,#11556,#11563,.F.);
#9767=EDGE_CURVE('',#11564,#11565,#11566,.F.);
#9768=EDGE_CURVE('',#11565,#11567,#11568,.F.);
#9769=EDGE_CURVE('',#11567,#11569,#11570,.F.);
#9770=EDGE_CURVE('',#11569,#11564,#11571,.F.);
#9771=EDGE_CURVE('',#11572,#11573,#11574,.F.);
#9772=EDGE_CURVE('',#11573,#11575,#11576,.F.);
#9773=EDGE_CURVE('',#11575,#11577,#11578,.F.);
#9774=EDGE_CURVE('',#11577,#11572,#11579,.F.);
#9775=EDGE_CURVE('',#11580,#11581,#11582,.F.);
#9776=EDGE_CURVE('',#11581,#11583,#11584,.F.);
#9777=EDGE_CURVE('',#11583,#11585,#11586,.F.);
#9778=EDGE_CURVE('',#11585,#11580,#11587,.F.);
#9779=EDGE_CURVE('',#11588,#11589,#11590,.F.);
#9780=EDGE_CURVE('',#11589,#11591,#11592,.F.);
#9781=EDGE_CURVE('',#11591,#11593,#11594,.F.);
#9782=EDGE_CURVE('',#11593,#11588,#11595,.F.);
#9783=EDGE_CURVE('',#11596,#11597,#11598,.F.);
#9784=EDGE_CURVE('',#11597,#11599,#11600,.F.);
#9785=EDGE_CURVE('',#11599,#11601,#11602,.F.);
#9786=EDGE_CURVE('',#11601,#11596,#11603,.F.);
#9787=EDGE_CURVE('',#11604,#11254,#11605,.F.);
#9788=EDGE_CURVE('',#11604,#11606,#11607,.T.);
#9789=EDGE_CURVE('',#11606,#10443,#11608,.T.);
#9790=EDGE_CURVE('',#11003,#11609,#11610,.F.);
#9791=EDGE_CURVE('',#11606,#11609,#11611,.T.);
#9792=EDGE_CURVE('',#11000,#11612,#11613,.F.);
#9793=EDGE_CURVE('',#11612,#10449,#11614,.T.);
#9794=EDGE_CURVE('',#11615,#11616,#11617,.T.);
#9795=EDGE_CURVE('',#11616,#11618,#11619,.F.);
#9796=EDGE_CURVE('',#11618,#10451,#11620,.T.);
#9797=EDGE_CURVE('',#11612,#11621,#11622,.F.);
#9798=EDGE_CURVE('',#11621,#11623,#11624,.F.);
#9799=EDGE_CURVE('',#11623,#11615,#11625,.T.);
#9800=EDGE_CURVE('',#11618,#11015,#11626,.F.);
#9801=EDGE_CURVE('',#11627,#11012,#11628,.F.);
#9802=EDGE_CURVE('',#11627,#11629,#11630,.T.);
#9803=EDGE_CURVE('',#11629,#10457,#11631,.T.);
#9804=EDGE_CURVE('',#10937,#11632,#11633,.F.);
#9805=EDGE_CURVE('',#11629,#11632,#11634,.T.);
#9806=EDGE_CURVE('',#11635,#10934,#11636,.F.);
#9807=EDGE_CURVE('',#11635,#10548,#11637,.T.);
#9808=EDGE_CURVE('',#11638,#11639,#11640,.T.);
#9809=EDGE_CURVE('',#11638,#11641,#11642,.F.);
#9810=EDGE_CURVE('',#11643,#11641,#11644,.T.);
#9811=EDGE_CURVE('',#11645,#11643,#11646,.T.);
#9812=EDGE_CURVE('',#11645,#11639,#11647,.F.);
#9813=EDGE_CURVE('',#10523,#10525,#11648,.T.);
#9814=EDGE_CURVE('',#10523,#10515,#11649,.F.);
#9815=EDGE_CURVE('',#11650,#10515,#11651,.T.);
#9816=EDGE_CURVE('',#10513,#11650,#11652,.T.);
#9817=EDGE_CURVE('',#10513,#10525,#11653,.F.);
#9818=EDGE_CURVE('',#11654,#11238,#11655,.T.);
#9819=EDGE_CURVE('',#11244,#11654,#11656,.T.);
#9820=EDGE_CURVE('',#11657,#11242,#11658,.T.);
#9821=EDGE_CURVE('',#11240,#11657,#11659,.T.);
#9822=EDGE_CURVE('',#10560,#10562,#11660,.T.);
#9823=EDGE_CURVE('',#10564,#10555,#11661,.T.);
#9824=EDGE_CURVE('',#11662,#11663,#11664,.T.);
#9825=EDGE_CURVE('',#11665,#11662,#11666,.T.);
#9826=EDGE_CURVE('',#11667,#11665,#11668,.T.);
#9827=EDGE_CURVE('',#11669,#11667,#11670,.F.);
#9828=EDGE_CURVE('',#11671,#11669,#11672,.T.);
#9829=EDGE_CURVE('',#11663,#11671,#11673,.F.);
#9830=EDGE_CURVE('',#11635,#10553,#11674,.T.);
#9831=EDGE_CURVE('',#10931,#11357,#11675,.T.);
#9832=EDGE_CURVE('',#10584,#11355,#11676,.T.);
#9833=EDGE_CURVE('',#10927,#10576,#11677,.T.);
#9834=EDGE_CURVE('',#10577,#11353,#11678,.T.);
#9835=EDGE_CURVE('',#10929,#11352,#11679,.T.);
#9836=EDGE_CURVE('',#10919,#11663,#11680,.F.);
#9837=EDGE_CURVE('',#11671,#11669,#11681,.F.);
#9838=EDGE_CURVE('',#11667,#11010,#11682,.T.);
#9839=EDGE_CURVE('',#11008,#10918,#11683,.F.);
#9840=EDGE_CURVE('',#11684,#11632,#11685,.T.);
#9841=EDGE_CURVE('',#11662,#11684,#11686,.T.);
#9842=EDGE_CURVE('',#10941,#11336,#11687,.T.);
#9843=EDGE_CURVE('',#10940,#11337,#11688,.T.);
#9844=EDGE_CURVE('',#10943,#11349,#11689,.T.);
#9845=EDGE_CURVE('',#10945,#11347,#11690,.T.);
#9846=EDGE_CURVE('',#10947,#11345,#11691,.T.);
#9847=EDGE_CURVE('',#10949,#11343,#11692,.T.);
#9848=EDGE_CURVE('',#10951,#11341,#11693,.T.);
#9849=EDGE_CURVE('',#10953,#11339,#11694,.T.);
#9850=EDGE_CURVE('',#11695,#11695,#11696,.F.);
#9851=EDGE_CURVE('',#11697,#11697,#11698,.F.);
#9852=EDGE_CURVE('',#11699,#11699,#11700,.F.);
#9853=EDGE_CURVE('',#11616,#11484,#11701,.T.);
#9854=EDGE_CURVE('',#10982,#11615,#11702,.T.);
#9855=EDGE_CURVE('',#10981,#11485,#11703,.T.);
#9856=EDGE_CURVE('',#11623,#10992,#11704,.T.);
#9857=EDGE_CURVE('',#10990,#11705,#11706,.T.);
#9858=EDGE_CURVE('',#11705,#11707,#11708,.T.);
#9859=EDGE_CURVE('',#11707,#10984,#11709,.T.);
#9860=EDGE_CURVE('',#10986,#11495,#11710,.T.);
#9861=EDGE_CURVE('',#11707,#11638,#11711,.T.);
#9862=EDGE_CURVE('',#11639,#11638,#11712,.F.);
#9863=EDGE_CURVE('',#11639,#11497,#11713,.T.);
#9864=EDGE_CURVE('',#10988,#11493,#11714,.T.);
#9865=EDGE_CURVE('',#11645,#11492,#11715,.T.);
#9866=EDGE_CURVE('',#11641,#11645,#11716,.F.);
#9867=EDGE_CURVE('',#11705,#11641,#11717,.T.);
#9868=EDGE_CURVE('',#10994,#11503,#11718,.T.);
#9869=EDGE_CURVE('',#11621,#11505,#11719,.T.);
#9870=EDGE_CURVE('',#10996,#11501,#11720,.T.);
#9871=EDGE_CURVE('',#10998,#11500,#11721,.T.);
#9872=EDGE_CURVE('',#11722,#11609,#11723,.T.);
#9873=EDGE_CURVE('',#11654,#11722,#11724,.T.);
#9874=EDGE_CURVE('',#11627,#11684,#11725,.T.);
#9875=EDGE_CURVE('',#11017,#11489,#11726,.T.);
#9876=EDGE_CURVE('',#11019,#11487,#11727,.T.);
#9877=EDGE_CURVE('',#11023,#11364,#11728,.T.);
#9878=EDGE_CURVE('',#11022,#11365,#11729,.T.);
#9879=EDGE_CURVE('',#11025,#11369,#11730,.T.);
#9880=EDGE_CURVE('',#11027,#11367,#11731,.T.);
#9881=EDGE_CURVE('',#11031,#11372,#11732,.T.);
#9882=EDGE_CURVE('',#11030,#11373,#11733,.T.);
#9883=EDGE_CURVE('',#11033,#11377,#11734,.T.);
#9884=EDGE_CURVE('',#11035,#11375,#11735,.T.);
#9885=EDGE_CURVE('',#11039,#11380,#11736,.T.);
#9886=EDGE_CURVE('',#11038,#11381,#11737,.T.);
#9887=EDGE_CURVE('',#11041,#11385,#11738,.T.);
#9888=EDGE_CURVE('',#11043,#11383,#11739,.T.);
#9889=EDGE_CURVE('',#11047,#11388,#11740,.T.);
#9890=EDGE_CURVE('',#11046,#11389,#11741,.T.);
#9891=EDGE_CURVE('',#11049,#11393,#11742,.T.);
#9892=EDGE_CURVE('',#11051,#11391,#11743,.T.);
#9893=EDGE_CURVE('',#11055,#11396,#11744,.T.);
#9894=EDGE_CURVE('',#11054,#11397,#11745,.T.);
#9895=EDGE_CURVE('',#11057,#11401,#11746,.T.);
#9896=EDGE_CURVE('',#11059,#11399,#11747,.T.);
#9897=EDGE_CURVE('',#11063,#11404,#11748,.T.);
#9898=EDGE_CURVE('',#11062,#11405,#11749,.T.);
#9899=EDGE_CURVE('',#11065,#11409,#11750,.T.);
#9900=EDGE_CURVE('',#11067,#11407,#11751,.T.);
#9901=EDGE_CURVE('',#11071,#11412,#11752,.T.);
#9902=EDGE_CURVE('',#11070,#11413,#11753,.T.);
#9903=EDGE_CURVE('',#11073,#11417,#11754,.T.);
#9904=EDGE_CURVE('',#11075,#11415,#11755,.T.);
#9905=EDGE_CURVE('',#11079,#11420,#11756,.T.);
#9906=EDGE_CURVE('',#11078,#11421,#11757,.T.);
#9907=EDGE_CURVE('',#11081,#11425,#11758,.T.);
#9908=EDGE_CURVE('',#11083,#11423,#11759,.T.);
#9909=EDGE_CURVE('',#11087,#11428,#11760,.T.);
#9910=EDGE_CURVE('',#11086,#11429,#11761,.T.);
#9911=EDGE_CURVE('',#11089,#11433,#11762,.T.);
#9912=EDGE_CURVE('',#11091,#11431,#11763,.T.);
#9913=EDGE_CURVE('',#11095,#11436,#11764,.T.);
#9914=EDGE_CURVE('',#11094,#11437,#11765,.T.);
#9915=EDGE_CURVE('',#11097,#11441,#11766,.T.);
#9916=EDGE_CURVE('',#11099,#11439,#11767,.T.);
#9917=EDGE_CURVE('',#11103,#11444,#11768,.T.);
#9918=EDGE_CURVE('',#11102,#11445,#11769,.T.);
#9919=EDGE_CURVE('',#11105,#11449,#11770,.T.);
#9920=EDGE_CURVE('',#11107,#11447,#11771,.T.);
#9921=EDGE_CURVE('',#11111,#11452,#11772,.T.);
#9922=EDGE_CURVE('',#11110,#11453,#11773,.T.);
#9923=EDGE_CURVE('',#11113,#11457,#11774,.T.);
#9924=EDGE_CURVE('',#11115,#11455,#11775,.T.);
#9925=EDGE_CURVE('',#11119,#11460,#11776,.T.);
#9926=EDGE_CURVE('',#11118,#11461,#11777,.T.);
#9927=EDGE_CURVE('',#11121,#11465,#11778,.T.);
#9928=EDGE_CURVE('',#11123,#11463,#11779,.T.);
#9929=EDGE_CURVE('',#11127,#11468,#11780,.T.);
#9930=EDGE_CURVE('',#11126,#11469,#11781,.T.);
#9931=EDGE_CURVE('',#11129,#11473,#11782,.T.);
#9932=EDGE_CURVE('',#11131,#11471,#11783,.T.);
#9933=EDGE_CURVE('',#11135,#11476,#11784,.T.);
#9934=EDGE_CURVE('',#11134,#11477,#11785,.T.);
#9935=EDGE_CURVE('',#11137,#11481,#11786,.T.);
#9936=EDGE_CURVE('',#11139,#11479,#11787,.T.);
#9937=EDGE_CURVE('',#11143,#11508,#11788,.T.);
#9938=EDGE_CURVE('',#11142,#11509,#11789,.T.);
#9939=EDGE_CURVE('',#11145,#11513,#11790,.T.);
#9940=EDGE_CURVE('',#11147,#11511,#11791,.T.);
#9941=EDGE_CURVE('',#11151,#11516,#11792,.T.);
#9942=EDGE_CURVE('',#11150,#11517,#11793,.T.);
#9943=EDGE_CURVE('',#11153,#11521,#11794,.T.);
#9944=EDGE_CURVE('',#11155,#11519,#11795,.T.);
#9945=EDGE_CURVE('',#11159,#11524,#11796,.T.);
#9946=EDGE_CURVE('',#11158,#11525,#11797,.T.);
#9947=EDGE_CURVE('',#11161,#11529,#11798,.T.);
#9948=EDGE_CURVE('',#11163,#11527,#11799,.T.);
#9949=EDGE_CURVE('',#11167,#11532,#11800,.T.);
#9950=EDGE_CURVE('',#11166,#11533,#11801,.T.);
#9951=EDGE_CURVE('',#11169,#11537,#11802,.T.);
#9952=EDGE_CURVE('',#11171,#11535,#11803,.T.);
#9953=EDGE_CURVE('',#11175,#11540,#11804,.T.);
#9954=EDGE_CURVE('',#11174,#11541,#11805,.T.);
#9955=EDGE_CURVE('',#11177,#11545,#11806,.T.);
#9956=EDGE_CURVE('',#11179,#11543,#11807,.T.);
#9957=EDGE_CURVE('',#11183,#11548,#11808,.T.);
#9958=EDGE_CURVE('',#11182,#11549,#11809,.T.);
#9959=EDGE_CURVE('',#11185,#11553,#11810,.T.);
#9960=EDGE_CURVE('',#11187,#11551,#11811,.T.);
#9961=EDGE_CURVE('',#11191,#11556,#11812,.T.);
#9962=EDGE_CURVE('',#11190,#11557,#11813,.T.);
#9963=EDGE_CURVE('',#11193,#11561,#11814,.T.);
#9964=EDGE_CURVE('',#11195,#11559,#11815,.T.);
#9965=EDGE_CURVE('',#11199,#11564,#11816,.T.);
#9966=EDGE_CURVE('',#11198,#11565,#11817,.T.);
#9967=EDGE_CURVE('',#11201,#11569,#11818,.T.);
#9968=EDGE_CURVE('',#11203,#11567,#11819,.T.);
#9969=EDGE_CURVE('',#11207,#11572,#11820,.T.);
#9970=EDGE_CURVE('',#11206,#11573,#11821,.T.);
#9971=EDGE_CURVE('',#11209,#11577,#11822,.T.);
#9972=EDGE_CURVE('',#11211,#11575,#11823,.T.);
#9973=EDGE_CURVE('',#11215,#11580,#11824,.T.);
#9974=EDGE_CURVE('',#11214,#11581,#11825,.T.);
#9975=EDGE_CURVE('',#11217,#11585,#11826,.T.);
#9976=EDGE_CURVE('',#11219,#11583,#11827,.T.);
#9977=EDGE_CURVE('',#11223,#11588,#11828,.T.);
#9978=EDGE_CURVE('',#11222,#11589,#11829,.T.);
#9979=EDGE_CURVE('',#11225,#11593,#11830,.T.);
#9980=EDGE_CURVE('',#11227,#11591,#11831,.T.);
#9981=EDGE_CURVE('',#11231,#11596,#11832,.T.);
#9982=EDGE_CURVE('',#11230,#11597,#11833,.T.);
#9983=EDGE_CURVE('',#11233,#11601,#11834,.T.);
#9984=EDGE_CURVE('',#11235,#11599,#11835,.T.);
#9985=EDGE_CURVE('',#11604,#11722,#11836,.T.);
#9986=EDGE_CURVE('',#11260,#11314,#11837,.T.);
#9987=EDGE_CURVE('',#11261,#11313,#11838,.T.);
#9988=EDGE_CURVE('',#11263,#11322,#11839,.T.);
#9989=EDGE_CURVE('',#11265,#11320,#11840,.T.);
#9990=EDGE_CURVE('',#11267,#11318,#11841,.T.);
#9991=EDGE_CURVE('',#11269,#11316,#11842,.T.);
#9992=EDGE_CURVE('',#11843,#11843,#11844,.F.);
#9993=EDGE_CURVE('',#11845,#11845,#11846,.F.);
#9994=EDGE_CURVE('',#11847,#11847,#11848,.F.);
#9995=EDGE_CURVE('',#11849,#11849,#11850,.F.);
#9996=EDGE_CURVE('',#11851,#11851,#11852,.F.);
#9997=EDGE_CURVE('',#11853,#11853,#11854,.F.);
#9998=EDGE_CURVE('',#11855,#11855,#11856,.F.);
#9999=EDGE_CURVE('',#11857,#11857,#11858,.F.);
#10000=EDGE_CURVE('',#11859,#11859,#11860,.F.);
#10001=EDGE_CURVE('',#11861,#11861,#11862,.F.);
#10002=EDGE_CURVE('',#11863,#11863,#11864,.F.);
#10003=EDGE_CURVE('',#11865,#11865,#11866,.F.);
#10004=EDGE_CURVE('',#11867,#11867,#11868,.F.);
#10005=EDGE_CURVE('',#11869,#11869,#11870,.F.);
#10006=EDGE_CURVE('',#11871,#11871,#11872,.F.);
#10007=VERTEX_POINT('',#11873);
#10008=VERTEX_POINT('',#11874);
#10009=LINE('',#11875,#11876);
#10010=VERTEX_POINT('',#11878);
#10011=LINE('',#11879,#11880);
#10012=VERTEX_POINT('',#11882);
#10013=LINE('',#11883,#11884);
#10014=VERTEX_POINT('',#11886);
#10015=LINE('',#11887,#11888);
#10016=VERTEX_POINT('',#11890);
#10017=B_SPLINE_CURVE_WITH_KNOTS('',3,
(#11891,#11892,#11893,#11894,#11895,#11896,#11897,#11898,#11899,#11900,#11901,#11902,
#11903,#11904,#11905,#11906,#11907,#11908,#11909,#11910,#11911,#11912,#11913,#11914,
#11915,#11916,#11917,#11918,#11919,#11920,#11921,#11922,#11923,#11924,#11925,#11926,
#11927,#11928,#11929,#11930,#11931,#11932,#11933,#11934,#11935,#11936,#11937,#11938,
#11939,#11940,#11941,#11942,#11943,#11944),
.UNSPECIFIED.,.F.,.F.,
(4,1,1,1,1,1,1,1,1,1,1,1,1,1,1,1,1,1,1,1,1,1,1,1,1,1,1,1,1,1,1,1,1,1,1,1,1,1,1,1,
1,1,1,1,1,1,1,1,1,1,1,4),
(0.,0.0274572252267631,0.054823008946626,0.0821166817725387,0.0865251071432336,0.109407415012979,
0.136755389553013,0.164250588715724,0.191814004013317,0.219513177742797,0.247255494334586,
0.250054736199542,0.275069120933164,0.302865463454895,0.330556191977776,0.358231129255327,
0.377341301765048,0.385718971651239,0.413005107690074,0.439950124986821,0.466840278785022,
0.476854956981946,0.493345230349872,0.500008988447496,0.519510340539218,0.545182973981803,
0.570754236090503,0.575937010326327,0.595942774008821,0.620857139876247,0.645460415100349,
0.664669488502792,0.670076792649647,0.694435651896701,0.71851898276215,0.742114523033697,
0.742778246860582,0.765527056038133,0.788392787350236,0.81092683403492,0.820422116505149,
0.832971743526459,0.85485809038433,0.876331631828446,0.897534625903518,0.918353247642689,
0.924503695006926,0.939048777295101,0.959478575289944,0.979787793477924,0.994925177571455,
1.),
.UNSPECIFIED.);
#10018=VERTEX_POINT('',#11945);
#10019=LINE('',#11946,#11947);
#10020=VERTEX_POINT('',#11949);
#10021=B_SPLINE_CURVE_WITH_KNOTS('',3,
(#11950,#11951,#11952,#11953,#11954,#11955,#11956,#11957,#11958,#11959,#11960,#11961,
#11962,#11963,#11964,#11965,#11966,#11967,#11968,#11969,#11970,#11971,#11972,#11973,
#11974,#11975,#11976,#11977,#11978,#11979,#11980,#11981,#11982,#11983,#11984,#11985,
#11986,#11987,#11988,#11989,#11990,#11991,#11992,#11993,#11994,#11995,#11996,#11997,
#11998,#11999,#12000,#12001,#12002,#12003),
.UNSPECIFIED.,.F.,.F.,
(4,1,1,1,1,1,1,1,1,1,1,1,1,1,1,1,1,1,1,1,1,1,1,1,1,1,1,1,1,1,1,1,1,1,1,1,1,1,1,1,
1,1,1,1,1,1,1,1,1,1,1,4),
(0.,0.0227293298603638,0.0454577252195677,0.0681979733332143,0.0864744399639593,
0.091037478889882,0.113945785658274,0.137148733713946,0.160564382143321,0.184256152754254,
0.20805225527635,0.229000212373948,0.232214043304594,0.256684374590579,0.281632088141208,
0.306742838739643,0.332254855238634,0.35630145281839,0.358065687777709,0.384247511886683,
0.410476716749509,0.436865190472159,0.46344503704662,0.476844595592293,0.490249068007543,
0.499991825131536,0.517069138591074,0.543946399350029,0.570939331201525,0.575926559082149,
0.597968222648379,0.624920204322001,0.651669909229247,0.67504501759188,0.678313168950948,
0.704651430474234,0.730795765061552,0.753057224594349,0.756517566452579,0.781977362663538,
0.807052245811947,0.807926193100749,0.832005379960663,0.856594817052224,0.87406358033235,
0.880961745835207,0.905008206169677,0.9289666945606,0.952731967321654,0.956872777707674,
0.976396297446552,1.),
.UNSPECIFIED.);
#10022=VERTEX_POINT('',#12004);
#10023=LINE('',#12005,#12006);
#10024=VERTEX_POINT('',#12008);
#10025=LINE('',#12009,#12010);
#10026=VERTEX_POINT('',#12012);
#10027=LINE('',#12013,#12014);
#10028=VERTEX_POINT('',#12016);
#10029=LINE('',#12017,#12018);
#10030=VERTEX_POINT('',#12020);
#10031=LINE('',#12021,#12022);
#10032=VERTEX_POINT('',#12024);
#10033=LINE('',#12025,#12026);
#10034=VERTEX_POINT('',#12028);
#10035=LINE('',#12029,#12030);
#10036=VERTEX_POINT('',#12032);
#10037=LINE('',#12033,#12034);
#10038=VERTEX_POINT('',#12036);
#10039=LINE('',#12037,#12038);
#10040=VERTEX_POINT('',#12040);
#10041=LINE('',#12041,#12042);
#10042=VERTEX_POINT('',#12044);
#10043=LINE('',#12045,#12046);
#10044=VERTEX_POINT('',#12048);
#10045=LINE('',#12049,#12050);
#10046=VERTEX_POINT('',#12052);
#10047=LINE('',#12053,#12054);
#10048=VERTEX_POINT('',#12056);
#10049=LINE('',#12057,#12058);
#10050=VERTEX_POINT('',#12060);
#10051=LINE('',#12061,#12062);
#10052=VERTEX_POINT('',#12064);
#10053=LINE('',#12065,#12066);
#10054=VERTEX_POINT('',#12068);
#10055=LINE('',#12069,#12070);
#10056=VERTEX_POINT('',#12072);
#10057=LINE('',#12073,#12074);
#10058=VERTEX_POINT('',#12076);
#10059=LINE('',#12077,#12078);
#10060=VERTEX_POINT('',#12080);
#10061=LINE('',#12081,#12082);
#10062=VERTEX_POINT('',#12084);
#10063=LINE('',#12085,#12086);
#10064=VERTEX_POINT('',#12088);
#10065=LINE('',#12089,#12090);
#10066=VERTEX_POINT('',#12092);
#10067=LINE('',#12093,#12094);
#10068=VERTEX_POINT('',#12096);
#10069=LINE('',#12097,#12098);
#10070=VERTEX_POINT('',#12100);
#10071=LINE('',#12101,#12102);
#10072=VERTEX_POINT('',#12104);
#10073=LINE('',#12105,#12106);
#10074=VERTEX_POINT('',#12108);
#10075=LINE('',#12109,#12110);
#10076=VERTEX_POINT('',#12112);
#10077=LINE('',#12113,#12114);
#10078=VERTEX_POINT('',#12116);
#10079=LINE('',#12117,#12118);
#10080=VERTEX_POINT('',#12120);
#10081=LINE('',#12121,#12122);
#10082=LINE('',#12124,#12125);
#10083=VERTEX_POINT('',#12127);
#10084=CIRCLE('',#12128,1.5);
#10085=VERTEX_POINT('',#12132);
#10086=CIRCLE('',#12133,1.5);
#10087=VERTEX_POINT('',#12137);
#10088=CIRCLE('',#12138,6.);
#10089=VERTEX_POINT('',#12142);
#10090=VERTEX_POINT('',#12143);
#10091=LINE('',#12144,#12145);
#10092=VERTEX_POINT('',#12147);
#10093=LINE('',#12148,#12149);
#10094=VERTEX_POINT('',#12151);
#10095=LINE('',#12152,#12153);
#10096=LINE('',#12155,#12156);
#10097=VERTEX_POINT('',#12158);
#10098=VERTEX_POINT('',#12159);
#10099=LINE('',#12160,#12161);
#10100=VERTEX_POINT('',#12163);
#10101=LINE('',#12164,#12165);
#10102=VERTEX_POINT('',#12167);
#10103=LINE('',#12168,#12169);
#10104=LINE('',#12171,#12172);
#10105=VERTEX_POINT('',#12174);
#10106=VERTEX_POINT('',#12175);
#10107=LINE('',#12176,#12177);
#10108=VERTEX_POINT('',#12179);
#10109=LINE('',#12180,#12181);
#10110=VERTEX_POINT('',#12183);
#10111=LINE('',#12184,#12185);
#10112=LINE('',#12187,#12188);
#10113=VERTEX_POINT('',#12190);
#10114=VERTEX_POINT('',#12191);
#10115=LINE('',#12192,#12193);
#10116=VERTEX_POINT('',#12195);
#10117=LINE('',#12196,#12197);
#10118=VERTEX_POINT('',#12199);
#10119=LINE('',#12200,#12201);
#10120=LINE('',#12203,#12204);
#10121=VERTEX_POINT('',#12206);
#10122=VERTEX_POINT('',#12207);
#10123=LINE('',#12208,#12209);
#10124=VERTEX_POINT('',#12211);
#10125=LINE('',#12212,#12213);
#10126=VERTEX_POINT('',#12215);
#10127=LINE('',#12216,#12217);
#10128=LINE('',#12219,#12220);
#10129=VERTEX_POINT('',#12222);
#10130=VERTEX_POINT('',#12223);
#10131=LINE('',#12224,#12225);
#10132=VERTEX_POINT('',#12227);
#10133=LINE('',#12228,#12229);
#10134=VERTEX_POINT('',#12231);
#10135=LINE('',#12232,#12233);
#10136=LINE('',#12235,#12236);
#10137=VERTEX_POINT('',#12238);
#10138=VERTEX_POINT('',#12239);
#10139=LINE('',#12240,#12241);
#10140=VERTEX_POINT('',#12243);
#10141=LINE('',#12244,#12245);
#10142=VERTEX_POINT('',#12247);
#10143=LINE('',#12248,#12249);
#10144=LINE('',#12251,#12252);
#10145=VERTEX_POINT('',#12254);
#10146=VERTEX_POINT('',#12255);
#10147=LINE('',#12256,#12257);
#10148=VERTEX_POINT('',#12259);
#10149=LINE('',#12260,#12261);
#10150=VERTEX_POINT('',#12263);
#10151=LINE('',#12264,#12265);
#10152=LINE('',#12267,#12268);
#10153=VERTEX_POINT('',#12270);
#10154=VERTEX_POINT('',#12271);
#10155=LINE('',#12272,#12273);
#10156=VERTEX_POINT('',#12275);
#10157=LINE('',#12276,#12277);
#10158=VERTEX_POINT('',#12279);
#10159=LINE('',#12280,#12281);
#10160=LINE('',#12283,#12284);
#10161=VERTEX_POINT('',#12286);
#10162=VERTEX_POINT('',#12287);
#10163=LINE('',#12288,#12289);
#10164=VERTEX_POINT('',#12291);
#10165=LINE('',#12292,#12293);
#10166=VERTEX_POINT('',#12295);
#10167=LINE('',#12296,#12297);
#10168=LINE('',#12299,#12300);
#10169=VERTEX_POINT('',#12302);
#10170=VERTEX_POINT('',#12303);
#10171=LINE('',#12304,#12305);
#10172=VERTEX_POINT('',#12307);
#10173=LINE('',#12308,#12309);
#10174=VERTEX_POINT('',#12311);
#10175=LINE('',#12312,#12313);
#10176=LINE('',#12315,#12316);
#10177=VERTEX_POINT('',#12318);
#10178=VERTEX_POINT('',#12319);
#10179=LINE('',#12320,#12321);
#10180=VERTEX_POINT('',#12323);
#10181=LINE('',#12324,#12325);
#10182=VERTEX_POINT('',#12327);
#10183=LINE('',#12328,#12329);
#10184=LINE('',#12331,#12332);
#10185=VERTEX_POINT('',#12334);
#10186=VERTEX_POINT('',#12335);
#10187=LINE('',#12336,#12337);
#10188=VERTEX_POINT('',#12339);
#10189=LINE('',#12340,#12341);
#10190=VERTEX_POINT('',#12343);
#10191=LINE('',#12344,#12345);
#10192=LINE('',#12347,#12348);
#10193=VERTEX_POINT('',#12350);
#10194=VERTEX_POINT('',#12351);
#10195=LINE('',#12352,#12353);
#10196=VERTEX_POINT('',#12355);
#10197=LINE('',#12356,#12357);
#10198=VERTEX_POINT('',#12359);
#10199=LINE('',#12360,#12361);
#10200=LINE('',#12363,#12364);
#10201=VERTEX_POINT('',#12366);
#10202=VERTEX_POINT('',#12367);
#10203=LINE('',#12368,#12369);
#10204=VERTEX_POINT('',#12371);
#10205=LINE('',#12372,#12373);
#10206=VERTEX_POINT('',#12375);
#10207=LINE('',#12376,#12377);
#10208=LINE('',#12379,#12380);
#10209=VERTEX_POINT('',#12382);
#10210=VERTEX_POINT('',#12383);
#10211=LINE('',#12384,#12385);
#10212=VERTEX_POINT('',#12387);
#10213=LINE('',#12388,#12389);
#10214=VERTEX_POINT('',#12391);
#10215=LINE('',#12392,#12393);
#10216=LINE('',#12395,#12396);
#10217=VERTEX_POINT('',#12398);
#10218=VERTEX_POINT('',#12399);
#10219=LINE('',#12400,#12401);
#10220=VERTEX_POINT('',#12403);
#10221=LINE('',#12404,#12405);
#10222=VERTEX_POINT('',#12407);
#10223=LINE('',#12408,#12409);
#10224=LINE('',#12411,#12412);
#10225=VERTEX_POINT('',#12414);
#10226=VERTEX_POINT('',#12415);
#10227=LINE('',#12416,#12417);
#10228=VERTEX_POINT('',#12419);
#10229=LINE('',#12420,#12421);
#10230=VERTEX_POINT('',#12423);
#10231=LINE('',#12424,#12425);
#10232=LINE('',#12427,#12428);
#10233=VERTEX_POINT('',#12430);
#10234=VERTEX_POINT('',#12431);
#10235=LINE('',#12432,#12433);
#10236=VERTEX_POINT('',#12435);
#10237=LINE('',#12436,#12437);
#10238=VERTEX_POINT('',#12439);
#10239=LINE('',#12440,#12441);
#10240=LINE('',#12443,#12444);
#10241=VERTEX_POINT('',#12446);
#10242=VERTEX_POINT('',#12447);
#10243=LINE('',#12448,#12449);
#10244=VERTEX_POINT('',#12451);
#10245=LINE('',#12452,#12453);
#10246=VERTEX_POINT('',#12455);
#10247=LINE('',#12456,#12457);
#10248=LINE('',#12459,#12460);
#10249=VERTEX_POINT('',#12462);
#10250=VERTEX_POINT('',#12463);
#10251=LINE('',#12464,#12465);
#10252=VERTEX_POINT('',#12467);
#10253=LINE('',#12468,#12469);
#10254=VERTEX_POINT('',#12471);
#10255=LINE('',#12472,#12473);
#10256=LINE('',#12475,#12476);
#10257=VERTEX_POINT('',#12478);
#10258=VERTEX_POINT('',#12479);
#10259=LINE('',#12480,#12481);
#10260=VERTEX_POINT('',#12483);
#10261=LINE('',#12484,#12485);
#10262=VERTEX_POINT('',#12487);
#10263=LINE('',#12488,#12489);
#10264=LINE('',#12491,#12492);
#10265=VERTEX_POINT('',#12494);
#10266=VERTEX_POINT('',#12495);
#10267=LINE('',#12496,#12497);
#10268=VERTEX_POINT('',#12499);
#10269=LINE('',#12500,#12501);
#10270=VERTEX_POINT('',#12503);
#10271=LINE('',#12504,#12505);
#10272=LINE('',#12507,#12508);
#10273=VERTEX_POINT('',#12510);
#10274=VERTEX_POINT('',#12511);
#10275=LINE('',#12512,#12513);
#10276=VERTEX_POINT('',#12515);
#10277=LINE('',#12516,#12517);
#10278=VERTEX_POINT('',#12519);
#10279=LINE('',#12520,#12521);
#10280=LINE('',#12523,#12524);
#10281=VERTEX_POINT('',#12526);
#10282=VERTEX_POINT('',#12527);
#10283=LINE('',#12528,#12529);
#10284=VERTEX_POINT('',#12531);
#10285=LINE('',#12532,#12533);
#10286=VERTEX_POINT('',#12535);
#10287=LINE('',#12536,#12537);
#10288=LINE('',#12539,#12540);
#10289=VERTEX_POINT('',#12542);
#10290=VERTEX_POINT('',#12543);
#10291=LINE('',#12544,#12545);
#10292=VERTEX_POINT('',#12547);
#10293=LINE('',#12548,#12549);
#10294=VERTEX_POINT('',#12551);
#10295=LINE('',#12552,#12553);
#10296=LINE('',#12555,#12556);
#10297=VERTEX_POINT('',#12558);
#10298=CIRCLE('',#12559,1.5);
#10299=VERTEX_POINT('',#12563);
#10300=CIRCLE('',#12564,1.5);
#10301=VERTEX_POINT('',#12568);
#10302=VERTEX_POINT('',#12569);
#10303=LINE('',#12570,#12571);
#10304=LINE('',#12573,#12574);
#10305=LINE('',#12576,#12577);
#10306=VERTEX_POINT('',#12579);
#10307=LINE('',#12580,#12581);
#10308=VERTEX_POINT('',#12583);
#10309=LINE('',#12584,#12585);
#10310=VERTEX_POINT('',#12587);
#10311=LINE('',#12588,#12589);
#10312=VERTEX_POINT('',#12591);
#10313=LINE('',#12592,#12593);
#10314=VERTEX_POINT('',#12595);
#10315=LINE('',#12596,#12597);
#10316=VERTEX_POINT('',#12599);
#10317=LINE('',#12600,#12601);
#10318=VERTEX_POINT('',#12603);
#10319=LINE('',#12604,#12605);
#10320=VERTEX_POINT('',#12607);
#10321=LINE('',#12608,#12609);
#10322=LINE('',#12611,#12612);
#10323=VERTEX_POINT('',#12614);
#10324=LINE('',#12615,#12616);
#10325=LINE('',#12618,#12619);
#10326=VERTEX_POINT('',#12621);
#10327=CIRCLE('',#12622,1.);
#10328=VERTEX_POINT('',#12626);
#10329=CIRCLE('',#12627,1.);
#10330=VERTEX_POINT('',#12631);
#10331=LINE('',#12632,#12633);
#10332=LINE('',#12635,#12636);
#10333=VERTEX_POINT('',#12638);
#10334=CIRCLE('',#12639,3.);
#10335=VERTEX_POINT('',#12643);
#10336=CIRCLE('',#12644,6.);
#10337=CIRCLE('',#12648,6.);
#10338=VERTEX_POINT('',#12652);
#10339=CIRCLE('',#12653,6.);
#10340=CIRCLE('',#12657,6.);
#10341=VERTEX_POINT('',#12661);
#10342=LINE('',#12662,#12663);
#10343=VERTEX_POINT('',#12665);
#10344=LINE('',#12666,#12667);
#10345=VERTEX_POINT('',#12669);
#10346=LINE('',#12670,#12671);
#10347=VERTEX_POINT('',#12673);
#10348=LINE('',#12674,#12675);
#10349=VERTEX_POINT('',#12677);
#10350=CIRCLE('',#12678,6.);
#10351=VERTEX_POINT('',#12682);
#10352=CIRCLE('',#12683,6.);
#10353=VERTEX_POINT('',#12687);
#10354=LINE('',#12688,#12689);
#10355=VERTEX_POINT('',#12691);
#10356=CIRCLE('',#12692,6.);
#10357=VERTEX_POINT('',#12696);
#10358=CIRCLE('',#12697,6.);
#10359=VERTEX_POINT('',#12701);
#10360=CIRCLE('',#12702,7.5);
#10361=VERTEX_POINT('',#12706);
#10362=CIRCLE('',#12707,7.5);
#10363=VERTEX_POINT('',#12711);
#10364=CIRCLE('',#12712,6.);
#10365=VERTEX_POINT('',#12716);
#10366=LINE('',#12717,#12718);
#10367=VERTEX_POINT('',#12720);
#10368=LINE('',#12721,#12722);
#10369=VERTEX_POINT('',#12724);
#10370=LINE('',#12725,#12726);
#10371=VERTEX_POINT('',#12728);
#10372=LINE('',#12729,#12730);
#10373=VERTEX_POINT('',#12732);
#10374=CIRCLE('',#12733,3.);
#10375=VERTEX_POINT('',#12737);
#10376=LINE('',#12738,#12739);
#10377=VERTEX_POINT('',#12741);
#10378=LINE('',#12742,#12743);
#10379=VERTEX_POINT('',#12745);
#10380=LINE('',#12746,#12747);
#10381=VERTEX_POINT('',#12749);
#10382=LINE('',#12750,#12751);
#10383=LINE('',#12753,#12754);
#10384=VERTEX_POINT('',#12756);
#10385=CIRCLE('',#12757,6.);
#10386=VERTEX_POINT('',#12761);
#10387=CIRCLE('',#12762,6.);
#10388=VERTEX_POINT('',#12766);
#10389=CIRCLE('',#12767,7.5);
#10390=VERTEX_POINT('',#12771);
#10391=CIRCLE('',#12772,6.);
#10392=VERTEX_POINT('',#12776);
#10393=CIRCLE('',#12777,6.);
#10394=VERTEX_POINT('',#12781);
#10395=CIRCLE('',#12782,2.);
#10396=VERTEX_POINT('',#12786);
#10397=CIRCLE('',#12787,2.);
#10398=VERTEX_POINT('',#12791);
#10399=LINE('',#12792,#12793);
#10400=VERTEX_POINT('',#12795);
#10401=(BOUNDED_CURVE()B_SPLINE_CURVE(3,
(#12796,#12797,#12798,#12799),
.UNSPECIFIED.,.F.,.F.)B_SPLINE_CURVE_WITH_KNOTS((4,4),
(0.,1.),
.UNSPECIFIED.)CURVE()GEOMETRIC_REPRESENTATION_ITEM()RATIONAL_B_SPLINE_CURVE((1.,
0.999787818856649,0.999787818856649,1.))REPRESENTATION_ITEM(''));
#10402=VERTEX_POINT('',#12800);
#10403=LINE('',#12801,#12802);
#10404=VERTEX_POINT('',#12804);
#10405=CIRCLE('',#12805,3.00000000012454);
#10406=VERTEX_POINT('',#12809);
#10407=LINE('',#12810,#12811);
#10408=(BOUNDED_CURVE()B_SPLINE_CURVE(3,
(#12813,#12814,#12815,#12816),
.UNSPECIFIED.,.F.,.F.)B_SPLINE_CURVE_WITH_KNOTS((4,4),
(0.,1.),
.UNSPECIFIED.)CURVE()GEOMETRIC_REPRESENTATION_ITEM()RATIONAL_B_SPLINE_CURVE((1.,
0.999787818856649,0.999787818856649,1.))REPRESENTATION_ITEM(''));
#10409=VERTEX_POINT('',#12817);
#10410=(BOUNDED_CURVE()B_SPLINE_CURVE(3,
(#12818,#12819,#12820,#12821),
.UNSPECIFIED.,.F.,.F.)B_SPLINE_CURVE_WITH_KNOTS((4,4),
(0.,1.),
.UNSPECIFIED.)CURVE()GEOMETRIC_REPRESENTATION_ITEM()RATIONAL_B_SPLINE_CURVE((1.,
0.868133749150143,0.868133749150143,1.))REPRESENTATION_ITEM(''));
#10411=VERTEX_POINT('',#12822);
#10412=LINE('',#12823,#12824);
#10413=VERTEX_POINT('',#12826);
#10414=LINE('',#12827,#12828);
#10415=LINE('',#12830,#12831);
#10416=VERTEX_POINT('',#12833);
#10417=LINE('',#12834,#12835);
#10418=VERTEX_POINT('',#12837);
#10419=LINE('',#12838,#12839);
#10420=LINE('',#12841,#12842);
#10421=VERTEX_POINT('',#12844);
#10422=VERTEX_POINT('',#12845);
#10423=CIRCLE('',#12846,4.);
#10424=VERTEX_POINT('',#12850);
#10425=LINE('',#12851,#12852);
#10426=VERTEX_POINT('',#12854);
#10427=CIRCLE('',#12855,4.);
#10428=VERTEX_POINT('',#12859);
#10429=LINE('',#12860,#12861);
#10430=VERTEX_POINT('',#12863);
#10431=CIRCLE('',#12864,4.);
#10432=VERTEX_POINT('',#12868);
#10433=LINE('',#12869,#12870);
#10434=VERTEX_POINT('',#12872);
#10435=CIRCLE('',#12873,4.);
#10436=LINE('',#12877,#12878);
#10437=VERTEX_POINT('',#12880);
#10438=LINE('',#12881,#12882);
#10439=VERTEX_POINT('',#12884);
#10440=LINE('',#12885,#12886);
#10441=VERTEX_POINT('',#12888);
#10442=LINE('',#12889,#12890);
#10443=VERTEX_POINT('',#12892);
#10444=LINE('',#12893,#12894);
#10445=VERTEX_POINT('',#12896);
#10446=LINE('',#12897,#12898);
#10447=VERTEX_POINT('',#12900);
#10448=LINE('',#12901,#12902);
#10449=VERTEX_POINT('',#12904);
#10450=LINE('',#12905,#12906);
#10451=VERTEX_POINT('',#12908);
#10452=CIRCLE('',#12909,4.);
#10453=VERTEX_POINT('',#12913);
#10454=LINE('',#12914,#12915);
#10455=VERTEX_POINT('',#12917);
#10456=LINE('',#12918,#12919);
#10457=VERTEX_POINT('',#12921);
#10458=LINE('',#12922,#12923);
#10459=VERTEX_POINT('',#12925);
#10460=LINE('',#12926,#12927);
#10461=VERTEX_POINT('',#12929);
#10462=LINE('',#12930,#12931);
#10463=VERTEX_POINT('',#12933);
#10464=LINE('',#12934,#12935);
#10465=LINE('',#12937,#12938);
#10466=VERTEX_POINT('',#12940);
#10467=LINE('',#12941,#12942);
#10468=CIRCLE('',#12944,4.);
#10469=VERTEX_POINT('',#12948);
#10470=CIRCLE('',#12949,2.1);
#10471=VERTEX_POINT('',#12953);
#10472=CIRCLE('',#12954,2.1);
#10473=VERTEX_POINT('',#12958);
#10474=CIRCLE('',#12959,2.1);
#10475=VERTEX_POINT('',#12963);
#10476=CIRCLE('',#12964,2.1);
#10477=VERTEX_POINT('',#12968);
#10478=CIRCLE('',#12969,2.1);
#10479=VERTEX_POINT('',#12973);
#10480=CIRCLE('',#12974,2.1);
#10481=VERTEX_POINT('',#12978);
#10482=LINE('',#12979,#12980);
#10483=LINE('',#12982,#12983);
#10484=VERTEX_POINT('',#12985);
#10485=VERTEX_POINT('',#12986);
#10486=LINE('',#12987,#12988);
#10487=LINE('',#12990,#12991);
#10488=VERTEX_POINT('',#12993);
#10489=CIRCLE('',#12994,4.);
#10490=LINE('',#12998,#12999);
#10491=VERTEX_POINT('',#13001);
#10492=LINE('',#13002,#13003);
#10493=LINE('',#13005,#13006);
#10494=VERTEX_POINT('',#13008);
#10495=LINE('',#13009,#13010);
#10496=LINE('',#13012,#13013);
#10497=LINE('',#13015,#13016);
#10498=VERTEX_POINT('',#13018);
#10499=LINE('',#13019,#13020);
#10500=LINE('',#13022,#13023);
#10501=VERTEX_POINT('',#13025);
#10502=LINE('',#13026,#13027);
#10503=VERTEX_POINT('',#13029);
#10504=LINE('',#13030,#13031);
#10505=VERTEX_POINT('',#13033);
#10506=LINE('',#13034,#13035);
#10507=LINE('',#13037,#13038);
#10508=(BOUNDED_CURVE()B_SPLINE_CURVE(3,
(#13040,#13041,#13042,#13043),
.UNSPECIFIED.,.F.,.F.)B_SPLINE_CURVE_WITH_KNOTS((4,4),
(0.,1.),
.UNSPECIFIED.)CURVE()GEOMETRIC_REPRESENTATION_ITEM()RATIONAL_B_SPLINE_CURVE((1.,
0.717453456742735,0.717453456742735,1.))REPRESENTATION_ITEM(''));
#10509=VERTEX_POINT('',#13044);
#10510=VERTEX_POINT('',#13045);
#10511=LINE('',#13046,#13047);
#10512=LINE('',#13049,#13050);
#10513=VERTEX_POINT('',#13052);
#10514=LINE('',#13053,#13054);
#10515=VERTEX_POINT('',#13056);
#10516=LINE('',#13057,#13058);
#10517=LINE('',#13060,#13061);
#10518=VERTEX_POINT('',#13063);
#10519=LINE('',#13064,#13065);
#10520=LINE('',#13067,#13068);
#10521=VERTEX_POINT('',#13070);
#10522=LINE('',#13071,#13072);
#10523=VERTEX_POINT('',#13074);
#10524=LINE('',#13075,#13076);
#10525=VERTEX_POINT('',#13078);
#10526=LINE('',#13079,#13080);
#10527=LINE('',#13082,#13083);
#10528=VERTEX_POINT('',#13085);
#10529=VERTEX_POINT('',#13086);
#10530=LINE('',#13087,#13088);
#10531=LINE('',#13090,#13091);
#10532=VERTEX_POINT('',#13093);
#10533=LINE('',#13094,#13095);
#10534=LINE('',#13097,#13098);
#10535=VERTEX_POINT('',#13100);
#10536=LINE('',#13101,#13102);
#10537=LINE('',#13104,#13105);
#10538=VERTEX_POINT('',#13107);
#10539=LINE('',#13108,#13109);
#10540=LINE('',#13111,#13112);
#10541=LINE('',#13114,#13115);
#10542=VERTEX_POINT('',#13117);
#10543=CIRCLE('',#13118,4.);
#10544=LINE('',#13122,#13123);
#10545=LINE('',#13125,#13126);
#10546=VERTEX_POINT('',#13128);
#10547=LINE('',#13129,#13130);
#10548=VERTEX_POINT('',#13132);
#10549=LINE('',#13133,#13134);
#10550=LINE('',#13136,#13137);
#10551=VERTEX_POINT('',#13139);
#10552=(BOUNDED_CURVE()B_SPLINE_CURVE(3,
(#13140,#13141,#13142,#13143),
.UNSPECIFIED.,.F.,.F.)B_SPLINE_CURVE_WITH_KNOTS((4,4),
(0.,1.),
.UNSPECIFIED.)CURVE()GEOMETRIC_REPRESENTATION_ITEM()RATIONAL_B_SPLINE_CURVE((1.,
0.999787818856649,0.999787818856649,1.))REPRESENTATION_ITEM(''));
#10553=VERTEX_POINT('',#13144);
#10554=LINE('',#13145,#13146);
#10555=VERTEX_POINT('',#13148);
#10556=LINE('',#13149,#13150);
#10557=VERTEX_POINT('',#13152);
#10558=(BOUNDED_CURVE()B_SPLINE_CURVE(3,
(#13153,#13154,#13155,#13156),
.UNSPECIFIED.,.F.,.F.)B_SPLINE_CURVE_WITH_KNOTS((4,4),
(0.,1.),
.UNSPECIFIED.)CURVE()GEOMETRIC_REPRESENTATION_ITEM()RATIONAL_B_SPLINE_CURVE((1.,
0.949253021674191,0.949253021674191,1.))REPRESENTATION_ITEM(''));
#10559=(BOUNDED_CURVE()B_SPLINE_CURVE(3,
(#13157,#13158,#13159,#13160),
.UNSPECIFIED.,.F.,.F.)B_SPLINE_CURVE_WITH_KNOTS((4,4),
(0.,1.),
.UNSPECIFIED.)CURVE()GEOMETRIC_REPRESENTATION_ITEM()RATIONAL_B_SPLINE_CURVE((1.,
0.979746419533393,0.979746419533393,1.))REPRESENTATION_ITEM(''));
#10560=VERTEX_POINT('',#13161);
#10561=LINE('',#13162,#13163);
#10562=VERTEX_POINT('',#13165);
#10563=CIRCLE('',#13166,3.00000000012453);
#10564=VERTEX_POINT('',#13170);
#10565=LINE('',#13171,#13172);
#10566=VERTEX_POINT('',#13174);
#10567=(BOUNDED_CURVE()B_SPLINE_CURVE(3,
(#13175,#13176,#13177,#13178),
.UNSPECIFIED.,.F.,.F.)B_SPLINE_CURVE_WITH_KNOTS((4,4),
(0.,1.),
.UNSPECIFIED.)CURVE()GEOMETRIC_REPRESENTATION_ITEM()RATIONAL_B_SPLINE_CURVE((1.,
0.999787818856649,0.999787818856649,1.))REPRESENTATION_ITEM(''));
#10568=VERTEX_POINT('',#13179);
#10569=LINE('',#13180,#13181);
#10570=CIRCLE('',#13183,3.);
#10571=VERTEX_POINT('',#13187);
#10572=LINE('',#13188,#13189);
#10573=VERTEX_POINT('',#13191);
#10574=LINE('',#13192,#13193);
#10575=LINE('',#13195,#13196);
#10576=VERTEX_POINT('',#13198);
#10577=VERTEX_POINT('',#13199);
#10578=LINE('',#13200,#13201);
#10579=VERTEX_POINT('',#13203);
#10580=LINE('',#13204,#13205);
#10581=VERTEX_POINT('',#13207);
#10582=LINE('',#13208,#13209);
#10583=LINE('',#13211,#13212);
#10584=VERTEX_POINT('',#13214);
#10585=LINE('',#13215,#13216);
#10586=LINE('',#13218,#13219);
#10587=VERTEX_POINT('',#13221);
#10588=LINE('',#13222,#13223);
#10589=LINE('',#13225,#13226);
#10590=LINE('',#13228,#13229);
#10591=VERTEX_POINT('',#13231);
#10592=LINE('',#13232,#13233);
#10593=LINE('',#13235,#13236);
#10594=LINE('',#13238,#13239);
#10595=VERTEX_POINT('',#13241);
#10596=CIRCLE('',#13242,6.);
#10597=VERTEX_POINT('',#13246);
#10598=VERTEX_POINT('',#13247);
#10599=LINE('',#13248,#13249);
#10600=LINE('',#13251,#13252);
#10601=LINE('',#13254,#13255);
#10602=VERTEX_POINT('',#13257);
#10603=LINE('',#13258,#13259);
#10604=LINE('',#13261,#13262);
#10605=VERTEX_POINT('',#13264);
#10606=LINE('',#13265,#13266);
#10607=LINE('',#13268,#13269);
#10608=LINE('',#13271,#13272);
#10609=VERTEX_POINT('',#13274);
#10610=VERTEX_POINT('',#13275);
#10611=LINE('',#13276,#13277);
#10612=LINE('',#13279,#13280);
#10613=LINE('',#13282,#13283);
#10614=VERTEX_POINT('',#13285);
#10615=LINE('',#13286,#13287);
#10616=LINE('',#13289,#13290);
#10617=VERTEX_POINT('',#13292);
#10618=LINE('',#13293,#13294);
#10619=LINE('',#13296,#13297);
#10620=LINE('',#13299,#13300);
#10621=VERTEX_POINT('',#13302);
#10622=VERTEX_POINT('',#13303);
#10623=LINE('',#13304,#13305);
#10624=LINE('',#13307,#13308);
#10625=LINE('',#13310,#13311);
#10626=VERTEX_POINT('',#13313);
#10627=LINE('',#13314,#13315);
#10628=LINE('',#13317,#13318);
#10629=VERTEX_POINT('',#13320);
#10630=LINE('',#13321,#13322);
#10631=LINE('',#13324,#13325);
#10632=LINE('',#13327,#13328);
#10633=VERTEX_POINT('',#13330);
#10634=VERTEX_POINT('',#13331);
#10635=LINE('',#13332,#13333);
#10636=LINE('',#13335,#13336);
#10637=LINE('',#13338,#13339);
#10638=VERTEX_POINT('',#13341);
#10639=LINE('',#13342,#13343);
#10640=LINE('',#13345,#13346);
#10641=VERTEX_POINT('',#13348);
#10642=LINE('',#13349,#13350);
#10643=LINE('',#13352,#13353);
#10644=LINE('',#13355,#13356);
#10645=VERTEX_POINT('',#13358);
#10646=VERTEX_POINT('',#13359);
#10647=LINE('',#13360,#13361);
#10648=LINE('',#13363,#13364);
#10649=LINE('',#13366,#13367);
#10650=VERTEX_POINT('',#13369);
#10651=LINE('',#13370,#13371);
#10652=LINE('',#13373,#13374);
#10653=VERTEX_POINT('',#13376);
#10654=LINE('',#13377,#13378);
#10655=LINE('',#13380,#13381);
#10656=LINE('',#13383,#13384);
#10657=VERTEX_POINT('',#13386);
#10658=VERTEX_POINT('',#13387);
#10659=LINE('',#13388,#13389);
#10660=LINE('',#13391,#13392);
#10661=LINE('',#13394,#13395);
#10662=VERTEX_POINT('',#13397);
#10663=LINE('',#13398,#13399);
#10664=LINE('',#13401,#13402);
#10665=VERTEX_POINT('',#13404);
#10666=LINE('',#13405,#13406);
#10667=LINE('',#13408,#13409);
#10668=LINE('',#13411,#13412);
#10669=VERTEX_POINT('',#13414);
#10670=VERTEX_POINT('',#13415);
#10671=LINE('',#13416,#13417);
#10672=LINE('',#13419,#13420);
#10673=LINE('',#13422,#13423);
#10674=VERTEX_POINT('',#13425);
#10675=LINE('',#13426,#13427);
#10676=LINE('',#13429,#13430);
#10677=VERTEX_POINT('',#13432);
#10678=LINE('',#13433,#13434);
#10679=LINE('',#13436,#13437);
#10680=LINE('',#13439,#13440);
#10681=VERTEX_POINT('',#13442);
#10682=VERTEX_POINT('',#13443);
#10683=LINE('',#13444,#13445);
#10684=LINE('',#13447,#13448);
#10685=LINE('',#13450,#13451);
#10686=VERTEX_POINT('',#13453);
#10687=LINE('',#13454,#13455);
#10688=LINE('',#13457,#13458);
#10689=VERTEX_POINT('',#13460);
#10690=LINE('',#13461,#13462);
#10691=LINE('',#13464,#13465);
#10692=LINE('',#13467,#13468);
#10693=VERTEX_POINT('',#13470);
#10694=VERTEX_POINT('',#13471);
#10695=LINE('',#13472,#13473);
#10696=LINE('',#13475,#13476);
#10697=LINE('',#13478,#13479);
#10698=VERTEX_POINT('',#13481);
#10699=LINE('',#13482,#13483);
#10700=LINE('',#13485,#13486);
#10701=VERTEX_POINT('',#13488);
#10702=LINE('',#13489,#13490);
#10703=LINE('',#13492,#13493);
#10704=LINE('',#13495,#13496);
#10705=VERTEX_POINT('',#13498);
#10706=VERTEX_POINT('',#13499);
#10707=LINE('',#13500,#13501);
#10708=LINE('',#13503,#13504);
#10709=LINE('',#13506,#13507);
#10710=VERTEX_POINT('',#13509);
#10711=LINE('',#13510,#13511);
#10712=LINE('',#13513,#13514);
#10713=VERTEX_POINT('',#13516);
#10714=LINE('',#13517,#13518);
#10715=LINE('',#13520,#13521);
#10716=LINE('',#13523,#13524);
#10717=VERTEX_POINT('',#13526);
#10718=VERTEX_POINT('',#13527);
#10719=LINE('',#13528,#13529);
#10720=LINE('',#13531,#13532);
#10721=LINE('',#13534,#13535);
#10722=VERTEX_POINT('',#13537);
#10723=LINE('',#13538,#13539);
#10724=LINE('',#13541,#13542);
#10725=VERTEX_POINT('',#13544);
#10726=LINE('',#13545,#13546);
#10727=LINE('',#13548,#13549);
#10728=LINE('',#13551,#13552);
#10729=VERTEX_POINT('',#13554);
#10730=VERTEX_POINT('',#13555);
#10731=LINE('',#13556,#13557);
#10732=LINE('',#13559,#13560);
#10733=LINE('',#13562,#13563);
#10734=VERTEX_POINT('',#13565);
#10735=LINE('',#13566,#13567);
#10736=LINE('',#13569,#13570);
#10737=VERTEX_POINT('',#13572);
#10738=LINE('',#13573,#13574);
#10739=LINE('',#13576,#13577);
#10740=LINE('',#13579,#13580);
#10741=VERTEX_POINT('',#13582);
#10742=VERTEX_POINT('',#13583);
#10743=LINE('',#13584,#13585);
#10744=LINE('',#13587,#13588);
#10745=LINE('',#13590,#13591);
#10746=VERTEX_POINT('',#13593);
#10747=LINE('',#13594,#13595);
#10748=LINE('',#13597,#13598);
#10749=VERTEX_POINT('',#13600);
#10750=LINE('',#13601,#13602);
#10751=LINE('',#13604,#13605);
#10752=LINE('',#13607,#13608);
#10753=VERTEX_POINT('',#13610);
#10754=VERTEX_POINT('',#13611);
#10755=LINE('',#13612,#13613);
#10756=LINE('',#13615,#13616);
#10757=LINE('',#13618,#13619);
#10758=VERTEX_POINT('',#13621);
#10759=LINE('',#13622,#13623);
#10760=LINE('',#13625,#13626);
#10761=VERTEX_POINT('',#13628);
#10762=LINE('',#13629,#13630);
#10763=LINE('',#13632,#13633);
#10764=LINE('',#13635,#13636);
#10765=VERTEX_POINT('',#13638);
#10766=VERTEX_POINT('',#13639);
#10767=LINE('',#13640,#13641);
#10768=LINE('',#13643,#13644);
#10769=LINE('',#13646,#13647);
#10770=VERTEX_POINT('',#13649);
#10771=LINE('',#13650,#13651);
#10772=LINE('',#13653,#13654);
#10773=VERTEX_POINT('',#13656);
#10774=LINE('',#13657,#13658);
#10775=LINE('',#13660,#13661);
#10776=LINE('',#13663,#13664);
#10777=VERTEX_POINT('',#13666);
#10778=VERTEX_POINT('',#13667);
#10779=LINE('',#13668,#13669);
#10780=LINE('',#13671,#13672);
#10781=LINE('',#13674,#13675);
#10782=VERTEX_POINT('',#13677);
#10783=LINE('',#13678,#13679);
#10784=LINE('',#13681,#13682);
#10785=VERTEX_POINT('',#13684);
#10786=LINE('',#13685,#13686);
#10787=LINE('',#13688,#13689);
#10788=LINE('',#13691,#13692);
#10789=VERTEX_POINT('',#13694);
#10790=VERTEX_POINT('',#13695);
#10791=LINE('',#13696,#13697);
#10792=LINE('',#13699,#13700);
#10793=LINE('',#13702,#13703);
#10794=VERTEX_POINT('',#13705);
#10795=LINE('',#13706,#13707);
#10796=LINE('',#13709,#13710);
#10797=VERTEX_POINT('',#13712);
#10798=LINE('',#13713,#13714);
#10799=LINE('',#13716,#13717);
#10800=LINE('',#13719,#13720);
#10801=VERTEX_POINT('',#13722);
#10802=VERTEX_POINT('',#13723);
#10803=LINE('',#13724,#13725);
#10804=LINE('',#13727,#13728);
#10805=LINE('',#13730,#13731);
#10806=VERTEX_POINT('',#13733);
#10807=LINE('',#13734,#13735);
#10808=LINE('',#13737,#13738);
#10809=VERTEX_POINT('',#13740);
#10810=LINE('',#13741,#13742);
#10811=LINE('',#13744,#13745);
#10812=LINE('',#13747,#13748);
#10813=VERTEX_POINT('',#13750);
#10814=VERTEX_POINT('',#13751);
#10815=LINE('',#13752,#13753);
#10816=LINE('',#13755,#13756);
#10817=LINE('',#13758,#13759);
#10818=VERTEX_POINT('',#13761);
#10819=LINE('',#13762,#13763);
#10820=LINE('',#13765,#13766);
#10821=VERTEX_POINT('',#13768);
#10822=LINE('',#13769,#13770);
#10823=LINE('',#13772,#13773);
#10824=LINE('',#13775,#13776);
#10825=VERTEX_POINT('',#13778);
#10826=VERTEX_POINT('',#13779);
#10827=LINE('',#13780,#13781);
#10828=LINE('',#13783,#13784);
#10829=LINE('',#13786,#13787);
#10830=VERTEX_POINT('',#13789);
#10831=LINE('',#13790,#13791);
#10832=LINE('',#13793,#13794);
#10833=VERTEX_POINT('',#13796);
#10834=LINE('',#13797,#13798);
#10835=LINE('',#13800,#13801);
#10836=LINE('',#13803,#13804);
#10837=VERTEX_POINT('',#13806);
#10838=VERTEX_POINT('',#13807);
#10839=LINE('',#13808,#13809);
#10840=LINE('',#13811,#13812);
#10841=LINE('',#13814,#13815);
#10842=VERTEX_POINT('',#13817);
#10843=LINE('',#13818,#13819);
#10844=LINE('',#13821,#13822);
#10845=VERTEX_POINT('',#13824);
#10846=LINE('',#13825,#13826);
#10847=LINE('',#13828,#13829);
#10848=LINE('',#13831,#13832);
#10849=VERTEX_POINT('',#13834);
#10850=VERTEX_POINT('',#13835);
#10851=LINE('',#13836,#13837);
#10852=LINE('',#13839,#13840);
#10853=LINE('',#13842,#13843);
#10854=VERTEX_POINT('',#13845);
#10855=LINE('',#13846,#13847);
#10856=LINE('',#13849,#13850);
#10857=VERTEX_POINT('',#13852);
#10858=LINE('',#13853,#13854);
#10859=LINE('',#13856,#13857);
#10860=LINE('',#13859,#13860);
#10861=VERTEX_POINT('',#13862);
#10862=VERTEX_POINT('',#13863);
#10863=LINE('',#13864,#13865);
#10864=LINE('',#13867,#13868);
#10865=LINE('',#13870,#13871);
#10866=VERTEX_POINT('',#13873);
#10867=LINE('',#13874,#13875);
#10868=LINE('',#13877,#13878);
#10869=VERTEX_POINT('',#13880);
#10870=LINE('',#13881,#13882);
#10871=LINE('',#13884,#13885);
#10872=LINE('',#13887,#13888);
#10873=VERTEX_POINT('',#13890);
#10874=VERTEX_POINT('',#13891);
#10875=LINE('',#13892,#13893);
#10876=LINE('',#13895,#13896);
#10877=LINE('',#13898,#13899);
#10878=VERTEX_POINT('',#13901);
#10879=LINE('',#13902,#13903);
#10880=LINE('',#13905,#13906);
#10881=VERTEX_POINT('',#13908);
#10882=LINE('',#13909,#13910);
#10883=LINE('',#13912,#13913);
#10884=LINE('',#13915,#13916);
#10885=VERTEX_POINT('',#13918);
#10886=VERTEX_POINT('',#13919);
#10887=LINE('',#13920,#13921);
#10888=LINE('',#13923,#13924);
#10889=LINE('',#13926,#13927);
#10890=VERTEX_POINT('',#13929);
#10891=LINE('',#13930,#13931);
#10892=LINE('',#13933,#13934);
#10893=VERTEX_POINT('',#13936);
#10894=LINE('',#13937,#13938);
#10895=LINE('',#13940,#13941);
#10896=LINE('',#13943,#13944);
#10897=VERTEX_POINT('',#13946);
#10898=VERTEX_POINT('',#13947);
#10899=LINE('',#13948,#13949);
#10900=LINE('',#13951,#13952);
#10901=LINE('',#13954,#13955);
#10902=VERTEX_POINT('',#13957);
#10903=LINE('',#13958,#13959);
#10904=LINE('',#13961,#13962);
#10905=VERTEX_POINT('',#13964);
#10906=LINE('',#13965,#13966);
#10907=LINE('',#13968,#13969);
#10908=LINE('',#13971,#13972);
#10909=VERTEX_POINT('',#13974);
#10910=LINE('',#13975,#13976);
#10911=VERTEX_POINT('',#13978);
#10912=LINE('',#13979,#13980);
#10913=LINE('',#13982,#13983);
#10914=LINE('',#13985,#13986);
#10915=VERTEX_POINT('',#13988);
#10916=LINE('',#13989,#13990);
#10917=LINE('',#13992,#13993);
#10918=VERTEX_POINT('',#13995);
#10919=VERTEX_POINT('',#13996);
#10920=LINE('',#13997,#13998);
#10921=VERTEX_POINT('',#14000);
#10922=LINE('',#14001,#14002);
#10923=LINE('',#14004,#14005);
#10924=B_SPLINE_CURVE_WITH_KNOTS('',3,
(#14007,#14008,#14009,#14010,#14011,#14012,#14013,#14014,#14015,#14016,#14017,#14018,
#14019,#14020,#14021,#14022,#14023,#14024,#14025,#14026,#14027,#14028,#14029,#14030,
#14031,#14032,#14033,#14034,#14035,#14036,#14037,#14038,#14039,#14040,#14041,#14042,
#14043,#14044,#14045,#14046,#14047,#14048,#14049,#14050,#14051,#14052,#14053,#14054,
#14055,#14056,#14057,#14058,#14059,#14060,#14061,#14062,#14063,#14064,#14065,#14066,
#14067,#14068,#14069,#14070,#14071,#14072,#14073,#14074,#14075,#14076,#14077,#14078,
#14079,#14080,#14081,#14082,#14083,#14084,#14085,#14086,#14087),
.UNSPECIFIED.,.F.,.F.,
(4,1,1,1,1,1,1,1,1,1,1,1,1,1,1,1,1,1,1,1,1,1,1,1,1,1,1,1,1,1,1,1,1,1,1,1,1,1,1,1,
1,1,1,1,1,1,1,1,1,1,1,1,1,1,1,1,1,1,1,1,1,1,1,1,1,1,1,1,1,1,1,1,1,1,1,1,1,1,4),
(0.,0.030920138578861,0.0608272650033672,0.0898660449336687,0.0987492991321624,0.117663264208164,
0.144868115965437,0.170827375321046,0.196057877598099,0.220317485434754,0.243668083105324,
0.244340253178663,0.267201819124318,0.289175996799933,0.309620849315569,0.322805893103367,
0.329458242404567,0.347671379900925,0.364877576105597,0.380711219900636,0.382290792790115,
0.396173105957474,0.411588680942853,0.420323826202374,0.427336581188093,0.43856899673345,
0.44768201991299,0.465306952056535,0.466959463620434,0.485155816303424,0.496681938764435,
0.499998386190475,0.501029839885155,0.506896414596113,0.515654543502445,0.52427986351529,
0.53267535942875,0.536694898392127,0.540949577661805,0.549066372728104,0.557144189355601,
0.565240004802666,0.572360208890458,0.573381640029375,0.581606283848688,0.589869672281154,
0.598287779879529,0.600772237433821,0.606828339265354,0.615554241273753,0.624355544735833,
0.633596841601945,0.639537326029484,0.643210966117243,0.653509051163185,0.664121581923236,
0.675593902147472,0.687618427773887,0.695911043365702,0.70044644965879,0.713529988567169,
0.727575827103587,0.742337809170189,0.758282824045924,0.760654996562372,0.774683908067104,
0.792234642684806,0.810466526851813,0.829594540761321,0.848929409200182,0.848932565071943,
0.868958084669234,0.889469301781032,0.910746407962313,0.932324343362394,0.950187107268819,
0.954514296533238,0.977065143955416,1.),
.UNSPECIFIED.);
#10925=B_SPLINE_CURVE_WITH_KNOTS('',3,
(#14088,#14089,#14090,#14091,#14092,#14093,#14094,#14095,#14096,#14097,#14098,#14099,
#14100,#14101,#14102,#14103,#14104,#14105,#14106,#14107,#14108,#14109,#14110,#14111,
#14112,#14113,#14114,#14115,#14116,#14117,#14118,#14119,#14120,#14121,#14122,#14123,
#14124,#14125,#14126,#14127,#14128,#14129,#14130,#14131,#14132,#14133,#14134,#14135,
#14136,#14137,#14138,#14139,#14140,#14141,#14142,#14143,#14144,#14145,#14146,#14147,
#14148,#14149,#14150,#14151,#14152,#14153,#14154,#14155,#14156,#14157,#14158,#14159,
#14160,#14161,#14162,#14163,#14164,#14165,#14166,#14167,#14168),
.UNSPECIFIED.,.F.,.F.,
(4,1,1,1,1,1,1,1,1,1,1,1,1,1,1,1,1,1,1,1,1,1,1,1,1,1,1,1,1,1,1,1,1,1,1,1,1,1,1,1,
1,1,1,1,1,1,1,1,1,1,1,1,1,1,1,1,1,1,1,1,1,1,1,1,1,1,1,1,1,1,1,1,1,1,1,1,1,1,4),
(0.,0.0309201385788673,0.0608272650033743,0.0898660449336786,0.0987492991321675,
0.117663264208174,0.144868115965442,0.170827375321052,0.196057877598102,0.220317485434759,
0.243668083105328,0.244340253178673,0.267201819124326,0.289175996799936,0.309620849315572,
0.322805893103364,0.329458242404565,0.347671379900923,0.364877576105594,0.380711219900633,
0.382290792790113,0.396173105957474,0.411588680942849,0.420323826202372,0.427336581188088,
0.438568996733451,0.447682019912987,0.465306952056536,0.46695946362043,0.48515581630342,
0.49668193876443,0.499998386190471,0.501029839885155,0.506896414596111,0.515654543502442,
0.524279863515287,0.532675359428747,0.536694898392128,0.540949577661802,0.549066372728103,
0.557144189355598,0.565240004802663,0.57236020889046,0.573381640029371,0.58160628384868,
0.589869672281151,0.598287779879527,0.600772237433821,0.606828339265353,0.615554241273753,
0.624355544735836,0.633596841601944,0.639537326029485,0.643210966117238,0.653509051163182,
0.664121581923232,0.675593902147468,0.687618427773879,0.695911043365701,0.700446449658787,
0.713529988567166,0.727575827103589,0.742337809170189,0.758282824045928,0.760654996562376,
0.774683908067106,0.792234642684807,0.810466526851815,0.829594540761321,0.848929409200179,
0.848932565071942,0.868958084669232,0.88946930178103,0.910746407962312,0.932324343362394,
0.950187107268819,0.95451429653324,0.977065143955416,1.),
.UNSPECIFIED.);
#10926=LINE('',#14169,#14170);
#10927=VERTEX_POINT('',#14172);
#10928=LINE('',#14173,#14174);
#10929=VERTEX_POINT('',#14176);
#10930=LINE('',#14177,#14178);
#10931=VERTEX_POINT('',#14180);
#10932=LINE('',#14181,#14182);
#10933=LINE('',#14184,#14185);
#10934=VERTEX_POINT('',#14187);
#10935=LINE('',#14188,#14189);
#10936=LINE('',#14191,#14192);
#10937=VERTEX_POINT('',#14194);
#10938=LINE('',#14195,#14196);
#10939=LINE('',#14198,#14199);
#10940=VERTEX_POINT('',#14201);
#10941=VERTEX_POINT('',#14202);
#10942=CIRCLE('',#14203,4.);
#10943=VERTEX_POINT('',#14207);
#10944=LINE('',#14208,#14209);
#10945=VERTEX_POINT('',#14211);
#10946=CIRCLE('',#14212,4.);
#10947=VERTEX_POINT('',#14216);
#10948=LINE('',#14217,#14218);
#10949=VERTEX_POINT('',#14220);
#10950=CIRCLE('',#14221,4.);
#10951=VERTEX_POINT('',#14225);
#10952=LINE('',#14226,#14227);
#10953=VERTEX_POINT('',#14229);
#10954=CIRCLE('',#14230,4.);
#10955=LINE('',#14234,#14235);
#10956=LINE('',#14237,#14238);
#10957=VERTEX_POINT('',#14240);
#10958=LINE('',#14241,#14242);
#10959=LINE('',#14244,#14245);
#10960=VERTEX_POINT('',#14247);
#10961=LINE('',#14248,#14249);
#10962=LINE('',#14251,#14252);
#10963=LINE('',#14254,#14255);
#10964=VERTEX_POINT('',#14257);
#10965=CIRCLE('',#14258,1.);
#10966=VERTEX_POINT('',#14262);
#10967=CIRCLE('',#14263,1.);
#10968=VERTEX_POINT('',#14267);
#10969=CIRCLE('',#14268,2.);
#10970=B_SPLINE_CURVE_WITH_KNOTS('',3,
(#14272,#14273,#14274,#14275,#14276,#14277,#14278,#14279,#14280,#14281,#14282,#14283,
#14284,#14285,#14286,#14287,#14288,#14289,#14290,#14291,#14292,#14293,#14294,#14295,
#14296,#14297,#14298,#14299,#14300,#14301,#14302,#14303,#14304,#14305,#14306,#14307,
#14308,#14309,#14310,#14311,#14312,#14313,#14314,#14315,#14316,#14317,#14318,#14319,
#14320,#14321,#14322,#14323),
.UNSPECIFIED.,.F.,.F.,
(4,1,1,1,1,1,1,1,1,1,1,1,1,1,1,1,1,1,1,1,1,1,1,1,1,1,1,1,1,1,1,1,1,1,1,1,1,1,1,1,
1,1,1,1,1,1,1,1,1,4),
(0.,0.022487960928144,0.0447714842530214,0.066867443174849,0.0887038424533567,0.110431010847594,
0.131983042246847,0.153485458189699,0.174844353023708,0.196147719346876,0.217353868259384,
0.238522409862008,0.259626187535579,0.280671092302737,0.301694717154265,0.322721673325506,
0.343808481064883,0.364886044032448,0.385958866036043,0.40696680577928,0.427931785535444,
0.448921582291863,0.469724397314709,0.49031038413691,0.500006802044636,0.510647772560002,
0.53103135910182,0.551322442083563,0.571506052032962,0.591504820151964,0.611485878293312,
0.631518686303995,0.65160680491699,0.671840303578508,0.692096476797066,0.712496264415073,
0.732978117726942,0.753592517408086,0.774242086343713,0.794882572806203,0.815517441802491,
0.836114552353468,0.856707180584045,0.87721662624395,0.897626688308092,0.917979142321229,
0.93835568001202,0.958813660856744,0.979357816390973,1.),
.UNSPECIFIED.);
#10971=VERTEX_POINT('',#14324);
#10972=CIRCLE('',#14325,2.);
#10973=VERTEX_POINT('',#14329);
#10974=CIRCLE('',#14330,3.5);
#10975=VERTEX_POINT('',#14334);
#10976=LINE('',#14335,#14336);
#10977=LINE('',#14338,#14339);
#10978=VERTEX_POINT('',#14341);
#10979=LINE('',#14342,#14343);
#10980=LINE('',#14345,#14346);
#10981=VERTEX_POINT('',#14348);
#10982=VERTEX_POINT('',#14349);
#10983=LINE('',#14350,#14351);
#10984=VERTEX_POINT('',#14353);
#10985=LINE('',#14354,#14355);
#10986=VERTEX_POINT('',#14357);
#10987=LINE('',#14358,#14359);
#10988=VERTEX_POINT('',#14361);
#10989=LINE('',#14362,#14363);
#10990=VERTEX_POINT('',#14365);
#10991=LINE('',#14366,#14367);
#10992=VERTEX_POINT('',#14369);
#10993=LINE('',#14370,#14371);
#10994=VERTEX_POINT('',#14373);
#10995=LINE('',#14374,#14375);
#10996=VERTEX_POINT('',#14377);
#10997=LINE('',#14378,#14379);
#10998=VERTEX_POINT('',#14381);
#10999=LINE('',#14382,#14383);
#11000=VERTEX_POINT('',#14385);
#11001=LINE('',#14386,#14387);
#11002=LINE('',#14389,#14390);
#11003=VERTEX_POINT('',#14392);
#11004=LINE('',#14393,#14394);
#11005=VERTEX_POINT('',#14396);
#11006=LINE('',#14397,#14398);
#11007=LINE('',#14400,#14401);
#11008=VERTEX_POINT('',#14403);
#11009=LINE('',#14404,#14405);
#11010=VERTEX_POINT('',#14407);
#11011=LINE('',#14408,#14409);
#11012=VERTEX_POINT('',#14411);
#11013=LINE('',#14412,#14413);
#11014=LINE('',#14415,#14416);
#11015=VERTEX_POINT('',#14418);
#11016=LINE('',#14419,#14420);
#11017=VERTEX_POINT('',#14422);
#11018=LINE('',#14423,#14424);
#11019=VERTEX_POINT('',#14426);
#11020=LINE('',#14427,#14428);
#11021=LINE('',#14430,#14431);
#11022=VERTEX_POINT('',#14433);
#11023=VERTEX_POINT('',#14434);
#11024=LINE('',#14435,#14436);
#11025=VERTEX_POINT('',#14438);
#11026=LINE('',#14439,#14440);
#11027=VERTEX_POINT('',#14442);
#11028=LINE('',#14443,#14444);
#11029=LINE('',#14446,#14447);
#11030=VERTEX_POINT('',#14449);
#11031=VERTEX_POINT('',#14450);
#11032=LINE('',#14451,#14452);
#11033=VERTEX_POINT('',#14454);
#11034=LINE('',#14455,#14456);
#11035=VERTEX_POINT('',#14458);
#11036=LINE('',#14459,#14460);
#11037=LINE('',#14462,#14463);
#11038=VERTEX_POINT('',#14465);
#11039=VERTEX_POINT('',#14466);
#11040=LINE('',#14467,#14468);
#11041=VERTEX_POINT('',#14470);
#11042=LINE('',#14471,#14472);
#11043=VERTEX_POINT('',#14474);
#11044=LINE('',#14475,#14476);
#11045=LINE('',#14478,#14479);
#11046=VERTEX_POINT('',#14481);
#11047=VERTEX_POINT('',#14482);
#11048=LINE('',#14483,#14484);
#11049=VERTEX_POINT('',#14486);
#11050=LINE('',#14487,#14488);
#11051=VERTEX_POINT('',#14490);
#11052=LINE('',#14491,#14492);
#11053=LINE('',#14494,#14495);
#11054=VERTEX_POINT('',#14497);
#11055=VERTEX_POINT('',#14498);
#11056=LINE('',#14499,#14500);
#11057=VERTEX_POINT('',#14502);
#11058=LINE('',#14503,#14504);
#11059=VERTEX_POINT('',#14506);
#11060=LINE('',#14507,#14508);
#11061=LINE('',#14510,#14511);
#11062=VERTEX_POINT('',#14513);
#11063=VERTEX_POINT('',#14514);
#11064=LINE('',#14515,#14516);
#11065=VERTEX_POINT('',#14518);
#11066=LINE('',#14519,#14520);
#11067=VERTEX_POINT('',#14522);
#11068=LINE('',#14523,#14524);
#11069=LINE('',#14526,#14527);
#11070=VERTEX_POINT('',#14529);
#11071=VERTEX_POINT('',#14530);
#11072=LINE('',#14531,#14532);
#11073=VERTEX_POINT('',#14534);
#11074=LINE('',#14535,#14536);
#11075=VERTEX_POINT('',#14538);
#11076=LINE('',#14539,#14540);
#11077=LINE('',#14542,#14543);
#11078=VERTEX_POINT('',#14545);
#11079=VERTEX_POINT('',#14546);
#11080=LINE('',#14547,#14548);
#11081=VERTEX_POINT('',#14550);
#11082=LINE('',#14551,#14552);
#11083=VERTEX_POINT('',#14554);
#11084=LINE('',#14555,#14556);
#11085=LINE('',#14558,#14559);
#11086=VERTEX_POINT('',#14561);
#11087=VERTEX_POINT('',#14562);
#11088=LINE('',#14563,#14564);
#11089=VERTEX_POINT('',#14566);
#11090=LINE('',#14567,#14568);
#11091=VERTEX_POINT('',#14570);
#11092=LINE('',#14571,#14572);
#11093=LINE('',#14574,#14575);
#11094=VERTEX_POINT('',#14577);
#11095=VERTEX_POINT('',#14578);
#11096=LINE('',#14579,#14580);
#11097=VERTEX_POINT('',#14582);
#11098=LINE('',#14583,#14584);
#11099=VERTEX_POINT('',#14586);
#11100=LINE('',#14587,#14588);
#11101=LINE('',#14590,#14591);
#11102=VERTEX_POINT('',#14593);
#11103=VERTEX_POINT('',#14594);
#11104=LINE('',#14595,#14596);
#11105=VERTEX_POINT('',#14598);
#11106=LINE('',#14599,#14600);
#11107=VERTEX_POINT('',#14602);
#11108=LINE('',#14603,#14604);
#11109=LINE('',#14606,#14607);
#11110=VERTEX_POINT('',#14609);
#11111=VERTEX_POINT('',#14610);
#11112=LINE('',#14611,#14612);
#11113=VERTEX_POINT('',#14614);
#11114=LINE('',#14615,#14616);
#11115=VERTEX_POINT('',#14618);
#11116=LINE('',#14619,#14620);
#11117=LINE('',#14622,#14623);
#11118=VERTEX_POINT('',#14625);
#11119=VERTEX_POINT('',#14626);
#11120=LINE('',#14627,#14628);
#11121=VERTEX_POINT('',#14630);
#11122=LINE('',#14631,#14632);
#11123=VERTEX_POINT('',#14634);
#11124=LINE('',#14635,#14636);
#11125=LINE('',#14638,#14639);
#11126=VERTEX_POINT('',#14641);
#11127=VERTEX_POINT('',#14642);
#11128=LINE('',#14643,#14644);
#11129=VERTEX_POINT('',#14646);
#11130=LINE('',#14647,#14648);
#11131=VERTEX_POINT('',#14650);
#11132=LINE('',#14651,#14652);
#11133=LINE('',#14654,#14655);
#11134=VERTEX_POINT('',#14657);
#11135=VERTEX_POINT('',#14658);
#11136=LINE('',#14659,#14660);
#11137=VERTEX_POINT('',#14662);
#11138=LINE('',#14663,#14664);
#11139=VERTEX_POINT('',#14666);
#11140=LINE('',#14667,#14668);
#11141=LINE('',#14670,#14671);
#11142=VERTEX_POINT('',#14673);
#11143=VERTEX_POINT('',#14674);
#11144=LINE('',#14675,#14676);
#11145=VERTEX_POINT('',#14678);
#11146=LINE('',#14679,#14680);
#11147=VERTEX_POINT('',#14682);
#11148=LINE('',#14683,#14684);
#11149=LINE('',#14686,#14687);
#11150=VERTEX_POINT('',#14689);
#11151=VERTEX_POINT('',#14690);
#11152=LINE('',#14691,#14692);
#11153=VERTEX_POINT('',#14694);
#11154=LINE('',#14695,#14696);
#11155=VERTEX_POINT('',#14698);
#11156=LINE('',#14699,#14700);
#11157=LINE('',#14702,#14703);
#11158=VERTEX_POINT('',#14705);
#11159=VERTEX_POINT('',#14706);
#11160=LINE('',#14707,#14708);
#11161=VERTEX_POINT('',#14710);
#11162=LINE('',#14711,#14712);
#11163=VERTEX_POINT('',#14714);
#11164=LINE('',#14715,#14716);
#11165=LINE('',#14718,#14719);
#11166=VERTEX_POINT('',#14721);
#11167=VERTEX_POINT('',#14722);
#11168=LINE('',#14723,#14724);
#11169=VERTEX_POINT('',#14726);
#11170=LINE('',#14727,#14728);
#11171=VERTEX_POINT('',#14730);
#11172=LINE('',#14731,#14732);
#11173=LINE('',#14734,#14735);
#11174=VERTEX_POINT('',#14737);
#11175=VERTEX_POINT('',#14738);
#11176=LINE('',#14739,#14740);
#11177=VERTEX_POINT('',#14742);
#11178=LINE('',#14743,#14744);
#11179=VERTEX_POINT('',#14746);
#11180=LINE('',#14747,#14748);
#11181=LINE('',#14750,#14751);
#11182=VERTEX_POINT('',#14753);
#11183=VERTEX_POINT('',#14754);
#11184=LINE('',#14755,#14756);
#11185=VERTEX_POINT('',#14758);
#11186=LINE('',#14759,#14760);
#11187=VERTEX_POINT('',#14762);
#11188=LINE('',#14763,#14764);
#11189=LINE('',#14766,#14767);
#11190=VERTEX_POINT('',#14769);
#11191=VERTEX_POINT('',#14770);
#11192=LINE('',#14771,#14772);
#11193=VERTEX_POINT('',#14774);
#11194=LINE('',#14775,#14776);
#11195=VERTEX_POINT('',#14778);
#11196=LINE('',#14779,#14780);
#11197=LINE('',#14782,#14783);
#11198=VERTEX_POINT('',#14785);
#11199=VERTEX_POINT('',#14786);
#11200=LINE('',#14787,#14788);
#11201=VERTEX_POINT('',#14790);
#11202=LINE('',#14791,#14792);
#11203=VERTEX_POINT('',#14794);
#11204=LINE('',#14795,#14796);
#11205=LINE('',#14798,#14799);
#11206=VERTEX_POINT('',#14801);
#11207=VERTEX_POINT('',#14802);
#11208=LINE('',#14803,#14804);
#11209=VERTEX_POINT('',#14806);
#11210=LINE('',#14807,#14808);
#11211=VERTEX_POINT('',#14810);
#11212=LINE('',#14811,#14812);
#11213=LINE('',#14814,#14815);
#11214=VERTEX_POINT('',#14817);
#11215=VERTEX_POINT('',#14818);
#11216=LINE('',#14819,#14820);
#11217=VERTEX_POINT('',#14822);
#11218=LINE('',#14823,#14824);
#11219=VERTEX_POINT('',#14826);
#11220=LINE('',#14827,#14828);
#11221=LINE('',#14830,#14831);
#11222=VERTEX_POINT('',#14833);
#11223=VERTEX_POINT('',#14834);
#11224=LINE('',#14835,#14836);
#11225=VERTEX_POINT('',#14838);
#11226=LINE('',#14839,#14840);
#11227=VERTEX_POINT('',#14842);
#11228=LINE('',#14843,#14844);
#11229=LINE('',#14846,#14847);
#11230=VERTEX_POINT('',#14849);
#11231=VERTEX_POINT('',#14850);
#11232=LINE('',#14851,#14852);
#11233=VERTEX_POINT('',#14854);
#11234=LINE('',#14855,#14856);
#11235=VERTEX_POINT('',#14858);
#11236=LINE('',#14859,#14860);
#11237=LINE('',#14862,#14863);
#11238=VERTEX_POINT('',#14865);
#11239=(BOUNDED_CURVE()B_SPLINE_CURVE(3,
(#14866,#14867,#14868,#14869),
.UNSPECIFIED.,.F.,.F.)B_SPLINE_CURVE_WITH_KNOTS((4,4),
(0.,1.),
.UNSPECIFIED.)CURVE()GEOMETRIC_REPRESENTATION_ITEM()RATIONAL_B_SPLINE_CURVE((1.,
0.999787818856649,0.999787818856649,1.))REPRESENTATION_ITEM(''));
#11240=VERTEX_POINT('',#14870);
#11241=LINE('',#14871,#14872);
#11242=VERTEX_POINT('',#14874);
#11243=CIRCLE('',#14875,3.00000000012453);
#11244=VERTEX_POINT('',#14879);
#11245=LINE('',#14880,#14881);
#11246=VERTEX_POINT('',#14883);
#11247=(BOUNDED_CURVE()B_SPLINE_CURVE(3,
(#14884,#14885,#14886,#14887),
.UNSPECIFIED.,.F.,.F.)B_SPLINE_CURVE_WITH_KNOTS((4,4),
(0.,1.),
.UNSPECIFIED.)CURVE()GEOMETRIC_REPRESENTATION_ITEM()RATIONAL_B_SPLINE_CURVE((1.,
0.999787818856649,0.999787818856649,1.))REPRESENTATION_ITEM(''));
#11248=LINE('',#14888,#14889);
#11249=VERTEX_POINT('',#14891);
#11250=LINE('',#14892,#14893);
#11251=VERTEX_POINT('',#14895);
#11252=LINE('',#14896,#14897);
#11253=LINE('',#14899,#14900);
#11254=VERTEX_POINT('',#14902);
#11255=LINE('',#14903,#14904);
#11256=LINE('',#14906,#14907);
#11257=VERTEX_POINT('',#14909);
#11258=LINE('',#14910,#14911);
#11259=LINE('',#14913,#14914);
#11260=VERTEX_POINT('',#14916);
#11261=VERTEX_POINT('',#14917);
#11262=LINE('',#14918,#14919);
#11263=VERTEX_POINT('',#14921);
#11264=LINE('',#14922,#14923);
#11265=VERTEX_POINT('',#14925);
#11266=LINE('',#14926,#14927);
#11267=VERTEX_POINT('',#14929);
#11268=LINE('',#14930,#14931);
#11269=VERTEX_POINT('',#14933);
#11270=LINE('',#14934,#14935);
#11271=LINE('',#14937,#14938);
#11272=VERTEX_POINT('',#14940);
#11273=CIRCLE('',#14941,2.);
#11274=VERTEX_POINT('',#14945);
#11275=CIRCLE('',#14946,2.);
#11276=VERTEX_POINT('',#14950);
#11277=LINE('',#14951,#14952);
#11278=LINE('',#14954,#14955);
#11279=VERTEX_POINT('',#14957);
#11280=LINE('',#14958,#14959);
#11281=LINE('',#14961,#14962);
#11282=LINE('',#14964,#14965);
#11283=VERTEX_POINT('',#14967);
#11284=CIRCLE('',#14968,2.);
#11285=VERTEX_POINT('',#14972);
#11286=CIRCLE('',#14973,2.);
#11287=VERTEX_POINT('',#14977);
#11288=CIRCLE('',#14978,3.5);
#11289=VERTEX_POINT('',#14982);
#11290=CIRCLE('',#14983,2.);
#11291=VERTEX_POINT('',#14987);
#11292=CIRCLE('',#14988,2.);
#11293=VERTEX_POINT('',#14992);
#11294=CIRCLE('',#14993,1.);
#11295=VERTEX_POINT('',#14997);
#11296=CIRCLE('',#14998,1.);
#11297=VERTEX_POINT('',#15002);
#11298=LINE('',#15003,#15004);
#11299=LINE('',#15006,#15007);
#11300=(BOUNDED_CURVE()B_SPLINE_CURVE(3,
(#15009,#15010,#15011,#15012),
.UNSPECIFIED.,.F.,.F.)B_SPLINE_CURVE_WITH_KNOTS((4,4),
(0.,1.),
.UNSPECIFIED.)CURVE()GEOMETRIC_REPRESENTATION_ITEM()RATIONAL_B_SPLINE_CURVE((1.,
0.868133749150147,0.868133749150147,1.))REPRESENTATION_ITEM(''));
#11301=VERTEX_POINT('',#15013);
#11302=CIRCLE('',#15014,2.1);
#11303=CIRCLE('',#15018,2.1);
#11304=LINE('',#15022,#15023);
#11305=VERTEX_POINT('',#15025);
#11306=LINE('',#15026,#15027);
#11307=VERTEX_POINT('',#15029);
#11308=CIRCLE('',#15030,4.);
#11309=LINE('',#15034,#15035);
#11310=VERTEX_POINT('',#15037);
#11311=LINE('',#15038,#15039);
#11312=LINE('',#15041,#15042);
#11313=VERTEX_POINT('',#15044);
#11314=VERTEX_POINT('',#15045);
#11315=LINE('',#15046,#15047);
#11316=VERTEX_POINT('',#15049);
#11317=LINE('',#15050,#15051);
#11318=VERTEX_POINT('',#15053);
#11319=LINE('',#15054,#15055);
#11320=VERTEX_POINT('',#15057);
#11321=LINE('',#15058,#15059);
#11322=VERTEX_POINT('',#15061);
#11323=LINE('',#15062,#15063);
#11324=LINE('',#15065,#15066);
#11325=VERTEX_POINT('',#15068);
#11326=CIRCLE('',#15069,2.);
#11327=VERTEX_POINT('',#15073);
#11328=CIRCLE('',#15074,2.);
#11329=CIRCLE('',#15078,4.);
#11330=VERTEX_POINT('',#15082);
#11331=CIRCLE('',#15083,3.99999999999998);
#11332=LINE('',#15087,#15088);
#11333=VERTEX_POINT('',#15090);
#11334=LINE('',#15091,#15092);
#11335=LINE('',#15094,#15095);
#11336=VERTEX_POINT('',#15097);
#11337=VERTEX_POINT('',#15098);
#11338=CIRCLE('',#15099,4.);
#11339=VERTEX_POINT('',#15103);
#11340=LINE('',#15104,#15105);
#11341=VERTEX_POINT('',#15107);
#11342=CIRCLE('',#15108,4.);
#11343=VERTEX_POINT('',#15112);
#11344=LINE('',#15113,#15114);
#11345=VERTEX_POINT('',#15116);
#11346=CIRCLE('',#15117,4.);
#11347=VERTEX_POINT('',#15121);
#11348=LINE('',#15122,#15123);
#11349=VERTEX_POINT('',#15125);
#11350=CIRCLE('',#15126,4.);
#11351=LINE('',#15130,#15131);
#11352=VERTEX_POINT('',#15133);
#11353=VERTEX_POINT('',#15134);
#11354=LINE('',#15135,#15136);
#11355=VERTEX_POINT('',#15138);
#11356=LINE('',#15139,#15140);
#11357=VERTEX_POINT('',#15142);
#11358=LINE('',#15143,#15144);
#11359=LINE('',#15146,#15147);
#11360=VERTEX_POINT('',#15149);
#11361=CIRCLE('',#15150,4.);
#11362=LINE('',#15154,#15155);
#11363=LINE('',#15157,#15158);
#11364=VERTEX_POINT('',#15160);
#11365=VERTEX_POINT('',#15161);
#11366=LINE('',#15162,#15163);
#11367=VERTEX_POINT('',#15165);
#11368=LINE('',#15166,#15167);
#11369=VERTEX_POINT('',#15169);
#11370=LINE('',#15170,#15171);
#11371=LINE('',#15173,#15174);
#11372=VERTEX_POINT('',#15176);
#11373=VERTEX_POINT('',#15177);
#11374=LINE('',#15178,#15179);
#11375=VERTEX_POINT('',#15181);
#11376=LINE('',#15182,#15183);
#11377=VERTEX_POINT('',#15185);
#11378=LINE('',#15186,#15187);
#11379=LINE('',#15189,#15190);
#11380=VERTEX_POINT('',#15192);
#11381=VERTEX_POINT('',#15193);
#11382=LINE('',#15194,#15195);
#11383=VERTEX_POINT('',#15197);
#11384=LINE('',#15198,#15199);
#11385=VERTEX_POINT('',#15201);
#11386=LINE('',#15202,#15203);
#11387=LINE('',#15205,#15206);
#11388=VERTEX_POINT('',#15208);
#11389=VERTEX_POINT('',#15209);
#11390=LINE('',#15210,#15211);
#11391=VERTEX_POINT('',#15213);
#11392=LINE('',#15214,#15215);
#11393=VERTEX_POINT('',#15217);
#11394=LINE('',#15218,#15219);
#11395=LINE('',#15221,#15222);
#11396=VERTEX_POINT('',#15224);
#11397=VERTEX_POINT('',#15225);
#11398=LINE('',#15226,#15227);
#11399=VERTEX_POINT('',#15229);
#11400=LINE('',#15230,#15231);
#11401=VERTEX_POINT('',#15233);
#11402=LINE('',#15234,#15235);
#11403=LINE('',#15237,#15238);
#11404=VERTEX_POINT('',#15240);
#11405=VERTEX_POINT('',#15241);
#11406=LINE('',#15242,#15243);
#11407=VERTEX_POINT('',#15245);
#11408=LINE('',#15246,#15247);
#11409=VERTEX_POINT('',#15249);
#11410=LINE('',#15250,#15251);
#11411=LINE('',#15253,#15254);
#11412=VERTEX_POINT('',#15256);
#11413=VERTEX_POINT('',#15257);
#11414=LINE('',#15258,#15259);
#11415=VERTEX_POINT('',#15261);
#11416=LINE('',#15262,#15263);
#11417=VERTEX_POINT('',#15265);
#11418=LINE('',#15266,#15267);
#11419=LINE('',#15269,#15270);
#11420=VERTEX_POINT('',#15272);
#11421=VERTEX_POINT('',#15273);
#11422=LINE('',#15274,#15275);
#11423=VERTEX_POINT('',#15277);
#11424=LINE('',#15278,#15279);
#11425=VERTEX_POINT('',#15281);
#11426=LINE('',#15282,#15283);
#11427=LINE('',#15285,#15286);
#11428=VERTEX_POINT('',#15288);
#11429=VERTEX_POINT('',#15289);
#11430=LINE('',#15290,#15291);
#11431=VERTEX_POINT('',#15293);
#11432=LINE('',#15294,#15295);
#11433=VERTEX_POINT('',#15297);
#11434=LINE('',#15298,#15299);
#11435=LINE('',#15301,#15302);
#11436=VERTEX_POINT('',#15304);
#11437=VERTEX_POINT('',#15305);
#11438=LINE('',#15306,#15307);
#11439=VERTEX_POINT('',#15309);
#11440=LINE('',#15310,#15311);
#11441=VERTEX_POINT('',#15313);
#11442=LINE('',#15314,#15315);
#11443=LINE('',#15317,#15318);
#11444=VERTEX_POINT('',#15320);
#11445=VERTEX_POINT('',#15321);
#11446=LINE('',#15322,#15323);
#11447=VERTEX_POINT('',#15325);
#11448=LINE('',#15326,#15327);
#11449=VERTEX_POINT('',#15329);
#11450=LINE('',#15330,#15331);
#11451=LINE('',#15333,#15334);
#11452=VERTEX_POINT('',#15336);
#11453=VERTEX_POINT('',#15337);
#11454=LINE('',#15338,#15339);
#11455=VERTEX_POINT('',#15341);
#11456=LINE('',#15342,#15343);
#11457=VERTEX_POINT('',#15345);
#11458=LINE('',#15346,#15347);
#11459=LINE('',#15349,#15350);
#11460=VERTEX_POINT('',#15352);
#11461=VERTEX_POINT('',#15353);
#11462=LINE('',#15354,#15355);
#11463=VERTEX_POINT('',#15357);
#11464=LINE('',#15358,#15359);
#11465=VERTEX_POINT('',#15361);
#11466=LINE('',#15362,#15363);
#11467=LINE('',#15365,#15366);
#11468=VERTEX_POINT('',#15368);
#11469=VERTEX_POINT('',#15369);
#11470=LINE('',#15370,#15371);
#11471=VERTEX_POINT('',#15373);
#11472=LINE('',#15374,#15375);
#11473=VERTEX_POINT('',#15377);
#11474=LINE('',#15378,#15379);
#11475=LINE('',#15381,#15382);
#11476=VERTEX_POINT('',#15384);
#11477=VERTEX_POINT('',#15385);
#11478=LINE('',#15386,#15387);
#11479=VERTEX_POINT('',#15389);
#11480=LINE('',#15390,#15391);
#11481=VERTEX_POINT('',#15393);
#11482=LINE('',#15394,#15395);
#11483=LINE('',#15397,#15398);
#11484=VERTEX_POINT('',#15400);
#11485=VERTEX_POINT('',#15401);
#11486=LINE('',#15402,#15403);
#11487=VERTEX_POINT('',#15405);
#11488=LINE('',#15406,#15407);
#11489=VERTEX_POINT('',#15409);
#11490=LINE('',#15410,#15411);
#11491=LINE('',#15413,#15414);
#11492=VERTEX_POINT('',#15416);
#11493=VERTEX_POINT('',#15417);
#11494=LINE('',#15418,#15419);
#11495=VERTEX_POINT('',#15421);
#11496=LINE('',#15422,#15423);
#11497=VERTEX_POINT('',#15425);
#11498=LINE('',#15426,#15427);
#11499=LINE('',#15429,#15430);
#11500=VERTEX_POINT('',#15432);
#11501=VERTEX_POINT('',#15433);
#11502=LINE('',#15434,#15435);
#11503=VERTEX_POINT('',#15437);
#11504=LINE('',#15438,#15439);
#11505=VERTEX_POINT('',#15441);
#11506=LINE('',#15442,#15443);
#11507=LINE('',#15445,#15446);
#11508=VERTEX_POINT('',#15448);
#11509=VERTEX_POINT('',#15449);
#11510=LINE('',#15450,#15451);
#11511=VERTEX_POINT('',#15453);
#11512=LINE('',#15454,#15455);
#11513=VERTEX_POINT('',#15457);
#11514=LINE('',#15458,#15459);
#11515=LINE('',#15461,#15462);
#11516=VERTEX_POINT('',#15464);
#11517=VERTEX_POINT('',#15465);
#11518=LINE('',#15466,#15467);
#11519=VERTEX_POINT('',#15469);
#11520=LINE('',#15470,#15471);
#11521=VERTEX_POINT('',#15473);
#11522=LINE('',#15474,#15475);
#11523=LINE('',#15477,#15478);
#11524=VERTEX_POINT('',#15480);
#11525=VERTEX_POINT('',#15481);
#11526=LINE('',#15482,#15483);
#11527=VERTEX_POINT('',#15485);
#11528=LINE('',#15486,#15487);
#11529=VERTEX_POINT('',#15489);
#11530=LINE('',#15490,#15491);
#11531=LINE('',#15493,#15494);
#11532=VERTEX_POINT('',#15496);
#11533=VERTEX_POINT('',#15497);
#11534=LINE('',#15498,#15499);
#11535=VERTEX_POINT('',#15501);
#11536=LINE('',#15502,#15503);
#11537=VERTEX_POINT('',#15505);
#11538=LINE('',#15506,#15507);
#11539=LINE('',#15509,#15510);
#11540=VERTEX_POINT('',#15512);
#11541=VERTEX_POINT('',#15513);
#11542=LINE('',#15514,#15515);
#11543=VERTEX_POINT('',#15517);
#11544=LINE('',#15518,#15519);
#11545=VERTEX_POINT('',#15521);
#11546=LINE('',#15522,#15523);
#11547=LINE('',#15525,#15526);
#11548=VERTEX_POINT('',#15528);
#11549=VERTEX_POINT('',#15529);
#11550=LINE('',#15530,#15531);
#11551=VERTEX_POINT('',#15533);
#11552=LINE('',#15534,#15535);
#11553=VERTEX_POINT('',#15537);
#11554=LINE('',#15538,#15539);
#11555=LINE('',#15541,#15542);
#11556=VERTEX_POINT('',#15544);
#11557=VERTEX_POINT('',#15545);
#11558=LINE('',#15546,#15547);
#11559=VERTEX_POINT('',#15549);
#11560=LINE('',#15550,#15551);
#11561=VERTEX_POINT('',#15553);
#11562=LINE('',#15554,#15555);
#11563=LINE('',#15557,#15558);
#11564=VERTEX_POINT('',#15560);
#11565=VERTEX_POINT('',#15561);
#11566=LINE('',#15562,#15563);
#11567=VERTEX_POINT('',#15565);
#11568=LINE('',#15566,#15567);
#11569=VERTEX_POINT('',#15569);
#11570=LINE('',#15570,#15571);
#11571=LINE('',#15573,#15574);
#11572=VERTEX_POINT('',#15576);
#11573=VERTEX_POINT('',#15577);
#11574=LINE('',#15578,#15579);
#11575=VERTEX_POINT('',#15581);
#11576=LINE('',#15582,#15583);
#11577=VERTEX_POINT('',#15585);
#11578=LINE('',#15586,#15587);
#11579=LINE('',#15589,#15590);
#11580=VERTEX_POINT('',#15592);
#11581=VERTEX_POINT('',#15593);
#11582=LINE('',#15594,#15595);
#11583=VERTEX_POINT('',#15597);
#11584=LINE('',#15598,#15599);
#11585=VERTEX_POINT('',#15601);
#11586=LINE('',#15602,#15603);
#11587=LINE('',#15605,#15606);
#11588=VERTEX_POINT('',#15608);
#11589=VERTEX_POINT('',#15609);
#11590=LINE('',#15610,#15611);
#11591=VERTEX_POINT('',#15613);
#11592=LINE('',#15614,#15615);
#11593=VERTEX_POINT('',#15617);
#11594=LINE('',#15618,#15619);
#11595=LINE('',#15621,#15622);
#11596=VERTEX_POINT('',#15624);
#11597=VERTEX_POINT('',#15625);
#11598=LINE('',#15626,#15627);
#11599=VERTEX_POINT('',#15629);
#11600=LINE('',#15630,#15631);
#11601=VERTEX_POINT('',#15633);
#11602=LINE('',#15634,#15635);
#11603=LINE('',#15637,#15638);
#11604=VERTEX_POINT('',#15640);
#11605=LINE('',#15641,#15642);
#11606=VERTEX_POINT('',#15644);
#11607=LINE('',#15645,#15646);
#11608=LINE('',#15648,#15649);
#11609=VERTEX_POINT('',#15651);
#11610=LINE('',#15652,#15653);
#11611=LINE('',#15655,#15656);
#11612=VERTEX_POINT('',#15658);
#11613=LINE('',#15659,#15660);
#11614=LINE('',#15662,#15663);
#11615=VERTEX_POINT('',#15665);
#11616=VERTEX_POINT('',#15666);
#11617=LINE('',#15667,#15668);
#11618=VERTEX_POINT('',#15670);
#11619=CIRCLE('',#15671,4.);
#11620=LINE('',#15675,#15676);
#11621=VERTEX_POINT('',#15678);
#11622=CIRCLE('',#15679,4.);
#11623=VERTEX_POINT('',#15683);
#11624=LINE('',#15684,#15685);
#11625=(BOUNDED_CURVE()B_SPLINE_CURVE(3,
(#15687,#15688,#15689,#15690),
.UNSPECIFIED.,.F.,.F.)B_SPLINE_CURVE_WITH_KNOTS((4,4),
(0.,1.),
.UNSPECIFIED.)CURVE()GEOMETRIC_REPRESENTATION_ITEM()RATIONAL_B_SPLINE_CURVE((1.,
0.717453456742733,0.717453456742733,1.))REPRESENTATION_ITEM(''));
#11626=LINE('',#15691,#15692);
#11627=VERTEX_POINT('',#15694);
#11628=LINE('',#15695,#15696);
#11629=VERTEX_POINT('',#15698);
#11630=LINE('',#15699,#15700);
#11631=LINE('',#15702,#15703);
#11632=VERTEX_POINT('',#15705);
#11633=LINE('',#15706,#15707);
#11634=LINE('',#15709,#15710);
#11635=VERTEX_POINT('',#15712);
#11636=LINE('',#15713,#15714);
#11637=LINE('',#15716,#15717);
#11638=VERTEX_POINT('',#15719);
#11639=VERTEX_POINT('',#15720);
#11640=CIRCLE('',#15721,2.1);
#11641=VERTEX_POINT('',#15725);
#11642=CIRCLE('',#15726,2.1);
#11643=VERTEX_POINT('',#15730);
#11644=CIRCLE('',#15731,2.1);
#11645=VERTEX_POINT('',#15735);
#11646=CIRCLE('',#15736,2.1);
#11647=CIRCLE('',#15740,2.1);
#11648=CIRCLE('',#15744,2.1);
#11649=CIRCLE('',#15748,2.1);
#11650=VERTEX_POINT('',#15752);
#11651=CIRCLE('',#15753,2.1);
#11652=CIRCLE('',#15757,2.1);
#11653=CIRCLE('',#15761,2.1);
#11654=VERTEX_POINT('',#15765);
#11655=(BOUNDED_CURVE()B_SPLINE_CURVE(3,
(#15766,#15767,#15768,#15769),
.UNSPECIFIED.,.F.,.F.)B_SPLINE_CURVE_WITH_KNOTS((4,4),
(0.,1.),
.UNSPECIFIED.)CURVE()GEOMETRIC_REPRESENTATION_ITEM()RATIONAL_B_SPLINE_CURVE((1.,
0.868133749150145,0.868133749150145,1.))REPRESENTATION_ITEM(''));
#11656=(BOUNDED_CURVE()B_SPLINE_CURVE(3,
(#15770,#15771,#15772,#15773),
.UNSPECIFIED.,.F.,.F.)B_SPLINE_CURVE_WITH_KNOTS((4,4),
(0.,1.),
.UNSPECIFIED.)CURVE()GEOMETRIC_REPRESENTATION_ITEM()RATIONAL_B_SPLINE_CURVE((1.,
0.868133749150147,0.868133749150147,1.))REPRESENTATION_ITEM(''));
#11657=VERTEX_POINT('',#15774);
#11658=CIRCLE('',#15775,2.1);
#11659=CIRCLE('',#15779,2.1);
#11660=CIRCLE('',#15783,2.1);
#11661=(BOUNDED_CURVE()B_SPLINE_CURVE(3,
(#15787,#15788,#15789,#15790),
.UNSPECIFIED.,.F.,.F.)B_SPLINE_CURVE_WITH_KNOTS((4,4),
(0.,1.),
.UNSPECIFIED.)CURVE()GEOMETRIC_REPRESENTATION_ITEM()RATIONAL_B_SPLINE_CURVE((1.,
0.868133749150144,0.868133749150144,1.))REPRESENTATION_ITEM(''));
#11662=VERTEX_POINT('',#15791);
#11663=VERTEX_POINT('',#15792);
#11664=(BOUNDED_CURVE()B_SPLINE_CURVE(3,
(#15793,#15794,#15795,#15796),
.UNSPECIFIED.,.F.,.F.)B_SPLINE_CURVE_WITH_KNOTS((4,4),
(0.,1.),
.UNSPECIFIED.)CURVE()GEOMETRIC_REPRESENTATION_ITEM()RATIONAL_B_SPLINE_CURVE((1.,
0.868133749150147,0.868133749150147,1.))REPRESENTATION_ITEM(''));
#11665=VERTEX_POINT('',#15797);
#11666=(BOUNDED_CURVE()B_SPLINE_CURVE(3,
(#15798,#15799,#15800,#15801),
.UNSPECIFIED.,.F.,.F.)B_SPLINE_CURVE_WITH_KNOTS((4,4),
(0.,1.),
.UNSPECIFIED.)CURVE()GEOMETRIC_REPRESENTATION_ITEM()RATIONAL_B_SPLINE_CURVE((1.,
0.949253021674191,0.949253021674191,1.))REPRESENTATION_ITEM(''));
#11667=VERTEX_POINT('',#15802);
#11668=(BOUNDED_CURVE()B_SPLINE_CURVE(3,
(#15803,#15804,#15805,#15806),
.UNSPECIFIED.,.F.,.F.)B_SPLINE_CURVE_WITH_KNOTS((4,4),
(0.,1.),
.UNSPECIFIED.)CURVE()GEOMETRIC_REPRESENTATION_ITEM()RATIONAL_B_SPLINE_CURVE((1.,
0.979746419533393,0.979746419533393,1.))REPRESENTATION_ITEM(''));
#11669=VERTEX_POINT('',#15807);
#11670=LINE('',#15808,#15809);
#11671=VERTEX_POINT('',#15811);
#11672=CIRCLE('',#15812,2.1);
#11673=LINE('',#15816,#15817);
#11674=LINE('',#15819,#15820);
#11675=LINE('',#15822,#15823);
#11676=LINE('',#15825,#15826);
#11677=LINE('',#15828,#15829);
#11678=LINE('',#15831,#15832);
#11679=LINE('',#15834,#15835);
#11680=(BOUNDED_CURVE()B_SPLINE_CURVE(3,
(#15837,#15838,#15839,#15840),
.UNSPECIFIED.,.F.,.F.)B_SPLINE_CURVE_WITH_KNOTS((4,4),
(0.,1.),
.UNSPECIFIED.)CURVE()GEOMETRIC_REPRESENTATION_ITEM()RATIONAL_B_SPLINE_CURVE((1.,
0.999787818856649,0.999787818856649,1.))REPRESENTATION_ITEM(''));
#11681=CIRCLE('',#15841,3.00000000012453);
#11682=(BOUNDED_CURVE()B_SPLINE_CURVE(3,
(#15845,#15846,#15847,#15848),
.UNSPECIFIED.,.F.,.F.)B_SPLINE_CURVE_WITH_KNOTS((4,4),
(0.,1.),
.UNSPECIFIED.)CURVE()GEOMETRIC_REPRESENTATION_ITEM()RATIONAL_B_SPLINE_CURVE((1.,
0.999787818856649,0.999787818856649,1.))REPRESENTATION_ITEM(''));
#11683=CIRCLE('',#15849,3.);
#11684=VERTEX_POINT('',#15853);
#11685=LINE('',#15854,#15855);
#11686=LINE('',#15857,#15858);
#11687=LINE('',#15860,#15861);
#11688=LINE('',#15863,#15864);
#11689=LINE('',#15866,#15867);
#11690=LINE('',#15869,#15870);
#11691=LINE('',#15872,#15873);
#11692=LINE('',#15875,#15876);
#11693=LINE('',#15878,#15879);
#11694=LINE('',#15881,#15882);
#11695=VERTEX_POINT('',#15884);
#11696=CIRCLE('',#15885,1.);
#11697=VERTEX_POINT('',#15889);
#11698=CIRCLE('',#15890,1.);
#11699=VERTEX_POINT('',#15894);
#11700=CIRCLE('',#15895,2.1);
#11701=LINE('',#15899,#15900);
#11702=LINE('',#15902,#15903);
#11703=LINE('',#15905,#15906);
#11704=LINE('',#15908,#15909);
#11705=VERTEX_POINT('',#15911);
#11706=LINE('',#15912,#15913);
#11707=VERTEX_POINT('',#15915);
#11708=LINE('',#15916,#15917);
#11709=LINE('',#15919,#15920);
#11710=LINE('',#15922,#15923);
#11711=LINE('',#15925,#15926);
#11712=LINE('',#15928,#15929);
#11713=LINE('',#15931,#15932);
#11714=LINE('',#15934,#15935);
#11715=LINE('',#15937,#15938);
#11716=LINE('',#15940,#15941);
#11717=LINE('',#15943,#15944);
#11718=LINE('',#15946,#15947);
#11719=LINE('',#15949,#15950);
#11720=LINE('',#15952,#15953);
#11721=LINE('',#15955,#15956);
#11722=VERTEX_POINT('',#15958);
#11723=LINE('',#15959,#15960);
#11724=LINE('',#15962,#15963);
#11725=LINE('',#15965,#15966);
#11726=LINE('',#15968,#15969);
#11727=LINE('',#15971,#15972);
#11728=LINE('',#15974,#15975);
#11729=LINE('',#15977,#15978);
#11730=LINE('',#15980,#15981);
#11731=LINE('',#15983,#15984);
#11732=LINE('',#15986,#15987);
#11733=LINE('',#15989,#15990);
#11734=LINE('',#15992,#15993);
#11735=LINE('',#15995,#15996);
#11736=LINE('',#15998,#15999);
#11737=LINE('',#16001,#16002);
#11738=LINE('',#16004,#16005);
#11739=LINE('',#16007,#16008);
#11740=LINE('',#16010,#16011);
#11741=LINE('',#16013,#16014);
#11742=LINE('',#16016,#16017);
#11743=LINE('',#16019,#16020);
#11744=LINE('',#16022,#16023);
#11745=LINE('',#16025,#16026);
#11746=LINE('',#16028,#16029);
#11747=LINE('',#16031,#16032);
#11748=LINE('',#16034,#16035);
#11749=LINE('',#16037,#16038);
#11750=LINE('',#16040,#16041);
#11751=LINE('',#16043,#16044);
#11752=LINE('',#16046,#16047);
#11753=LINE('',#16049,#16050);
#11754=LINE('',#16052,#16053);
#11755=LINE('',#16055,#16056);
#11756=LINE('',#16058,#16059);
#11757=LINE('',#16061,#16062);
#11758=LINE('',#16064,#16065);
#11759=LINE('',#16067,#16068);
#11760=LINE('',#16070,#16071);
#11761=LINE('',#16073,#16074);
#11762=LINE('',#16076,#16077);
#11763=LINE('',#16079,#16080);
#11764=LINE('',#16082,#16083);
#11765=LINE('',#16085,#16086);
#11766=LINE('',#16088,#16089);
#11767=LINE('',#16091,#16092);
#11768=LINE('',#16094,#16095);
#11769=LINE('',#16097,#16098);
#11770=LINE('',#16100,#16101);
#11771=LINE('',#16103,#16104);
#11772=LINE('',#16106,#16107);
#11773=LINE('',#16109,#16110);
#11774=LINE('',#16112,#16113);
#11775=LINE('',#16115,#16116);
#11776=LINE('',#16118,#16119);
#11777=LINE('',#16121,#16122);
#11778=LINE('',#16124,#16125);
#11779=LINE('',#16127,#16128);
#11780=LINE('',#16130,#16131);
#11781=LINE('',#16133,#16134);
#11782=LINE('',#16136,#16137);
#11783=LINE('',#16139,#16140);
#11784=LINE('',#16142,#16143);
#11785=LINE('',#16145,#16146);
#11786=LINE('',#16148,#16149);
#11787=LINE('',#16151,#16152);
#11788=LINE('',#16154,#16155);
#11789=LINE('',#16157,#16158);
#11790=LINE('',#16160,#16161);
#11791=LINE('',#16163,#16164);
#11792=LINE('',#16166,#16167);
#11793=LINE('',#16169,#16170);
#11794=LINE('',#16172,#16173);
#11795=LINE('',#16175,#16176);
#11796=LINE('',#16178,#16179);
#11797=LINE('',#16181,#16182);
#11798=LINE('',#16184,#16185);
#11799=LINE('',#16187,#16188);
#11800=LINE('',#16190,#16191);
#11801=LINE('',#16193,#16194);
#11802=LINE('',#16196,#16197);
#11803=LINE('',#16199,#16200);
#11804=LINE('',#16202,#16203);
#11805=LINE('',#16205,#16206);
#11806=LINE('',#16208,#16209);
#11807=LINE('',#16211,#16212);
#11808=LINE('',#16214,#16215);
#11809=LINE('',#16217,#16218);
#11810=LINE('',#16220,#16221);
#11811=LINE('',#16223,#16224);
#11812=LINE('',#16226,#16227);
#11813=LINE('',#16229,#16230);
#11814=LINE('',#16232,#16233);
#11815=LINE('',#16235,#16236);
#11816=LINE('',#16238,#16239);
#11817=LINE('',#16241,#16242);
#11818=LINE('',#16244,#16245);
#11819=LINE('',#16247,#16248);
#11820=LINE('',#16250,#16251);
#11821=LINE('',#16253,#16254);
#11822=LINE('',#16256,#16257);
#11823=LINE('',#16259,#16260);
#11824=LINE('',#16262,#16263);
#11825=LINE('',#16265,#16266);
#11826=LINE('',#16268,#16269);
#11827=LINE('',#16271,#16272);
#11828=LINE('',#16274,#16275);
#11829=LINE('',#16277,#16278);
#11830=LINE('',#16280,#16281);
#11831=LINE('',#16283,#16284);
#11832=LINE('',#16286,#16287);
#11833=LINE('',#16289,#16290);
#11834=LINE('',#16292,#16293);
#11835=LINE('',#16295,#16296);
#11836=LINE('',#16298,#16299);
#11837=LINE('',#16301,#16302);
#11838=LINE('',#16304,#16305);
#11839=LINE('',#16307,#16308);
#11840=LINE('',#16310,#16311);
#11841=LINE('',#16313,#16314);
#11842=LINE('',#16316,#16317);
#11843=VERTEX_POINT('',#16319);
#11844=CIRCLE('',#16320,1.);
#11845=VERTEX_POINT('',#16324);
#11846=CIRCLE('',#16325,1.);
#11847=VERTEX_POINT('',#16329);
#11848=CIRCLE('',#16330,2.1);
#11849=VERTEX_POINT('',#16334);
#11850=CIRCLE('',#16335,1.);
#11851=VERTEX_POINT('',#16339);
#11852=CIRCLE('',#16340,1.);
#11853=VERTEX_POINT('',#16344);
#11854=CIRCLE('',#16345,1.);
#11855=VERTEX_POINT('',#16349);
#11856=CIRCLE('',#16350,1.);
#11857=VERTEX_POINT('',#16354);
#11858=CIRCLE('',#16355,1.);
#11859=VERTEX_POINT('',#16359);
#11860=CIRCLE('',#16360,1.);
#11861=VERTEX_POINT('',#16364);
#11862=CIRCLE('',#16365,2.1);
#11863=VERTEX_POINT('',#16369);
#11864=CIRCLE('',#16370,1.);
#11865=VERTEX_POINT('',#16374);
#11866=CIRCLE('',#16375,1.);
#11867=VERTEX_POINT('',#16379);
#11868=CIRCLE('',#16380,2.1);
#11869=VERTEX_POINT('',#16384);
#11870=CIRCLE('',#16385,1.);
#11871=VERTEX_POINT('',#16389);
#11872=CIRCLE('',#16390,1.);
#11873=CARTESIAN_POINT('',(-40.5,-112.,36.));
#11874=CARTESIAN_POINT('',(-40.5,-112.,7.99999999999999));
#11875=CARTESIAN_POINT('',(-40.5,-112.,36.));
#11876=VECTOR('',#11877,1.);
#11877=DIRECTION('',(2.53765262771464E-16,0.,-1.));
#11878=CARTESIAN_POINT('',(-40.,-112.,8.));
#11879=CARTESIAN_POINT('',(-40.5,-112.,8.));
#11880=VECTOR('',#11881,1.);
#11881=DIRECTION('',(1.,0.,0.));
#11882=CARTESIAN_POINT('',(-44.,-112.,4.));
#11883=CARTESIAN_POINT('',(-40.,-112.,8.));
#11884=VECTOR('',#11885,1.);
#11885=DIRECTION('',(-0.707106781186547,0.,-0.707106781186548));
#11886=CARTESIAN_POINT('',(-87.1020842383436,-112.,4.));
#11887=CARTESIAN_POINT('',(-87.1020842383436,-112.,4.));
#11888=VECTOR('',#11889,1.);
#11889=DIRECTION('',(1.,-3.29702263041842E-16,0.));
#11890=CARTESIAN_POINT('',(-91.8979157616563,-112.,4.));
#11891=CARTESIAN_POINT('',(-91.8979157616564,-112.,4.));
#11892=CARTESIAN_POINT('',(-91.8561627607882,-112.,4.01668676779347));
#11893=CARTESIAN_POINT('',(-91.7724762985203,-112.,4.04940095045434));
#11894=CARTESIAN_POINT('',(-91.6462090373725,-112.,4.09647707944468));
#11895=CARTESIAN_POINT('',(-91.5547519845083,-112.,4.12887392908801));
#11896=CARTESIAN_POINT('',(-91.46991364827,-112.,4.1579809735505));
#11897=CARTESIAN_POINT('',(-91.3847144048855,-112.,4.18639489668345));
#11898=CARTESIAN_POINT('',(-91.2628201543409,-112.,4.22483994752438));
#11899=CARTESIAN_POINT('',(-91.1328184439783,-112.,4.26320067612531));
#11900=CARTESIAN_POINT('',(-91.0015303236296,-112.,4.29919304089863));
#11901=CARTESIAN_POINT('',(-90.8691534090214,-112.,4.33263450872335));
#11902=CARTESIAN_POINT('',(-90.775809562339,-112.,4.35415304278578));
#11903=CARTESIAN_POINT('',(-90.6865472909677,-112.,4.37361890714369));
#11904=CARTESIAN_POINT('',(-90.5969983508796,-112.,4.39213345995032));
#11905=CARTESIAN_POINT('',(-90.4668656314897,-112.,4.41618826806732));
#11906=CARTESIAN_POINT('',(-90.3319482951495,-112.,4.43796777301017));
#11907=CARTESIAN_POINT('',(-90.2107454183282,-112.,4.45465807260326));
#11908=CARTESIAN_POINT('',(-90.1207653866204,-112.,4.46522081755851));
#11909=CARTESIAN_POINT('',(-90.0313103747604,-112.,4.47464602155235));
#11910=CARTESIAN_POINT('',(-89.9289055792286,-112.,4.48383450071427));
#11911=CARTESIAN_POINT('',(-89.7959673126958,-112.,4.49257178507026));
#11912=CARTESIAN_POINT('',(-89.6911733356904,-112.,4.49694605454374));
#11913=CARTESIAN_POINT('',(-89.6034833931027,-112.,4.49915826128944));
#11914=CARTESIAN_POINT('',(-89.5489925614983,-112.,4.49988639584498));
#11915=CARTESIAN_POINT('',(-89.4789073080484,-112.,4.50009568739851));
#11916=CARTESIAN_POINT('',(-89.3937283559327,-112.,4.49935126876125));
#11917=CARTESIAN_POINT('',(-89.2775088167985,-112.,4.49598339911141));
#11918=CARTESIAN_POINT('',(-89.1848884784234,-112.,4.49117829234735));
#11919=CARTESIAN_POINT('',(-89.1016404479486,-112.,4.48572133357762));
#11920=CARTESIAN_POINT('',(-89.0195315201504,-112.,4.4794199931078));
#11921=CARTESIAN_POINT('',(-88.9057941316402,-112.,4.46843363533202));
#11922=CARTESIAN_POINT('',(-88.7936369786279,-112.,4.4551671261271));
#11923=CARTESIAN_POINT('',(-88.713527215251,-112.,4.44417047690698));
#11924=CARTESIAN_POINT('',(-88.6339414459367,-112.,4.43240536117481));
#11925=CARTESIAN_POINT('',(-88.5466052694261,-112.,4.4183799843647));
#11926=CARTESIAN_POINT('',(-88.4301661695709,-112.,4.39729818356002));
#11927=CARTESIAN_POINT('',(-88.3523042817933,-112.,4.38165586076288));
#11928=CARTESIAN_POINT('',(-88.2767364674783,-112.,4.36572476719683));
#11929=CARTESIAN_POINT('',(-88.2024795176271,-112.,4.34935690173079));
#11930=CARTESIAN_POINT('',(-88.0935464903131,-112.,4.32334438275149));
#11931=CARTESIAN_POINT('',(-88.006149599338,-112.,4.30090474690708));
#11932=CARTESIAN_POINT('',(-87.9353870459632,-111.999999999999,4.28185699532658));
#11933=CARTESIAN_POINT('',(-87.8657979185195,-111.999999999999,4.26253409278888));
#11934=CARTESIAN_POINT('',(-87.7775303775447,-111.999999999999,4.23686584260845));
#11935=CARTESIAN_POINT('',(-87.6760499871952,-111.999999999999,4.20571253503099));
#11936=CARTESIAN_POINT('',(-87.5766996798077,-111.999999999999,4.17366249284749));
#11937=CARTESIAN_POINT('',(-87.5016756737446,-111.999999999999,4.14833121358555));
#11938=CARTESIAN_POINT('',(-87.4372215016367,-111.999999999999,4.12596065983564));
#11939=CARTESIAN_POINT('',(-87.3735250302668,-111.999999999999,4.10339370977012));
#11940=CARTESIAN_POINT('',(-87.288256617446,-111.999999999999,4.07216120594988));
#11941=CARTESIAN_POINT('',(-87.2025085876294,-111.999999999999,4.03958244650519));
#11942=CARTESIAN_POINT('',(-87.1406062194898,-111.999999999999,4.01534545878985));
#11943=CARTESIAN_POINT('',(-87.1098110123739,-111.999999999999,4.00308802572778));
#11944=CARTESIAN_POINT('',(-87.1020842383436,-111.999999999999,4.00000000000001));
#11945=CARTESIAN_POINT('',(-152.102084238344,-112.,4.));
#11946=CARTESIAN_POINT('',(-152.102084238344,-112.,4.));
#11947=VECTOR('',#11948,1.);
#11948=DIRECTION('',(1.,-2.36044364946338E-16,0.));
#11949=CARTESIAN_POINT('',(-156.897915761656,-112.,4.));
#11950=CARTESIAN_POINT('',(-156.897915761656,-112.,4.));
#11951=CARTESIAN_POINT('',(-156.863318960902,-112.,4.01382672991629));
#11952=CARTESIAN_POINT('',(-156.793914638062,-112.,4.04106143428231));
#11953=CARTESIAN_POINT('',(-156.689174663323,-112.,4.08059881008481));
#11954=CARTESIAN_POINT('',(-156.590716521491,-112.,4.11625660727749));
#11955=CARTESIAN_POINT('',(-156.519969004842,-112.,4.14087575566055));
#11956=CARTESIAN_POINT('',(-156.448772376897,-112.,4.16507755555807));
#11957=CARTESIAN_POINT('',(-156.369659821833,-112.,4.19120268867282));
#11958=CARTESIAN_POINT('',(-156.260563649181,-112.,4.22540682010347));
#11959=CARTESIAN_POINT('',(-156.149698302555,-112.,4.25825024364635));
#11960=CARTESIAN_POINT('',(-156.037371835723,-112.,4.2895221648723));
#11961=CARTESIAN_POINT('',(-155.928467480555,-112.,4.31784070950603));
#11962=CARTESIAN_POINT('',(-155.851845880906,-112.,4.33641141665713));
#11963=CARTESIAN_POINT('',(-155.773988818494,-112.,4.35452573469928));
#11964=CARTESIAN_POINT('',(-155.689533769352,-112.,4.37323647224946));
#11965=CARTESIAN_POINT('',(-155.569481961066,-112.,4.39740457242994));
#11966=CARTESIAN_POINT('',(-155.447313724542,-112.,4.41945269406848));
#11967=CARTESIAN_POINT('',(-155.326194246584,-112.,4.43871965346579));
#11968=CARTESIAN_POINT('',(-155.242691269423,-112.,4.45022875067163));
#11969=CARTESIAN_POINT('',(-155.157975614385,-112.,4.46095565043214));
#11970=CARTESIAN_POINT('',(-155.069565925912,-111.999999999999,4.47107954376293));
#11971=CARTESIAN_POINT('',(-154.940632687882,-111.999999999999,4.48287930811876));
#11972=CARTESIAN_POINT('',(-154.81078437875,-111.999999999999,4.49173904760521));
#11973=CARTESIAN_POINT('',(-154.701815210133,-111.999999999999,4.49660284796231));
#11974=CARTESIAN_POINT('',(-154.614110764192,-111.999999999999,4.49894854852588));
#11975=CARTESIAN_POINT('',(-154.554052867397,-111.999999999999,4.49983387738935));
#11976=CARTESIAN_POINT('',(-154.487945921583,-111.999999999999,4.50012256257447));
#11977=CARTESIAN_POINT('',(-154.399698917416,-111.999999999999,4.49944704388189));
#11978=CARTESIAN_POINT('',(-154.283144596217,-111.999999999999,4.49625895512162));
#11979=CARTESIAN_POINT('',(-154.186555488352,-111.999999999999,4.49129141982613));
#11980=CARTESIAN_POINT('',(-154.097991392919,-111.999999999999,4.48547822141373));
#11981=CARTESIAN_POINT('',(-154.009575130006,-111.999999999999,4.47861299237639));
#11982=CARTESIAN_POINT('',(-153.885776582038,-111.999999999999,4.4663232997425));
#11983=CARTESIAN_POINT('',(-153.760133139768,-111.999999999999,4.45090154408286));
#11984=CARTESIAN_POINT('',(-153.67333920292,-111.999999999999,4.43836897215717));
#11985=CARTESIAN_POINT('',(-153.587353701205,-111.999999999999,4.42497604091639));
#11986=CARTESIAN_POINT('',(-153.497039080929,-111.999999999999,4.40976729923079));
#11987=CARTESIAN_POINT('',(-153.376384286098,-111.999999999999,4.38678992757224));
#11988=CARTESIAN_POINT('',(-153.2929605667,-111.999999999999,4.36923530689092));
#11989=CARTESIAN_POINT('',(-153.210807042379,-111.999999999999,4.35108991341583));
#11990=CARTESIAN_POINT('',(-153.124340334041,-111.999999999999,4.33097563116928));
#11991=CARTESIAN_POINT('',(-153.042378160753,-111.999999999999,4.31026122004308));
#11992=CARTESIAN_POINT('',(-152.962810579538,-111.999999999999,4.28934901707369));
#11993=CARTESIAN_POINT('',(-152.884199648447,-111.999999999999,4.26792254676651));
#11994=CARTESIAN_POINT('',(-152.779762608443,-111.999999999999,4.23751818531513));
#11995=CARTESIAN_POINT('',(-152.702795216378,-111.999999999999,4.21390499797509));
#11996=CARTESIAN_POINT('',(-152.62688228153,-111.999999999999,4.18993801899656));
#11997=CARTESIAN_POINT('',(-152.541086205766,-111.999999999999,4.16188229063454));
#11998=CARTESIAN_POINT('',(-152.429551544738,-111.999999999999,4.12350747495817));
#11999=CARTESIAN_POINT('',(-152.349414284834,-111.999999999999,4.09461044114992));
#12000=CARTESIAN_POINT('',(-152.276386650274,-111.999999999999,4.06759098570769));
#12001=CARTESIAN_POINT('',(-152.203826412809,-111.999999999999,4.0401664847846));
#12002=CARTESIAN_POINT('',(-152.13799695053,-111.999999999999,4.01435262870571));
#12003=CARTESIAN_POINT('',(-152.102084238344,-111.999999999999,4.));
#12004=CARTESIAN_POINT('',(-194.,-112.,4.));
#12005=CARTESIAN_POINT('',(-194.,-112.,4.));
#12006=VECTOR('',#12007,1.);
#12007=DIRECTION('',(1.,0.,0.));
#12008=CARTESIAN_POINT('',(-194.,-112.,35.));
#12009=CARTESIAN_POINT('',(-194.,-112.,4.));
#12010=VECTOR('',#12011,1.);
#12011=DIRECTION('',(0.,0.,1.));
#12012=CARTESIAN_POINT('',(-192.,-112.,35.));
#12013=CARTESIAN_POINT('',(-192.,-112.,35.));
#12014=VECTOR('',#12015,1.);
#12015=DIRECTION('',(-1.,0.,0.));
#12016=CARTESIAN_POINT('',(-192.,-112.,44.));
#12017=CARTESIAN_POINT('',(-192.,-112.,35.));
#12018=VECTOR('',#12019,1.);
#12019=DIRECTION('',(0.,0.,1.));
#12020=CARTESIAN_POINT('',(-104.,-112.,44.));
#12021=CARTESIAN_POINT('',(-192.,-112.,44.));
#12022=VECTOR('',#12023,1.);
#12023=DIRECTION('',(1.,-1.61486985400023E-16,0.));
#12024=CARTESIAN_POINT('',(-104.,-112.,36.));
#12025=CARTESIAN_POINT('',(-104.,-112.,44.));
#12026=VECTOR('',#12027,1.);
#12027=DIRECTION('',(0.,0.,-1.));
#12028=CARTESIAN_POINT('',(-104.5,-112.,36.));
#12029=CARTESIAN_POINT('',(-104.,-112.,36.));
#12030=VECTOR('',#12031,1.);
#12031=DIRECTION('',(-1.,0.,0.));
#12032=CARTESIAN_POINT('',(-104.5,-112.,7.99999999999999));
#12033=CARTESIAN_POINT('',(-104.5,-112.,36.));
#12034=VECTOR('',#12035,1.);
#12035=DIRECTION('',(0.,0.,-1.));
#12036=CARTESIAN_POINT('',(-103.,-112.,7.99999999999999));
#12037=CARTESIAN_POINT('',(-104.5,-112.,7.99999999999999));
#12038=VECTOR('',#12039,1.);
#12039=DIRECTION('',(1.,0.,0.));
#12040=CARTESIAN_POINT('',(-103.,-112.,32.));
#12041=CARTESIAN_POINT('',(-103.,-112.,7.99999999999999));
#12042=VECTOR('',#12043,1.);
#12043=DIRECTION('',(0.,0.,1.));
#12044=CARTESIAN_POINT('',(-100.5,-112.,32.));
#12045=CARTESIAN_POINT('',(-100.5,-112.,32.));
#12046=VECTOR('',#12047,1.);
#12047=DIRECTION('',(-1.,0.,0.));
#12048=CARTESIAN_POINT('',(-100.5,-112.,7.99999999999999));
#12049=CARTESIAN_POINT('',(-100.5,-112.,32.));
#12050=VECTOR('',#12051,1.);
#12051=DIRECTION('',(0.,0.,-1.));
#12052=CARTESIAN_POINT('',(-99.,-112.,7.99999999999999));
#12053=CARTESIAN_POINT('',(-100.5,-112.,7.99999999999999));
#12054=VECTOR('',#12055,1.);
#12055=DIRECTION('',(1.,0.,0.));
#12056=CARTESIAN_POINT('',(-99.,-112.,32.));
#12057=CARTESIAN_POINT('',(-99.,-112.,7.99999999999999));
#12058=VECTOR('',#12059,1.);
#12059=DIRECTION('',(0.,0.,1.));
#12060=CARTESIAN_POINT('',(-96.5,-112.,32.));
#12061=CARTESIAN_POINT('',(-96.5,-112.,32.));
#12062=VECTOR('',#12063,1.);
#12063=DIRECTION('',(-1.,0.,0.));
#12064=CARTESIAN_POINT('',(-96.5,-112.,7.99999999999999));
#12065=CARTESIAN_POINT('',(-96.5,-112.,32.));
#12066=VECTOR('',#12067,1.);
#12067=DIRECTION('',(0.,0.,-1.));
#12068=CARTESIAN_POINT('',(-95.,-112.,7.99999999999999));
#12069=CARTESIAN_POINT('',(-96.5,-112.,7.99999999999999));
#12070=VECTOR('',#12071,1.);
#12071=DIRECTION('',(1.,0.,0.));
#12072=CARTESIAN_POINT('',(-95.,-112.,36.));
#12073=CARTESIAN_POINT('',(-95.,-112.,7.99999999999999));
#12074=VECTOR('',#12075,1.);
#12075=DIRECTION('',(0.,0.,1.));
#12076=CARTESIAN_POINT('',(-96.,-112.,36.));
#12077=CARTESIAN_POINT('',(-95.,-112.,36.));
#12078=VECTOR('',#12079,1.);
#12079=DIRECTION('',(-1.,0.,0.));
#12080=CARTESIAN_POINT('',(-96.,-112.,44.));
#12081=CARTESIAN_POINT('',(-96.,-112.,36.));
#12082=VECTOR('',#12083,1.);
#12083=DIRECTION('',(0.,0.,1.));
#12084=CARTESIAN_POINT('',(-8.00000000000001,-112.,44.));
#12085=CARTESIAN_POINT('',(-96.,-112.,44.));
#12086=VECTOR('',#12087,1.);
#12087=DIRECTION('',(1.,-1.61486985400023E-16,0.));
#12088=CARTESIAN_POINT('',(-8.00000000000005,-112.,35.));
#12089=CARTESIAN_POINT('',(-8.00000000000001,-112.,44.));
#12090=VECTOR('',#12091,1.);
#12091=DIRECTION('',(-1.57898385724467E-15,0.,-1.));
#12092=CARTESIAN_POINT('',(-5.99999999999999,-112.,35.));
#12093=CARTESIAN_POINT('',(-5.99999999999995,-112.,35.));
#12094=VECTOR('',#12095,1.);
#12095=DIRECTION('',(-1.,0.,0.));
#12096=CARTESIAN_POINT('',(-5.99999999999999,-112.,7.));
#12097=CARTESIAN_POINT('',(-6.,-112.,7.));
#12098=VECTOR('',#12099,1.);
#12099=DIRECTION('',(0.,0.,1.));
#12100=CARTESIAN_POINT('',(-1.00000000000002,-112.,7.));
#12101=CARTESIAN_POINT('',(-1.00000000000002,-112.,7.));
#12102=VECTOR('',#12103,1.);
#12103=DIRECTION('',(-1.,0.,0.));
#12104=CARTESIAN_POINT('',(-1.00000000000002,-112.,4.));
#12105=CARTESIAN_POINT('',(-1.00000000000002,-112.,4.));
#12106=VECTOR('',#12107,1.);
#12107=DIRECTION('',(0.,0.,1.));
#12108=CARTESIAN_POINT('',(-38.,-112.,4.));
#12109=CARTESIAN_POINT('',(-38.,-112.,4.));
#12110=VECTOR('',#12111,1.);
#12111=DIRECTION('',(1.,0.,0.));
#12112=CARTESIAN_POINT('',(-38.,-112.,8.));
#12113=CARTESIAN_POINT('',(-38.,-112.,4.));
#12114=VECTOR('',#12115,1.);
#12115=DIRECTION('',(0.,0.,1.));
#12116=CARTESIAN_POINT('',(-39.,-112.,8.));
#12117=CARTESIAN_POINT('',(-38.,-112.,8.));
#12118=VECTOR('',#12119,1.);
#12119=DIRECTION('',(-1.,0.,0.));
#12120=CARTESIAN_POINT('',(-39.,-112.,36.));
#12121=CARTESIAN_POINT('',(-39.,-112.,8.));
#12122=VECTOR('',#12123,1.);
#12123=DIRECTION('',(-2.53765262771464E-16,0.,1.));
#12124=CARTESIAN_POINT('',(-39.,-112.,36.));
#12125=VECTOR('',#12126,1.);
#12126=DIRECTION('',(-1.,0.,0.));
#12127=CARTESIAN_POINT('',(-23.5,-112.,9.));
#12128=AXIS2_PLACEMENT_3D('',#12129,#12130,#12131);
#12129=CARTESIAN_POINT('',(-22.,-112.,9.));
#12130=DIRECTION('',(1.46503656857753E-16,1.,0.));
#12131=DIRECTION('',(-1.,1.46503656857753E-16,-1.22464679914735E-16));
#12132=CARTESIAN_POINT('',(-31.5,-112.,9.));
#12133=AXIS2_PLACEMENT_3D('',#12134,#12135,#12136);
#12134=CARTESIAN_POINT('',(-30.,-112.,9.));
#12135=DIRECTION('',(1.46503656857753E-16,1.,0.));
#12136=DIRECTION('',(-1.,1.46503656857753E-16,-1.22464679914735E-16));
#12137=CARTESIAN_POINT('',(-164.,-112.,22.));
#12138=AXIS2_PLACEMENT_3D('',#12139,#12140,#12141);
#12139=CARTESIAN_POINT('',(-170.,-112.,22.));
#12140=DIRECTION('',(-1.46503656857753E-16,-1.,0.));
#12141=DIRECTION('',(1.,-1.46503656857753E-16,0.));
#12142=CARTESIAN_POINT('',(-152.5,-112.,36.));
#12143=CARTESIAN_POINT('',(-152.5,-112.,7.99999999999998));
#12144=CARTESIAN_POINT('',(-152.5,-112.,36.));
#12145=VECTOR('',#12146,1.);
#12146=DIRECTION('',(0.,0.,-1.));
#12147=CARTESIAN_POINT('',(-151.,-112.,7.99999999999998));
#12148=CARTESIAN_POINT('',(-152.5,-112.,7.99999999999998));
#12149=VECTOR('',#12150,1.);
#12150=DIRECTION('',(1.,0.,0.));
#12151=CARTESIAN_POINT('',(-151.,-112.,36.));
#12152=CARTESIAN_POINT('',(-151.,-112.,7.99999999999998));
#12153=VECTOR('',#12154,1.);
#12154=DIRECTION('',(0.,0.,1.));
#12155=CARTESIAN_POINT('',(-151.,-112.,36.));
#12156=VECTOR('',#12157,1.);
#12157=DIRECTION('',(-1.,0.,0.));
#12158=CARTESIAN_POINT('',(-148.5,-112.,36.));
#12159=CARTESIAN_POINT('',(-148.5,-112.,7.99999999999998));
#12160=CARTESIAN_POINT('',(-148.5,-112.,36.));
#12161=VECTOR('',#12162,1.);
#12162=DIRECTION('',(0.,0.,-1.));
#12163=CARTESIAN_POINT('',(-147.,-112.,7.99999999999998));
#12164=CARTESIAN_POINT('',(-148.5,-112.,7.99999999999998));
#12165=VECTOR('',#12166,1.);
#12166=DIRECTION('',(1.,0.,0.));
#12167=CARTESIAN_POINT('',(-147.,-112.,36.));
#12168=CARTESIAN_POINT('',(-147.,-112.,7.99999999999998));
#12169=VECTOR('',#12170,1.);
#12170=DIRECTION('',(0.,0.,1.));
#12171=CARTESIAN_POINT('',(-147.,-112.,36.));
#12172=VECTOR('',#12173,1.);
#12173=DIRECTION('',(-1.,0.,0.));
#12174=CARTESIAN_POINT('',(-144.5,-112.,36.));
#12175=CARTESIAN_POINT('',(-144.5,-112.,7.99999999999998));
#12176=CARTESIAN_POINT('',(-144.5,-112.,36.));
#12177=VECTOR('',#12178,1.);
#12178=DIRECTION('',(0.,0.,-1.));
#12179=CARTESIAN_POINT('',(-143.,-112.,7.99999999999998));
#12180=CARTESIAN_POINT('',(-144.5,-112.,7.99999999999998));
#12181=VECTOR('',#12182,1.);
#12182=DIRECTION('',(1.,0.,0.));
#12183=CARTESIAN_POINT('',(-143.,-112.,36.));
#12184=CARTESIAN_POINT('',(-143.,-112.,7.99999999999998));
#12185=VECTOR('',#12186,1.);
#12186=DIRECTION('',(0.,0.,1.));
#12187=CARTESIAN_POINT('',(-143.,-112.,36.));
#12188=VECTOR('',#12189,1.);
#12189=DIRECTION('',(-1.,0.,0.));
#12190=CARTESIAN_POINT('',(-140.5,-112.,36.));
#12191=CARTESIAN_POINT('',(-140.5,-112.,7.99999999999998));
#12192=CARTESIAN_POINT('',(-140.5,-112.,36.));
#12193=VECTOR('',#12194,1.);
#12194=DIRECTION('',(0.,0.,-1.));
#12195=CARTESIAN_POINT('',(-139.,-112.,7.99999999999998));
#12196=CARTESIAN_POINT('',(-140.5,-112.,7.99999999999998));
#12197=VECTOR('',#12198,1.);
#12198=DIRECTION('',(1.,0.,0.));
#12199=CARTESIAN_POINT('',(-139.,-112.,36.));
#12200=CARTESIAN_POINT('',(-139.,-112.,7.99999999999998));
#12201=VECTOR('',#12202,1.);
#12202=DIRECTION('',(0.,0.,1.));
#12203=CARTESIAN_POINT('',(-139.,-112.,36.));
#12204=VECTOR('',#12205,1.);
#12205=DIRECTION('',(-1.,0.,0.));
#12206=CARTESIAN_POINT('',(-136.5,-112.,36.));
#12207=CARTESIAN_POINT('',(-136.5,-112.,7.99999999999998));
#12208=CARTESIAN_POINT('',(-136.5,-112.,36.));
#12209=VECTOR('',#12210,1.);
#12210=DIRECTION('',(0.,0.,-1.));
#12211=CARTESIAN_POINT('',(-135.,-112.,7.99999999999998));
#12212=CARTESIAN_POINT('',(-136.5,-112.,7.99999999999998));
#12213=VECTOR('',#12214,1.);
#12214=DIRECTION('',(1.,0.,0.));
#12215=CARTESIAN_POINT('',(-135.,-112.,36.));
#12216=CARTESIAN_POINT('',(-135.,-112.,7.99999999999998));
#12217=VECTOR('',#12218,1.);
#12218=DIRECTION('',(0.,0.,1.));
#12219=CARTESIAN_POINT('',(-135.,-112.,36.));
#12220=VECTOR('',#12221,1.);
#12221=DIRECTION('',(-1.,0.,0.));
#12222=CARTESIAN_POINT('',(-132.5,-112.,36.));
#12223=CARTESIAN_POINT('',(-132.5,-112.,7.99999999999998));
#12224=CARTESIAN_POINT('',(-132.5,-112.,36.));
#12225=VECTOR('',#12226,1.);
#12226=DIRECTION('',(0.,0.,-1.));
#12227=CARTESIAN_POINT('',(-131.,-112.,7.99999999999998));
#12228=CARTESIAN_POINT('',(-132.5,-112.,7.99999999999998));
#12229=VECTOR('',#12230,1.);
#12230=DIRECTION('',(1.,0.,0.));
#12231=CARTESIAN_POINT('',(-131.,-112.,36.));
#12232=CARTESIAN_POINT('',(-131.,-112.,7.99999999999999));
#12233=VECTOR('',#12234,1.);
#12234=DIRECTION('',(0.,0.,1.));
#12235=CARTESIAN_POINT('',(-131.,-112.,36.));
#12236=VECTOR('',#12237,1.);
#12237=DIRECTION('',(-1.,0.,0.));
#12238=CARTESIAN_POINT('',(-128.5,-112.,36.));
#12239=CARTESIAN_POINT('',(-128.5,-112.,7.99999999999998));
#12240=CARTESIAN_POINT('',(-128.5,-112.,36.));
#12241=VECTOR('',#12242,1.);
#12242=DIRECTION('',(0.,0.,-1.));
#12243=CARTESIAN_POINT('',(-127.,-112.,7.99999999999998));
#12244=CARTESIAN_POINT('',(-128.5,-112.,7.99999999999998));
#12245=VECTOR('',#12246,1.);
#12246=DIRECTION('',(1.,0.,0.));
#12247=CARTESIAN_POINT('',(-127.,-112.,36.));
#12248=CARTESIAN_POINT('',(-127.,-112.,7.99999999999999));
#12249=VECTOR('',#12250,1.);
#12250=DIRECTION('',(0.,0.,1.));
#12251=CARTESIAN_POINT('',(-127.,-112.,36.));
#12252=VECTOR('',#12253,1.);
#12253=DIRECTION('',(-1.,0.,0.));
#12254=CARTESIAN_POINT('',(-124.5,-112.,36.));
#12255=CARTESIAN_POINT('',(-124.5,-112.,7.99999999999998));
#12256=CARTESIAN_POINT('',(-124.5,-112.,36.));
#12257=VECTOR('',#12258,1.);
#12258=DIRECTION('',(0.,0.,-1.));
#12259=CARTESIAN_POINT('',(-123.,-112.,7.99999999999999));
#12260=CARTESIAN_POINT('',(-124.5,-112.,7.99999999999998));
#12261=VECTOR('',#12262,1.);
#12262=DIRECTION('',(1.,0.,0.));
#12263=CARTESIAN_POINT('',(-123.,-112.,36.));
#12264=CARTESIAN_POINT('',(-123.,-112.,7.99999999999999));
#12265=VECTOR('',#12266,1.);
#12266=DIRECTION('',(0.,0.,1.));
#12267=CARTESIAN_POINT('',(-123.,-112.,36.));
#12268=VECTOR('',#12269,1.);
#12269=DIRECTION('',(-1.,0.,0.));
#12270=CARTESIAN_POINT('',(-120.5,-112.,36.));
#12271=CARTESIAN_POINT('',(-120.5,-112.,7.99999999999998));
#12272=CARTESIAN_POINT('',(-120.5,-112.,36.));
#12273=VECTOR('',#12274,1.);
#12274=DIRECTION('',(0.,0.,-1.));
#12275=CARTESIAN_POINT('',(-119.,-112.,7.99999999999999));
#12276=CARTESIAN_POINT('',(-120.5,-112.,7.99999999999998));
#12277=VECTOR('',#12278,1.);
#12278=DIRECTION('',(1.,0.,5.92118946466745E-16));
#12279=CARTESIAN_POINT('',(-119.,-112.,36.));
#12280=CARTESIAN_POINT('',(-119.,-112.,7.99999999999999));
#12281=VECTOR('',#12282,1.);
#12282=DIRECTION('',(0.,0.,1.));
#12283=CARTESIAN_POINT('',(-119.,-112.,36.));
#12284=VECTOR('',#12285,1.);
#12285=DIRECTION('',(-1.,0.,0.));
#12286=CARTESIAN_POINT('',(-116.5,-112.,36.));
#12287=CARTESIAN_POINT('',(-116.5,-112.,7.99999999999999));
#12288=CARTESIAN_POINT('',(-116.5,-112.,36.));
#12289=VECTOR('',#12290,1.);
#12290=DIRECTION('',(0.,0.,-1.));
#12291=CARTESIAN_POINT('',(-115.,-112.,7.99999999999999));
#12292=CARTESIAN_POINT('',(-116.5,-112.,7.99999999999999));
#12293=VECTOR('',#12294,1.);
#12294=DIRECTION('',(1.,0.,0.));
#12295=CARTESIAN_POINT('',(-115.,-112.,36.));
#12296=CARTESIAN_POINT('',(-115.,-112.,7.99999999999999));
#12297=VECTOR('',#12298,1.);
#12298=DIRECTION('',(0.,0.,1.));
#12299=CARTESIAN_POINT('',(-115.,-112.,36.));
#12300=VECTOR('',#12301,1.);
#12301=DIRECTION('',(-1.,0.,0.));
#12302=CARTESIAN_POINT('',(-112.5,-112.,36.));
#12303=CARTESIAN_POINT('',(-112.5,-112.,7.99999999999999));
#12304=CARTESIAN_POINT('',(-112.5,-112.,36.));
#12305=VECTOR('',#12306,1.);
#12306=DIRECTION('',(0.,0.,-1.));
#12307=CARTESIAN_POINT('',(-111.,-112.,7.99999999999999));
#12308=CARTESIAN_POINT('',(-112.5,-112.,7.99999999999999));
#12309=VECTOR('',#12310,1.);
#12310=DIRECTION('',(1.,0.,0.));
#12311=CARTESIAN_POINT('',(-111.,-112.,36.));
#12312=CARTESIAN_POINT('',(-111.,-112.,7.99999999999999));
#12313=VECTOR('',#12314,1.);
#12314=DIRECTION('',(0.,0.,1.));
#12315=CARTESIAN_POINT('',(-111.,-112.,36.));
#12316=VECTOR('',#12317,1.);
#12317=DIRECTION('',(-1.,0.,0.));
#12318=CARTESIAN_POINT('',(-108.5,-112.,36.));
#12319=CARTESIAN_POINT('',(-108.5,-112.,7.99999999999999));
#12320=CARTESIAN_POINT('',(-108.5,-112.,36.));
#12321=VECTOR('',#12322,1.);
#12322=DIRECTION('',(0.,0.,-1.));
#12323=CARTESIAN_POINT('',(-107.,-112.,7.99999999999999));
#12324=CARTESIAN_POINT('',(-108.5,-112.,7.99999999999999));
#12325=VECTOR('',#12326,1.);
#12326=DIRECTION('',(1.,0.,0.));
#12327=CARTESIAN_POINT('',(-107.,-112.,36.));
#12328=CARTESIAN_POINT('',(-107.,-112.,7.99999999999999));
#12329=VECTOR('',#12330,1.);
#12330=DIRECTION('',(0.,0.,1.));
#12331=CARTESIAN_POINT('',(-107.,-112.,36.));
#12332=VECTOR('',#12333,1.);
#12333=DIRECTION('',(-1.,0.,0.));
#12334=CARTESIAN_POINT('',(-92.5,-112.,36.));
#12335=CARTESIAN_POINT('',(-92.5,-112.,7.99999999999999));
#12336=CARTESIAN_POINT('',(-92.5,-112.,36.));
#12337=VECTOR('',#12338,1.);
#12338=DIRECTION('',(0.,0.,-1.));
#12339=CARTESIAN_POINT('',(-91.,-112.,7.99999999999999));
#12340=CARTESIAN_POINT('',(-92.5,-112.,7.99999999999999));
#12341=VECTOR('',#12342,1.);
#12342=DIRECTION('',(1.,0.,0.));
#12343=CARTESIAN_POINT('',(-91.,-112.,36.));
#12344=CARTESIAN_POINT('',(-91.,-112.,7.99999999999999));
#12345=VECTOR('',#12346,1.);
#12346=DIRECTION('',(0.,0.,1.));
#12347=CARTESIAN_POINT('',(-91.,-112.,36.));
#12348=VECTOR('',#12349,1.);
#12349=DIRECTION('',(-1.,0.,0.));
#12350=CARTESIAN_POINT('',(-88.5,-112.,36.));
#12351=CARTESIAN_POINT('',(-88.5,-112.,7.99999999999999));
#12352=CARTESIAN_POINT('',(-88.5,-112.,36.));
#12353=VECTOR('',#12354,1.);
#12354=DIRECTION('',(0.,0.,-1.));
#12355=CARTESIAN_POINT('',(-87.,-112.,7.99999999999999));
#12356=CARTESIAN_POINT('',(-88.5,-112.,7.99999999999999));
#12357=VECTOR('',#12358,1.);
#12358=DIRECTION('',(1.,0.,0.));
#12359=CARTESIAN_POINT('',(-87.,-112.,36.));
#12360=CARTESIAN_POINT('',(-87.,-112.,7.99999999999999));
#12361=VECTOR('',#12362,1.);
#12362=DIRECTION('',(0.,0.,1.));
#12363=CARTESIAN_POINT('',(-87.,-112.,36.));
#12364=VECTOR('',#12365,1.);
#12365=DIRECTION('',(-1.,0.,-4.73695157173396E-15));
#12366=CARTESIAN_POINT('',(-84.5,-112.,36.));
#12367=CARTESIAN_POINT('',(-84.5,-112.,7.99999999999999));
#12368=CARTESIAN_POINT('',(-84.5,-112.,36.));
#12369=VECTOR('',#12370,1.);
#12370=DIRECTION('',(0.,0.,-1.));
#12371=CARTESIAN_POINT('',(-83.,-112.,7.99999999999999));
#12372=CARTESIAN_POINT('',(-84.5,-112.,7.99999999999999));
#12373=VECTOR('',#12374,1.);
#12374=DIRECTION('',(1.,0.,5.92118946466745E-16));
#12375=CARTESIAN_POINT('',(-83.,-112.,36.));
#12376=CARTESIAN_POINT('',(-83.,-112.,7.99999999999999));
#12377=VECTOR('',#12378,1.);
#12378=DIRECTION('',(0.,0.,1.));
#12379=CARTESIAN_POINT('',(-83.,-112.,36.));
#12380=VECTOR('',#12381,1.);
#12381=DIRECTION('',(-1.,0.,0.));
#12382=CARTESIAN_POINT('',(-80.5,-112.,36.));
#12383=CARTESIAN_POINT('',(-80.5,-112.,7.99999999999999));
#12384=CARTESIAN_POINT('',(-80.5,-112.,36.));
#12385=VECTOR('',#12386,1.);
#12386=DIRECTION('',(0.,0.,-1.));
#12387=CARTESIAN_POINT('',(-79.,-112.,7.99999999999999));
#12388=CARTESIAN_POINT('',(-80.5,-112.,7.99999999999999));
#12389=VECTOR('',#12390,1.);
#12390=DIRECTION('',(1.,0.,0.));
#12391=CARTESIAN_POINT('',(-79.,-112.,36.));
#12392=CARTESIAN_POINT('',(-79.,-112.,7.99999999999999));
#12393=VECTOR('',#12394,1.);
#12394=DIRECTION('',(0.,0.,1.));
#12395=CARTESIAN_POINT('',(-79.,-112.,36.));
#12396=VECTOR('',#12397,1.);
#12397=DIRECTION('',(-1.,0.,0.));
#12398=CARTESIAN_POINT('',(-76.5,-112.,36.));
#12399=CARTESIAN_POINT('',(-76.5,-112.,7.99999999999999));
#12400=CARTESIAN_POINT('',(-76.5,-112.,36.));
#12401=VECTOR('',#12402,1.);
#12402=DIRECTION('',(0.,0.,-1.));
#12403=CARTESIAN_POINT('',(-75.,-112.,7.99999999999999));
#12404=CARTESIAN_POINT('',(-76.5,-112.,7.99999999999999));
#12405=VECTOR('',#12406,1.);
#12406=DIRECTION('',(1.,0.,1.18423789293349E-15));
#12407=CARTESIAN_POINT('',(-75.,-112.,36.));
#12408=CARTESIAN_POINT('',(-75.,-112.,7.99999999999999));
#12409=VECTOR('',#12410,1.);
#12410=DIRECTION('',(0.,0.,1.));
#12411=CARTESIAN_POINT('',(-75.,-112.,36.));
#12412=VECTOR('',#12413,1.);
#12413=DIRECTION('',(-1.,0.,0.));
#12414=CARTESIAN_POINT('',(-72.5,-112.,36.));
#12415=CARTESIAN_POINT('',(-72.5,-112.,7.99999999999999));
#12416=CARTESIAN_POINT('',(-72.5,-112.,36.));
#12417=VECTOR('',#12418,1.);
#12418=DIRECTION('',(0.,0.,-1.));
#12419=CARTESIAN_POINT('',(-71.,-112.,7.99999999999999));
#12420=CARTESIAN_POINT('',(-72.5,-112.,7.99999999999999));
#12421=VECTOR('',#12422,1.);
#12422=DIRECTION('',(1.,0.,0.));
#12423=CARTESIAN_POINT('',(-71.,-112.,36.));
#12424=CARTESIAN_POINT('',(-71.,-112.,7.99999999999999));
#12425=VECTOR('',#12426,1.);
#12426=DIRECTION('',(0.,0.,1.));
#12427=CARTESIAN_POINT('',(-71.,-112.,36.));
#12428=VECTOR('',#12429,1.);
#12429=DIRECTION('',(-1.,0.,0.));
#12430=CARTESIAN_POINT('',(-68.5,-112.,36.));
#12431=CARTESIAN_POINT('',(-68.5,-112.,7.99999999999999));
#12432=CARTESIAN_POINT('',(-68.5,-112.,36.));
#12433=VECTOR('',#12434,1.);
#12434=DIRECTION('',(0.,0.,-1.));
#12435=CARTESIAN_POINT('',(-67.,-112.,7.99999999999999));
#12436=CARTESIAN_POINT('',(-68.5,-112.,7.99999999999999));
#12437=VECTOR('',#12438,1.);
#12438=DIRECTION('',(1.,0.,0.));
#12439=CARTESIAN_POINT('',(-67.,-112.,36.));
#12440=CARTESIAN_POINT('',(-67.,-112.,7.99999999999999));
#12441=VECTOR('',#12442,1.);
#12442=DIRECTION('',(0.,0.,1.));
#12443=CARTESIAN_POINT('',(-67.,-112.,36.));
#12444=VECTOR('',#12445,1.);
#12445=DIRECTION('',(-1.,0.,0.));
#12446=CARTESIAN_POINT('',(-64.5,-112.,36.));
#12447=CARTESIAN_POINT('',(-64.5,-112.,7.99999999999999));
#12448=CARTESIAN_POINT('',(-64.5,-112.,36.));
#12449=VECTOR('',#12450,1.);
#12450=DIRECTION('',(0.,0.,-1.));
#12451=CARTESIAN_POINT('',(-63.,-112.,7.99999999999999));
#12452=CARTESIAN_POINT('',(-64.5,-112.,7.99999999999999));
#12453=VECTOR('',#12454,1.);
#12454=DIRECTION('',(1.,0.,0.));
#12455=CARTESIAN_POINT('',(-63.,-112.,36.));
#12456=CARTESIAN_POINT('',(-63.,-112.,7.99999999999999));
#12457=VECTOR('',#12458,1.);
#12458=DIRECTION('',(-2.53765262771464E-16,0.,1.));
#12459=CARTESIAN_POINT('',(-63.,-112.,36.));
#12460=VECTOR('',#12461,1.);
#12461=DIRECTION('',(-1.,0.,0.));
#12462=CARTESIAN_POINT('',(-60.5,-112.,36.));
#12463=CARTESIAN_POINT('',(-60.5,-112.,7.99999999999999));
#12464=CARTESIAN_POINT('',(-60.5,-112.,36.));
#12465=VECTOR('',#12466,1.);
#12466=DIRECTION('',(2.53765262771464E-16,0.,-1.));
#12467=CARTESIAN_POINT('',(-59.,-112.,7.99999999999999));
#12468=CARTESIAN_POINT('',(-60.5,-112.,7.99999999999999));
#12469=VECTOR('',#12470,1.);
#12470=DIRECTION('',(1.,0.,0.));
#12471=CARTESIAN_POINT('',(-59.,-112.,36.));
#12472=CARTESIAN_POINT('',(-59.,-112.,7.99999999999999));
#12473=VECTOR('',#12474,1.);
#12474=DIRECTION('',(-2.53765262771464E-16,0.,1.));
#12475=CARTESIAN_POINT('',(-59.,-112.,36.));
#12476=VECTOR('',#12477,1.);
#12477=DIRECTION('',(-1.,0.,0.));
#12478=CARTESIAN_POINT('',(-56.5,-112.,36.));
#12479=CARTESIAN_POINT('',(-56.5,-112.,7.99999999999999));
#12480=CARTESIAN_POINT('',(-56.5,-112.,36.));
#12481=VECTOR('',#12482,1.);
#12482=DIRECTION('',(2.53765262771464E-16,0.,-1.));
#12483=CARTESIAN_POINT('',(-55.,-112.,7.99999999999999));
#12484=CARTESIAN_POINT('',(-56.5,-112.,8.));
#12485=VECTOR('',#12486,1.);
#12486=DIRECTION('',(1.,0.,0.));
#12487=CARTESIAN_POINT('',(-55.,-112.,36.));
#12488=CARTESIAN_POINT('',(-55.,-112.,7.99999999999999));
#12489=VECTOR('',#12490,1.);
#12490=DIRECTION('',(-2.53765262771464E-16,0.,1.));
#12491=CARTESIAN_POINT('',(-55.,-112.,36.));
#12492=VECTOR('',#12493,1.);
#12493=DIRECTION('',(-1.,0.,0.));
#12494=CARTESIAN_POINT('',(-52.5,-112.,36.));
#12495=CARTESIAN_POINT('',(-52.5,-112.,7.99999999999999));
#12496=CARTESIAN_POINT('',(-52.5,-112.,36.));
#12497=VECTOR('',#12498,1.);
#12498=DIRECTION('',(2.53765262771464E-16,0.,-1.));
#12499=CARTESIAN_POINT('',(-51.,-112.,7.99999999999999));
#12500=CARTESIAN_POINT('',(-52.5,-112.,8.));
#12501=VECTOR('',#12502,1.);
#12502=DIRECTION('',(1.,-9.473903143468E-15,0.));
#12503=CARTESIAN_POINT('',(-51.,-112.,36.));
#12504=CARTESIAN_POINT('',(-51.,-112.,7.99999999999999));
#12505=VECTOR('',#12506,1.);
#12506=DIRECTION('',(-2.53765262771464E-16,0.,1.));
#12507=CARTESIAN_POINT('',(-51.,-112.,36.));
#12508=VECTOR('',#12509,1.);
#12509=DIRECTION('',(-1.,9.473903143468E-15,0.));
#12510=CARTESIAN_POINT('',(-48.5,-112.,36.));
#12511=CARTESIAN_POINT('',(-48.5,-112.,7.99999999999999));
#12512=CARTESIAN_POINT('',(-48.5,-112.,36.));
#12513=VECTOR('',#12514,1.);
#12514=DIRECTION('',(2.53765262771464E-16,0.,-1.));
#12515=CARTESIAN_POINT('',(-47.,-112.,7.99999999999999));
#12516=CARTESIAN_POINT('',(-48.5,-112.,7.99999999999999));
#12517=VECTOR('',#12518,1.);
#12518=DIRECTION('',(1.,0.,5.9211894646675E-16));
#12519=CARTESIAN_POINT('',(-47.,-112.,36.));
#12520=CARTESIAN_POINT('',(-47.,-112.,7.99999999999999));
#12521=VECTOR('',#12522,1.);
#12522=DIRECTION('',(-2.53765262771464E-16,0.,1.));
#12523=CARTESIAN_POINT('',(-47.,-112.,36.));
#12524=VECTOR('',#12525,1.);
#12525=DIRECTION('',(-1.,0.,0.));
#12526=CARTESIAN_POINT('',(-44.5,-112.,36.));
#12527=CARTESIAN_POINT('',(-44.5,-112.,7.99999999999999));
#12528=CARTESIAN_POINT('',(-44.5,-112.,36.));
#12529=VECTOR('',#12530,1.);
#12530=DIRECTION('',(2.53765262771464E-16,0.,-1.));
#12531=CARTESIAN_POINT('',(-43.,-112.,7.99999999999999));
#12532=CARTESIAN_POINT('',(-44.5,-112.,7.99999999999999));
#12533=VECTOR('',#12534,1.);
#12534=DIRECTION('',(1.,0.,0.));
#12535=CARTESIAN_POINT('',(-43.,-112.,36.));
#12536=CARTESIAN_POINT('',(-43.,-112.,7.99999999999999));
#12537=VECTOR('',#12538,1.);
#12538=DIRECTION('',(-2.53765262771464E-16,0.,1.));
#12539=CARTESIAN_POINT('',(-43.,-112.,36.));
#12540=VECTOR('',#12541,1.);
#12541=DIRECTION('',(-1.,0.,0.));
#12542=CARTESIAN_POINT('',(-36.5,-112.,36.));
#12543=CARTESIAN_POINT('',(-36.5,-112.,7.99999999999999));
#12544=CARTESIAN_POINT('',(-36.5,-112.,36.));
#12545=VECTOR('',#12546,1.);
#12546=DIRECTION('',(2.53765262771464E-16,0.,-1.));
#12547=CARTESIAN_POINT('',(-35.,-112.,7.99999999999999));
#12548=CARTESIAN_POINT('',(-36.5,-112.,8.));
#12549=VECTOR('',#12550,1.);
#12550=DIRECTION('',(1.,0.,0.));
#12551=CARTESIAN_POINT('',(-35.,-112.,36.));
#12552=CARTESIAN_POINT('',(-35.,-112.,8.));
#12553=VECTOR('',#12554,1.);
#12554=DIRECTION('',(-2.53765262771464E-16,0.,1.));
#12555=CARTESIAN_POINT('',(-35.,-112.,36.));
#12556=VECTOR('',#12557,1.);
#12557=DIRECTION('',(-1.,0.,0.));
#12558=CARTESIAN_POINT('',(-31.5,-114.,9.));
#12559=AXIS2_PLACEMENT_3D('',#12560,#12561,#12562);
#12560=CARTESIAN_POINT('',(-30.,-114.,9.));
#12561=DIRECTION('',(1.46503656857753E-16,1.,0.));
#12562=DIRECTION('',(-1.,1.46503656857753E-16,-1.22464679914735E-16));
#12563=CARTESIAN_POINT('',(-23.5,-114.,9.));
#12564=AXIS2_PLACEMENT_3D('',#12565,#12566,#12567);
#12565=CARTESIAN_POINT('',(-22.,-114.,9.));
#12566=DIRECTION('',(1.46503656857753E-16,1.,0.));
#12567=DIRECTION('',(-1.,1.46503656857753E-16,-1.22464679914735E-16));
#12568=CARTESIAN_POINT('',(-40.5,-115.,7.99999999999999));
#12569=CARTESIAN_POINT('',(-40.5,-115.,36.));
#12570=CARTESIAN_POINT('',(-40.5,-115.,36.));
#12571=VECTOR('',#12572,1.);
#12572=DIRECTION('',(2.53765262771464E-16,0.,-1.));
#12573=CARTESIAN_POINT('',(-40.5,-115.,8.));
#12574=VECTOR('',#12575,1.);
#12575=DIRECTION('',(0.,1.,0.));
#12576=CARTESIAN_POINT('',(-40.5,-115.,36.));
#12577=VECTOR('',#12578,1.);
#12578=DIRECTION('',(0.,1.,0.));
#12579=CARTESIAN_POINT('',(-38.,-91.,8.));
#12580=CARTESIAN_POINT('',(-38.,-112.,8.));
#12581=VECTOR('',#12582,1.);
#12582=DIRECTION('',(0.,1.,0.));
#12583=CARTESIAN_POINT('',(-3.00000000000001,-91.,8.));
#12584=CARTESIAN_POINT('',(-38.,-91.,8.));
#12585=VECTOR('',#12586,1.);
#12586=DIRECTION('',(1.,0.,0.));
#12587=CARTESIAN_POINT('',(-3.00000000000001,-89.,8.));
#12588=CARTESIAN_POINT('',(-3.00000000000001,-89.,8.));
#12589=VECTOR('',#12590,1.);
#12590=DIRECTION('',(0.,-1.,0.));
#12591=CARTESIAN_POINT('',(-16.,-89.,8.));
#12592=CARTESIAN_POINT('',(-3.00000000000001,-89.,8.));
#12593=VECTOR('',#12594,1.);
#12594=DIRECTION('',(-1.,0.,0.));
#12595=CARTESIAN_POINT('',(-16.,-86.,8.));
#12596=CARTESIAN_POINT('',(-16.,-89.,8.));
#12597=VECTOR('',#12598,1.);
#12598=DIRECTION('',(0.,1.,0.));
#12599=CARTESIAN_POINT('',(-36.,-86.,8.));
#12600=CARTESIAN_POINT('',(-16.,-86.,8.));
#12601=VECTOR('',#12602,1.);
#12602=DIRECTION('',(-1.,0.,0.));
#12603=CARTESIAN_POINT('',(-36.,-89.,8.));
#12604=CARTESIAN_POINT('',(-36.,-86.,8.));
#12605=VECTOR('',#12606,1.);
#12606=DIRECTION('',(-2.368475785867E-15,-1.,0.));
#12607=CARTESIAN_POINT('',(-40.,-89.,8.));
#12608=CARTESIAN_POINT('',(-36.,-89.,8.));
#12609=VECTOR('',#12610,1.);
#12610=DIRECTION('',(-1.,0.,0.));
#12611=CARTESIAN_POINT('',(-40.,-89.,8.));
#12612=VECTOR('',#12613,1.);
#12613=DIRECTION('',(0.,-1.,0.));
#12614=CARTESIAN_POINT('',(-39.,-115.,8.));
#12615=CARTESIAN_POINT('',(-40.5,-115.,8.));
#12616=VECTOR('',#12617,1.);
#12617=DIRECTION('',(1.,0.,0.));
#12618=CARTESIAN_POINT('',(-39.,-115.,8.));
#12619=VECTOR('',#12620,1.);
#12620=DIRECTION('',(0.,1.,0.));
#12621=CARTESIAN_POINT('',(-21.1339745962156,-89.,8.));
#12622=AXIS2_PLACEMENT_3D('',#12623,#12624,#12625);
#12623=CARTESIAN_POINT('',(-22.,-88.5,8.));
#12624=DIRECTION('',(0.,0.,1.));
#12625=DIRECTION('',(0.866025403784422,-0.500000000000028,0.));
#12626=CARTESIAN_POINT('',(-29.1339745962156,-89.,8.));
#12627=AXIS2_PLACEMENT_3D('',#12628,#12629,#12630);
#12628=CARTESIAN_POINT('',(-30.,-88.5,8.));
#12629=DIRECTION('',(0.,0.,1.));
#12630=DIRECTION('',(0.866025403784446,-0.499999999999987,0.));
#12631=CARTESIAN_POINT('',(-44.,-85.,4.));
#12632=CARTESIAN_POINT('',(-44.,-85.,4.));
#12633=VECTOR('',#12634,1.);
#12634=DIRECTION('',(-2.63163976207445E-16,-1.,0.));
#12635=CARTESIAN_POINT('',(-44.,-85.,4.));
#12636=VECTOR('',#12637,1.);
#12637=DIRECTION('',(0.577350269189624,-0.577350269189626,0.577350269189627));
#12638=CARTESIAN_POINT('',(-197.,-109.,4.));
#12639=AXIS2_PLACEMENT_3D('',#12640,#12641,#12642);
#12640=CARTESIAN_POINT('',(-194.,-109.,4.));
#12641=DIRECTION('',(0.,0.,1.));
#12642=DIRECTION('',(-1.,0.,0.));
#12643=CARTESIAN_POINT('',(-160.5,-106.5,4.));
#12644=AXIS2_PLACEMENT_3D('',#12645,#12646,#12647);
#12645=CARTESIAN_POINT('',(-154.5,-106.5,4.));
#12646=DIRECTION('',(0.,0.,1.));
#12647=DIRECTION('',(-1.,0.,0.));
#12648=AXIS2_PLACEMENT_3D('',#12649,#12650,#12651);
#12649=CARTESIAN_POINT('',(-154.5,-106.5,4.));
#12650=DIRECTION('',(0.,0.,1.));
#12651=DIRECTION('',(0.399652626942725,-0.916666666666667,0.));
#12652=CARTESIAN_POINT('',(-95.5,-106.5,4.));
#12653=AXIS2_PLACEMENT_3D('',#12654,#12655,#12656);
#12654=CARTESIAN_POINT('',(-89.5,-106.5,4.));
#12655=DIRECTION('',(0.,0.,1.));
#12656=DIRECTION('',(-1.,0.,0.));
#12657=AXIS2_PLACEMENT_3D('',#12658,#12659,#12660);
#12658=CARTESIAN_POINT('',(-89.5,-106.5,4.));
#12659=DIRECTION('',(0.,0.,1.));
#12660=DIRECTION('',(0.399652626942732,-0.916666666666664,0.));
#12661=CARTESIAN_POINT('',(-16.,-85.,4.));
#12662=CARTESIAN_POINT('',(-16.,-85.,4.));
#12663=VECTOR('',#12664,1.);
#12664=DIRECTION('',(-1.,0.,0.));
#12665=CARTESIAN_POINT('',(-16.,-89.,4.));
#12666=CARTESIAN_POINT('',(-16.,-89.,4.));
#12667=VECTOR('',#12668,1.);
#12668=DIRECTION('',(8.88178419700122E-16,1.,0.));
#12669=CARTESIAN_POINT('',(-3.00000000000001,-89.,4.));
#12670=CARTESIAN_POINT('',(-3.00000000000001,-89.,4.));
#12671=VECTOR('',#12672,1.);
#12672=DIRECTION('',(-1.,0.,0.));
#12673=CARTESIAN_POINT('',(-3.00000000000001,-85.4721359549996,4.));
#12674=CARTESIAN_POINT('',(-3.00000000000001,-89.,4.));
#12675=VECTOR('',#12676,1.);
#12676=DIRECTION('',(2.51760954609016E-16,1.,0.));
#12677=CARTESIAN_POINT('',(-13.,-81.,4.));
#12678=AXIS2_PLACEMENT_3D('',#12679,#12680,#12681);
#12679=CARTESIAN_POINT('',(-7.,-81.,4.));
#12680=DIRECTION('',(0.,0.,1.));
#12681=DIRECTION('',(-1.,0.,0.));
#12682=CARTESIAN_POINT('',(-3.00000000000001,-76.5278640450004,4.));
#12683=AXIS2_PLACEMENT_3D('',#12684,#12685,#12686);
#12684=CARTESIAN_POINT('',(-7.,-81.,4.));
#12685=DIRECTION('',(0.,0.,1.));
#12686=DIRECTION('',(0.666666666666666,0.745355992499931,0.));
#12687=CARTESIAN_POINT('',(-3.00000000000001,-63.4721359549996,4.));
#12688=CARTESIAN_POINT('',(-3.00000000000001,-76.5278640450004,4.));
#12689=VECTOR('',#12690,1.);
#12690=DIRECTION('',(1.36059576850466E-16,1.,0.));
#12691=CARTESIAN_POINT('',(-13.,-59.,4.));
#12692=AXIS2_PLACEMENT_3D('',#12693,#12694,#12695);
#12693=CARTESIAN_POINT('',(-7.,-59.,4.));
#12694=DIRECTION('',(0.,0.,1.));
#12695=DIRECTION('',(-1.,0.,0.));
#12696=CARTESIAN_POINT('',(-11.8392226037115,-55.4528991286223,4.));
#12697=AXIS2_PLACEMENT_3D('',#12698,#12699,#12700);
#12698=CARTESIAN_POINT('',(-7.,-59.,4.));
#12699=DIRECTION('',(0.,0.,1.));
#12700=DIRECTION('',(-0.806537100618576,0.591183478562942,0.));
#12701=CARTESIAN_POINT('',(-18.5,-48.,4.));
#12702=AXIS2_PLACEMENT_3D('',#12703,#12704,#12705);
#12703=CARTESIAN_POINT('',(-11.,-48.,4.));
#12704=DIRECTION('',(0.,0.,1.));
#12705=DIRECTION('',(-1.,0.,0.));
#12706=CARTESIAN_POINT('',(-5.56953652037614,-53.1730132801368,4.));
#12707=AXIS2_PLACEMENT_3D('',#12708,#12709,#12710);
#12708=CARTESIAN_POINT('',(-11.,-48.,4.));
#12709=DIRECTION('',(0.,0.,1.));
#12710=DIRECTION('',(0.724061797283183,-0.689735104018236,0.));
#12711=CARTESIAN_POINT('',(-3.00000000000001,-54.5278640450004,4.));
#12712=AXIS2_PLACEMENT_3D('',#12713,#12714,#12715);
#12713=CARTESIAN_POINT('',(-7.,-59.,4.));
#12714=DIRECTION('',(0.,0.,1.));
#12715=DIRECTION('',(0.666666666666666,0.745355992499931,0.));
#12716=CARTESIAN_POINT('',(-3.00000000000001,-27.,4.));
#12717=CARTESIAN_POINT('',(-3.00000000000001,-54.5278640450004,4.));
#12718=VECTOR('',#12719,1.);
#12719=DIRECTION('',(1.45191173645616E-16,1.,0.));
#12720=CARTESIAN_POINT('',(-27.,-27.,4.));
#12721=CARTESIAN_POINT('',(-27.,-27.,4.));
#12722=VECTOR('',#12723,1.);
#12723=DIRECTION('',(1.,1.48029736616688E-16,0.));
#12724=CARTESIAN_POINT('',(-27.,-3.,4.));
#12725=CARTESIAN_POINT('',(-27.,-3.,4.));
#12726=VECTOR('',#12727,1.);
#12727=DIRECTION('',(0.,-1.,0.));
#12728=CARTESIAN_POINT('',(-194.,-2.99999999999998,4.));
#12729=CARTESIAN_POINT('',(-27.,-3.,4.));
#12730=VECTOR('',#12731,1.);
#12731=DIRECTION('',(-1.,1.22323973970676E-16,0.));
#12732=CARTESIAN_POINT('',(-197.,-5.99999999999998,4.));
#12733=AXIS2_PLACEMENT_3D('',#12734,#12735,#12736);
#12734=CARTESIAN_POINT('',(-194.,-5.99999999999998,4.));
#12735=DIRECTION('',(0.,0.,1.));
#12736=DIRECTION('',(0.,1.,0.));
#12737=CARTESIAN_POINT('',(-197.,-29.,4.));
#12738=CARTESIAN_POINT('',(-197.,-5.99999999999998,4.));
#12739=VECTOR('',#12740,1.);
#12740=DIRECTION('',(0.,-1.,0.));
#12741=CARTESIAN_POINT('',(-173.,-29.,4.));
#12742=CARTESIAN_POINT('',(-173.,-29.,4.));
#12743=VECTOR('',#12744,1.);
#12744=DIRECTION('',(-1.,0.,0.));
#12745=CARTESIAN_POINT('',(-173.,-57.,4.));
#12746=CARTESIAN_POINT('',(-173.,-57.,4.));
#12747=VECTOR('',#12748,1.);
#12748=DIRECTION('',(0.,1.,0.));
#12749=CARTESIAN_POINT('',(-197.,-57.,4.));
#12750=CARTESIAN_POINT('',(-197.,-57.,4.));
#12751=VECTOR('',#12752,1.);
#12752=DIRECTION('',(1.,-2.96059473233375E-16,0.));
#12753=CARTESIAN_POINT('',(-197.,-57.,4.));
#12754=VECTOR('',#12755,1.);
#12755=DIRECTION('',(0.,-1.,0.));
#12756=CARTESIAN_POINT('',(-160.5,-61.5,4.));
#12757=AXIS2_PLACEMENT_3D('',#12758,#12759,#12760);
#12758=CARTESIAN_POINT('',(-154.5,-61.5,4.));
#12759=DIRECTION('',(0.,0.,1.));
#12760=DIRECTION('',(-1.,1.22464679914735E-16,0.));
#12761=CARTESIAN_POINT('',(-60.,-81.,4.));
#12762=AXIS2_PLACEMENT_3D('',#12763,#12764,#12765);
#12763=CARTESIAN_POINT('',(-54.,-81.,4.));
#12764=DIRECTION('',(0.,0.,1.));
#12765=DIRECTION('',(-1.,1.22464679914735E-16,0.));
#12766=CARTESIAN_POINT('',(-190.5,-12.,4.));
#12767=AXIS2_PLACEMENT_3D('',#12768,#12769,#12770);
#12768=CARTESIAN_POINT('',(-183.,-12.,4.));
#12769=DIRECTION('',(0.,0.,1.));
#12770=DIRECTION('',(-1.,1.22464679914735E-16,0.));
#12771=CARTESIAN_POINT('',(-60.,-59.,4.));
#12772=AXIS2_PLACEMENT_3D('',#12773,#12774,#12775);
#12773=CARTESIAN_POINT('',(-54.,-59.,4.));
#12774=DIRECTION('',(0.,0.,1.));
#12775=DIRECTION('',(-1.,1.22464679914735E-16,0.));
#12776=CARTESIAN_POINT('',(-95.5,-61.5,4.));
#12777=AXIS2_PLACEMENT_3D('',#12778,#12779,#12780);
#12778=CARTESIAN_POINT('',(-89.5,-61.5,4.));
#12779=DIRECTION('',(0.,0.,1.));
#12780=DIRECTION('',(-1.,1.22464679914735E-16,0.));
#12781=CARTESIAN_POINT('',(-91.5,-106.5,8.));
#12782=AXIS2_PLACEMENT_3D('',#12783,#12784,#12785);
#12783=CARTESIAN_POINT('',(-89.5,-106.5,8.));
#12784=DIRECTION('',(0.,0.,1.));
#12785=DIRECTION('',(-1.,1.22464679914735E-16,0.));
#12786=CARTESIAN_POINT('',(-156.5,-106.5,8.));
#12787=AXIS2_PLACEMENT_3D('',#12788,#12789,#12790);
#12788=CARTESIAN_POINT('',(-154.5,-106.5,8.));
#12789=DIRECTION('',(0.,0.,1.));
#12790=DIRECTION('',(-1.,1.22464679914735E-16,0.));
#12791=CARTESIAN_POINT('',(-197.,-109.,35.));
#12792=CARTESIAN_POINT('',(-197.,-109.,4.));
#12793=VECTOR('',#12794,1.);
#12794=DIRECTION('',(0.,-9.16829336464645E-16,1.));
#12795=CARTESIAN_POINT('',(-196.996181347201,-109.151318652799,35.003818652799));
#12796=CARTESIAN_POINT('',(-196.996181347201,-109.151318652799,35.003818652799));
#12797=CARTESIAN_POINT('',(-196.998726845594,-109.100916573053,35.0012731544057));
#12798=CARTESIAN_POINT('',(-197.,-109.050466317527,35.));
#12799=CARTESIAN_POINT('',(-197.,-109.,35.));
#12800=CARTESIAN_POINT('',(-196.996181347281,-109.151318652852,34.));
#12801=CARTESIAN_POINT('',(-196.996181347322,-109.151318652864,34.));
#12802=VECTOR('',#12803,1.);
#12803=DIRECTION('',(0.,0.,1.));
#12804=CARTESIAN_POINT('',(-194.151318652852,-111.996181347281,34.));
#12805=AXIS2_PLACEMENT_3D('',#12806,#12807,#12808);
#12806=CARTESIAN_POINT('',(-194.,-109.,34.));
#12807=DIRECTION('',(0.,0.,-1.));
#12808=DIRECTION('',(-0.0504395509527169,-0.998727115732665,0.));
#12809=CARTESIAN_POINT('',(-194.151318652799,-111.996181347201,35.003818652799));
#12810=CARTESIAN_POINT('',(-194.151318652799,-111.996181347201,35.003818652799));
#12811=VECTOR('',#12812,1.);
#12812=DIRECTION('',(0.,0.,-1.));
#12813=CARTESIAN_POINT('',(-194.151318652799,-111.996181347201,35.003818652799));
#12814=CARTESIAN_POINT('',(-194.100916573053,-111.998726845594,35.0012731544057));
#12815=CARTESIAN_POINT('',(-194.050466317527,-112.,35.));
#12816=CARTESIAN_POINT('',(-194.,-112.,35.));
#12817=CARTESIAN_POINT('',(-194.515075759508,-109.515075759508,37.4849242404918));
#12818=CARTESIAN_POINT('',(-194.151318652799,-111.996181347201,35.003818652799));
#12819=CARTESIAN_POINT('',(-193.694572883492,-111.148567219007,35.8514327809933));
#12820=CARTESIAN_POINT('',(-193.834243031118,-110.195908487898,36.8040915121015));
#12821=CARTESIAN_POINT('',(-194.515075759508,-109.515075759508,37.4849242404918));
#12822=CARTESIAN_POINT('',(-193.,-108.,39.));
#12823=CARTESIAN_POINT('',(-194.515075759508,-109.515075759508,37.4849242404918));
#12824=VECTOR('',#12825,1.);
#12825=DIRECTION('',(0.577350269189618,0.577350269189628,0.577350269189631));
#12826=CARTESIAN_POINT('',(-192.,-108.,39.));
#12827=CARTESIAN_POINT('',(-192.,-108.,39.));
#12828=VECTOR('',#12829,1.);
#12829=DIRECTION('',(-1.,0.,0.));
#12830=CARTESIAN_POINT('',(-192.,-112.,35.));
#12831=VECTOR('',#12832,1.);
#12832=DIRECTION('',(5.02429586778808E-15,0.707106781186547,0.707106781186547));
#12833=CARTESIAN_POINT('',(-192.,-107.,39.));
#12834=CARTESIAN_POINT('',(-192.,-108.,39.));
#12835=VECTOR('',#12836,1.);
#12836=DIRECTION('',(0.,1.,0.));
#12837=CARTESIAN_POINT('',(-192.,-107.,44.));
#12838=CARTESIAN_POINT('',(-192.,-107.,39.));
#12839=VECTOR('',#12840,1.);
#12840=DIRECTION('',(0.,0.,1.));
#12841=CARTESIAN_POINT('',(-192.,-112.,44.));
#12842=VECTOR('',#12843,1.);
#12843=DIRECTION('',(1.13686837721616E-14,1.,0.));
#12844=CARTESIAN_POINT('',(-200.,-3.99999999999998,44.));
#12845=CARTESIAN_POINT('',(-196.,2.39956572861599E-14,44.));
#12846=AXIS2_PLACEMENT_3D('',#12847,#12848,#12849);
#12847=CARTESIAN_POINT('',(-196.,-3.99999999999998,44.));
#12848=DIRECTION('',(0.,0.,1.));
#12849=DIRECTION('',(-7.105427357601E-15,1.,0.));
#12850=CARTESIAN_POINT('',(-200.,-111.,44.));
#12851=CARTESIAN_POINT('',(-200.,-3.99999999999998,44.));
#12852=VECTOR('',#12853,1.);
#12853=DIRECTION('',(0.,-1.,0.));
#12854=CARTESIAN_POINT('',(-196.,-115.,44.));
#12855=AXIS2_PLACEMENT_3D('',#12856,#12857,#12858);
#12856=CARTESIAN_POINT('',(-196.,-111.,44.));
#12857=DIRECTION('',(0.,0.,1.));
#12858=DIRECTION('',(-1.,0.,0.));
#12859=CARTESIAN_POINT('',(-4.00000000000001,-115.,44.));
#12860=CARTESIAN_POINT('',(-196.,-115.,44.));
#12861=VECTOR('',#12862,1.);
#12862=DIRECTION('',(1.,-1.48029736616688E-16,0.));
#12863=CARTESIAN_POINT('',(-6.54588079120672E-15,-111.,44.));
#12864=AXIS2_PLACEMENT_3D('',#12865,#12866,#12867);
#12865=CARTESIAN_POINT('',(-3.99999999999999,-111.,44.));
#12866=DIRECTION('',(0.,0.,1.));
#12867=DIRECTION('',(-6.55031584528842E-15,-1.,0.));
#12868=CARTESIAN_POINT('',(-6.22631953006003E-16,-4.,44.));
#12869=CARTESIAN_POINT('',(-1.35935794705356E-14,-111.,44.));
#12870=VECTOR('',#12871,1.);
#12871=DIRECTION('',(1.22464679914735E-16,1.,0.));
#12872=CARTESIAN_POINT('',(-4.,4.74602216389315E-16,44.));
#12873=AXIS2_PLACEMENT_3D('',#12874,#12875,#12876);
#12874=CARTESIAN_POINT('',(-4.,-4.,44.));
#12875=DIRECTION('',(0.,0.,1.));
#12876=DIRECTION('',(1.,-2.55351295663786E-15,0.));
#12877=CARTESIAN_POINT('',(-4.,4.89858719658941E-16,44.));
#12878=VECTOR('',#12879,1.);
#12879=DIRECTION('',(-1.,1.22464679914735E-16,0.));
#12880=CARTESIAN_POINT('',(-104.,-111.,44.));
#12881=CARTESIAN_POINT('',(-104.,-111.,44.));
#12882=VECTOR('',#12883,1.);
#12883=DIRECTION('',(0.,-1.,0.));
#12884=CARTESIAN_POINT('',(-197.,-107.,44.));
#12885=CARTESIAN_POINT('',(-192.,-107.,44.));
#12886=VECTOR('',#12887,1.);
#12887=DIRECTION('',(-1.,0.,0.));
#12888=CARTESIAN_POINT('',(-197.,-7.99999999999991,44.));
#12889=CARTESIAN_POINT('',(-197.,-7.99999999999991,44.));
#12890=VECTOR('',#12891,1.);
#12891=DIRECTION('',(0.,-1.,0.));
#12892=CARTESIAN_POINT('',(-192.,-7.99999999999991,44.));
#12893=CARTESIAN_POINT('',(-197.,-7.99999999999991,44.));
#12894=VECTOR('',#12895,1.);
#12895=DIRECTION('',(1.,-1.77635683940023E-16,0.));
#12896=CARTESIAN_POINT('',(-192.,-2.99999999999995,44.));
#12897=CARTESIAN_POINT('',(-192.,-7.99999999999991,44.));
#12898=VECTOR('',#12899,1.);
#12899=DIRECTION('',(-1.13686837721616E-14,1.,0.));
#12900=CARTESIAN_POINT('',(-104.,-2.99999999999999,44.));
#12901=CARTESIAN_POINT('',(-104.,-2.99999999999999,44.));
#12902=VECTOR('',#12903,1.);
#12903=DIRECTION('',(-1.,1.21115239050017E-16,0.));
#12904=CARTESIAN_POINT('',(-104.,-3.99999999999997,44.));
#12905=CARTESIAN_POINT('',(-104.,-2.99999999999999,44.));
#12906=VECTOR('',#12907,1.);
#12907=DIRECTION('',(0.,-1.,0.));
#12908=CARTESIAN_POINT('',(-96.,-3.99999999999997,44.));
#12909=AXIS2_PLACEMENT_3D('',#12910,#12911,#12912);
#12910=CARTESIAN_POINT('',(-100.,-3.99999999999997,44.));
#12911=DIRECTION('',(0.,0.,1.));
#12912=DIRECTION('',(-1.,1.11022302462516E-16,0.));
#12913=CARTESIAN_POINT('',(-96.,-2.99999999999999,44.));
#12914=CARTESIAN_POINT('',(-96.,-3.99999999999997,44.));
#12915=VECTOR('',#12916,1.);
#12916=DIRECTION('',(0.,1.,0.));
#12917=CARTESIAN_POINT('',(-7.99999999999997,-3.,44.));
#12918=CARTESIAN_POINT('',(-7.99999999999997,-3.,44.));
#12919=VECTOR('',#12920,1.);
#12920=DIRECTION('',(-1.,1.21115239050017E-16,0.));
#12921=CARTESIAN_POINT('',(-7.99999999999997,-8.,44.));
#12922=CARTESIAN_POINT('',(-7.99999999999997,-3.,44.));
#12923=VECTOR('',#12924,1.);
#12924=DIRECTION('',(-1.77635683940025E-16,-1.,0.));
#12925=CARTESIAN_POINT('',(-2.99999999999999,-8.,44.));
#12926=CARTESIAN_POINT('',(-7.99999999999997,-8.,44.));
#12927=VECTOR('',#12928,1.);
#12928=DIRECTION('',(1.,-1.77635683940025E-16,0.));
#12929=CARTESIAN_POINT('',(-3.00000000000001,-107.,44.));
#12930=CARTESIAN_POINT('',(-3.00000000000002,-107.,44.));
#12931=VECTOR('',#12932,1.);
#12932=DIRECTION('',(1.43543987022242E-16,1.,0.));
#12933=CARTESIAN_POINT('',(-8.00000000000004,-107.,44.));
#12934=CARTESIAN_POINT('',(-3.,-107.,44.));
#12935=VECTOR('',#12936,1.);
#12936=DIRECTION('',(-1.,2.84217094304038E-15,0.));
#12937=CARTESIAN_POINT('',(-8.00000000000004,-107.,44.));
#12938=VECTOR('',#12939,1.);
#12939=DIRECTION('',(5.32907051820075E-15,-1.,0.));
#12940=CARTESIAN_POINT('',(-96.,-111.,44.));
#12941=CARTESIAN_POINT('',(-96.,-112.,44.));
#12942=VECTOR('',#12943,1.);
#12943=DIRECTION('',(0.,1.,0.));
#12944=AXIS2_PLACEMENT_3D('',#12945,#12946,#12947);
#12945=CARTESIAN_POINT('',(-100.,-111.,44.));
#12946=DIRECTION('',(0.,0.,1.));
#12947=DIRECTION('',(1.,0.,0.));
#12948=CARTESIAN_POINT('',(-102.1,-4.,44.));
#12949=AXIS2_PLACEMENT_3D('',#12950,#12951,#12952);
#12950=CARTESIAN_POINT('',(-100.,-4.,44.));
#12951=DIRECTION('',(0.,0.,1.));
#12952=DIRECTION('',(-1.,1.22464679914735E-16,0.));
#12953=CARTESIAN_POINT('',(-102.1,-111.,44.));
#12954=AXIS2_PLACEMENT_3D('',#12955,#12956,#12957);
#12955=CARTESIAN_POINT('',(-100.,-111.,44.));
#12956=DIRECTION('',(0.,0.,1.));
#12957=DIRECTION('',(-1.,1.22464679914735E-16,0.));
#12958=CARTESIAN_POINT('',(-198.1,-111.,44.));
#12959=AXIS2_PLACEMENT_3D('',#12960,#12961,#12962);
#12960=CARTESIAN_POINT('',(-196.,-111.,44.));
#12961=DIRECTION('',(0.,0.,1.));
#12962=DIRECTION('',(-1.,1.22464679914735E-16,0.));
#12963=CARTESIAN_POINT('',(-198.1,-3.99999999999998,44.));
#12964=AXIS2_PLACEMENT_3D('',#12965,#12966,#12967);
#12965=CARTESIAN_POINT('',(-196.,-3.99999999999998,44.));
#12966=DIRECTION('',(0.,0.,1.));
#12967=DIRECTION('',(-1.,1.22464679914735E-16,0.));
#12968=CARTESIAN_POINT('',(-6.10000000000001,-111.,44.));
#12969=AXIS2_PLACEMENT_3D('',#12970,#12971,#12972);
#12970=CARTESIAN_POINT('',(-4.00000000000001,-111.,44.));
#12971=DIRECTION('',(0.,0.,1.));
#12972=DIRECTION('',(-1.,1.22464679914735E-16,0.));
#12973=CARTESIAN_POINT('',(-6.1,-4.,44.));
#12974=AXIS2_PLACEMENT_3D('',#12975,#12976,#12977);
#12975=CARTESIAN_POINT('',(-4.,-4.,44.));
#12976=DIRECTION('',(0.,0.,1.));
#12977=DIRECTION('',(-1.,1.22464679914735E-16,0.));
#12978=CARTESIAN_POINT('',(-104.,-111.,36.));
#12979=CARTESIAN_POINT('',(-104.,-112.,36.));
#12980=VECTOR('',#12981,1.);
#12981=DIRECTION('',(0.,1.,0.));
#12982=CARTESIAN_POINT('',(-104.,-111.,36.));
#12983=VECTOR('',#12984,1.);
#12984=DIRECTION('',(0.,0.,1.));
#12985=CARTESIAN_POINT('',(-104.5,-115.,36.));
#12986=CARTESIAN_POINT('',(-103.,-115.,36.));
#12987=CARTESIAN_POINT('',(-103.,-115.,36.));
#12988=VECTOR('',#12989,1.);
#12989=DIRECTION('',(-1.,0.,0.));
#12990=CARTESIAN_POINT('',(-104.5,-115.,36.));
#12991=VECTOR('',#12992,1.);
#12992=DIRECTION('',(0.,1.,0.));
#12993=CARTESIAN_POINT('',(-103.,-108.354248688935,36.));
#12994=AXIS2_PLACEMENT_3D('',#12995,#12996,#12997);
#12995=CARTESIAN_POINT('',(-100.,-111.,36.));
#12996=DIRECTION('',(0.,0.,-1.));
#12997=DIRECTION('',(-1.,0.,0.));
#12998=CARTESIAN_POINT('',(-103.,-115.,36.));
#12999=VECTOR('',#13000,1.);
#13000=DIRECTION('',(0.,1.,0.));
#13001=CARTESIAN_POINT('',(-104.5,-115.,7.99999999999999));
#13002=CARTESIAN_POINT('',(-104.5,-115.,36.));
#13003=VECTOR('',#13004,1.);
#13004=DIRECTION('',(0.,0.,-1.));
#13005=CARTESIAN_POINT('',(-104.5,-115.,7.99999999999999));
#13006=VECTOR('',#13007,1.);
#13007=DIRECTION('',(0.,1.,0.));
#13008=CARTESIAN_POINT('',(-103.,-115.,7.99999999999999));
#13009=CARTESIAN_POINT('',(-104.5,-115.,7.99999999999999));
#13010=VECTOR('',#13011,1.);
#13011=DIRECTION('',(1.,0.,0.));
#13012=CARTESIAN_POINT('',(-103.,-115.,7.99999999999999));
#13013=VECTOR('',#13014,1.);
#13014=DIRECTION('',(0.,1.,0.));
#13015=CARTESIAN_POINT('',(-103.,-115.,7.99999999999999));
#13016=VECTOR('',#13017,1.);
#13017=DIRECTION('',(0.,0.,1.));
#13018=CARTESIAN_POINT('',(-103.,-108.354248688935,35.6457513110646));
#13019=CARTESIAN_POINT('',(-103.,-108.354248688935,35.6457513110646));
#13020=VECTOR('',#13021,1.);
#13021=DIRECTION('',(0.,0.,1.));
#13022=CARTESIAN_POINT('',(-103.,-112.,32.));
#13023=VECTOR('',#13024,1.);
#13024=DIRECTION('',(0.,0.707106781186547,0.707106781186548));
#13025=CARTESIAN_POINT('',(-96.5,-109.063508326896,34.9364916731037));
#13026=CARTESIAN_POINT('',(-96.5,-109.063508326896,34.9364916731037));
#13027=VECTOR('',#13028,1.);
#13028=DIRECTION('',(3.42197181337666E-15,-0.707106781186547,-0.707106781186548));
#13029=CARTESIAN_POINT('',(-99.,-108.,36.));
#13030=CARTESIAN_POINT('',(-99.,-112.,32.));
#13031=VECTOR('',#13032,1.);
#13032=DIRECTION('',(0.,0.707106781186547,0.707106781186548));
#13033=CARTESIAN_POINT('',(-100.5,-108.,36.));
#13034=CARTESIAN_POINT('',(-99.,-108.,36.));
#13035=VECTOR('',#13036,1.);
#13036=DIRECTION('',(-1.,0.,0.));
#13037=CARTESIAN_POINT('',(-100.5,-108.,36.));
#13038=VECTOR('',#13039,1.);
#13039=DIRECTION('',(0.,-0.707106781186547,-0.707106781186548));
#13040=CARTESIAN_POINT('',(-96.5,-109.063508326896,34.9364916731037));
#13041=CARTESIAN_POINT('',(-97.9707003740848,-106.40537590072,37.5946240992796));
#13042=CARTESIAN_POINT('',(-100.990640756703,-106.075849466499,37.9241505335011));
#13043=CARTESIAN_POINT('',(-103.,-108.354248688935,35.6457513110646));
#13044=CARTESIAN_POINT('',(-100.5,-115.,7.99999999999999));
#13045=CARTESIAN_POINT('',(-100.5,-115.,36.));
#13046=CARTESIAN_POINT('',(-100.5,-115.,36.));
#13047=VECTOR('',#13048,1.);
#13048=DIRECTION('',(0.,0.,-1.));
#13049=CARTESIAN_POINT('',(-100.5,-115.,7.99999999999999));
#13050=VECTOR('',#13051,1.);
#13051=DIRECTION('',(0.,1.,0.));
#13052=CARTESIAN_POINT('',(-100.5,-108.960392194563,36.));
#13053=CARTESIAN_POINT('',(-100.5,-108.960392194563,36.));
#13054=VECTOR('',#13055,1.);
#13055=DIRECTION('',(0.,1.,0.));
#13056=CARTESIAN_POINT('',(-100.5,-113.039607805437,36.));
#13057=CARTESIAN_POINT('',(-100.5,-108.960392194563,36.));
#13058=VECTOR('',#13059,1.);
#13059=DIRECTION('',(0.,-1.,0.));
#13060=CARTESIAN_POINT('',(-100.5,-115.,36.));
#13061=VECTOR('',#13062,1.);
#13062=DIRECTION('',(0.,1.,0.));
#13063=CARTESIAN_POINT('',(-99.,-115.,7.99999999999999));
#13064=CARTESIAN_POINT('',(-100.5,-115.,7.99999999999999));
#13065=VECTOR('',#13066,1.);
#13066=DIRECTION('',(1.,0.,0.));
#13067=CARTESIAN_POINT('',(-99.,-115.,7.99999999999999));
#13068=VECTOR('',#13069,1.);
#13069=DIRECTION('',(0.,1.,0.));
#13070=CARTESIAN_POINT('',(-99.,-115.,36.));
#13071=CARTESIAN_POINT('',(-99.,-115.,7.99999999999999));
#13072=VECTOR('',#13073,1.);
#13073=DIRECTION('',(0.,0.,1.));
#13074=CARTESIAN_POINT('',(-99.,-112.846618531262,36.));
#13075=CARTESIAN_POINT('',(-99.,-115.,36.));
#13076=VECTOR('',#13077,1.);
#13077=DIRECTION('',(0.,1.,0.));
#13078=CARTESIAN_POINT('',(-99.,-109.153381468738,36.));
#13079=CARTESIAN_POINT('',(-99.,-112.846618531262,36.));
#13080=VECTOR('',#13081,1.);
#13081=DIRECTION('',(0.,1.,0.));
#13082=CARTESIAN_POINT('',(-99.,-109.153381468738,36.));
#13083=VECTOR('',#13084,1.);
#13084=DIRECTION('',(0.,1.,0.));
#13085=CARTESIAN_POINT('',(-96.5,-115.,7.99999999999999));
#13086=CARTESIAN_POINT('',(-96.5,-115.,36.));
#13087=CARTESIAN_POINT('',(-96.5,-115.,36.));
#13088=VECTOR('',#13089,1.);
#13089=DIRECTION('',(0.,0.,-1.));
#13090=CARTESIAN_POINT('',(-96.5,-115.,7.99999999999999));
#13091=VECTOR('',#13092,1.);
#13092=DIRECTION('',(0.,1.,0.));
#13093=CARTESIAN_POINT('',(-96.5,-109.063508326896,36.));
#13094=CARTESIAN_POINT('',(-96.5,-109.063508326896,34.9364916731037));
#13095=VECTOR('',#13096,1.);
#13096=DIRECTION('',(0.,0.,1.));
#13097=CARTESIAN_POINT('',(-96.5,-115.,36.));
#13098=VECTOR('',#13099,1.);
#13099=DIRECTION('',(0.,1.,0.));
#13100=CARTESIAN_POINT('',(-95.,-115.,7.99999999999999));
#13101=CARTESIAN_POINT('',(-96.5,-115.,7.99999999999999));
#13102=VECTOR('',#13103,1.);
#13103=DIRECTION('',(1.,0.,0.));
#13104=CARTESIAN_POINT('',(-95.,-115.,7.99999999999999));
#13105=VECTOR('',#13106,1.);
#13106=DIRECTION('',(0.,1.,0.));
#13107=CARTESIAN_POINT('',(-95.,-115.,36.));
#13108=CARTESIAN_POINT('',(-95.,-115.,7.99999999999999));
#13109=VECTOR('',#13110,1.);
#13110=DIRECTION('',(0.,0.,1.));
#13111=CARTESIAN_POINT('',(-95.,-115.,36.));
#13112=VECTOR('',#13113,1.);
#13113=DIRECTION('',(0.,1.,0.));
#13114=CARTESIAN_POINT('',(-95.,-115.,36.));
#13115=VECTOR('',#13116,1.);
#13116=DIRECTION('',(-1.,0.,0.));
#13117=CARTESIAN_POINT('',(-96.,-111.,36.));
#13118=AXIS2_PLACEMENT_3D('',#13119,#13120,#13121);
#13119=CARTESIAN_POINT('',(-100.,-111.,36.));
#13120=DIRECTION('',(0.,0.,-1.));
#13121=DIRECTION('',(0.875000000000001,0.484122918275926,0.));
#13122=CARTESIAN_POINT('',(-96.,-111.,36.));
#13123=VECTOR('',#13124,1.);
#13124=DIRECTION('',(0.,-1.,0.));
#13125=CARTESIAN_POINT('',(-96.,-111.,36.));
#13126=VECTOR('',#13127,1.);
#13127=DIRECTION('',(0.,0.,1.));
#13128=CARTESIAN_POINT('',(-8.00000000000004,-108.,39.));
#13129=CARTESIAN_POINT('',(-8.00000000000004,-108.,39.));
#13130=VECTOR('',#13131,1.);
#13131=DIRECTION('',(1.88411095042053E-15,-0.707106781186547,-0.707106781186547));
#13132=CARTESIAN_POINT('',(-8.00000000000004,-107.,39.));
#13133=CARTESIAN_POINT('',(-8.00000000000004,-107.,39.));
#13134=VECTOR('',#13135,1.);
#13135=DIRECTION('',(0.,0.,1.));
#13136=CARTESIAN_POINT('',(-8.00000000000004,-107.,39.));
#13137=VECTOR('',#13138,1.);
#13138=DIRECTION('',(5.32907051820075E-15,-1.,0.));
#13139=CARTESIAN_POINT('',(-5.848681347201,-111.996181347201,35.003818652799));
#13140=CARTESIAN_POINT('',(-5.84868134720099,-111.996181347201,35.003818652799));
#13141=CARTESIAN_POINT('',(-5.89908342694677,-111.998726845594,35.0012731544057));
#13142=CARTESIAN_POINT('',(-5.94953368247267,-112.,35.));
#13143=CARTESIAN_POINT('',(-6.00000000000001,-112.,35.));
#13144=CARTESIAN_POINT('',(-7.00000000000002,-108.,39.));
#13145=CARTESIAN_POINT('',(-7.00000000000002,-108.,39.));
#13146=VECTOR('',#13147,1.);
#13147=DIRECTION('',(-1.,0.,0.));
#13148=CARTESIAN_POINT('',(-5.48492424049178,-109.515075759508,37.4849242404918));
#13149=CARTESIAN_POINT('',(-5.48492424049178,-109.515075759508,37.4849242404918));
#13150=VECTOR('',#13151,1.);
#13151=DIRECTION('',(-0.577350269189629,0.577350269189623,0.577350269189625));
#13152=CARTESIAN_POINT('',(-6.10000000000001,-111.,36.));
#13153=CARTESIAN_POINT('',(-5.48492424049176,-109.515075759508,37.4849242404918));
#13154=CARTESIAN_POINT('',(-5.8840141158489,-109.914165634865,37.0858343651346));
#13155=CARTESIAN_POINT('',(-6.10000000000001,-110.435601685664,36.5643983143359));
#13156=CARTESIAN_POINT('',(-6.10000000000001,-111.,36.));
#13157=CARTESIAN_POINT('',(-6.10000000000001,-111.,36.));
#13158=CARTESIAN_POINT('',(-6.10000000000001,-111.349544173189,35.6504558268107));
#13159=CARTESIAN_POINT('',(-6.01449534022669,-111.688469064821,35.3115309351789));
#13160=CARTESIAN_POINT('',(-5.848681347201,-111.996181347201,35.003818652799));
#13161=CARTESIAN_POINT('',(-5.84868134714849,-111.996181347281,34.));
#13162=CARTESIAN_POINT('',(-5.84868134713559,-111.996181347322,34.));
#13163=VECTOR('',#13164,1.);
#13164=DIRECTION('',(0.,0.,1.));
#13165=CARTESIAN_POINT('',(-3.00381865271855,-109.151318652852,34.));
#13166=AXIS2_PLACEMENT_3D('',#13167,#13168,#13169);
#13167=CARTESIAN_POINT('',(-6.00000000000001,-109.,34.));
#13168=DIRECTION('',(0.,0.,-1.));
#13169=DIRECTION('',(0.998727115732665,-0.0504395509527171,0.));
#13170=CARTESIAN_POINT('',(-3.00381865279904,-109.151318652799,35.003818652799));
#13171=CARTESIAN_POINT('',(-3.00381865279905,-109.151318652799,35.003818652799));
#13172=VECTOR('',#13173,1.);
#13173=DIRECTION('',(0.,0.,-1.));
#13174=CARTESIAN_POINT('',(-3.00000000000001,-109.,35.));
#13175=CARTESIAN_POINT('',(-3.00381865279902,-109.151318652799,35.003818652799));
#13176=CARTESIAN_POINT('',(-3.0012731544057,-109.100916573053,35.0012731544057));
#13177=CARTESIAN_POINT('',(-3.00000000000001,-109.050466317527,35.));
#13178=CARTESIAN_POINT('',(-3.00000000000001,-109.,35.));
#13179=CARTESIAN_POINT('',(-3.00000000000001,-109.,7.));
#13180=CARTESIAN_POINT('',(-3.00000000000001,-109.,7.));
#13181=VECTOR('',#13182,1.);
#13182=DIRECTION('',(0.,0.,1.));
#13183=AXIS2_PLACEMENT_3D('',#13184,#13185,#13186);
#13184=CARTESIAN_POINT('',(-6.00000000000001,-109.,7.));
#13185=DIRECTION('',(0.,-8.45884209238214E-17,1.));
#13186=DIRECTION('',(1.09542005096349E-14,-1.,-8.45884209238214E-17));
#13187=CARTESIAN_POINT('',(-3.00000000000002,-106.5,7.));
#13188=CARTESIAN_POINT('',(-3.00000000000002,-106.5,7.));
#13189=VECTOR('',#13190,1.);
#13190=DIRECTION('',(-1.77635683940025E-16,-1.,0.));
#13191=CARTESIAN_POINT('',(-1.00000000000002,-106.5,7.));
#13192=CARTESIAN_POINT('',(-1.,-106.5,7.));
#13193=VECTOR('',#13194,1.);
#13194=DIRECTION('',(-1.,0.,0.));
#13195=CARTESIAN_POINT('',(-1.00000000000002,-112.,7.));
#13196=VECTOR('',#13197,1.);
#13197=DIRECTION('',(1.61486985400023E-16,1.,1.61486985400023E-16));
#13198=CARTESIAN_POINT('',(-1.00000000000001,-96.5,7.));
#13199=CARTESIAN_POINT('',(-1.,-96.5,5.));
#13200=CARTESIAN_POINT('',(-1.00000000000001,-96.5,5.));
#13201=VECTOR('',#13202,1.);
#13202=DIRECTION('',(0.,0.,1.));
#13203=CARTESIAN_POINT('',(-1.00000000000001,-91.,7.));
#13204=CARTESIAN_POINT('',(-1.00000000000001,-96.5,7.));
#13205=VECTOR('',#13206,1.);
#13206=DIRECTION('',(1.61486985400023E-16,1.,1.61486985400023E-16));
#13207=CARTESIAN_POINT('',(-1.00000000000001,-91.,4.));
#13208=CARTESIAN_POINT('',(-1.00000000000001,-91.,7.));
#13209=VECTOR('',#13210,1.);
#13210=DIRECTION('',(0.,0.,-1.));
#13211=CARTESIAN_POINT('',(-1.00000000000001,-91.,4.));
#13212=VECTOR('',#13213,1.);
#13213=DIRECTION('',(-1.48029736616688E-16,-1.,0.));
#13214=CARTESIAN_POINT('',(-1.,-106.5,5.));
#13215=CARTESIAN_POINT('',(-1.00000000000002,-106.5,7.));
#13216=VECTOR('',#13217,1.);
#13217=DIRECTION('',(0.,0.,-1.));
#13218=CARTESIAN_POINT('',(-1.00000000000002,-106.5,5.));
#13219=VECTOR('',#13220,1.);
#13220=DIRECTION('',(6.66133814775092E-17,1.,0.));
#13221=CARTESIAN_POINT('',(-38.,-91.,4.));
#13222=CARTESIAN_POINT('',(-38.,-91.,4.));
#13223=VECTOR('',#13224,1.);
#13224=DIRECTION('',(1.,0.,0.));
#13225=CARTESIAN_POINT('',(-38.,-112.,4.));
#13226=VECTOR('',#13227,1.);
#13227=DIRECTION('',(0.,1.,0.));
#13228=CARTESIAN_POINT('',(-38.,-91.,4.));
#13229=VECTOR('',#13230,1.);
#13230=DIRECTION('',(0.,0.,1.));
#13231=CARTESIAN_POINT('',(-39.,-115.,36.));
#13232=CARTESIAN_POINT('',(-39.,-115.,8.));
#13233=VECTOR('',#13234,1.);
#13234=DIRECTION('',(-2.53765262771464E-16,0.,1.));
#13235=CARTESIAN_POINT('',(-39.,-115.,36.));
#13236=VECTOR('',#13237,1.);
#13237=DIRECTION('',(0.,1.,0.));
#13238=CARTESIAN_POINT('',(-39.,-115.,36.));
#13239=VECTOR('',#13240,1.);
#13240=DIRECTION('',(-1.,0.,0.));
#13241=CARTESIAN_POINT('',(-164.,-115.,22.));
#13242=AXIS2_PLACEMENT_3D('',#13243,#13244,#13245);
#13243=CARTESIAN_POINT('',(-170.,-115.,22.));
#13244=DIRECTION('',(-1.4210854715202E-16,-1.,0.));
#13245=DIRECTION('',(1.,-1.4210854715202E-16,0.));
#13246=CARTESIAN_POINT('',(-152.5,-115.,7.99999999999998));
#13247=CARTESIAN_POINT('',(-152.5,-115.,36.));
#13248=CARTESIAN_POINT('',(-152.5,-115.,36.));
#13249=VECTOR('',#13250,1.);
#13250=DIRECTION('',(0.,0.,-1.));
#13251=CARTESIAN_POINT('',(-152.5,-115.,7.99999999999998));
#13252=VECTOR('',#13253,1.);
#13253=DIRECTION('',(0.,1.,0.));
#13254=CARTESIAN_POINT('',(-152.5,-115.,36.));
#13255=VECTOR('',#13256,1.);
#13256=DIRECTION('',(0.,1.,0.));
#13257=CARTESIAN_POINT('',(-151.,-115.,7.99999999999998));
#13258=CARTESIAN_POINT('',(-152.5,-115.,7.99999999999998));
#13259=VECTOR('',#13260,1.);
#13260=DIRECTION('',(1.,0.,0.));
#13261=CARTESIAN_POINT('',(-151.,-115.,7.99999999999998));
#13262=VECTOR('',#13263,1.);
#13263=DIRECTION('',(0.,1.,0.));
#13264=CARTESIAN_POINT('',(-151.,-115.,36.));
#13265=CARTESIAN_POINT('',(-151.,-115.,7.99999999999998));
#13266=VECTOR('',#13267,1.);
#13267=DIRECTION('',(0.,0.,1.));
#13268=CARTESIAN_POINT('',(-151.,-115.,36.));
#13269=VECTOR('',#13270,1.);
#13270=DIRECTION('',(0.,1.,0.));
#13271=CARTESIAN_POINT('',(-151.,-115.,36.));
#13272=VECTOR('',#13273,1.);
#13273=DIRECTION('',(-1.,0.,0.));
#13274=CARTESIAN_POINT('',(-148.5,-115.,7.99999999999998));
#13275=CARTESIAN_POINT('',(-148.5,-115.,36.));
#13276=CARTESIAN_POINT('',(-148.5,-115.,36.));
#13277=VECTOR('',#13278,1.);
#13278=DIRECTION('',(0.,0.,-1.));
#13279=CARTESIAN_POINT('',(-148.5,-115.,7.99999999999998));
#13280=VECTOR('',#13281,1.);
#13281=DIRECTION('',(0.,1.,0.));
#13282=CARTESIAN_POINT('',(-148.5,-115.,36.));
#13283=VECTOR('',#13284,1.);
#13284=DIRECTION('',(0.,1.,0.));
#13285=CARTESIAN_POINT('',(-147.,-115.,7.99999999999998));
#13286=CARTESIAN_POINT('',(-148.5,-115.,7.99999999999998));
#13287=VECTOR('',#13288,1.);
#13288=DIRECTION('',(1.,0.,0.));
#13289=CARTESIAN_POINT('',(-147.,-115.,7.99999999999998));
#13290=VECTOR('',#13291,1.);
#13291=DIRECTION('',(0.,1.,0.));
#13292=CARTESIAN_POINT('',(-147.,-115.,36.));
#13293=CARTESIAN_POINT('',(-147.,-115.,7.99999999999998));
#13294=VECTOR('',#13295,1.);
#13295=DIRECTION('',(0.,0.,1.));
#13296=CARTESIAN_POINT('',(-147.,-115.,36.));
#13297=VECTOR('',#13298,1.);
#13298=DIRECTION('',(0.,1.,0.));
#13299=CARTESIAN_POINT('',(-147.,-115.,36.));
#13300=VECTOR('',#13301,1.);
#13301=DIRECTION('',(-1.,0.,0.));
#13302=CARTESIAN_POINT('',(-144.5,-115.,7.99999999999998));
#13303=CARTESIAN_POINT('',(-144.5,-115.,36.));
#13304=CARTESIAN_POINT('',(-144.5,-115.,36.));
#13305=VECTOR('',#13306,1.);
#13306=DIRECTION('',(0.,0.,-1.));
#13307=CARTESIAN_POINT('',(-144.5,-115.,7.99999999999998));
#13308=VECTOR('',#13309,1.);
#13309=DIRECTION('',(0.,1.,0.));
#13310=CARTESIAN_POINT('',(-144.5,-115.,36.));
#13311=VECTOR('',#13312,1.);
#13312=DIRECTION('',(0.,1.,0.));
#13313=CARTESIAN_POINT('',(-143.,-115.,7.99999999999998));
#13314=CARTESIAN_POINT('',(-144.5,-115.,7.99999999999998));
#13315=VECTOR('',#13316,1.);
#13316=DIRECTION('',(1.,0.,0.));
#13317=CARTESIAN_POINT('',(-143.,-115.,7.99999999999998));
#13318=VECTOR('',#13319,1.);
#13319=DIRECTION('',(0.,1.,0.));
#13320=CARTESIAN_POINT('',(-143.,-115.,36.));
#13321=CARTESIAN_POINT('',(-143.,-115.,7.99999999999998));
#13322=VECTOR('',#13323,1.);
#13323=DIRECTION('',(0.,0.,1.));
#13324=CARTESIAN_POINT('',(-143.,-115.,36.));
#13325=VECTOR('',#13326,1.);
#13326=DIRECTION('',(0.,1.,0.));
#13327=CARTESIAN_POINT('',(-143.,-115.,36.));
#13328=VECTOR('',#13329,1.);
#13329=DIRECTION('',(-1.,0.,0.));
#13330=CARTESIAN_POINT('',(-140.5,-115.,7.99999999999998));
#13331=CARTESIAN_POINT('',(-140.5,-115.,36.));
#13332=CARTESIAN_POINT('',(-140.5,-115.,36.));
#13333=VECTOR('',#13334,1.);
#13334=DIRECTION('',(0.,0.,-1.));
#13335=CARTESIAN_POINT('',(-140.5,-115.,7.99999999999998));
#13336=VECTOR('',#13337,1.);
#13337=DIRECTION('',(0.,1.,0.));
#13338=CARTESIAN_POINT('',(-140.5,-115.,36.));
#13339=VECTOR('',#13340,1.);
#13340=DIRECTION('',(0.,1.,0.));
#13341=CARTESIAN_POINT('',(-139.,-115.,7.99999999999998));
#13342=CARTESIAN_POINT('',(-140.5,-115.,7.99999999999998));
#13343=VECTOR('',#13344,1.);
#13344=DIRECTION('',(1.,0.,0.));
#13345=CARTESIAN_POINT('',(-139.,-115.,7.99999999999998));
#13346=VECTOR('',#13347,1.);
#13347=DIRECTION('',(0.,1.,0.));
#13348=CARTESIAN_POINT('',(-139.,-115.,36.));
#13349=CARTESIAN_POINT('',(-139.,-115.,7.99999999999998));
#13350=VECTOR('',#13351,1.);
#13351=DIRECTION('',(0.,0.,1.));
#13352=CARTESIAN_POINT('',(-139.,-115.,36.));
#13353=VECTOR('',#13354,1.);
#13354=DIRECTION('',(0.,1.,0.));
#13355=CARTESIAN_POINT('',(-139.,-115.,36.));
#13356=VECTOR('',#13357,1.);
#13357=DIRECTION('',(-1.,0.,0.));
#13358=CARTESIAN_POINT('',(-136.5,-115.,7.99999999999998));
#13359=CARTESIAN_POINT('',(-136.5,-115.,36.));
#13360=CARTESIAN_POINT('',(-136.5,-115.,36.));
#13361=VECTOR('',#13362,1.);
#13362=DIRECTION('',(0.,0.,-1.));
#13363=CARTESIAN_POINT('',(-136.5,-115.,7.99999999999998));
#13364=VECTOR('',#13365,1.);
#13365=DIRECTION('',(0.,1.,0.));
#13366=CARTESIAN_POINT('',(-136.5,-115.,36.));
#13367=VECTOR('',#13368,1.);
#13368=DIRECTION('',(0.,1.,0.));
#13369=CARTESIAN_POINT('',(-135.,-115.,7.99999999999998));
#13370=CARTESIAN_POINT('',(-136.5,-115.,7.99999999999998));
#13371=VECTOR('',#13372,1.);
#13372=DIRECTION('',(1.,0.,0.));
#13373=CARTESIAN_POINT('',(-135.,-115.,7.99999999999998));
#13374=VECTOR('',#13375,1.);
#13375=DIRECTION('',(0.,1.,0.));
#13376=CARTESIAN_POINT('',(-135.,-115.,36.));
#13377=CARTESIAN_POINT('',(-135.,-115.,7.99999999999998));
#13378=VECTOR('',#13379,1.);
#13379=DIRECTION('',(0.,0.,1.));
#13380=CARTESIAN_POINT('',(-135.,-115.,36.));
#13381=VECTOR('',#13382,1.);
#13382=DIRECTION('',(0.,1.,0.));
#13383=CARTESIAN_POINT('',(-135.,-115.,36.));
#13384=VECTOR('',#13385,1.);
#13385=DIRECTION('',(-1.,0.,0.));
#13386=CARTESIAN_POINT('',(-132.5,-115.,7.99999999999998));
#13387=CARTESIAN_POINT('',(-132.5,-115.,36.));
#13388=CARTESIAN_POINT('',(-132.5,-115.,36.));
#13389=VECTOR('',#13390,1.);
#13390=DIRECTION('',(0.,0.,-1.));
#13391=CARTESIAN_POINT('',(-132.5,-115.,7.99999999999998));
#13392=VECTOR('',#13393,1.);
#13393=DIRECTION('',(0.,1.,0.));
#13394=CARTESIAN_POINT('',(-132.5,-115.,36.));
#13395=VECTOR('',#13396,1.);
#13396=DIRECTION('',(0.,1.,0.));
#13397=CARTESIAN_POINT('',(-131.,-115.,7.99999999999998));
#13398=CARTESIAN_POINT('',(-132.5,-115.,7.99999999999998));
#13399=VECTOR('',#13400,1.);
#13400=DIRECTION('',(1.,0.,0.));
#13401=CARTESIAN_POINT('',(-131.,-115.,7.99999999999998));
#13402=VECTOR('',#13403,1.);
#13403=DIRECTION('',(0.,1.,0.));
#13404=CARTESIAN_POINT('',(-131.,-115.,36.));
#13405=CARTESIAN_POINT('',(-131.,-115.,7.99999999999999));
#13406=VECTOR('',#13407,1.);
#13407=DIRECTION('',(0.,0.,1.));
#13408=CARTESIAN_POINT('',(-131.,-115.,36.));
#13409=VECTOR('',#13410,1.);
#13410=DIRECTION('',(0.,1.,0.));
#13411=CARTESIAN_POINT('',(-131.,-115.,36.));
#13412=VECTOR('',#13413,1.);
#13413=DIRECTION('',(-1.,0.,0.));
#13414=CARTESIAN_POINT('',(-128.5,-115.,7.99999999999998));
#13415=CARTESIAN_POINT('',(-128.5,-115.,36.));
#13416=CARTESIAN_POINT('',(-128.5,-115.,36.));
#13417=VECTOR('',#13418,1.);
#13418=DIRECTION('',(0.,0.,-1.));
#13419=CARTESIAN_POINT('',(-128.5,-115.,7.99999999999998));
#13420=VECTOR('',#13421,1.);
#13421=DIRECTION('',(0.,1.,0.));
#13422=CARTESIAN_POINT('',(-128.5,-115.,36.));
#13423=VECTOR('',#13424,1.);
#13424=DIRECTION('',(0.,1.,0.));
#13425=CARTESIAN_POINT('',(-127.,-115.,7.99999999999998));
#13426=CARTESIAN_POINT('',(-128.5,-115.,7.99999999999998));
#13427=VECTOR('',#13428,1.);
#13428=DIRECTION('',(1.,0.,0.));
#13429=CARTESIAN_POINT('',(-127.,-115.,7.99999999999998));
#13430=VECTOR('',#13431,1.);
#13431=DIRECTION('',(0.,1.,0.));
#13432=CARTESIAN_POINT('',(-127.,-115.,36.));
#13433=CARTESIAN_POINT('',(-127.,-115.,7.99999999999999));
#13434=VECTOR('',#13435,1.);
#13435=DIRECTION('',(0.,0.,1.));
#13436=CARTESIAN_POINT('',(-127.,-115.,36.));
#13437=VECTOR('',#13438,1.);
#13438=DIRECTION('',(0.,1.,0.));
#13439=CARTESIAN_POINT('',(-127.,-115.,36.));
#13440=VECTOR('',#13441,1.);
#13441=DIRECTION('',(-1.,0.,0.));
#13442=CARTESIAN_POINT('',(-124.5,-115.,7.99999999999998));
#13443=CARTESIAN_POINT('',(-124.5,-115.,36.));
#13444=CARTESIAN_POINT('',(-124.5,-115.,36.));
#13445=VECTOR('',#13446,1.);
#13446=DIRECTION('',(0.,0.,-1.));
#13447=CARTESIAN_POINT('',(-124.5,-115.,7.99999999999998));
#13448=VECTOR('',#13449,1.);
#13449=DIRECTION('',(0.,1.,0.));
#13450=CARTESIAN_POINT('',(-124.5,-115.,36.));
#13451=VECTOR('',#13452,1.);
#13452=DIRECTION('',(0.,1.,0.));
#13453=CARTESIAN_POINT('',(-123.,-115.,7.99999999999998));
#13454=CARTESIAN_POINT('',(-124.5,-115.,7.99999999999998));
#13455=VECTOR('',#13456,1.);
#13456=DIRECTION('',(1.,0.,0.));
#13457=CARTESIAN_POINT('',(-123.,-115.,7.99999999999999));
#13458=VECTOR('',#13459,1.);
#13459=DIRECTION('',(0.,1.,0.));
#13460=CARTESIAN_POINT('',(-123.,-115.,36.));
#13461=CARTESIAN_POINT('',(-123.,-115.,7.99999999999999));
#13462=VECTOR('',#13463,1.);
#13463=DIRECTION('',(0.,0.,1.));
#13464=CARTESIAN_POINT('',(-123.,-115.,36.));
#13465=VECTOR('',#13466,1.);
#13466=DIRECTION('',(0.,1.,0.));
#13467=CARTESIAN_POINT('',(-123.,-115.,36.));
#13468=VECTOR('',#13469,1.);
#13469=DIRECTION('',(-1.,0.,0.));
#13470=CARTESIAN_POINT('',(-120.5,-115.,7.99999999999998));
#13471=CARTESIAN_POINT('',(-120.5,-115.,36.));
#13472=CARTESIAN_POINT('',(-120.5,-115.,36.));
#13473=VECTOR('',#13474,1.);
#13474=DIRECTION('',(0.,0.,-1.));
#13475=CARTESIAN_POINT('',(-120.5,-115.,7.99999999999998));
#13476=VECTOR('',#13477,1.);
#13477=DIRECTION('',(0.,1.,0.));
#13478=CARTESIAN_POINT('',(-120.5,-115.,36.));
#13479=VECTOR('',#13480,1.);
#13480=DIRECTION('',(0.,1.,0.));
#13481=CARTESIAN_POINT('',(-119.,-115.,7.99999999999999));
#13482=CARTESIAN_POINT('',(-120.5,-115.,7.99999999999998));
#13483=VECTOR('',#13484,1.);
#13484=DIRECTION('',(1.,0.,5.92118946466745E-16));
#13485=CARTESIAN_POINT('',(-119.,-115.,7.99999999999999));
#13486=VECTOR('',#13487,1.);
#13487=DIRECTION('',(0.,1.,0.));
#13488=CARTESIAN_POINT('',(-119.,-115.,36.));
#13489=CARTESIAN_POINT('',(-119.,-115.,7.99999999999999));
#13490=VECTOR('',#13491,1.);
#13491=DIRECTION('',(0.,0.,1.));
#13492=CARTESIAN_POINT('',(-119.,-115.,36.));
#13493=VECTOR('',#13494,1.);
#13494=DIRECTION('',(0.,1.,0.));
#13495=CARTESIAN_POINT('',(-119.,-115.,36.));
#13496=VECTOR('',#13497,1.);
#13497=DIRECTION('',(-1.,0.,0.));
#13498=CARTESIAN_POINT('',(-116.5,-115.,7.99999999999999));
#13499=CARTESIAN_POINT('',(-116.5,-115.,36.));
#13500=CARTESIAN_POINT('',(-116.5,-115.,36.));
#13501=VECTOR('',#13502,1.);
#13502=DIRECTION('',(0.,0.,-1.));
#13503=CARTESIAN_POINT('',(-116.5,-115.,7.99999999999999));
#13504=VECTOR('',#13505,1.);
#13505=DIRECTION('',(0.,1.,0.));
#13506=CARTESIAN_POINT('',(-116.5,-115.,36.));
#13507=VECTOR('',#13508,1.);
#13508=DIRECTION('',(0.,1.,0.));
#13509=CARTESIAN_POINT('',(-115.,-115.,7.99999999999999));
#13510=CARTESIAN_POINT('',(-116.5,-115.,7.99999999999999));
#13511=VECTOR('',#13512,1.);
#13512=DIRECTION('',(1.,0.,0.));
#13513=CARTESIAN_POINT('',(-115.,-115.,7.99999999999999));
#13514=VECTOR('',#13515,1.);
#13515=DIRECTION('',(0.,1.,0.));
#13516=CARTESIAN_POINT('',(-115.,-115.,36.));
#13517=CARTESIAN_POINT('',(-115.,-115.,7.99999999999999));
#13518=VECTOR('',#13519,1.);
#13519=DIRECTION('',(0.,0.,1.));
#13520=CARTESIAN_POINT('',(-115.,-115.,36.));
#13521=VECTOR('',#13522,1.);
#13522=DIRECTION('',(0.,1.,0.));
#13523=CARTESIAN_POINT('',(-115.,-115.,36.));
#13524=VECTOR('',#13525,1.);
#13525=DIRECTION('',(-1.,0.,0.));
#13526=CARTESIAN_POINT('',(-112.5,-115.,7.99999999999999));
#13527=CARTESIAN_POINT('',(-112.5,-115.,36.));
#13528=CARTESIAN_POINT('',(-112.5,-115.,36.));
#13529=VECTOR('',#13530,1.);
#13530=DIRECTION('',(0.,0.,-1.));
#13531=CARTESIAN_POINT('',(-112.5,-115.,7.99999999999999));
#13532=VECTOR('',#13533,1.);
#13533=DIRECTION('',(0.,1.,0.));
#13534=CARTESIAN_POINT('',(-112.5,-115.,36.));
#13535=VECTOR('',#13536,1.);
#13536=DIRECTION('',(0.,1.,0.));
#13537=CARTESIAN_POINT('',(-111.,-115.,7.99999999999999));
#13538=CARTESIAN_POINT('',(-112.5,-115.,7.99999999999999));
#13539=VECTOR('',#13540,1.);
#13540=DIRECTION('',(1.,0.,1.18423789293349E-15));
#13541=CARTESIAN_POINT('',(-111.,-115.,7.99999999999999));
#13542=VECTOR('',#13543,1.);
#13543=DIRECTION('',(0.,1.,0.));
#13544=CARTESIAN_POINT('',(-111.,-115.,36.));
#13545=CARTESIAN_POINT('',(-111.,-115.,7.99999999999999));
#13546=VECTOR('',#13547,1.);
#13547=DIRECTION('',(0.,0.,1.));
#13548=CARTESIAN_POINT('',(-111.,-115.,36.));
#13549=VECTOR('',#13550,1.);
#13550=DIRECTION('',(0.,1.,0.));
#13551=CARTESIAN_POINT('',(-111.,-115.,36.));
#13552=VECTOR('',#13553,1.);
#13553=DIRECTION('',(-1.,0.,0.));
#13554=CARTESIAN_POINT('',(-108.5,-115.,7.99999999999999));
#13555=CARTESIAN_POINT('',(-108.5,-115.,36.));
#13556=CARTESIAN_POINT('',(-108.5,-115.,36.));
#13557=VECTOR('',#13558,1.);
#13558=DIRECTION('',(0.,0.,-1.));
#13559=CARTESIAN_POINT('',(-108.5,-115.,7.99999999999999));
#13560=VECTOR('',#13561,1.);
#13561=DIRECTION('',(0.,1.,0.));
#13562=CARTESIAN_POINT('',(-108.5,-115.,36.));
#13563=VECTOR('',#13564,1.);
#13564=DIRECTION('',(0.,1.,0.));
#13565=CARTESIAN_POINT('',(-107.,-115.,7.99999999999999));
#13566=CARTESIAN_POINT('',(-108.5,-115.,7.99999999999999));
#13567=VECTOR('',#13568,1.);
#13568=DIRECTION('',(1.,0.,0.));
#13569=CARTESIAN_POINT('',(-107.,-115.,7.99999999999999));
#13570=VECTOR('',#13571,1.);
#13571=DIRECTION('',(0.,1.,0.));
#13572=CARTESIAN_POINT('',(-107.,-115.,36.));
#13573=CARTESIAN_POINT('',(-107.,-115.,7.99999999999999));
#13574=VECTOR('',#13575,1.);
#13575=DIRECTION('',(0.,0.,1.));
#13576=CARTESIAN_POINT('',(-107.,-115.,36.));
#13577=VECTOR('',#13578,1.);
#13578=DIRECTION('',(0.,1.,0.));
#13579=CARTESIAN_POINT('',(-107.,-115.,36.));
#13580=VECTOR('',#13581,1.);
#13581=DIRECTION('',(-1.,0.,0.));
#13582=CARTESIAN_POINT('',(-92.5,-115.,7.99999999999999));
#13583=CARTESIAN_POINT('',(-92.5,-115.,36.));
#13584=CARTESIAN_POINT('',(-92.5,-115.,36.));
#13585=VECTOR('',#13586,1.);
#13586=DIRECTION('',(0.,0.,-1.));
#13587=CARTESIAN_POINT('',(-92.5,-115.,7.99999999999999));
#13588=VECTOR('',#13589,1.);
#13589=DIRECTION('',(0.,1.,0.));
#13590=CARTESIAN_POINT('',(-92.5,-115.,36.));
#13591=VECTOR('',#13592,1.);
#13592=DIRECTION('',(0.,1.,0.));
#13593=CARTESIAN_POINT('',(-91.,-115.,7.99999999999999));
#13594=CARTESIAN_POINT('',(-92.5,-115.,7.99999999999999));
#13595=VECTOR('',#13596,1.);
#13596=DIRECTION('',(1.,0.,0.));
#13597=CARTESIAN_POINT('',(-91.,-115.,7.99999999999999));
#13598=VECTOR('',#13599,1.);
#13599=DIRECTION('',(0.,1.,0.));
#13600=CARTESIAN_POINT('',(-91.,-115.,36.));
#13601=CARTESIAN_POINT('',(-91.,-115.,7.99999999999999));
#13602=VECTOR('',#13603,1.);
#13603=DIRECTION('',(0.,0.,1.));
#13604=CARTESIAN_POINT('',(-91.,-115.,36.));
#13605=VECTOR('',#13606,1.);
#13606=DIRECTION('',(0.,1.,0.));
#13607=CARTESIAN_POINT('',(-91.,-115.,36.));
#13608=VECTOR('',#13609,1.);
#13609=DIRECTION('',(-1.,0.,0.));
#13610=CARTESIAN_POINT('',(-88.5,-115.,7.99999999999999));
#13611=CARTESIAN_POINT('',(-88.5,-115.,36.));
#13612=CARTESIAN_POINT('',(-88.5,-115.,36.));
#13613=VECTOR('',#13614,1.);
#13614=DIRECTION('',(0.,0.,-1.));
#13615=CARTESIAN_POINT('',(-88.5,-115.,7.99999999999999));
#13616=VECTOR('',#13617,1.);
#13617=DIRECTION('',(0.,1.,0.));
#13618=CARTESIAN_POINT('',(-88.5,-115.,36.));
#13619=VECTOR('',#13620,1.);
#13620=DIRECTION('',(0.,1.,0.));
#13621=CARTESIAN_POINT('',(-87.,-115.,7.99999999999999));
#13622=CARTESIAN_POINT('',(-88.5,-115.,7.99999999999999));
#13623=VECTOR('',#13624,1.);
#13624=DIRECTION('',(1.,0.,0.));
#13625=CARTESIAN_POINT('',(-87.,-115.,7.99999999999999));
#13626=VECTOR('',#13627,1.);
#13627=DIRECTION('',(0.,1.,0.));
#13628=CARTESIAN_POINT('',(-87.,-115.,36.));
#13629=CARTESIAN_POINT('',(-87.,-115.,7.99999999999999));
#13630=VECTOR('',#13631,1.);
#13631=DIRECTION('',(0.,0.,1.));
#13632=CARTESIAN_POINT('',(-87.,-115.,36.));
#13633=VECTOR('',#13634,1.);
#13634=DIRECTION('',(0.,1.,0.));
#13635=CARTESIAN_POINT('',(-87.,-115.,36.));
#13636=VECTOR('',#13637,1.);
#13637=DIRECTION('',(-1.,0.,-4.73695157173396E-15));
#13638=CARTESIAN_POINT('',(-84.5,-115.,7.99999999999999));
#13639=CARTESIAN_POINT('',(-84.5,-115.,36.));
#13640=CARTESIAN_POINT('',(-84.5,-115.,36.));
#13641=VECTOR('',#13642,1.);
#13642=DIRECTION('',(0.,0.,-1.));
#13643=CARTESIAN_POINT('',(-84.5,-115.,7.99999999999999));
#13644=VECTOR('',#13645,1.);
#13645=DIRECTION('',(0.,1.,0.));
#13646=CARTESIAN_POINT('',(-84.5,-115.,36.));
#13647=VECTOR('',#13648,1.);
#13648=DIRECTION('',(0.,1.,0.));
#13649=CARTESIAN_POINT('',(-83.,-115.,7.99999999999999));
#13650=CARTESIAN_POINT('',(-84.5,-115.,7.99999999999999));
#13651=VECTOR('',#13652,1.);
#13652=DIRECTION('',(1.,0.,5.92118946466745E-16));
#13653=CARTESIAN_POINT('',(-83.,-115.,7.99999999999999));
#13654=VECTOR('',#13655,1.);
#13655=DIRECTION('',(0.,1.,0.));
#13656=CARTESIAN_POINT('',(-83.,-115.,36.));
#13657=CARTESIAN_POINT('',(-83.,-115.,7.99999999999999));
#13658=VECTOR('',#13659,1.);
#13659=DIRECTION('',(0.,0.,1.));
#13660=CARTESIAN_POINT('',(-83.,-115.,36.));
#13661=VECTOR('',#13662,1.);
#13662=DIRECTION('',(0.,1.,0.));
#13663=CARTESIAN_POINT('',(-83.,-115.,36.));
#13664=VECTOR('',#13665,1.);
#13665=DIRECTION('',(-1.,0.,0.));
#13666=CARTESIAN_POINT('',(-80.5,-115.,7.99999999999999));
#13667=CARTESIAN_POINT('',(-80.5,-115.,36.));
#13668=CARTESIAN_POINT('',(-80.5,-115.,36.));
#13669=VECTOR('',#13670,1.);
#13670=DIRECTION('',(0.,0.,-1.));
#13671=CARTESIAN_POINT('',(-80.5,-115.,7.99999999999999));
#13672=VECTOR('',#13673,1.);
#13673=DIRECTION('',(0.,1.,0.));
#13674=CARTESIAN_POINT('',(-80.5,-115.,36.));
#13675=VECTOR('',#13676,1.);
#13676=DIRECTION('',(0.,1.,0.));
#13677=CARTESIAN_POINT('',(-79.,-115.,7.99999999999999));
#13678=CARTESIAN_POINT('',(-80.5,-115.,7.99999999999999));
#13679=VECTOR('',#13680,1.);
#13680=DIRECTION('',(1.,0.,0.));
#13681=CARTESIAN_POINT('',(-79.,-115.,7.99999999999999));
#13682=VECTOR('',#13683,1.);
#13683=DIRECTION('',(0.,1.,0.));
#13684=CARTESIAN_POINT('',(-79.,-115.,36.));
#13685=CARTESIAN_POINT('',(-79.,-115.,7.99999999999999));
#13686=VECTOR('',#13687,1.);
#13687=DIRECTION('',(0.,0.,1.));
#13688=CARTESIAN_POINT('',(-79.,-115.,36.));
#13689=VECTOR('',#13690,1.);
#13690=DIRECTION('',(0.,1.,0.));
#13691=CARTESIAN_POINT('',(-79.,-115.,36.));
#13692=VECTOR('',#13693,1.);
#13693=DIRECTION('',(-1.,0.,0.));
#13694=CARTESIAN_POINT('',(-76.5,-115.,7.99999999999999));
#13695=CARTESIAN_POINT('',(-76.5,-115.,36.));
#13696=CARTESIAN_POINT('',(-76.5,-115.,36.));
#13697=VECTOR('',#13698,1.);
#13698=DIRECTION('',(0.,0.,-1.));
#13699=CARTESIAN_POINT('',(-76.5,-115.,7.99999999999999));
#13700=VECTOR('',#13701,1.);
#13701=DIRECTION('',(0.,1.,0.));
#13702=CARTESIAN_POINT('',(-76.5,-115.,36.));
#13703=VECTOR('',#13704,1.);
#13704=DIRECTION('',(0.,1.,0.));
#13705=CARTESIAN_POINT('',(-75.,-115.,7.99999999999999));
#13706=CARTESIAN_POINT('',(-76.5,-115.,7.99999999999999));
#13707=VECTOR('',#13708,1.);
#13708=DIRECTION('',(1.,0.,5.92118946466745E-16));
#13709=CARTESIAN_POINT('',(-75.,-115.,7.99999999999999));
#13710=VECTOR('',#13711,1.);
#13711=DIRECTION('',(0.,1.,0.));
#13712=CARTESIAN_POINT('',(-75.,-115.,36.));
#13713=CARTESIAN_POINT('',(-75.,-115.,7.99999999999999));
#13714=VECTOR('',#13715,1.);
#13715=DIRECTION('',(0.,0.,1.));
#13716=CARTESIAN_POINT('',(-75.,-115.,36.));
#13717=VECTOR('',#13718,1.);
#13718=DIRECTION('',(0.,1.,0.));
#13719=CARTESIAN_POINT('',(-75.,-115.,36.));
#13720=VECTOR('',#13721,1.);
#13721=DIRECTION('',(-1.,0.,0.));
#13722=CARTESIAN_POINT('',(-72.5,-115.,7.99999999999999));
#13723=CARTESIAN_POINT('',(-72.5,-115.,36.));
#13724=CARTESIAN_POINT('',(-72.5,-115.,36.));
#13725=VECTOR('',#13726,1.);
#13726=DIRECTION('',(0.,0.,-1.));
#13727=CARTESIAN_POINT('',(-72.5,-115.,7.99999999999999));
#13728=VECTOR('',#13729,1.);
#13729=DIRECTION('',(0.,1.,0.));
#13730=CARTESIAN_POINT('',(-72.5,-115.,36.));
#13731=VECTOR('',#13732,1.);
#13732=DIRECTION('',(0.,1.,0.));
#13733=CARTESIAN_POINT('',(-71.,-115.,7.99999999999999));
#13734=CARTESIAN_POINT('',(-72.5,-115.,7.99999999999999));
#13735=VECTOR('',#13736,1.);
#13736=DIRECTION('',(1.,0.,0.));
#13737=CARTESIAN_POINT('',(-71.,-115.,7.99999999999999));
#13738=VECTOR('',#13739,1.);
#13739=DIRECTION('',(0.,1.,0.));
#13740=CARTESIAN_POINT('',(-71.,-115.,36.));
#13741=CARTESIAN_POINT('',(-71.,-115.,7.99999999999999));
#13742=VECTOR('',#13743,1.);
#13743=DIRECTION('',(0.,0.,1.));
#13744=CARTESIAN_POINT('',(-71.,-115.,36.));
#13745=VECTOR('',#13746,1.);
#13746=DIRECTION('',(0.,1.,0.));
#13747=CARTESIAN_POINT('',(-71.,-115.,36.));
#13748=VECTOR('',#13749,1.);
#13749=DIRECTION('',(-1.,0.,0.));
#13750=CARTESIAN_POINT('',(-68.5,-115.,7.99999999999999));
#13751=CARTESIAN_POINT('',(-68.5,-115.,36.));
#13752=CARTESIAN_POINT('',(-68.5,-115.,36.));
#13753=VECTOR('',#13754,1.);
#13754=DIRECTION('',(0.,0.,-1.));
#13755=CARTESIAN_POINT('',(-68.5,-115.,7.99999999999999));
#13756=VECTOR('',#13757,1.);
#13757=DIRECTION('',(0.,1.,0.));
#13758=CARTESIAN_POINT('',(-68.5,-115.,36.));
#13759=VECTOR('',#13760,1.);
#13760=DIRECTION('',(0.,1.,0.));
#13761=CARTESIAN_POINT('',(-67.,-115.,7.99999999999999));
#13762=CARTESIAN_POINT('',(-68.5,-115.,7.99999999999999));
#13763=VECTOR('',#13764,1.);
#13764=DIRECTION('',(1.,0.,0.));
#13765=CARTESIAN_POINT('',(-67.,-115.,7.99999999999999));
#13766=VECTOR('',#13767,1.);
#13767=DIRECTION('',(0.,1.,0.));
#13768=CARTESIAN_POINT('',(-67.,-115.,36.));
#13769=CARTESIAN_POINT('',(-67.,-115.,7.99999999999999));
#13770=VECTOR('',#13771,1.);
#13771=DIRECTION('',(0.,0.,1.));
#13772=CARTESIAN_POINT('',(-67.,-115.,36.));
#13773=VECTOR('',#13774,1.);
#13774=DIRECTION('',(0.,1.,0.));
#13775=CARTESIAN_POINT('',(-67.,-115.,36.));
#13776=VECTOR('',#13777,1.);
#13777=DIRECTION('',(-1.,0.,0.));
#13778=CARTESIAN_POINT('',(-64.5,-115.,7.99999999999999));
#13779=CARTESIAN_POINT('',(-64.5,-115.,36.));
#13780=CARTESIAN_POINT('',(-64.5,-115.,36.));
#13781=VECTOR('',#13782,1.);
#13782=DIRECTION('',(0.,0.,-1.));
#13783=CARTESIAN_POINT('',(-64.5,-115.,7.99999999999999));
#13784=VECTOR('',#13785,1.);
#13785=DIRECTION('',(0.,1.,0.));
#13786=CARTESIAN_POINT('',(-64.5,-115.,36.));
#13787=VECTOR('',#13788,1.);
#13788=DIRECTION('',(0.,1.,0.));
#13789=CARTESIAN_POINT('',(-63.,-115.,7.99999999999999));
#13790=CARTESIAN_POINT('',(-64.5,-115.,7.99999999999999));
#13791=VECTOR('',#13792,1.);
#13792=DIRECTION('',(1.,0.,0.));
#13793=CARTESIAN_POINT('',(-63.,-115.,7.99999999999999));
#13794=VECTOR('',#13795,1.);
#13795=DIRECTION('',(0.,1.,0.));
#13796=CARTESIAN_POINT('',(-63.,-115.,36.));
#13797=CARTESIAN_POINT('',(-63.,-115.,7.99999999999999));
#13798=VECTOR('',#13799,1.);
#13799=DIRECTION('',(-2.53765262771464E-16,0.,1.));
#13800=CARTESIAN_POINT('',(-63.,-115.,36.));
#13801=VECTOR('',#13802,1.);
#13802=DIRECTION('',(0.,1.,0.));
#13803=CARTESIAN_POINT('',(-63.,-115.,36.));
#13804=VECTOR('',#13805,1.);
#13805=DIRECTION('',(-1.,0.,0.));
#13806=CARTESIAN_POINT('',(-60.5,-115.,7.99999999999999));
#13807=CARTESIAN_POINT('',(-60.5,-115.,36.));
#13808=CARTESIAN_POINT('',(-60.5,-115.,36.));
#13809=VECTOR('',#13810,1.);
#13810=DIRECTION('',(2.53765262771464E-16,0.,-1.));
#13811=CARTESIAN_POINT('',(-60.5,-115.,7.99999999999999));
#13812=VECTOR('',#13813,1.);
#13813=DIRECTION('',(0.,1.,0.));
#13814=CARTESIAN_POINT('',(-60.5,-115.,36.));
#13815=VECTOR('',#13816,1.);
#13816=DIRECTION('',(0.,1.,0.));
#13817=CARTESIAN_POINT('',(-59.,-115.,7.99999999999999));
#13818=CARTESIAN_POINT('',(-60.5,-115.,7.99999999999999));
#13819=VECTOR('',#13820,1.);
#13820=DIRECTION('',(1.,0.,0.));
#13821=CARTESIAN_POINT('',(-59.,-115.,7.99999999999999));
#13822=VECTOR('',#13823,1.);
#13823=DIRECTION('',(0.,1.,0.));
#13824=CARTESIAN_POINT('',(-59.,-115.,36.));
#13825=CARTESIAN_POINT('',(-59.,-115.,7.99999999999999));
#13826=VECTOR('',#13827,1.);
#13827=DIRECTION('',(-2.53765262771464E-16,0.,1.));
#13828=CARTESIAN_POINT('',(-59.,-115.,36.));
#13829=VECTOR('',#13830,1.);
#13830=DIRECTION('',(0.,1.,0.));
#13831=CARTESIAN_POINT('',(-59.,-115.,36.));
#13832=VECTOR('',#13833,1.);
#13833=DIRECTION('',(-1.,0.,0.));
#13834=CARTESIAN_POINT('',(-56.5,-115.,7.99999999999999));
#13835=CARTESIAN_POINT('',(-56.5,-115.,36.));
#13836=CARTESIAN_POINT('',(-56.5,-115.,36.));
#13837=VECTOR('',#13838,1.);
#13838=DIRECTION('',(2.53765262771464E-16,0.,-1.));
#13839=CARTESIAN_POINT('',(-56.5,-115.,8.));
#13840=VECTOR('',#13841,1.);
#13841=DIRECTION('',(0.,1.,0.));
#13842=CARTESIAN_POINT('',(-56.5,-115.,36.));
#13843=VECTOR('',#13844,1.);
#13844=DIRECTION('',(0.,1.,0.));
#13845=CARTESIAN_POINT('',(-55.,-115.,7.99999999999999));
#13846=CARTESIAN_POINT('',(-56.5,-115.,8.));
#13847=VECTOR('',#13848,1.);
#13848=DIRECTION('',(1.,0.,0.));
#13849=CARTESIAN_POINT('',(-55.,-115.,8.));
#13850=VECTOR('',#13851,1.);
#13851=DIRECTION('',(0.,1.,0.));
#13852=CARTESIAN_POINT('',(-55.,-115.,36.));
#13853=CARTESIAN_POINT('',(-55.,-115.,7.99999999999999));
#13854=VECTOR('',#13855,1.);
#13855=DIRECTION('',(-2.53765262771464E-16,0.,1.));
#13856=CARTESIAN_POINT('',(-55.,-115.,36.));
#13857=VECTOR('',#13858,1.);
#13858=DIRECTION('',(0.,1.,0.));
#13859=CARTESIAN_POINT('',(-55.,-115.,36.));
#13860=VECTOR('',#13861,1.);
#13861=DIRECTION('',(-1.,0.,0.));
#13862=CARTESIAN_POINT('',(-52.5,-115.,7.99999999999999));
#13863=CARTESIAN_POINT('',(-52.5,-115.,36.));
#13864=CARTESIAN_POINT('',(-52.5,-115.,36.));
#13865=VECTOR('',#13866,1.);
#13866=DIRECTION('',(2.53765262771464E-16,0.,-1.));
#13867=CARTESIAN_POINT('',(-52.5,-115.,8.));
#13868=VECTOR('',#13869,1.);
#13869=DIRECTION('',(0.,1.,0.));
#13870=CARTESIAN_POINT('',(-52.5,-115.,36.));
#13871=VECTOR('',#13872,1.);
#13872=DIRECTION('',(0.,1.,0.));
#13873=CARTESIAN_POINT('',(-51.,-115.,7.99999999999999));
#13874=CARTESIAN_POINT('',(-52.5,-115.,8.));
#13875=VECTOR('',#13876,1.);
#13876=DIRECTION('',(1.,0.,0.));
#13877=CARTESIAN_POINT('',(-51.,-115.,8.));
#13878=VECTOR('',#13879,1.);
#13879=DIRECTION('',(0.,1.,0.));
#13880=CARTESIAN_POINT('',(-51.,-115.,36.));
#13881=CARTESIAN_POINT('',(-51.,-115.,7.99999999999999));
#13882=VECTOR('',#13883,1.);
#13883=DIRECTION('',(-2.53765262771464E-16,0.,1.));
#13884=CARTESIAN_POINT('',(-51.,-115.,36.));
#13885=VECTOR('',#13886,1.);
#13886=DIRECTION('',(0.,1.,0.));
#13887=CARTESIAN_POINT('',(-51.,-115.,36.));
#13888=VECTOR('',#13889,1.);
#13889=DIRECTION('',(-1.,0.,0.));
#13890=CARTESIAN_POINT('',(-48.5,-115.,7.99999999999999));
#13891=CARTESIAN_POINT('',(-48.5,-115.,36.));
#13892=CARTESIAN_POINT('',(-48.5,-115.,36.));
#13893=VECTOR('',#13894,1.);
#13894=DIRECTION('',(2.53765262771464E-16,0.,-1.));
#13895=CARTESIAN_POINT('',(-48.5,-115.,7.99999999999999));
#13896=VECTOR('',#13897,1.);
#13897=DIRECTION('',(0.,1.,0.));
#13898=CARTESIAN_POINT('',(-48.5,-115.,36.));
#13899=VECTOR('',#13900,1.);
#13900=DIRECTION('',(0.,1.,0.));
#13901=CARTESIAN_POINT('',(-47.,-115.,7.99999999999999));
#13902=CARTESIAN_POINT('',(-48.5,-115.,7.99999999999999));
#13903=VECTOR('',#13904,1.);
#13904=DIRECTION('',(1.,0.,5.9211894646675E-16));
#13905=CARTESIAN_POINT('',(-47.,-115.,7.99999999999999));
#13906=VECTOR('',#13907,1.);
#13907=DIRECTION('',(0.,1.,0.));
#13908=CARTESIAN_POINT('',(-47.,-115.,36.));
#13909=CARTESIAN_POINT('',(-47.,-115.,7.99999999999999));
#13910=VECTOR('',#13911,1.);
#13911=DIRECTION('',(-2.53765262771464E-16,0.,1.));
#13912=CARTESIAN_POINT('',(-47.,-115.,36.));
#13913=VECTOR('',#13914,1.);
#13914=DIRECTION('',(0.,1.,0.));
#13915=CARTESIAN_POINT('',(-47.,-115.,36.));
#13916=VECTOR('',#13917,1.);
#13917=DIRECTION('',(-1.,0.,0.));
#13918=CARTESIAN_POINT('',(-44.5,-115.,7.99999999999999));
#13919=CARTESIAN_POINT('',(-44.5,-115.,36.));
#13920=CARTESIAN_POINT('',(-44.5,-115.,36.));
#13921=VECTOR('',#13922,1.);
#13922=DIRECTION('',(2.53765262771464E-16,0.,-1.));
#13923=CARTESIAN_POINT('',(-44.5,-115.,7.99999999999999));
#13924=VECTOR('',#13925,1.);
#13925=DIRECTION('',(0.,1.,0.));
#13926=CARTESIAN_POINT('',(-44.5,-115.,36.));
#13927=VECTOR('',#13928,1.);
#13928=DIRECTION('',(0.,1.,0.));
#13929=CARTESIAN_POINT('',(-43.,-115.,7.99999999999999));
#13930=CARTESIAN_POINT('',(-44.5,-115.,7.99999999999999));
#13931=VECTOR('',#13932,1.);
#13932=DIRECTION('',(1.,0.,0.));
#13933=CARTESIAN_POINT('',(-43.,-115.,7.99999999999999));
#13934=VECTOR('',#13935,1.);
#13935=DIRECTION('',(0.,1.,0.));
#13936=CARTESIAN_POINT('',(-43.,-115.,36.));
#13937=CARTESIAN_POINT('',(-43.,-115.,7.99999999999999));
#13938=VECTOR('',#13939,1.);
#13939=DIRECTION('',(-2.53765262771464E-16,0.,1.));
#13940=CARTESIAN_POINT('',(-43.,-115.,36.));
#13941=VECTOR('',#13942,1.);
#13942=DIRECTION('',(0.,1.,0.));
#13943=CARTESIAN_POINT('',(-43.,-115.,36.));
#13944=VECTOR('',#13945,1.);
#13945=DIRECTION('',(-1.,0.,0.));
#13946=CARTESIAN_POINT('',(-36.5,-115.,7.99999999999999));
#13947=CARTESIAN_POINT('',(-36.5,-115.,36.));
#13948=CARTESIAN_POINT('',(-36.5,-115.,36.));
#13949=VECTOR('',#13950,1.);
#13950=DIRECTION('',(2.53765262771464E-16,0.,-1.));
#13951=CARTESIAN_POINT('',(-36.5,-115.,8.));
#13952=VECTOR('',#13953,1.);
#13953=DIRECTION('',(0.,1.,0.));
#13954=CARTESIAN_POINT('',(-36.5,-115.,36.));
#13955=VECTOR('',#13956,1.);
#13956=DIRECTION('',(0.,1.,0.));
#13957=CARTESIAN_POINT('',(-35.,-115.,7.99999999999999));
#13958=CARTESIAN_POINT('',(-36.5,-115.,8.));
#13959=VECTOR('',#13960,1.);
#13960=DIRECTION('',(1.,0.,0.));
#13961=CARTESIAN_POINT('',(-35.,-115.,8.));
#13962=VECTOR('',#13963,1.);
#13963=DIRECTION('',(0.,1.,0.));
#13964=CARTESIAN_POINT('',(-35.,-115.,36.));
#13965=CARTESIAN_POINT('',(-35.,-115.,8.));
#13966=VECTOR('',#13967,1.);
#13967=DIRECTION('',(-2.53765262771464E-16,0.,1.));
#13968=CARTESIAN_POINT('',(-35.,-115.,36.));
#13969=VECTOR('',#13970,1.);
#13970=DIRECTION('',(0.,1.,0.));
#13971=CARTESIAN_POINT('',(-35.,-115.,36.));
#13972=VECTOR('',#13973,1.);
#13973=DIRECTION('',(-1.,0.,0.));
#13974=CARTESIAN_POINT('',(-196.,-115.,0.));
#13975=CARTESIAN_POINT('',(-196.,-115.,0.));
#13976=VECTOR('',#13977,1.);
#13977=DIRECTION('',(0.,0.,1.));
#13978=CARTESIAN_POINT('',(-3.99999999999999,-115.,0.));
#13979=CARTESIAN_POINT('',(-196.,-115.,0.));
#13980=VECTOR('',#13981,1.);
#13981=DIRECTION('',(1.,-1.48029736616687E-16,0.));
#13982=CARTESIAN_POINT('',(-3.99999999999998,-115.,0.));
#13983=VECTOR('',#13984,1.);
#13984=DIRECTION('',(-4.2390333667506E-16,0.,1.));
#13985=CARTESIAN_POINT('',(-99.,-115.,36.));
#13986=VECTOR('',#13987,1.);
#13987=DIRECTION('',(-1.,0.,0.));
#13988=CARTESIAN_POINT('',(-3.00000000000001,-91.,7.));
#13989=CARTESIAN_POINT('',(-1.00000000000001,-91.,7.));
#13990=VECTOR('',#13991,1.);
#13991=DIRECTION('',(-1.,0.,0.));
#13992=CARTESIAN_POINT('',(-3.00000000000001,-91.,8.));
#13993=VECTOR('',#13994,1.);
#13994=DIRECTION('',(0.,0.,-1.));
#13995=CARTESIAN_POINT('',(-3.,-6.,8.));
#13996=CARTESIAN_POINT('',(-3.,-5.99999999999999,35.));
#13997=CARTESIAN_POINT('',(-3.,-6.,8.));
#13998=VECTOR('',#13999,1.);
#13999=DIRECTION('',(0.,0.,1.));
#14000=CARTESIAN_POINT('',(-3.00000000000001,-23.,8.));
#14001=CARTESIAN_POINT('',(-3.,-6.,8.));
#14002=VECTOR('',#14003,1.);
#14003=DIRECTION('',(-1.30614473485313E-16,-1.,0.));
#14004=CARTESIAN_POINT('',(-3.00000000000001,-23.,8.));
#14005=VECTOR('',#14006,1.);
#14006=DIRECTION('',(-7.85046229341887E-17,-0.707106781186548,-0.707106781186547));
#14007=CARTESIAN_POINT('',(-3.00000000000001,-63.4721359549996,4.));
#14008=CARTESIAN_POINT('',(-3.00000000000001,-63.3924003525899,4.05942529520247));
#14009=CARTESIAN_POINT('',(-3.00000000000001,-63.2336449408717,4.17637585148329));
#14010=CARTESIAN_POINT('',(-3.00000000000001,-62.9939391066989,4.34826679945155));
#14011=CARTESIAN_POINT('',(-3.00000000000001,-62.8094980165609,4.47663866944269));
#14012=CARTESIAN_POINT('',(-3.00000000000001,-62.6531662645988,4.58306868209098));
#14013=CARTESIAN_POINT('',(-3.00000000000001,-62.5006364498371,4.68516854355233));
#14014=CARTESIAN_POINT('',(-3.00000000000001,-62.2981502584414,4.81659535659105));
#14015=CARTESIAN_POINT('',(-3.00000000000001,-62.074828013151,4.95575477285033));
#14016=CARTESIAN_POINT('',(-3.00000000000001,-61.8571560193849,5.08542082573821));
#14017=CARTESIAN_POINT('',(-3.00000000000001,-61.6445584197308,5.20588943305986));
#14018=CARTESIAN_POINT('',(-3.00000000000001,-61.5021274963101,5.28226372123793));
#14019=CARTESIAN_POINT('',(-3.00000000000001,-61.3630543440244,5.35451118653816));
#14020=CARTESIAN_POINT('',(-3.00000000000001,-61.2273339713615,5.42281051802236));
#14021=CARTESIAN_POINT('',(-3.,-61.0305610745732,5.51521381528148));
#14022=CARTESIAN_POINT('',(-3.,-60.8611873063999,5.58895350710202));
#14023=CARTESIAN_POINT('',(-3.,-60.7374138219878,5.63924945351833));
#14024=CARTESIAN_POINT('',(-3.,-60.6198746104005,5.68491653638713));
#14025=CARTESIAN_POINT('',(-3.,-60.4890316274913,5.73278413651162));
#14026=CARTESIAN_POINT('',(-3.,-60.328008624487,5.78618461720467));
#14027=CARTESIAN_POINT('',(-3.,-60.218147444494,5.81893881404392));
#14028=CARTESIAN_POINT('',(-3.,-60.1182769119492,5.84686818254614));
#14029=CARTESIAN_POINT('',(-3.,-60.0192566899269,5.87294090875133));
#14030=CARTESIAN_POINT('',(-3.,-59.8962575562496,5.9013716581738));
#14031=CARTESIAN_POINT('',(-3.,-59.7948563175532,5.92202442570547));
#14032=CARTESIAN_POINT('',(-3.,-59.7067455745001,5.93836747896889));
#14033=CARTESIAN_POINT('',(-3.,-59.6170506912449,5.95309216794966));
#14034=CARTESIAN_POINT('',(-3.,-59.4920943202158,5.97057788672768));
#14035=CARTESIAN_POINT('',(-3.,-59.3982624324573,5.98068612350891));
#14036=CARTESIAN_POINT('',(-3.,-59.274168382663,5.99110921857987));
#14037=CARTESIAN_POINT('',(-3.,-59.1700740012593,5.99731330824579));
#14038=CARTESIAN_POINT('',(-3.,-59.0603264019504,5.9997962850161));
#14039=CARTESIAN_POINT('',(-3.,-59.0075909534624,6.00001415682666));
#14040=CARTESIAN_POINT('',(-3.,-58.9736575189861,5.99997055451114));
#14041=CARTESIAN_POINT('',(-3.,-58.9216480884175,5.99945675173625));
#14042=CARTESIAN_POINT('',(-3.,-58.8444360967731,5.99728769747113));
#14043=CARTESIAN_POINT('',(-3.,-58.7588934178129,5.99303719555874));
#14044=CARTESIAN_POINT('',(-3.,-58.6891616749282,5.98810399814712));
#14045=CARTESIAN_POINT('',(-3.,-58.633983456154,5.98335830436864));
#14046=CARTESIAN_POINT('',(-3.,-58.5797782836559,5.97814670348541));
#14047=CARTESIAN_POINT('',(-3.,-58.5122578405629,5.97063476025289));
#14048=CARTESIAN_POINT('',(-3.,-58.4322515526627,5.96016617822572));
#14049=CARTESIAN_POINT('',(-3.,-58.3557361777249,5.94867265348386));
#14050=CARTESIAN_POINT('',(-3.,-58.3025489370433,5.93972579228771));
#14051=CARTESIAN_POINT('',(-3.,-58.2490261770713,5.93021334539161));
#14052=CARTESIAN_POINT('',(-3.,-58.1918709350016,5.9194372480364));
#14053=CARTESIAN_POINT('',(-3.,-58.1108607156551,5.90262618837913));
#14054=CARTESIAN_POINT('',(-3.,-58.0487611811026,5.88856601642243));
#14055=CARTESIAN_POINT('',(-3.,-57.9939606436333,5.87549445569041));
#14056=CARTESIAN_POINT('',(-3.,-57.9382847892631,5.86168732445456));
#14057=CARTESIAN_POINT('',(-3.,-57.8625331868444,5.84167801820891));
#14058=CARTESIAN_POINT('',(-3.,-57.7769654566912,5.81747182265578));
#14059=CARTESIAN_POINT('',(-3.,-57.7006904798169,5.79445464005525));
#14060=CARTESIAN_POINT('',(-3.,-57.640984900966,5.77551295330077));
#14061=CARTESIAN_POINT('',(-3.,-57.5781097038311,5.75495884639369));
#14062=CARTESIAN_POINT('',(-3.,-57.5008009574299,5.728610202847));
#14063=CARTESIAN_POINT('',(-3.,-57.3996077031709,5.69207797168808));
#14064=CARTESIAN_POINT('',(-3.,-57.2937393941774,5.65167019389832));
#14065=CARTESIAN_POINT('',(-3.,-57.1957946409875,5.61220828850977));
#14066=CARTESIAN_POINT('',(-3.,-57.1197171489758,5.58021513450494));
#14067=CARTESIAN_POINT('',(-3.,-57.0407257798927,5.54614057839771));
#14068=CARTESIAN_POINT('',(-3.,-56.9447483965841,5.50332625629075));
#14069=CARTESIAN_POINT('',(-3.,-56.8188349380559,5.44443424331139));
#14070=CARTESIAN_POINT('',(-3.,-56.6854527203558,5.37912834749929));
#14071=CARTESIAN_POINT('',(-3.,-56.5877029807631,5.32909984365892));
#14072=CARTESIAN_POINT('',(-3.,-56.4925797056138,5.27922888420952));
#14073=CARTESIAN_POINT('',(-3.,-56.3931630796063,5.22599810070235));
#14074=CARTESIAN_POINT('',(-3.,-56.2484569029926,5.14556576626003));
#14075=CARTESIAN_POINT('',(-3.,-56.0902879567308,5.05421520670513));
#14076=CARTESIAN_POINT('',(-3.,-55.928356589898,4.95724803571326));
#14077=CARTESIAN_POINT('',(-3.,-55.8193917617177,4.88976807891569));
#14078=CARTESIAN_POINT('',(-3.,-55.7083577742953,4.81994408380611));
#14079=CARTESIAN_POINT('',(-3.,-55.5944855094785,4.74719697642978));
#14080=CARTESIAN_POINT('',(-3.,-55.4223759023992,4.63401447083886));
#14081=CARTESIAN_POINT('',(-3.,-55.2475315258807,4.51588706193956));
#14082=CARTESIAN_POINT('',(-3.,-55.0815654810343,4.400916866466));
#14083=CARTESIAN_POINT('',(-3.,-54.9629779907288,4.31703702346067));
#14084=CARTESIAN_POINT('',(-3.,-54.8423629127791,4.23079451068092));
#14085=CARTESIAN_POINT('',(-3.,-54.7088966078561,4.13412948572818));
#14086=CARTESIAN_POINT('',(-3.,-54.5883227814395,4.04506188402938));
#14087=CARTESIAN_POINT('',(-3.,-54.5278640450004,4.));
#14088=CARTESIAN_POINT('',(-3.00000000000001,-85.4721359549996,4.));
#14089=CARTESIAN_POINT('',(-3.00000000000001,-85.3924003525899,4.05942529520246));
#14090=CARTESIAN_POINT('',(-3.00000000000001,-85.2336449408718,4.17637585148329));
#14091=CARTESIAN_POINT('',(-3.00000000000001,-84.9939391066989,4.34826679945158));
#14092=CARTESIAN_POINT('',(-3.00000000000001,-84.8094980165609,4.47663866944271));
#14093=CARTESIAN_POINT('',(-3.00000000000001,-84.6531662645987,4.583068682091));
#14094=CARTESIAN_POINT('',(-3.00000000000001,-84.5006364498371,4.68516854355234));
#14095=CARTESIAN_POINT('',(-3.00000000000001,-84.2981502584414,4.81659535659109));
#14096=CARTESIAN_POINT('',(-3.,-84.074828013151,4.95575477285034));
#14097=CARTESIAN_POINT('',(-3.,-83.8571560193849,5.08542082573823));
#14098=CARTESIAN_POINT('',(-2.99999999999999,-83.6445584197308,5.20588943305983));
#14099=CARTESIAN_POINT('',(-2.99999999999999,-83.5021274963102,5.28226372123805));
#14100=CARTESIAN_POINT('',(-2.99999999999998,-83.3630543440243,5.35451118653806));
#14101=CARTESIAN_POINT('',(-2.99999999999997,-83.2273339713615,5.42281051802242));
#14102=CARTESIAN_POINT('',(-2.99999999999996,-83.0305610745732,5.5152138152815));
#14103=CARTESIAN_POINT('',(-2.99999999999996,-82.8611873064,5.58895350710199));
#14104=CARTESIAN_POINT('',(-2.99999999999995,-82.7374138219878,5.63924945351835));
#14105=CARTESIAN_POINT('',(-2.99999999999994,-82.6198746104005,5.68491653638711));
#14106=CARTESIAN_POINT('',(-2.99999999999993,-82.4890316274913,5.73278413651162));
#14107=CARTESIAN_POINT('',(-2.99999999999992,-82.328008624487,5.78618461720467));
#14108=CARTESIAN_POINT('',(-2.99999999999991,-82.218147444494,5.81893881404389));
#14109=CARTESIAN_POINT('',(-2.9999999999999,-82.1182769119492,5.84686818254615));
#14110=CARTESIAN_POINT('',(-2.99999999999989,-82.0192566899269,5.87294090875131));
#14111=CARTESIAN_POINT('',(-2.99999999999988,-81.8962575562496,5.90137165817379));
#14112=CARTESIAN_POINT('',(-2.99999999999987,-81.7948563175532,5.92202442570549));
#14113=CARTESIAN_POINT('',(-2.99999999999986,-81.7067455745002,5.93836747896887));
#14114=CARTESIAN_POINT('',(-2.99999999999986,-81.6170506912449,5.95309216794965));
#14115=CARTESIAN_POINT('',(-2.99999999999984,-81.4920943202158,5.97057788672768));
#14116=CARTESIAN_POINT('',(-2.99999999999983,-81.3982624324573,5.98068612350894));
#14117=CARTESIAN_POINT('',(-2.99999999999982,-81.274168382663,5.99110921857984));
#14118=CARTESIAN_POINT('',(-2.9999999999998,-81.1700740012594,5.99731330824576));
#14119=CARTESIAN_POINT('',(-2.99999999999979,-81.0603264019504,5.99979628501612));
#14120=CARTESIAN_POINT('',(-2.99999999999978,-81.0075909534624,6.00001415682665));
#14121=CARTESIAN_POINT('',(-2.99999999999978,-80.9736575189861,5.99997055451117));
#14122=CARTESIAN_POINT('',(-2.99999999999977,-80.9216480884175,5.99945675173623));
#14123=CARTESIAN_POINT('',(-2.99999999999976,-80.8444360967732,5.99728769747114));
#14124=CARTESIAN_POINT('',(-2.99999999999975,-80.7588934178129,5.99303719555873));
#14125=CARTESIAN_POINT('',(-2.99999999999974,-80.6891616749282,5.98810399814714));
#14126=CARTESIAN_POINT('',(-2.99999999999973,-80.6339834561541,5.98335830436863));
#14127=CARTESIAN_POINT('',(-2.99999999999972,-80.5797782836559,5.97814670348543));
#14128=CARTESIAN_POINT('',(-2.99999999999971,-80.5122578405629,5.97063476025289));
#14129=CARTESIAN_POINT('',(-2.9999999999997,-80.4322515526628,5.96016617822573));
#14130=CARTESIAN_POINT('',(-2.99999999999968,-80.3557361777249,5.94867265348387));
#14131=CARTESIAN_POINT('',(-2.99999999999967,-80.3025489370434,5.93972579228773));
#14132=CARTESIAN_POINT('',(-2.99999999999967,-80.2490261770713,5.93021334539161));
#14133=CARTESIAN_POINT('',(-2.99999999999966,-80.1918709350016,5.91943724803641));
#14134=CARTESIAN_POINT('',(-2.99999999999964,-80.1108607156552,5.90262618837914));
#14135=CARTESIAN_POINT('',(-2.99999999999963,-80.0487611811026,5.88856601642244));
#14136=CARTESIAN_POINT('',(-2.99999999999962,-79.9939606436334,5.87549445569041));
#14137=CARTESIAN_POINT('',(-2.99999999999961,-79.9382847892631,5.86168732445457));
#14138=CARTESIAN_POINT('',(-2.9999999999996,-79.8625331868444,5.8416780182089));
#14139=CARTESIAN_POINT('',(-2.99999999999958,-79.7769654566913,5.81747182265579));
#14140=CARTESIAN_POINT('',(-2.99999999999957,-79.700690479817,5.79445464005523));
#14141=CARTESIAN_POINT('',(-2.99999999999955,-79.6409849009661,5.77551295330078));
#14142=CARTESIAN_POINT('',(-2.99999999999954,-79.5781097038311,5.75495884639368));
#14143=CARTESIAN_POINT('',(-2.99999999999953,-79.5008009574299,5.72861020284702));
#14144=CARTESIAN_POINT('',(-2.99999999999951,-79.3996077031709,5.69207797168807));
#14145=CARTESIAN_POINT('',(-2.99999999999948,-79.2937393941774,5.65167019389836));
#14146=CARTESIAN_POINT('',(-2.99999999999946,-79.1957946409875,5.61220828850975));
#14147=CARTESIAN_POINT('',(-2.99999999999945,-79.1197171489758,5.58021513450497));
#14148=CARTESIAN_POINT('',(-2.99999999999943,-79.0407257798927,5.5461405783977));
#14149=CARTESIAN_POINT('',(-2.99999999999941,-78.9447483965842,5.50332625629077));
#14150=CARTESIAN_POINT('',(-2.99999999999938,-78.818834938056,5.44443424331139));
#14151=CARTESIAN_POINT('',(-2.99999999999935,-78.6854527203558,5.37912834749928));
#14152=CARTESIAN_POINT('',(-2.99999999999933,-78.5877029807631,5.32909984365889));
#14153=CARTESIAN_POINT('',(-2.99999999999931,-78.4925797056138,5.27922888420953));
#14154=CARTESIAN_POINT('',(-2.99999999999928,-78.3931630796062,5.22599810070238));
#14155=CARTESIAN_POINT('',(-2.99999999999925,-78.2484569029927,5.14556576625977));
#14156=CARTESIAN_POINT('',(-2.99999999999921,-78.0902879567303,5.05421520670615));
#14157=CARTESIAN_POINT('',(-2.99999999999917,-77.9283565899,4.95724803570928));
#14158=CARTESIAN_POINT('',(-2.99999999999914,-77.8193917617134,4.88976807892436));
#14159=CARTESIAN_POINT('',(-2.99999999999911,-77.7083577742998,4.81994408379712));
#14160=CARTESIAN_POINT('',(-2.99999999999908,-77.5944855094764,4.74719697643407));
#14161=CARTESIAN_POINT('',(-2.99999999999904,-77.4223759023998,4.63401447083764));
#14162=CARTESIAN_POINT('',(-2.99999999999899,-77.2475315258805,4.5158870619399));
#14163=CARTESIAN_POINT('',(-2.99999999999895,-77.0815654810343,4.40091686646593));
#14164=CARTESIAN_POINT('',(-2.99999999999892,-76.9629779907287,4.31703702346062));
#14165=CARTESIAN_POINT('',(-2.99999999999889,-76.8423629127792,4.23079451068093));
#14166=CARTESIAN_POINT('',(-2.99999999999885,-76.7088966078561,4.13412948572817));
#14167=CARTESIAN_POINT('',(-2.99999999999882,-76.5883227814394,4.04506188402934));
#14168=CARTESIAN_POINT('',(-2.9999999999988,-76.5278640450004,3.99999999999999));
#14169=CARTESIAN_POINT('',(-3.00000000000001,-89.,4.));
#14170=VECTOR('',#14171,1.);
#14171=DIRECTION('',(0.,0.,1.));
#14172=CARTESIAN_POINT('',(-3.00000000000002,-96.5,7.));
#14173=CARTESIAN_POINT('',(-3.00000000000001,-91.,7.));
#14174=VECTOR('',#14175,1.);
#14175=DIRECTION('',(-1.61486985400023E-16,-1.,-1.61486985400023E-16));
#14176=CARTESIAN_POINT('',(-3.00000000000003,-96.5,7.8));
#14177=CARTESIAN_POINT('',(-3.00000000000002,-96.5,7.));
#14178=VECTOR('',#14179,1.);
#14179=DIRECTION('',(0.,0.,1.));
#14180=CARTESIAN_POINT('',(-3.00000000000003,-106.5,7.8));
#14181=CARTESIAN_POINT('',(-3.00000000000002,-96.5,7.8));
#14182=VECTOR('',#14183,1.);
#14183=DIRECTION('',(-8.88178419700123E-17,-1.,0.));
#14184=CARTESIAN_POINT('',(-3.00000000000002,-106.5,7.8));
#14185=VECTOR('',#14186,1.);
#14186=DIRECTION('',(0.,0.,-1.));
#14187=CARTESIAN_POINT('',(-3.00000000000002,-107.,35.));
#14188=CARTESIAN_POINT('',(-3.00000000000002,-107.,35.));
#14189=VECTOR('',#14190,1.);
#14190=DIRECTION('',(-2.2204460492503E-16,-1.,0.));
#14191=CARTESIAN_POINT('',(-3.00000000000002,-107.,35.));
#14192=VECTOR('',#14193,1.);
#14193=DIRECTION('',(0.,0.,1.));
#14194=CARTESIAN_POINT('',(-3.,-8.00000000000001,35.));
#14195=CARTESIAN_POINT('',(-3.,-8.,44.));
#14196=VECTOR('',#14197,1.);
#14197=DIRECTION('',(0.,-7.89491928622333E-16,-1.));
#14198=CARTESIAN_POINT('',(-3.,-5.99999999999997,35.));
#14199=VECTOR('',#14200,1.);
#14200=DIRECTION('',(-2.22044604925026E-16,-1.,3.55271367880042E-15));
#14201=CARTESIAN_POINT('',(-3.,-33.5,10.));
#14202=CARTESIAN_POINT('',(-3.,-37.5,14.));
#14203=AXIS2_PLACEMENT_3D('',#14204,#14205,#14206);
#14204=CARTESIAN_POINT('',(-3.00000000000001,-33.5,14.));
#14205=DIRECTION('',(1.,-1.42597452704149E-16,0.));
#14206=DIRECTION('',(-1.42597452704149E-16,-1.,0.));
#14207=CARTESIAN_POINT('',(-3.,-26.5,10.));
#14208=CARTESIAN_POINT('',(-3.,-33.5,10.));
#14209=VECTOR('',#14210,1.);
#14210=DIRECTION('',(0.,1.,0.));
#14211=CARTESIAN_POINT('',(-3.,-22.5,14.));
#14212=AXIS2_PLACEMENT_3D('',#14213,#14214,#14215);
#14213=CARTESIAN_POINT('',(-3.,-26.5,14.));
#14214=DIRECTION('',(1.,-1.42597452704149E-16,0.));
#14215=DIRECTION('',(0.,0.,-1.));
#14216=CARTESIAN_POINT('',(-3.,-22.5,16.));
#14217=CARTESIAN_POINT('',(-3.,-22.5,14.));
#14218=VECTOR('',#14219,1.);
#14219=DIRECTION('',(0.,0.,1.));
#14220=CARTESIAN_POINT('',(-3.,-26.5,20.));
#14221=AXIS2_PLACEMENT_3D('',#14222,#14223,#14224);
#14222=CARTESIAN_POINT('',(-3.,-26.5,16.));
#14223=DIRECTION('',(1.,-1.42597452704149E-16,0.));
#14224=DIRECTION('',(1.42597452704149E-16,1.,0.));
#14225=CARTESIAN_POINT('',(-3.,-33.5,20.));
#14226=CARTESIAN_POINT('',(-3.,-26.5,20.));
#14227=VECTOR('',#14228,1.);
#14228=DIRECTION('',(0.,-1.,0.));
#14229=CARTESIAN_POINT('',(-3.,-37.5,16.));
#14230=AXIS2_PLACEMENT_3D('',#14231,#14232,#14233);
#14231=CARTESIAN_POINT('',(-3.00000000000001,-33.5,16.));
#14232=DIRECTION('',(1.,-1.42597452704149E-16,0.));
#14233=DIRECTION('',(0.,0.,1.));
#14234=CARTESIAN_POINT('',(-3.,-37.5,16.));
#14235=VECTOR('',#14236,1.);
#14236=DIRECTION('',(0.,0.,-1.));
#14237=CARTESIAN_POINT('',(-16.,-89.,4.));
#14238=VECTOR('',#14239,1.);
#14239=DIRECTION('',(0.,0.,1.));
#14240=CARTESIAN_POINT('',(-16.,-86.,5.00000000000001));
#14241=CARTESIAN_POINT('',(-16.,-85.,4.));
#14242=VECTOR('',#14243,1.);
#14243=DIRECTION('',(0.,-0.707106781186546,0.707106781186549));
#14244=CARTESIAN_POINT('',(-16.,-86.,5.00000000000001));
#14245=VECTOR('',#14246,1.);
#14246=DIRECTION('',(0.,0.,1.));
#14247=CARTESIAN_POINT('',(-36.,-86.,5.00000000000001));
#14248=CARTESIAN_POINT('',(-16.,-86.,5.00000000000001));
#14249=VECTOR('',#14250,1.);
#14250=DIRECTION('',(-1.,0.,0.));
#14251=CARTESIAN_POINT('',(-36.,-86.,5.00000000000001));
#14252=VECTOR('',#14253,1.);
#14253=DIRECTION('',(0.,0.,1.));
#14254=CARTESIAN_POINT('',(-36.,-86.,5.00000000000001));
#14255=VECTOR('',#14256,1.);
#14256=DIRECTION('',(-1.67476528926269E-15,-0.707106781186548,0.707106781186547));
#14257=CARTESIAN_POINT('',(-21.1339745962156,-89.,4.));
#14258=AXIS2_PLACEMENT_3D('',#14259,#14260,#14261);
#14259=CARTESIAN_POINT('',(-22.,-88.5,4.));
#14260=DIRECTION('',(0.,0.,1.));
#14261=DIRECTION('',(0.866025403784422,-0.500000000000028,0.));
#14262=CARTESIAN_POINT('',(-29.1339745962156,-89.,4.));
#14263=AXIS2_PLACEMENT_3D('',#14264,#14265,#14266);
#14264=CARTESIAN_POINT('',(-30.,-88.5,4.));
#14265=DIRECTION('',(0.,0.,1.));
#14266=DIRECTION('',(0.866025403784446,-0.499999999999987,0.));
#14267=CARTESIAN_POINT('',(-9.,-81.,8.));
#14268=AXIS2_PLACEMENT_3D('',#14269,#14270,#14271);
#14269=CARTESIAN_POINT('',(-7.,-81.,8.));
#14270=DIRECTION('',(0.,0.,1.));
#14271=DIRECTION('',(-1.,1.22464679914735E-16,0.));
#14272=CARTESIAN_POINT('',(-11.8392226037115,-55.4528991286223,4.));
#14273=CARTESIAN_POINT('',(-11.7966048404569,-55.4342203900527,4.02333004749886));
#14274=CARTESIAN_POINT('',(-11.7113562141665,-55.3969588794459,4.0692514551742));
#14275=CARTESIAN_POINT('',(-11.5828690570333,-55.3411169895508,4.13612622871623));
#14276=CARTESIAN_POINT('',(-11.454514128786,-55.2856600219737,4.20053084895509));
#14277=CARTESIAN_POINT('',(-11.3261608450805,-55.2305396742782,4.26247130884116));
#14278=CARTESIAN_POINT('',(-11.1978331573803,-55.1757749145933,4.32187237933008));
#14279=CARTESIAN_POINT('',(-11.069160742168,-55.1212178409822,4.37883114524591));
#14280=CARTESIAN_POINT('',(-10.9402497844705,-55.0669246150988,4.43321891453063));
#14281=CARTESIAN_POINT('',(-10.8108963589736,-55.0128209252373,4.4850368388571));
#14282=CARTESIAN_POINT('',(-10.681230445182,-54.9589726277483,4.53414858366628));
#14283=CARTESIAN_POINT('',(-10.5510605562014,-54.9053120998599,4.58053941756656));
#14284=CARTESIAN_POINT('',(-10.4204273169018,-54.8518683598112,4.62410487312544));
#14285=CARTESIAN_POINT('',(-10.2892726702695,-54.7986300347123,4.66477353283217));
#14286=CARTESIAN_POINT('',(-10.1575837390783,-54.7456039430517,4.70246105516687));
#14287=CARTESIAN_POINT('',(-10.0252332301085,-54.6927513812137,4.73711181806032));
#14288=CARTESIAN_POINT('',(-9.89198385054939,-54.6399916256842,4.7686850131201));
#14289=CARTESIAN_POINT('',(-9.75781925261144,-54.5873335568364,4.79707192350375));
#14290=CARTESIAN_POINT('',(-9.62276680059046,-54.5348027352421,4.82215807647364));
#14291=CARTESIAN_POINT('',(-9.48717256134931,-54.4825458365322,4.8437906957046));
#14292=CARTESIAN_POINT('',(-9.35119336039329,-54.4306318946613,4.86188173354265));
#14293=CARTESIAN_POINT('',(-9.2148511235717,-54.3790756762314,4.87638137050606));
#14294=CARTESIAN_POINT('',(-9.07849680725304,-54.328014803045,4.88721626369126));
#14295=CARTESIAN_POINT('',(-8.94259730078717,-54.2776230878954,4.89435682421386));
#14296=CARTESIAN_POINT('',(-8.83107093759148,-54.2366754268193,4.89723603691821));
#14297=CARTESIAN_POINT('',(-8.74163418256418,-54.204076676625,4.89779552493826));
#14298=CARTESIAN_POINT('',(-8.65258893923871,-54.171779901291,4.89718456185394));
#14299=CARTESIAN_POINT('',(-8.54030542701029,-54.1313605288686,4.89417059367698));
#14300=CARTESIAN_POINT('',(-8.40711005942248,-54.083887075126,4.88712160755757));
#14301=CARTESIAN_POINT('',(-8.27480287120368,-54.0371950805791,4.87671039898625));
#14302=CARTESIAN_POINT('',(-8.14329514520307,-53.9912397026682,4.86302923433317));
#14303=CARTESIAN_POINT('',(-8.01231138702517,-53.9459126750616,4.84613741497607));
#14304=CARTESIAN_POINT('',(-7.88140262107039,-53.9010509463618,4.82603338289723));
#14305=CARTESIAN_POINT('',(-7.75029086551374,-53.8565539466002,4.80271336633331));
#14306=CARTESIAN_POINT('',(-7.61911865279647,-53.812465362274,4.77623708414854));
#14307=CARTESIAN_POINT('',(-7.48777509224943,-53.7687418642617,4.7466265747823));
#14308=CARTESIAN_POINT('',(-7.35641831387939,-53.7254292347641,4.71396778211337));
#14309=CARTESIAN_POINT('',(-7.22483528962508,-53.6824506327925,4.67825613189649));
#14310=CARTESIAN_POINT('',(-7.09328178329667,-53.6398822606264,4.63961484424108));
#14311=CARTESIAN_POINT('',(-6.96197333772883,-53.5977842111543,4.59817801885827));
#14312=CARTESIAN_POINT('',(-6.83122388003949,-53.5562443453971,4.55413848057547));
#14313=CARTESIAN_POINT('',(-6.70120536287794,-53.5153026990517,4.50766117468004));
#14314=CARTESIAN_POINT('',(-6.57192477862126,-53.474946213806,4.45886050846694));
#14315=CARTESIAN_POINT('',(-6.44356006157911,-53.435214893932,4.40791760876699));
#14316=CARTESIAN_POINT('',(-6.3162618337861,-53.3961388402583,4.35501339492881));
#14317=CARTESIAN_POINT('',(-6.1901590844958,-53.3577400866414,4.30033025668146));
#14318=CARTESIAN_POINT('',(-6.06505067022055,-53.3199407030101,4.24390329858006));
#14319=CARTESIAN_POINT('',(-5.94059167877122,-53.2826224162844,4.18568009070612));
#14320=CARTESIAN_POINT('',(-5.8165194906424,-53.2456950501806,4.12562160712736));
#14321=CARTESIAN_POINT('',(-5.69271913590605,-53.2091143384575,4.06374588046903));
#14322=CARTESIAN_POINT('',(-5.61056559785067,-53.1850103037517,4.02143270016587));
#14323=CARTESIAN_POINT('',(-5.56953652037279,-53.173013280146,4.00000000000126));
#14324=CARTESIAN_POINT('',(-9.,-59.,8.));
#14325=AXIS2_PLACEMENT_3D('',#14326,#14327,#14328);
#14326=CARTESIAN_POINT('',(-7.,-59.,8.));
#14327=DIRECTION('',(0.,0.,1.));
#14328=DIRECTION('',(-1.,1.22464679914735E-16,0.));
#14329=CARTESIAN_POINT('',(-14.5,-48.,8.));
#14330=AXIS2_PLACEMENT_3D('',#14331,#14332,#14333);
#14331=CARTESIAN_POINT('',(-11.,-48.,8.));
#14332=DIRECTION('',(0.,0.,1.));
#14333=DIRECTION('',(-1.,1.22464679914735E-16,0.));
#14334=CARTESIAN_POINT('',(-23.,-23.,8.));
#14335=CARTESIAN_POINT('',(-23.,-23.,8.));
#14336=VECTOR('',#14337,1.);
#14337=DIRECTION('',(1.,0.,0.));
#14338=CARTESIAN_POINT('',(-27.,-27.,4.));
#14339=VECTOR('',#14340,1.);
#14340=DIRECTION('',(0.577350269189626,0.577350269189626,0.577350269189625));
#14341=CARTESIAN_POINT('',(-23.,-3.,8.));
#14342=CARTESIAN_POINT('',(-23.,-3.,8.));
#14343=VECTOR('',#14344,1.);
#14344=DIRECTION('',(0.,-1.,0.));
#14345=CARTESIAN_POINT('',(-27.,-3.,4.));
#14346=VECTOR('',#14347,1.);
#14347=DIRECTION('',(0.707106781186548,0.,0.707106781186547));
#14348=CARTESIAN_POINT('',(-96.5,-2.99999999999999,7.99999999999999));
#14349=CARTESIAN_POINT('',(-96.5,-2.99999999999999,32.));
#14350=CARTESIAN_POINT('',(-96.5,-2.99999999999999,7.99999999999999));
#14351=VECTOR('',#14352,1.);
#14352=DIRECTION('',(0.,0.,1.));
#14353=CARTESIAN_POINT('',(-99.,-2.99999999999999,32.));
#14354=CARTESIAN_POINT('',(-99.,-2.99999999999999,32.));
#14355=VECTOR('',#14356,1.);
#14356=DIRECTION('',(1.,-3.5527136788005E-16,0.));
#14357=CARTESIAN_POINT('',(-99.,-2.99999999999999,7.99999999999999));
#14358=CARTESIAN_POINT('',(-99.,-2.99999999999999,32.));
#14359=VECTOR('',#14360,1.);
#14360=DIRECTION('',(0.,0.,-1.));
#14361=CARTESIAN_POINT('',(-100.5,-2.99999999999999,7.99999999999999));
#14362=CARTESIAN_POINT('',(-99.,-2.99999999999999,7.99999999999999));
#14363=VECTOR('',#14364,1.);
#14364=DIRECTION('',(-1.,0.,0.));
#14365=CARTESIAN_POINT('',(-100.5,-2.99999999999999,32.));
#14366=CARTESIAN_POINT('',(-100.5,-2.99999999999999,7.99999999999999));
#14367=VECTOR('',#14368,1.);
#14368=DIRECTION('',(0.,0.,1.));
#14369=CARTESIAN_POINT('',(-103.,-2.99999999999999,32.));
#14370=CARTESIAN_POINT('',(-103.,-2.99999999999999,32.));
#14371=VECTOR('',#14372,1.);
#14372=DIRECTION('',(1.,0.,0.));
#14373=CARTESIAN_POINT('',(-103.,-2.99999999999999,7.99999999999999));
#14374=CARTESIAN_POINT('',(-103.,-2.99999999999999,32.));
#14375=VECTOR('',#14376,1.);
#14376=DIRECTION('',(0.,0.,-1.));
#14377=CARTESIAN_POINT('',(-104.5,-2.99999999999999,7.99999999999999));
#14378=CARTESIAN_POINT('',(-103.,-2.99999999999999,7.99999999999999));
#14379=VECTOR('',#14380,1.);
#14380=DIRECTION('',(-1.,0.,0.));
#14381=CARTESIAN_POINT('',(-104.5,-2.99999999999999,36.));
#14382=CARTESIAN_POINT('',(-104.5,-2.99999999999999,7.99999999999999));
#14383=VECTOR('',#14384,1.);
#14384=DIRECTION('',(0.,0.,1.));
#14385=CARTESIAN_POINT('',(-104.,-2.99999999999999,36.));
#14386=CARTESIAN_POINT('',(-104.5,-2.99999999999999,36.));
#14387=VECTOR('',#14388,1.);
#14388=DIRECTION('',(1.,-1.42108547152016E-14,0.));
#14389=CARTESIAN_POINT('',(-104.,-2.99999999999999,36.));
#14390=VECTOR('',#14391,1.);
#14391=DIRECTION('',(0.,0.,1.));
#14392=CARTESIAN_POINT('',(-192.,-2.99999999999998,35.));
#14393=CARTESIAN_POINT('',(-192.,-2.99999999999998,44.));
#14394=VECTOR('',#14395,1.);
#14395=DIRECTION('',(0.,0.,-1.));
#14396=CARTESIAN_POINT('',(-194.,-2.99999999999998,35.));
#14397=CARTESIAN_POINT('',(-194.,-2.99999999999998,35.));
#14398=VECTOR('',#14399,1.);
#14399=DIRECTION('',(1.,0.,0.));
#14400=CARTESIAN_POINT('',(-194.,-2.99999999999998,4.));
#14401=VECTOR('',#14402,1.);
#14402=DIRECTION('',(0.,0.,1.));
#14403=CARTESIAN_POINT('',(-6.,-3.,8.));
#14404=CARTESIAN_POINT('',(-23.,-3.,8.));
#14405=VECTOR('',#14406,1.);
#14406=DIRECTION('',(1.,-1.0449157878825E-16,0.));
#14407=CARTESIAN_POINT('',(-6.,-3.,35.));
#14408=CARTESIAN_POINT('',(-6.,-3.,8.));
#14409=VECTOR('',#14410,1.);
#14410=DIRECTION('',(0.,0.,1.));
#14411=CARTESIAN_POINT('',(-7.99999999999997,-3.,35.));
#14412=CARTESIAN_POINT('',(-7.99999999999998,-3.,35.));
#14413=VECTOR('',#14414,1.);
#14414=DIRECTION('',(1.,0.,0.));
#14415=CARTESIAN_POINT('',(-7.99999999999997,-3.,35.));
#14416=VECTOR('',#14417,1.);
#14417=DIRECTION('',(0.,0.,1.));
#14418=CARTESIAN_POINT('',(-96.,-2.99999999999999,36.));
#14419=CARTESIAN_POINT('',(-96.,-2.99999999999999,44.));
#14420=VECTOR('',#14421,1.);
#14421=DIRECTION('',(0.,0.,-1.));
#14422=CARTESIAN_POINT('',(-95.,-2.99999999999999,36.));
#14423=CARTESIAN_POINT('',(-96.,-2.99999999999999,36.));
#14424=VECTOR('',#14425,1.);
#14425=DIRECTION('',(1.,7.105427357601E-15,0.));
#14426=CARTESIAN_POINT('',(-95.,-2.99999999999999,7.99999999999999));
#14427=CARTESIAN_POINT('',(-95.,-2.99999999999999,36.));
#14428=VECTOR('',#14429,1.);
#14429=DIRECTION('',(0.,0.,-1.));
#14430=CARTESIAN_POINT('',(-95.,-2.99999999999999,7.99999999999999));
#14431=VECTOR('',#14432,1.);
#14432=DIRECTION('',(-1.,0.,0.));
#14433=CARTESIAN_POINT('',(-36.5,-3.,7.99999999999999));
#14434=CARTESIAN_POINT('',(-36.5,-3.,36.));
#14435=CARTESIAN_POINT('',(-36.5,-3.,8.));
#14436=VECTOR('',#14437,1.);
#14437=DIRECTION('',(-2.53765262771464E-16,0.,1.));
#14438=CARTESIAN_POINT('',(-35.,-3.00000000000001,36.));
#14439=CARTESIAN_POINT('',(-36.5,-3.,36.));
#14440=VECTOR('',#14441,1.);
#14441=DIRECTION('',(1.,0.,0.));
#14442=CARTESIAN_POINT('',(-35.,-3.,7.99999999999999));
#14443=CARTESIAN_POINT('',(-35.,-3.,36.));
#14444=VECTOR('',#14445,1.);
#14445=DIRECTION('',(2.53765262771464E-16,0.,-1.));
#14446=CARTESIAN_POINT('',(-35.,-3.,8.));
#14447=VECTOR('',#14448,1.);
#14448=DIRECTION('',(-1.,0.,0.));
#14449=CARTESIAN_POINT('',(-40.5,-3.,7.99999999999999));
#14450=CARTESIAN_POINT('',(-40.5,-3.,36.));
#14451=CARTESIAN_POINT('',(-40.5,-3.,7.99999999999999));
#14452=VECTOR('',#14453,1.);
#14453=DIRECTION('',(-2.53765262771464E-16,0.,1.));
#14454=CARTESIAN_POINT('',(-39.,-3.00000000000001,36.));
#14455=CARTESIAN_POINT('',(-40.5,-3.,36.));
#14456=VECTOR('',#14457,1.);
#14457=DIRECTION('',(1.,0.,0.));
#14458=CARTESIAN_POINT('',(-39.,-3.,8.));
#14459=CARTESIAN_POINT('',(-39.,-3.,36.));
#14460=VECTOR('',#14461,1.);
#14461=DIRECTION('',(2.53765262771464E-16,0.,-1.));
#14462=CARTESIAN_POINT('',(-39.,-3.,8.));
#14463=VECTOR('',#14464,1.);
#14464=DIRECTION('',(-1.,0.,0.));
#14465=CARTESIAN_POINT('',(-44.5,-3.,7.99999999999999));
#14466=CARTESIAN_POINT('',(-44.5,-3.,36.));
#14467=CARTESIAN_POINT('',(-44.5,-3.,7.99999999999999));
#14468=VECTOR('',#14469,1.);
#14469=DIRECTION('',(-2.53765262771464E-16,0.,1.));
#14470=CARTESIAN_POINT('',(-43.,-3.00000000000001,36.));
#14471=CARTESIAN_POINT('',(-44.5,-3.,36.));
#14472=VECTOR('',#14473,1.);
#14473=DIRECTION('',(1.,0.,0.));
#14474=CARTESIAN_POINT('',(-43.,-3.,7.99999999999999));
#14475=CARTESIAN_POINT('',(-43.,-3.,36.));
#14476=VECTOR('',#14477,1.);
#14477=DIRECTION('',(2.53765262771464E-16,0.,-1.));
#14478=CARTESIAN_POINT('',(-43.,-3.,7.99999999999999));
#14479=VECTOR('',#14480,1.);
#14480=DIRECTION('',(-1.,0.,0.));
#14481=CARTESIAN_POINT('',(-48.5,-3.,7.99999999999999));
#14482=CARTESIAN_POINT('',(-48.5,-3.,36.));
#14483=CARTESIAN_POINT('',(-48.5,-3.,7.99999999999999));
#14484=VECTOR('',#14485,1.);
#14485=DIRECTION('',(-2.53765262771464E-16,0.,1.));
#14486=CARTESIAN_POINT('',(-47.,-3.00000000000001,36.));
#14487=CARTESIAN_POINT('',(-48.5,-3.,36.));
#14488=VECTOR('',#14489,1.);
#14489=DIRECTION('',(1.,0.,0.));
#14490=CARTESIAN_POINT('',(-47.,-3.,7.99999999999999));
#14491=CARTESIAN_POINT('',(-47.,-3.,36.));
#14492=VECTOR('',#14493,1.);
#14493=DIRECTION('',(2.53765262771464E-16,0.,-1.));
#14494=CARTESIAN_POINT('',(-47.,-3.,7.99999999999999));
#14495=VECTOR('',#14496,1.);
#14496=DIRECTION('',(-1.,0.,-1.18423789293349E-15));
#14497=CARTESIAN_POINT('',(-52.5,-3.,7.99999999999999));
#14498=CARTESIAN_POINT('',(-52.5,-3.,36.));
#14499=CARTESIAN_POINT('',(-52.5,-3.,7.99999999999999));
#14500=VECTOR('',#14501,1.);
#14501=DIRECTION('',(-2.53765262771464E-16,0.,1.));
#14502=CARTESIAN_POINT('',(-51.,-3.00000000000001,36.));
#14503=CARTESIAN_POINT('',(-52.5,-3.,36.));
#14504=VECTOR('',#14505,1.);
#14505=DIRECTION('',(1.,0.,0.));
#14506=CARTESIAN_POINT('',(-51.,-3.,7.99999999999999));
#14507=CARTESIAN_POINT('',(-51.,-3.,36.));
#14508=VECTOR('',#14509,1.);
#14509=DIRECTION('',(2.53765262771464E-16,0.,-1.));
#14510=CARTESIAN_POINT('',(-51.,-2.99999999999999,8.));
#14511=VECTOR('',#14512,1.);
#14512=DIRECTION('',(-1.,0.,0.));
#14513=CARTESIAN_POINT('',(-56.5,-3.,7.99999999999999));
#14514=CARTESIAN_POINT('',(-56.5,-3.,36.));
#14515=CARTESIAN_POINT('',(-56.5,-3.,7.99999999999999));
#14516=VECTOR('',#14517,1.);
#14517=DIRECTION('',(-2.53765262771464E-16,0.,1.));
#14518=CARTESIAN_POINT('',(-55.,-3.00000000000001,36.));
#14519=CARTESIAN_POINT('',(-56.5,-3.,36.));
#14520=VECTOR('',#14521,1.);
#14521=DIRECTION('',(1.,0.,0.));
#14522=CARTESIAN_POINT('',(-55.,-3.,7.99999999999999));
#14523=CARTESIAN_POINT('',(-55.,-3.,36.));
#14524=VECTOR('',#14525,1.);
#14525=DIRECTION('',(2.53765262771464E-16,0.,-1.));
#14526=CARTESIAN_POINT('',(-55.,-2.99999999999999,8.));
#14527=VECTOR('',#14528,1.);
#14528=DIRECTION('',(-1.,0.,0.));
#14529=CARTESIAN_POINT('',(-60.5,-3.,7.99999999999999));
#14530=CARTESIAN_POINT('',(-60.5,-3.,36.));
#14531=CARTESIAN_POINT('',(-60.5,-3.,7.99999999999999));
#14532=VECTOR('',#14533,1.);
#14533=DIRECTION('',(-2.53765262771464E-16,0.,1.));
#14534=CARTESIAN_POINT('',(-59.,-3.00000000000001,36.));
#14535=CARTESIAN_POINT('',(-60.5,-3.,36.));
#14536=VECTOR('',#14537,1.);
#14537=DIRECTION('',(1.,0.,0.));
#14538=CARTESIAN_POINT('',(-59.,-3.,7.99999999999999));
#14539=CARTESIAN_POINT('',(-59.,-3.,36.));
#14540=VECTOR('',#14541,1.);
#14541=DIRECTION('',(2.53765262771464E-16,0.,-1.));
#14542=CARTESIAN_POINT('',(-59.,-3.,7.99999999999999));
#14543=VECTOR('',#14544,1.);
#14544=DIRECTION('',(-1.,0.,0.));
#14545=CARTESIAN_POINT('',(-64.5,-3.,7.99999999999999));
#14546=CARTESIAN_POINT('',(-64.5,-3.,36.));
#14547=CARTESIAN_POINT('',(-64.5,-3.,7.99999999999999));
#14548=VECTOR('',#14549,1.);
#14549=DIRECTION('',(0.,0.,1.));
#14550=CARTESIAN_POINT('',(-63.,-3.,36.));
#14551=CARTESIAN_POINT('',(-64.5,-3.,36.));
#14552=VECTOR('',#14553,1.);
#14553=DIRECTION('',(1.,0.,0.));
#14554=CARTESIAN_POINT('',(-63.,-3.,7.99999999999999));
#14555=CARTESIAN_POINT('',(-63.,-3.,36.));
#14556=VECTOR('',#14557,1.);
#14557=DIRECTION('',(2.53765262771464E-16,0.,-1.));
#14558=CARTESIAN_POINT('',(-63.,-3.,7.99999999999999));
#14559=VECTOR('',#14560,1.);
#14560=DIRECTION('',(-1.,0.,0.));
#14561=CARTESIAN_POINT('',(-68.5,-2.99999999999999,7.99999999999999));
#14562=CARTESIAN_POINT('',(-68.5,-2.99999999999999,36.));
#14563=CARTESIAN_POINT('',(-68.5,-2.99999999999999,7.99999999999999));
#14564=VECTOR('',#14565,1.);
#14565=DIRECTION('',(0.,0.,1.));
#14566=CARTESIAN_POINT('',(-67.,-3.,36.));
#14567=CARTESIAN_POINT('',(-68.5,-2.99999999999999,36.));
#14568=VECTOR('',#14569,1.);
#14569=DIRECTION('',(1.,0.,0.));
#14570=CARTESIAN_POINT('',(-67.,-2.99999999999999,7.99999999999999));
#14571=CARTESIAN_POINT('',(-67.,-2.99999999999999,36.));
#14572=VECTOR('',#14573,1.);
#14573=DIRECTION('',(0.,0.,-1.));
#14574=CARTESIAN_POINT('',(-67.,-2.99999999999999,7.99999999999999));
#14575=VECTOR('',#14576,1.);
#14576=DIRECTION('',(-1.,0.,0.));
#14577=CARTESIAN_POINT('',(-72.5,-2.99999999999999,7.99999999999999));
#14578=CARTESIAN_POINT('',(-72.5,-2.99999999999999,36.));
#14579=CARTESIAN_POINT('',(-72.5,-2.99999999999999,7.99999999999999));
#14580=VECTOR('',#14581,1.);
#14581=DIRECTION('',(0.,0.,1.));
#14582=CARTESIAN_POINT('',(-71.,-3.,36.));
#14583=CARTESIAN_POINT('',(-72.5,-2.99999999999999,36.));
#14584=VECTOR('',#14585,1.);
#14585=DIRECTION('',(1.,-2.96059473233372E-16,0.));
#14586=CARTESIAN_POINT('',(-71.,-2.99999999999999,7.99999999999999));
#14587=CARTESIAN_POINT('',(-71.,-2.99999999999999,36.));
#14588=VECTOR('',#14589,1.);
#14589=DIRECTION('',(0.,0.,-1.));
#14590=CARTESIAN_POINT('',(-71.,-2.99999999999999,7.99999999999999));
#14591=VECTOR('',#14592,1.);
#14592=DIRECTION('',(-1.,2.96059473233372E-16,0.));
#14593=CARTESIAN_POINT('',(-76.5,-2.99999999999999,7.99999999999999));
#14594=CARTESIAN_POINT('',(-76.5,-2.99999999999999,36.));
#14595=CARTESIAN_POINT('',(-76.5,-2.99999999999999,7.99999999999999));
#14596=VECTOR('',#14597,1.);
#14597=DIRECTION('',(0.,0.,1.));
#14598=CARTESIAN_POINT('',(-75.,-3.,36.));
#14599=CARTESIAN_POINT('',(-76.5,-2.99999999999999,36.));
#14600=VECTOR('',#14601,1.);
#14601=DIRECTION('',(1.,-2.96059473233372E-16,0.));
#14602=CARTESIAN_POINT('',(-75.,-2.99999999999999,7.99999999999999));
#14603=CARTESIAN_POINT('',(-75.,-2.99999999999999,36.));
#14604=VECTOR('',#14605,1.);
#14605=DIRECTION('',(0.,0.,-1.));
#14606=CARTESIAN_POINT('',(-75.,-2.99999999999999,7.99999999999999));
#14607=VECTOR('',#14608,1.);
#14608=DIRECTION('',(-1.,2.96059473233372E-16,-5.92118946466745E-16));
#14609=CARTESIAN_POINT('',(-80.5,-2.99999999999999,7.99999999999999));
#14610=CARTESIAN_POINT('',(-80.5,-2.99999999999999,36.));
#14611=CARTESIAN_POINT('',(-80.5,-2.99999999999999,7.99999999999999));
#14612=VECTOR('',#14613,1.);
#14613=DIRECTION('',(0.,0.,1.));
#14614=CARTESIAN_POINT('',(-79.,-3.,36.));
#14615=CARTESIAN_POINT('',(-80.5,-2.99999999999999,36.));
#14616=VECTOR('',#14617,1.);
#14617=DIRECTION('',(1.,0.,0.));
#14618=CARTESIAN_POINT('',(-79.,-2.99999999999999,7.99999999999999));
#14619=CARTESIAN_POINT('',(-79.,-2.99999999999999,36.));
#14620=VECTOR('',#14621,1.);
#14621=DIRECTION('',(0.,0.,-1.));
#14622=CARTESIAN_POINT('',(-79.,-2.99999999999999,7.99999999999999));
#14623=VECTOR('',#14624,1.);
#14624=DIRECTION('',(-1.,0.,0.));
#14625=CARTESIAN_POINT('',(-84.5,-2.99999999999999,7.99999999999999));
#14626=CARTESIAN_POINT('',(-84.5,-2.99999999999999,36.));
#14627=CARTESIAN_POINT('',(-84.5,-2.99999999999999,7.99999999999999));
#14628=VECTOR('',#14629,1.);
#14629=DIRECTION('',(0.,0.,1.));
#14630=CARTESIAN_POINT('',(-83.,-3.,36.));
#14631=CARTESIAN_POINT('',(-84.5,-2.99999999999999,36.));
#14632=VECTOR('',#14633,1.);
#14633=DIRECTION('',(1.,0.,0.));
#14634=CARTESIAN_POINT('',(-83.,-2.99999999999999,7.99999999999999));
#14635=CARTESIAN_POINT('',(-83.,-2.99999999999999,36.));
#14636=VECTOR('',#14637,1.);
#14637=DIRECTION('',(0.,0.,-1.));
#14638=CARTESIAN_POINT('',(-83.,-2.99999999999999,7.99999999999999));
#14639=VECTOR('',#14640,1.);
#14640=DIRECTION('',(-1.,0.,-1.18423789293349E-15));
#14641=CARTESIAN_POINT('',(-88.5,-2.99999999999999,7.99999999999999));
#14642=CARTESIAN_POINT('',(-88.5,-2.99999999999999,36.));
#14643=CARTESIAN_POINT('',(-88.5,-2.99999999999999,7.99999999999999));
#14644=VECTOR('',#14645,1.);
#14645=DIRECTION('',(0.,0.,1.));
#14646=CARTESIAN_POINT('',(-87.,-3.,36.));
#14647=CARTESIAN_POINT('',(-88.5,-2.99999999999999,36.));
#14648=VECTOR('',#14649,1.);
#14649=DIRECTION('',(1.,0.,0.));
#14650=CARTESIAN_POINT('',(-87.,-2.99999999999999,7.99999999999999));
#14651=CARTESIAN_POINT('',(-87.,-2.99999999999999,36.));
#14652=VECTOR('',#14653,1.);
#14653=DIRECTION('',(0.,0.,-1.));
#14654=CARTESIAN_POINT('',(-87.,-2.99999999999999,7.99999999999999));
#14655=VECTOR('',#14656,1.);
#14656=DIRECTION('',(-1.,0.,0.));
#14657=CARTESIAN_POINT('',(-92.5,-2.99999999999999,7.99999999999999));
#14658=CARTESIAN_POINT('',(-92.5,-2.99999999999999,36.));
#14659=CARTESIAN_POINT('',(-92.5,-2.99999999999999,7.99999999999999));
#14660=VECTOR('',#14661,1.);
#14661=DIRECTION('',(0.,0.,1.));
#14662=CARTESIAN_POINT('',(-91.,-3.,36.));
#14663=CARTESIAN_POINT('',(-92.5,-2.99999999999999,36.));
#14664=VECTOR('',#14665,1.);
#14665=DIRECTION('',(1.,0.,0.));
#14666=CARTESIAN_POINT('',(-91.,-2.99999999999999,7.99999999999999));
#14667=CARTESIAN_POINT('',(-91.,-2.99999999999999,36.));
#14668=VECTOR('',#14669,1.);
#14669=DIRECTION('',(0.,0.,-1.));
#14670=CARTESIAN_POINT('',(-91.,-2.99999999999999,7.99999999999999));
#14671=VECTOR('',#14672,1.);
#14672=DIRECTION('',(-1.,0.,0.));
#14673=CARTESIAN_POINT('',(-108.5,-2.99999999999999,7.99999999999999));
#14674=CARTESIAN_POINT('',(-108.5,-2.99999999999999,36.));
#14675=CARTESIAN_POINT('',(-108.5,-2.99999999999999,7.99999999999999));
#14676=VECTOR('',#14677,1.);
#14677=DIRECTION('',(0.,0.,1.));
#14678=CARTESIAN_POINT('',(-107.,-3.,36.));
#14679=CARTESIAN_POINT('',(-108.5,-2.99999999999999,36.));
#14680=VECTOR('',#14681,1.);
#14681=DIRECTION('',(1.,0.,0.));
#14682=CARTESIAN_POINT('',(-107.,-2.99999999999999,7.99999999999999));
#14683=CARTESIAN_POINT('',(-107.,-2.99999999999999,36.));
#14684=VECTOR('',#14685,1.);
#14685=DIRECTION('',(0.,0.,-1.));
#14686=CARTESIAN_POINT('',(-107.,-2.99999999999999,7.99999999999999));
#14687=VECTOR('',#14688,1.);
#14688=DIRECTION('',(-1.,0.,0.));
#14689=CARTESIAN_POINT('',(-112.5,-2.99999999999999,7.99999999999999));
#14690=CARTESIAN_POINT('',(-112.5,-2.99999999999999,36.));
#14691=CARTESIAN_POINT('',(-112.5,-2.99999999999999,7.99999999999999));
#14692=VECTOR('',#14693,1.);
#14693=DIRECTION('',(0.,0.,1.));
#14694=CARTESIAN_POINT('',(-111.,-3.,36.));
#14695=CARTESIAN_POINT('',(-112.5,-2.99999999999999,36.));
#14696=VECTOR('',#14697,1.);
#14697=DIRECTION('',(1.,0.,0.));
#14698=CARTESIAN_POINT('',(-111.,-2.99999999999999,7.99999999999999));
#14699=CARTESIAN_POINT('',(-111.,-2.99999999999999,36.));
#14700=VECTOR('',#14701,1.);
#14701=DIRECTION('',(0.,0.,-1.));
#14702=CARTESIAN_POINT('',(-111.,-2.99999999999999,7.99999999999999));
#14703=VECTOR('',#14704,1.);
#14704=DIRECTION('',(-1.,0.,0.));
#14705=CARTESIAN_POINT('',(-116.5,-2.99999999999999,7.99999999999999));
#14706=CARTESIAN_POINT('',(-116.5,-2.99999999999999,36.));
#14707=CARTESIAN_POINT('',(-116.5,-2.99999999999999,7.99999999999999));
#14708=VECTOR('',#14709,1.);
#14709=DIRECTION('',(0.,0.,1.));
#14710=CARTESIAN_POINT('',(-115.,-3.,36.));
#14711=CARTESIAN_POINT('',(-116.5,-2.99999999999999,36.));
#14712=VECTOR('',#14713,1.);
#14713=DIRECTION('',(1.,0.,0.));
#14714=CARTESIAN_POINT('',(-115.,-2.99999999999999,7.99999999999999));
#14715=CARTESIAN_POINT('',(-115.,-2.99999999999999,36.));
#14716=VECTOR('',#14717,1.);
#14717=DIRECTION('',(0.,0.,-1.));
#14718=CARTESIAN_POINT('',(-115.,-2.99999999999999,7.99999999999999));
#14719=VECTOR('',#14720,1.);
#14720=DIRECTION('',(-1.,0.,0.));
#14721=CARTESIAN_POINT('',(-120.5,-2.99999999999999,7.99999999999998));
#14722=CARTESIAN_POINT('',(-120.5,-2.99999999999999,36.));
#14723=CARTESIAN_POINT('',(-120.5,-2.99999999999999,7.99999999999998));
#14724=VECTOR('',#14725,1.);
#14725=DIRECTION('',(0.,0.,1.));
#14726=CARTESIAN_POINT('',(-119.,-3.,36.));
#14727=CARTESIAN_POINT('',(-120.5,-2.99999999999999,36.));
#14728=VECTOR('',#14729,1.);
#14729=DIRECTION('',(1.,0.,0.));
#14730=CARTESIAN_POINT('',(-119.,-2.99999999999999,7.99999999999999));
#14731=CARTESIAN_POINT('',(-119.,-2.99999999999999,36.));
#14732=VECTOR('',#14733,1.);
#14733=DIRECTION('',(0.,0.,-1.));
#14734=CARTESIAN_POINT('',(-119.,-2.99999999999999,7.99999999999999));
#14735=VECTOR('',#14736,1.);
#14736=DIRECTION('',(-1.,0.,-1.18423789293349E-15));
#14737=CARTESIAN_POINT('',(-124.5,-2.99999999999999,7.99999999999998));
#14738=CARTESIAN_POINT('',(-124.5,-2.99999999999999,36.));
#14739=CARTESIAN_POINT('',(-124.5,-2.99999999999999,7.99999999999998));
#14740=VECTOR('',#14741,1.);
#14741=DIRECTION('',(0.,0.,1.));
#14742=CARTESIAN_POINT('',(-123.,-3.,36.));
#14743=CARTESIAN_POINT('',(-124.5,-2.99999999999999,36.));
#14744=VECTOR('',#14745,1.);
#14745=DIRECTION('',(1.,0.,0.));
#14746=CARTESIAN_POINT('',(-123.,-2.99999999999999,7.99999999999999));
#14747=CARTESIAN_POINT('',(-123.,-2.99999999999999,36.));
#14748=VECTOR('',#14749,1.);
#14749=DIRECTION('',(0.,0.,-1.));
#14750=CARTESIAN_POINT('',(-123.,-2.99999999999999,7.99999999999998));
#14751=VECTOR('',#14752,1.);
#14752=DIRECTION('',(-1.,0.,0.));
#14753=CARTESIAN_POINT('',(-128.5,-2.99999999999999,7.99999999999998));
#14754=CARTESIAN_POINT('',(-128.5,-2.99999999999999,36.));
#14755=CARTESIAN_POINT('',(-128.5,-2.99999999999999,7.99999999999998));
#14756=VECTOR('',#14757,1.);
#14757=DIRECTION('',(0.,0.,1.));
#14758=CARTESIAN_POINT('',(-127.,-2.99999999999999,36.));
#14759=CARTESIAN_POINT('',(-128.5,-2.99999999999999,36.));
#14760=VECTOR('',#14761,1.);
#14761=DIRECTION('',(1.,0.,0.));
#14762=CARTESIAN_POINT('',(-127.,-2.99999999999999,7.99999999999998));
#14763=CARTESIAN_POINT('',(-127.,-2.99999999999999,36.));
#14764=VECTOR('',#14765,1.);
#14765=DIRECTION('',(0.,0.,-1.));
#14766=CARTESIAN_POINT('',(-127.,-2.99999999999999,7.99999999999998));
#14767=VECTOR('',#14768,1.);
#14768=DIRECTION('',(-1.,0.,0.));
#14769=CARTESIAN_POINT('',(-132.5,-2.99999999999999,7.99999999999998));
#14770=CARTESIAN_POINT('',(-132.5,-2.99999999999999,36.));
#14771=CARTESIAN_POINT('',(-132.5,-2.99999999999999,7.99999999999998));
#14772=VECTOR('',#14773,1.);
#14773=DIRECTION('',(0.,0.,1.));
#14774=CARTESIAN_POINT('',(-131.,-2.99999999999999,36.));
#14775=CARTESIAN_POINT('',(-132.5,-2.99999999999999,36.));
#14776=VECTOR('',#14777,1.);
#14777=DIRECTION('',(1.,-2.96059473233375E-16,0.));
#14778=CARTESIAN_POINT('',(-131.,-2.99999999999999,7.99999999999998));
#14779=CARTESIAN_POINT('',(-131.,-2.99999999999999,36.));
#14780=VECTOR('',#14781,1.);
#14781=DIRECTION('',(0.,0.,-1.));
#14782=CARTESIAN_POINT('',(-131.,-2.99999999999999,7.99999999999998));
#14783=VECTOR('',#14784,1.);
#14784=DIRECTION('',(-1.,2.96059473233375E-16,0.));
#14785=CARTESIAN_POINT('',(-136.5,-2.99999999999999,7.99999999999998));
#14786=CARTESIAN_POINT('',(-136.5,-2.99999999999999,36.));
#14787=CARTESIAN_POINT('',(-136.5,-2.99999999999998,7.99999999999998));
#14788=VECTOR('',#14789,1.);
#14789=DIRECTION('',(0.,0.,1.));
#14790=CARTESIAN_POINT('',(-135.,-2.99999999999999,36.));
#14791=CARTESIAN_POINT('',(-136.5,-2.99999999999998,36.));
#14792=VECTOR('',#14793,1.);
#14793=DIRECTION('',(1.,-2.96059473233375E-16,0.));
#14794=CARTESIAN_POINT('',(-135.,-2.99999999999999,7.99999999999998));
#14795=CARTESIAN_POINT('',(-135.,-2.99999999999999,36.));
#14796=VECTOR('',#14797,1.);
#14797=DIRECTION('',(0.,0.,-1.));
#14798=CARTESIAN_POINT('',(-135.,-2.99999999999999,7.99999999999998));
#14799=VECTOR('',#14800,1.);
#14800=DIRECTION('',(-1.,2.96059473233375E-16,0.));
#14801=CARTESIAN_POINT('',(-140.5,-2.99999999999999,7.99999999999998));
#14802=CARTESIAN_POINT('',(-140.5,-2.99999999999999,36.));
#14803=CARTESIAN_POINT('',(-140.5,-2.99999999999998,7.99999999999998));
#14804=VECTOR('',#14805,1.);
#14805=DIRECTION('',(0.,0.,1.));
#14806=CARTESIAN_POINT('',(-139.,-2.99999999999999,36.));
#14807=CARTESIAN_POINT('',(-140.5,-2.99999999999998,36.));
#14808=VECTOR('',#14809,1.);
#14809=DIRECTION('',(1.,0.,0.));
#14810=CARTESIAN_POINT('',(-139.,-2.99999999999999,7.99999999999998));
#14811=CARTESIAN_POINT('',(-139.,-2.99999999999998,36.));
#14812=VECTOR('',#14813,1.);
#14813=DIRECTION('',(0.,0.,-1.));
#14814=CARTESIAN_POINT('',(-139.,-2.99999999999998,7.99999999999998));
#14815=VECTOR('',#14816,1.);
#14816=DIRECTION('',(-1.,0.,0.));
#14817=CARTESIAN_POINT('',(-144.5,-2.99999999999999,7.99999999999998));
#14818=CARTESIAN_POINT('',(-144.5,-2.99999999999999,36.));
#14819=CARTESIAN_POINT('',(-144.5,-2.99999999999998,7.99999999999998));
#14820=VECTOR('',#14821,1.);
#14821=DIRECTION('',(0.,0.,1.));
#14822=CARTESIAN_POINT('',(-143.,-2.99999999999999,36.));
#14823=CARTESIAN_POINT('',(-144.5,-2.99999999999998,36.));
#14824=VECTOR('',#14825,1.);
#14825=DIRECTION('',(1.,0.,0.));
#14826=CARTESIAN_POINT('',(-143.,-2.99999999999999,7.99999999999998));
#14827=CARTESIAN_POINT('',(-143.,-2.99999999999998,36.));
#14828=VECTOR('',#14829,1.);
#14829=DIRECTION('',(0.,0.,-1.));
#14830=CARTESIAN_POINT('',(-143.,-2.99999999999998,7.99999999999998));
#14831=VECTOR('',#14832,1.);
#14832=DIRECTION('',(-1.,0.,0.));
#14833=CARTESIAN_POINT('',(-148.5,-2.99999999999999,7.99999999999998));
#14834=CARTESIAN_POINT('',(-148.5,-2.99999999999999,36.));
#14835=CARTESIAN_POINT('',(-148.5,-2.99999999999998,7.99999999999998));
#14836=VECTOR('',#14837,1.);
#14837=DIRECTION('',(0.,0.,1.));
#14838=CARTESIAN_POINT('',(-147.,-2.99999999999999,36.));
#14839=CARTESIAN_POINT('',(-148.5,-2.99999999999998,36.));
#14840=VECTOR('',#14841,1.);
#14841=DIRECTION('',(1.,0.,0.));
#14842=CARTESIAN_POINT('',(-147.,-2.99999999999999,7.99999999999998));
#14843=CARTESIAN_POINT('',(-147.,-2.99999999999998,36.));
#14844=VECTOR('',#14845,1.);
#14845=DIRECTION('',(0.,0.,-1.));
#14846=CARTESIAN_POINT('',(-147.,-2.99999999999998,7.99999999999998));
#14847=VECTOR('',#14848,1.);
#14848=DIRECTION('',(-1.,0.,0.));
#14849=CARTESIAN_POINT('',(-152.5,-2.99999999999999,7.99999999999998));
#14850=CARTESIAN_POINT('',(-152.5,-2.99999999999999,36.));
#14851=CARTESIAN_POINT('',(-152.5,-2.99999999999998,7.99999999999998));
#14852=VECTOR('',#14853,1.);
#14853=DIRECTION('',(0.,0.,1.));
#14854=CARTESIAN_POINT('',(-151.,-2.99999999999999,36.));
#14855=CARTESIAN_POINT('',(-152.5,-2.99999999999998,36.));
#14856=VECTOR('',#14857,1.);
#14857=DIRECTION('',(1.,0.,0.));
#14858=CARTESIAN_POINT('',(-151.,-2.99999999999999,7.99999999999998));
#14859=CARTESIAN_POINT('',(-151.,-2.99999999999998,36.));
#14860=VECTOR('',#14861,1.);
#14861=DIRECTION('',(0.,0.,-1.));
#14862=CARTESIAN_POINT('',(-151.,-2.99999999999998,7.99999999999998));
#14863=VECTOR('',#14864,1.);
#14864=DIRECTION('',(-1.,0.,0.));
#14865=CARTESIAN_POINT('',(-194.151318652799,-3.00381865279901,35.003818652799));
#14866=CARTESIAN_POINT('',(-194.151318652799,-3.00381865279899,35.003818652799));
#14867=CARTESIAN_POINT('',(-194.100916573053,-3.00127315440567,35.0012731544057));
#14868=CARTESIAN_POINT('',(-194.050466317527,-2.99999999999998,35.));
#14869=CARTESIAN_POINT('',(-194.,-2.99999999999998,35.));
#14870=CARTESIAN_POINT('',(-194.151318652852,-3.00381865271852,34.));
#14871=CARTESIAN_POINT('',(-194.151318652864,-3.00381865267761,34.));
#14872=VECTOR('',#14873,1.);
#14873=DIRECTION('',(0.,0.,1.));
#14874=CARTESIAN_POINT('',(-196.996181347281,-5.84868134714845,34.));
#14875=AXIS2_PLACEMENT_3D('',#14876,#14877,#14878);
#14876=CARTESIAN_POINT('',(-194.,-5.99999999999998,34.));
#14877=DIRECTION('',(0.,0.,-1.));
#14878=DIRECTION('',(-0.998727115732665,0.0504395509527175,0.));
#14879=CARTESIAN_POINT('',(-196.996181347201,-5.848681347201,35.003818652799));
#14880=CARTESIAN_POINT('',(-196.996181347201,-5.84868134720097,35.003818652799));
#14881=VECTOR('',#14882,1.);
#14882=DIRECTION('',(0.,0.,-1.));
#14883=CARTESIAN_POINT('',(-197.,-5.99999999999998,35.));
#14884=CARTESIAN_POINT('',(-196.996181347201,-5.84868134720103,35.003818652799));
#14885=CARTESIAN_POINT('',(-196.998726845594,-5.89908342694679,35.0012731544057));
#14886=CARTESIAN_POINT('',(-197.,-5.94953368247267,35.));
#14887=CARTESIAN_POINT('',(-197.,-5.99999999999999,35.));
#14888=CARTESIAN_POINT('',(-197.,-5.99999999999998,4.));
#14889=VECTOR('',#14890,1.);
#14890=DIRECTION('',(0.,0.,1.));
#14891=CARTESIAN_POINT('',(-197.,-53.,8.));
#14892=CARTESIAN_POINT('',(-197.,-57.,4.));
#14893=VECTOR('',#14894,1.);
#14894=DIRECTION('',(0.,0.707106781186548,0.707106781186547));
#14895=CARTESIAN_POINT('',(-197.,-33.,8.));
#14896=CARTESIAN_POINT('',(-197.,-53.,8.));
#14897=VECTOR('',#14898,1.);
#14898=DIRECTION('',(0.,1.,0.));
#14899=CARTESIAN_POINT('',(-197.,-33.,8.));
#14900=VECTOR('',#14901,1.);
#14901=DIRECTION('',(0.,0.707106781186548,-0.707106781186547));
#14902=CARTESIAN_POINT('',(-197.,-7.99999999999991,35.));
#14903=CARTESIAN_POINT('',(-197.,-7.99999999999991,35.));
#14904=VECTOR('',#14905,1.);
#14905=DIRECTION('',(0.,1.,0.));
#14906=CARTESIAN_POINT('',(-197.,-7.99999999999991,35.));
#14907=VECTOR('',#14908,1.);
#14908=DIRECTION('',(0.,1.97372982155583E-16,1.));
#14909=CARTESIAN_POINT('',(-197.,-107.,35.));
#14910=CARTESIAN_POINT('',(-197.,-107.,44.));
#14911=VECTOR('',#14912,1.);
#14912=DIRECTION('',(0.,0.,-1.));
#14913=CARTESIAN_POINT('',(-197.,-109.,35.));
#14914=VECTOR('',#14915,1.);
#14915=DIRECTION('',(0.,1.,-3.5527136788005E-15));
#14916=CARTESIAN_POINT('',(-197.,-71.5,25.5));
#14917=CARTESIAN_POINT('',(-197.,-71.5,13.5));
#14918=CARTESIAN_POINT('',(-197.,-71.5,25.5));
#14919=VECTOR('',#14920,1.);
#14920=DIRECTION('',(0.,0.,-1.));
#14921=CARTESIAN_POINT('',(-197.,-98.5,13.5));
#14922=CARTESIAN_POINT('',(-197.,-71.5,13.5));
#14923=VECTOR('',#14924,1.);
#14924=DIRECTION('',(0.,-1.,0.));
#14925=CARTESIAN_POINT('',(-197.,-98.5,25.5));
#14926=CARTESIAN_POINT('',(-197.,-98.5,13.5));
#14927=VECTOR('',#14928,1.);
#14928=DIRECTION('',(0.,0.,1.));
#14929=CARTESIAN_POINT('',(-197.,-93.4999999998251,30.5));
#14930=CARTESIAN_POINT('',(-197.,-98.5,25.5));
#14931=VECTOR('',#14932,1.);
#14932=DIRECTION('',(0.,0.707106781198916,0.707106781174179));
#14933=CARTESIAN_POINT('',(-197.,-76.5000000001749,30.5));
#14934=CARTESIAN_POINT('',(-197.,-93.499999999825,30.5));
#14935=VECTOR('',#14936,1.);
#14936=DIRECTION('',(0.,1.,0.));
#14937=CARTESIAN_POINT('',(-197.,-76.5000000001749,30.5));
#14938=VECTOR('',#14939,1.);
#14939=DIRECTION('',(0.,0.707106781198916,-0.707106781174179));
#14940=CARTESIAN_POINT('',(-197.,-67.,22.));
#14941=AXIS2_PLACEMENT_3D('',#14942,#14943,#14944);
#14942=CARTESIAN_POINT('',(-197.,-65.,22.));
#14943=DIRECTION('',(-1.,0.,0.));
#14944=DIRECTION('',(0.,-1.,-6.12323399573677E-17));
#14945=CARTESIAN_POINT('',(-197.,-107.,22.));
#14946=AXIS2_PLACEMENT_3D('',#14947,#14948,#14949);
#14947=CARTESIAN_POINT('',(-197.,-105.,22.));
#14948=DIRECTION('',(-1.,0.,0.));
#14949=DIRECTION('',(0.,-1.,-6.12323399573677E-17));
#14950=CARTESIAN_POINT('',(-177.,-33.,8.));
#14951=CARTESIAN_POINT('',(-177.,-33.,8.));
#14952=VECTOR('',#14953,1.);
#14953=DIRECTION('',(-1.,0.,0.));
#14954=CARTESIAN_POINT('',(-173.,-29.,4.));
#14955=VECTOR('',#14956,1.);
#14956=DIRECTION('',(-0.577350269189623,-0.577350269189627,0.577350269189627));
#14957=CARTESIAN_POINT('',(-177.,-53.,8.));
#14958=CARTESIAN_POINT('',(-177.,-53.,8.));
#14959=VECTOR('',#14960,1.);
#14960=DIRECTION('',(0.,1.,0.));
#14961=CARTESIAN_POINT('',(-173.,-57.,4.));
#14962=VECTOR('',#14963,1.);
#14963=DIRECTION('',(-0.577350269189623,0.577350269189627,0.577350269189627));
#14964=CARTESIAN_POINT('',(-197.,-53.,8.));
#14965=VECTOR('',#14966,1.);
#14966=DIRECTION('',(1.,-7.105427357601E-16,0.));
#14967=CARTESIAN_POINT('',(-156.5,-61.5,8.));
#14968=AXIS2_PLACEMENT_3D('',#14969,#14970,#14971);
#14969=CARTESIAN_POINT('',(-154.5,-61.5,8.));
#14970=DIRECTION('',(0.,0.,1.));
#14971=DIRECTION('',(-1.,1.22464679914735E-16,0.));
#14972=CARTESIAN_POINT('',(-56.,-81.,8.));
#14973=AXIS2_PLACEMENT_3D('',#14974,#14975,#14976);
#14974=CARTESIAN_POINT('',(-54.,-81.,8.));
#14975=DIRECTION('',(0.,0.,1.));
#14976=DIRECTION('',(-1.,1.22464679914735E-16,0.));
#14977=CARTESIAN_POINT('',(-186.5,-12.,8.));
#14978=AXIS2_PLACEMENT_3D('',#14979,#14980,#14981);
#14979=CARTESIAN_POINT('',(-183.,-12.,8.));
#14980=DIRECTION('',(0.,0.,1.));
#14981=DIRECTION('',(-1.,1.22464679914735E-16,0.));
#14982=CARTESIAN_POINT('',(-56.,-59.,8.));
#14983=AXIS2_PLACEMENT_3D('',#14984,#14985,#14986);
#14984=CARTESIAN_POINT('',(-54.,-59.,8.));
#14985=DIRECTION('',(0.,0.,1.));
#14986=DIRECTION('',(-1.,1.22464679914735E-16,0.));
#14987=CARTESIAN_POINT('',(-91.5,-61.5,8.));
#14988=AXIS2_PLACEMENT_3D('',#14989,#14990,#14991);
#14989=CARTESIAN_POINT('',(-89.5,-61.5,8.));
#14990=DIRECTION('',(0.,0.,1.));
#14991=DIRECTION('',(-1.,1.22464679914735E-16,0.));
#14992=CARTESIAN_POINT('',(-90.5,-106.5,8.));
#14993=AXIS2_PLACEMENT_3D('',#14994,#14995,#14996);
#14994=CARTESIAN_POINT('',(-89.5,-106.5,8.));
#14995=DIRECTION('',(0.,0.,1.));
#14996=DIRECTION('',(-1.,1.22464679914735E-16,0.));
#14997=CARTESIAN_POINT('',(-155.5,-106.5,8.));
#14998=AXIS2_PLACEMENT_3D('',#14999,#15000,#15001);
#14999=CARTESIAN_POINT('',(-154.5,-106.5,8.));
#15000=DIRECTION('',(0.,0.,1.));
#15001=DIRECTION('',(-1.,1.22464679914735E-16,0.));
#15002=CARTESIAN_POINT('',(-193.,-107.,39.));
#15003=CARTESIAN_POINT('',(-193.,-107.,39.));
#15004=VECTOR('',#15005,1.);
#15005=DIRECTION('',(-0.707106781186547,0.,-0.707106781186547));
#15006=CARTESIAN_POINT('',(-193.,-108.,39.));
#15007=VECTOR('',#15008,1.);
#15008=DIRECTION('',(0.,1.,0.));
#15009=CARTESIAN_POINT('',(-194.515075759508,-109.515075759508,37.4849242404918));
#15010=CARTESIAN_POINT('',(-195.195908487898,-108.834243031118,36.8040915121015));
#15011=CARTESIAN_POINT('',(-196.148567219007,-108.694572883492,35.8514327809933));
#15012=CARTESIAN_POINT('',(-196.996181347201,-109.151318652799,35.003818652799));
#15013=CARTESIAN_POINT('',(-198.1,-111.,34.));
#15014=AXIS2_PLACEMENT_3D('',#15015,#15016,#15017);
#15015=CARTESIAN_POINT('',(-196.,-111.,34.));
#15016=DIRECTION('',(0.,0.,1.));
#15017=DIRECTION('',(-0.474372070153508,0.880324451016939,0.));
#15018=AXIS2_PLACEMENT_3D('',#15019,#15020,#15021);
#15019=CARTESIAN_POINT('',(-196.,-111.,34.));
#15020=DIRECTION('',(0.,0.,1.));
#15021=DIRECTION('',(-1.,0.,0.));
#15022=CARTESIAN_POINT('',(-192.,-107.,39.));
#15023=VECTOR('',#15024,1.);
#15024=DIRECTION('',(-1.,0.,0.));
#15025=CARTESIAN_POINT('',(-196.,2.39956572861599E-14,0.));
#15026=CARTESIAN_POINT('',(-196.,2.39919472975958E-14,0.));
#15027=VECTOR('',#15028,1.);
#15028=DIRECTION('',(0.,0.,1.));
#15029=CARTESIAN_POINT('',(-200.,-3.99999999999998,0.));
#15030=AXIS2_PLACEMENT_3D('',#15031,#15032,#15033);
#15031=CARTESIAN_POINT('',(-196.,-3.99999999999998,0.));
#15032=DIRECTION('',(0.,0.,-1.));
#15033=DIRECTION('',(-1.,2.22044604925031E-16,0.));
#15034=CARTESIAN_POINT('',(-200.,-3.99999999999998,0.));
#15035=VECTOR('',#15036,1.);
#15036=DIRECTION('',(0.,0.,1.));
#15037=CARTESIAN_POINT('',(-200.,-111.,0.));
#15038=CARTESIAN_POINT('',(-200.,-3.99999999999998,0.));
#15039=VECTOR('',#15040,1.);
#15040=DIRECTION('',(0.,-1.,0.));
#15041=CARTESIAN_POINT('',(-200.,-111.,0.));
#15042=VECTOR('',#15043,1.);
#15043=DIRECTION('',(0.,0.,1.));
#15044=CARTESIAN_POINT('',(-200.,-71.5,13.5));
#15045=CARTESIAN_POINT('',(-200.,-71.5,25.5));
#15046=CARTESIAN_POINT('',(-200.,-71.5,25.5));
#15047=VECTOR('',#15048,1.);
#15048=DIRECTION('',(0.,0.,-1.));
#15049=CARTESIAN_POINT('',(-200.,-76.5000000001749,30.5));
#15050=CARTESIAN_POINT('',(-200.,-76.5000000001749,30.5));
#15051=VECTOR('',#15052,1.);
#15052=DIRECTION('',(0.,0.707106781198916,-0.707106781174179));
#15053=CARTESIAN_POINT('',(-200.,-93.4999999998251,30.5));
#15054=CARTESIAN_POINT('',(-200.,-93.499999999825,30.5));
#15055=VECTOR('',#15056,1.);
#15056=DIRECTION('',(0.,1.,-2.08983157580801E-16));
#15057=CARTESIAN_POINT('',(-200.,-98.5,25.5));
#15058=CARTESIAN_POINT('',(-200.,-98.5,25.5));
#15059=VECTOR('',#15060,1.);
#15060=DIRECTION('',(0.,0.707106781198916,0.707106781174179));
#15061=CARTESIAN_POINT('',(-200.,-98.5,13.5));
#15062=CARTESIAN_POINT('',(-200.,-98.5,13.5));
#15063=VECTOR('',#15064,1.);
#15064=DIRECTION('',(0.,0.,1.));
#15065=CARTESIAN_POINT('',(-200.,-71.5,13.5));
#15066=VECTOR('',#15067,1.);
#15067=DIRECTION('',(0.,-1.,0.));
#15068=CARTESIAN_POINT('',(-200.,-67.,22.));
#15069=AXIS2_PLACEMENT_3D('',#15070,#15071,#15072);
#15070=CARTESIAN_POINT('',(-200.,-65.,22.));
#15071=DIRECTION('',(-1.,0.,0.));
#15072=DIRECTION('',(0.,-1.,-6.12323399573677E-17));
#15073=CARTESIAN_POINT('',(-200.,-107.,22.));
#15074=AXIS2_PLACEMENT_3D('',#15075,#15076,#15077);
#15075=CARTESIAN_POINT('',(-200.,-105.,22.));
#15076=DIRECTION('',(-1.,0.,0.));
#15077=DIRECTION('',(0.,-1.,-6.12323399573677E-17));
#15078=AXIS2_PLACEMENT_3D('',#15079,#15080,#15081);
#15079=CARTESIAN_POINT('',(-196.,-111.,0.));
#15080=DIRECTION('',(0.,0.,-1.));
#15081=DIRECTION('',(0.,-1.,0.));
#15082=CARTESIAN_POINT('',(-7.58208894752354E-15,-111.,0.));
#15083=AXIS2_PLACEMENT_3D('',#15084,#15085,#15086);
#15084=CARTESIAN_POINT('',(-3.99999999999999,-111.,0.));
#15085=DIRECTION('',(0.,0.,-1.));
#15086=DIRECTION('',(1.,0.,0.));
#15087=CARTESIAN_POINT('',(-4.5763436860175E-15,-111.,0.));
#15088=VECTOR('',#15089,1.);
#15089=DIRECTION('',(-8.57899609937621E-17,0.,1.));
#15090=CARTESIAN_POINT('',(-6.22631953006003E-16,-4.,0.));
#15091=CARTESIAN_POINT('',(-6.89018569679534E-16,-4.,0.));
#15092=VECTOR('',#15093,1.);
#15093=DIRECTION('',(0.,0.,1.));
#15094=CARTESIAN_POINT('',(-1.35935794705356E-14,-111.,0.));
#15095=VECTOR('',#15096,1.);
#15096=DIRECTION('',(1.22464679914735E-16,1.,0.));
#15097=CARTESIAN_POINT('',(-1.53080849893419E-15,-37.5,14.));
#15098=CARTESIAN_POINT('',(-1.36752225904788E-15,-33.5,10.));
#15099=AXIS2_PLACEMENT_3D('',#15100,#15101,#15102);
#15100=CARTESIAN_POINT('',(-4.10256677714363E-15,-33.5,14.));
#15101=DIRECTION('',(-1.,1.22464679914735E-16,0.));
#15102=DIRECTION('',(0.,0.,-1.));
#15103=CARTESIAN_POINT('',(-1.53080849893419E-15,-37.5,16.));
#15104=CARTESIAN_POINT('',(-2.29621274840129E-15,-37.5,16.));
#15105=VECTOR('',#15106,1.);
#15106=DIRECTION('',(0.,0.,-1.));
#15107=CARTESIAN_POINT('',(-1.36752225904788E-15,-33.5,20.));
#15108=AXIS2_PLACEMENT_3D('',#15109,#15110,#15111);
#15109=CARTESIAN_POINT('',(-4.10256677714363E-15,-33.5,16.));
#15110=DIRECTION('',(-1.,1.22464679914735E-16,0.));
#15111=DIRECTION('',(-1.22464679914735E-16,-1.,0.));
#15112=CARTESIAN_POINT('',(-1.08177133924683E-15,-26.5,20.));
#15113=CARTESIAN_POINT('',(-1.62265700887024E-15,-26.5,20.));
#15114=VECTOR('',#15115,1.);
#15115=DIRECTION('',(-6.12323399573677E-17,-1.,-5.07530525542929E-16));
#15116=CARTESIAN_POINT('',(-9.18485099360515E-16,-22.5,16.));
#15117=AXIS2_PLACEMENT_3D('',#15118,#15119,#15120);
#15118=CARTESIAN_POINT('',(-3.24531401774049E-15,-26.5,16.));
#15119=DIRECTION('',(-1.,1.22464679914735E-16,0.));
#15120=DIRECTION('',(0.,0.,1.));
#15121=CARTESIAN_POINT('',(-9.18485099360515E-16,-22.5,14.));
#15122=CARTESIAN_POINT('',(-1.37772764904077E-15,-22.5,14.));
#15123=VECTOR('',#15124,1.);
#15124=DIRECTION('',(0.,0.,1.));
#15125=CARTESIAN_POINT('',(-1.08177133924683E-15,-26.5,10.));
#15126=AXIS2_PLACEMENT_3D('',#15127,#15128,#15129);
#15127=CARTESIAN_POINT('',(-3.24531401774049E-15,-26.5,14.));
#15128=DIRECTION('',(-1.,1.22464679914735E-16,0.));
#15129=DIRECTION('',(1.22464679914735E-16,1.,0.));
#15130=CARTESIAN_POINT('',(-2.05128338857182E-15,-33.5,10.));
#15131=VECTOR('',#15132,1.);
#15132=DIRECTION('',(6.12323399573677E-17,1.,-2.53765262771464E-16));
#15133=CARTESIAN_POINT('',(-1.1817841611772E-14,-96.5,7.8));
#15134=CARTESIAN_POINT('',(-1.1817841611772E-14,-96.5,5.));
#15135=CARTESIAN_POINT('',(-5.90892080588598E-15,-96.5,5.));
#15136=VECTOR('',#15137,1.);
#15137=DIRECTION('',(0.,0.,1.));
#15138=CARTESIAN_POINT('',(-1.30424884109193E-14,-106.5,5.));
#15139=CARTESIAN_POINT('',(-6.52124420545966E-15,-106.5,5.));
#15140=VECTOR('',#15141,1.);
#15141=DIRECTION('',(6.12323399573676E-17,1.,0.));
#15142=CARTESIAN_POINT('',(-1.30424884109193E-14,-106.5,7.8));
#15143=CARTESIAN_POINT('',(-6.52124420545966E-15,-106.5,7.8));
#15144=VECTOR('',#15145,1.);
#15145=DIRECTION('',(0.,0.,-1.));
#15146=CARTESIAN_POINT('',(-5.90892080588598E-15,-96.5,7.8));
#15147=VECTOR('',#15148,1.);
#15148=DIRECTION('',(-6.12323399573676E-17,-1.,0.));
#15149=CARTESIAN_POINT('',(-4.,4.74602216389315E-16,0.));
#15150=AXIS2_PLACEMENT_3D('',#15151,#15152,#15153);
#15151=CARTESIAN_POINT('',(-4.,-4.,0.));
#15152=DIRECTION('',(0.,0.,-1.));
#15153=DIRECTION('',(-2.22044604925031E-16,1.,0.));
#15154=CARTESIAN_POINT('',(-4.,4.66973964754502E-16,0.));
#15155=VECTOR('',#15156,1.);
#15156=DIRECTION('',(0.,0.,1.));
#15157=CARTESIAN_POINT('',(-4.,4.89858719658941E-16,0.));
#15158=VECTOR('',#15159,1.);
#15159=DIRECTION('',(-1.,1.22464679914735E-16,0.));
#15160=CARTESIAN_POINT('',(-36.5,4.46996081688784E-15,36.));
#15161=CARTESIAN_POINT('',(-36.5,4.46996081688784E-15,7.99999999999999));
#15162=CARTESIAN_POINT('',(-36.5,2.23498040844392E-15,8.));
#15163=VECTOR('',#15164,1.);
#15164=DIRECTION('',(-2.53765262771464E-16,1.40868018789466E-32,1.));
#15165=CARTESIAN_POINT('',(-35.,4.28626379701574E-15,7.99999999999999));
#15166=CARTESIAN_POINT('',(-35.,4.28626379701574E-15,8.));
#15167=VECTOR('',#15168,1.);
#15168=DIRECTION('',(-1.,1.22464679914735E-16,0.));
#15169=CARTESIAN_POINT('',(-35.,4.28626379701574E-15,36.));
#15170=CARTESIAN_POINT('',(-35.,2.14313189850787E-15,36.));
#15171=VECTOR('',#15172,1.);
#15172=DIRECTION('',(2.53765262771464E-16,-1.40868018789466E-32,-1.));
#15173=CARTESIAN_POINT('',(-36.5,2.23498040844392E-15,36.));
#15174=VECTOR('',#15175,1.);
#15175=DIRECTION('',(1.,-6.12323399573675E-17,0.));
#15176=CARTESIAN_POINT('',(-40.5,4.95981953654678E-15,36.));
#15177=CARTESIAN_POINT('',(-40.5,4.95981953654678E-15,7.99999999999999));
#15178=CARTESIAN_POINT('',(-40.5,2.47990976827339E-15,7.99999999999999));
#15179=VECTOR('',#15180,1.);
#15180=DIRECTION('',(-2.53765262771464E-16,1.40868018789466E-32,1.));
#15181=CARTESIAN_POINT('',(-39.,4.77612251667468E-15,8.));
#15182=CARTESIAN_POINT('',(-39.,4.77612251667468E-15,8.));
#15183=VECTOR('',#15184,1.);
#15184=DIRECTION('',(-1.,1.22464679914735E-16,-5.92118946466745E-16));
#15185=CARTESIAN_POINT('',(-39.,4.77612251667468E-15,36.));
#15186=CARTESIAN_POINT('',(-39.,2.38806125833734E-15,36.));
#15187=VECTOR('',#15188,1.);
#15188=DIRECTION('',(2.53765262771464E-16,-1.40868018789466E-32,-1.));
#15189=CARTESIAN_POINT('',(-40.5,2.47990976827339E-15,36.));
#15190=VECTOR('',#15191,1.);
#15191=DIRECTION('',(1.,-6.12323399573675E-17,0.));
#15192=CARTESIAN_POINT('',(-44.5,5.44967825620572E-15,36.));
#15193=CARTESIAN_POINT('',(-44.5,5.44967825620572E-15,7.99999999999999));
#15194=CARTESIAN_POINT('',(-44.5,2.72483912810286E-15,7.99999999999999));
#15195=VECTOR('',#15196,1.);
#15196=DIRECTION('',(-2.53765262771464E-16,1.40868018789466E-32,1.));
#15197=CARTESIAN_POINT('',(-43.,5.26598123633362E-15,7.99999999999999));
#15198=CARTESIAN_POINT('',(-43.,2.63299061816681E-15,7.99999999999999));
#15199=VECTOR('',#15200,1.);
#15200=DIRECTION('',(-1.,6.12323399573678E-17,0.));
#15201=CARTESIAN_POINT('',(-43.,5.26598123633362E-15,36.));
#15202=CARTESIAN_POINT('',(-43.,2.63299061816681E-15,36.));
#15203=VECTOR('',#15204,1.);
#15204=DIRECTION('',(2.53765262771464E-16,-2.81736037578933E-32,-1.));
#15205=CARTESIAN_POINT('',(-44.5,2.72483912810286E-15,36.));
#15206=VECTOR('',#15207,1.);
#15207=DIRECTION('',(1.,-6.12323399573675E-17,0.));
#15208=CARTESIAN_POINT('',(-48.5,5.93953697586466E-15,36.));
#15209=CARTESIAN_POINT('',(-48.5,5.93953697586466E-15,7.99999999999999));
#15210=CARTESIAN_POINT('',(-48.5,2.96976848793233E-15,7.99999999999999));
#15211=VECTOR('',#15212,1.);
#15212=DIRECTION('',(-2.53765262771464E-16,1.40868018789466E-32,1.));
#15213=CARTESIAN_POINT('',(-47.,5.75583995599256E-15,7.99999999999999));
#15214=CARTESIAN_POINT('',(-47.,2.87791997799628E-15,7.99999999999999));
#15215=VECTOR('',#15216,1.);
#15216=DIRECTION('',(-1.,6.12323399573678E-17,-5.92118946466745E-16));
#15217=CARTESIAN_POINT('',(-47.,5.75583995599256E-15,36.));
#15218=CARTESIAN_POINT('',(-47.,2.87791997799628E-15,36.));
#15219=VECTOR('',#15220,1.);
#15220=DIRECTION('',(2.53765262771464E-16,-1.40868018789466E-32,-1.));
#15221=CARTESIAN_POINT('',(-48.5,2.96976848793233E-15,36.));
#15222=VECTOR('',#15223,1.);
#15223=DIRECTION('',(1.,-6.12323399573678E-17,0.));
#15224=CARTESIAN_POINT('',(-52.5,6.4293956955236E-15,36.));
#15225=CARTESIAN_POINT('',(-52.5,6.4293956955236E-15,7.99999999999999));
#15226=CARTESIAN_POINT('',(-52.5,3.2146978477618E-15,7.99999999999999));
#15227=VECTOR('',#15228,1.);
#15228=DIRECTION('',(-2.53765262771464E-16,2.81736037578933E-32,1.));
#15229=CARTESIAN_POINT('',(-51.,6.2456986756515E-15,7.99999999999999));
#15230=CARTESIAN_POINT('',(-51.,6.2456986756515E-15,8.));
#15231=VECTOR('',#15232,1.);
#15232=DIRECTION('',(-1.,1.22464679914736E-16,0.));
#15233=CARTESIAN_POINT('',(-51.,6.2456986756515E-15,36.));
#15234=CARTESIAN_POINT('',(-51.,3.12284933782575E-15,36.));
#15235=VECTOR('',#15236,1.);
#15236=DIRECTION('',(2.53765262771464E-16,-1.40868018789466E-32,-1.));
#15237=CARTESIAN_POINT('',(-52.5,3.2146978477618E-15,36.));
#15238=VECTOR('',#15239,1.);
#15239=DIRECTION('',(1.,-6.12323399573678E-17,0.));
#15240=CARTESIAN_POINT('',(-56.5,6.91925441518255E-15,36.));
#15241=CARTESIAN_POINT('',(-56.5,6.91925441518254E-15,7.99999999999999));
#15242=CARTESIAN_POINT('',(-56.5,3.45962720759127E-15,7.99999999999999));
#15243=VECTOR('',#15244,1.);
#15244=DIRECTION('',(-2.53765262771464E-16,1.40868018789466E-32,1.));
#15245=CARTESIAN_POINT('',(-55.,6.73555739531044E-15,7.99999999999999));
#15246=CARTESIAN_POINT('',(-55.,6.73555739531044E-15,8.));
#15247=VECTOR('',#15248,1.);
#15248=DIRECTION('',(-1.,1.22464679914736E-16,0.));
#15249=CARTESIAN_POINT('',(-55.,6.73555739531044E-15,36.));
#15250=CARTESIAN_POINT('',(-55.,3.36777869765522E-15,36.));
#15251=VECTOR('',#15252,1.);
#15252=DIRECTION('',(2.53765262771464E-16,-1.40868018789466E-32,-1.));
#15253=CARTESIAN_POINT('',(-56.5,3.45962720759127E-15,36.));
#15254=VECTOR('',#15255,1.);
#15255=DIRECTION('',(1.,-6.12323399573678E-17,0.));
#15256=CARTESIAN_POINT('',(-60.5,7.40911313484149E-15,36.));
#15257=CARTESIAN_POINT('',(-60.5,7.40911313484149E-15,7.99999999999999));
#15258=CARTESIAN_POINT('',(-60.5,1.08099839250217E-14,7.99999999999999));
#15259=VECTOR('',#15260,1.);
#15260=DIRECTION('',(-2.53765262771464E-16,0.,1.));
#15261=CARTESIAN_POINT('',(-59.,7.22541611496938E-15,7.99999999999999));
#15262=CARTESIAN_POINT('',(-59.,1.07181354150857E-14,7.99999999999999));
#15263=VECTOR('',#15264,1.);
#15264=DIRECTION('',(-1.,6.1232339957368E-17,0.));
#15265=CARTESIAN_POINT('',(-59.,7.22541611496938E-15,36.));
#15266=CARTESIAN_POINT('',(-59.,1.07181354150857E-14,36.));
#15267=VECTOR('',#15268,1.);
#15268=DIRECTION('',(2.53765262771464E-16,-5.63472075157866E-32,-1.));
#15269=CARTESIAN_POINT('',(-60.5,1.08099839250217E-14,36.));
#15270=VECTOR('',#15271,1.);
#15271=DIRECTION('',(1.,-6.1232339957367E-17,0.));
#15272=CARTESIAN_POINT('',(-64.5,7.89897185450043E-15,36.));
#15273=CARTESIAN_POINT('',(-64.5,7.89897185450043E-15,7.99999999999999));
#15274=CARTESIAN_POINT('',(-64.5,1.10549132848512E-14,7.99999999999999));
#15275=VECTOR('',#15276,1.);
#15276=DIRECTION('',(0.,0.,1.));
#15277=CARTESIAN_POINT('',(-63.,7.71527483462832E-15,7.99999999999999));
#15278=CARTESIAN_POINT('',(-63.,1.09630647749152E-14,7.99999999999999));
#15279=VECTOR('',#15280,1.);
#15280=DIRECTION('',(-1.,6.1232339957367E-17,0.));
#15281=CARTESIAN_POINT('',(-63.,7.71527483462832E-15,36.));
#15282=CARTESIAN_POINT('',(-63.,1.09630647749152E-14,36.));
#15283=VECTOR('',#15284,1.);
#15284=DIRECTION('',(2.53765262771464E-16,0.,-1.));
#15285=CARTESIAN_POINT('',(-64.5,1.10549132848512E-14,36.));
#15286=VECTOR('',#15287,1.);
#15287=DIRECTION('',(1.,-6.12323399573673E-17,0.));
#15288=CARTESIAN_POINT('',(-68.5,8.38883057415937E-15,36.));
#15289=CARTESIAN_POINT('',(-68.5,8.38883057415937E-15,7.99999999999999));
#15290=CARTESIAN_POINT('',(-68.5,1.12998426446807E-14,7.99999999999999));
#15291=VECTOR('',#15292,1.);
#15292=DIRECTION('',(0.,0.,1.));
#15293=CARTESIAN_POINT('',(-67.,8.20513355428726E-15,7.99999999999999));
#15294=CARTESIAN_POINT('',(-67.,1.12079941347446E-14,7.99999999999999));
#15295=VECTOR('',#15296,1.);
#15296=DIRECTION('',(-1.,6.1232339957367E-17,0.));
#15297=CARTESIAN_POINT('',(-67.,8.20513355428726E-15,36.));
#15298=CARTESIAN_POINT('',(-67.,1.12079941347446E-14,36.));
#15299=VECTOR('',#15300,1.);
#15300=DIRECTION('',(0.,0.,-1.));
#15301=CARTESIAN_POINT('',(-68.5,1.12998426446807E-14,36.));
#15302=VECTOR('',#15303,1.);
#15303=DIRECTION('',(1.,-6.1232339957367E-17,0.));
#15304=CARTESIAN_POINT('',(-72.5,8.87868929381831E-15,36.));
#15305=CARTESIAN_POINT('',(-72.5,8.87868929381831E-15,7.99999999999999));
#15306=CARTESIAN_POINT('',(-72.5,1.15447720045102E-14,7.99999999999999));
#15307=VECTOR('',#15308,1.);
#15308=DIRECTION('',(0.,0.,1.));
#15309=CARTESIAN_POINT('',(-71.,8.69499227394621E-15,7.99999999999999));
#15310=CARTESIAN_POINT('',(-71.,1.14529234945741E-14,7.99999999999999));
#15311=VECTOR('',#15312,1.);
#15312=DIRECTION('',(-1.,6.1232339957367E-17,0.));
#15313=CARTESIAN_POINT('',(-71.,8.69499227394621E-15,36.));
#15314=CARTESIAN_POINT('',(-71.,1.14529234945741E-14,36.));
#15315=VECTOR('',#15316,1.);
#15316=DIRECTION('',(0.,0.,-1.));
#15317=CARTESIAN_POINT('',(-72.5,1.15447720045102E-14,36.));
#15318=VECTOR('',#15319,1.);
#15319=DIRECTION('',(1.,-6.1232339957367E-17,0.));
#15320=CARTESIAN_POINT('',(-76.5,9.36854801347725E-15,36.));
#15321=CARTESIAN_POINT('',(-76.5,9.36854801347725E-15,7.99999999999999));
#15322=CARTESIAN_POINT('',(-76.5,1.17897013643396E-14,7.99999999999999));
#15323=VECTOR('',#15324,1.);
#15324=DIRECTION('',(0.,0.,1.));
#15325=CARTESIAN_POINT('',(-75.,9.18485099360515E-15,7.99999999999999));
#15326=CARTESIAN_POINT('',(-75.,1.16978528544036E-14,7.99999999999999));
#15327=VECTOR('',#15328,1.);
#15328=DIRECTION('',(-1.,6.1232339957367E-17,0.));
#15329=CARTESIAN_POINT('',(-75.,9.18485099360515E-15,36.));
#15330=CARTESIAN_POINT('',(-75.,1.16978528544036E-14,36.));
#15331=VECTOR('',#15332,1.);
#15332=DIRECTION('',(0.,0.,-1.));
#15333=CARTESIAN_POINT('',(-76.5,1.17897013643396E-14,36.));
#15334=VECTOR('',#15335,1.);
#15335=DIRECTION('',(1.,-6.1232339957367E-17,0.));
#15336=CARTESIAN_POINT('',(-80.5,9.85840673313619E-15,36.));
#15337=CARTESIAN_POINT('',(-80.5,9.85840673313619E-15,7.99999999999999));
#15338=CARTESIAN_POINT('',(-80.5,1.20346307241691E-14,7.99999999999999));
#15339=VECTOR('',#15340,1.);
#15340=DIRECTION('',(0.,0.,1.));
#15341=CARTESIAN_POINT('',(-79.,9.67470971326409E-15,7.99999999999999));
#15342=CARTESIAN_POINT('',(-79.,1.1942782214233E-14,7.99999999999999));
#15343=VECTOR('',#15344,1.);
#15344=DIRECTION('',(-1.,6.1232339957368E-17,0.));
#15345=CARTESIAN_POINT('',(-79.,9.67470971326409E-15,36.));
#15346=CARTESIAN_POINT('',(-79.,1.1942782214233E-14,36.));
#15347=VECTOR('',#15348,1.);
#15348=DIRECTION('',(0.,0.,-1.));
#15349=CARTESIAN_POINT('',(-80.5,1.20346307241691E-14,36.));
#15350=VECTOR('',#15351,1.);
#15351=DIRECTION('',(1.,-6.1232339957368E-17,0.));
#15352=CARTESIAN_POINT('',(-84.5,1.03482654527951E-14,36.));
#15353=CARTESIAN_POINT('',(-84.5,1.03482654527951E-14,7.99999999999999));
#15354=CARTESIAN_POINT('',(-84.5,1.22795600839986E-14,7.99999999999999));
#15355=VECTOR('',#15356,1.);
#15356=DIRECTION('',(0.,0.,1.));
#15357=CARTESIAN_POINT('',(-83.,1.0164568432923E-14,7.99999999999999));
#15358=CARTESIAN_POINT('',(-83.,1.21877115740625E-14,7.99999999999999));
#15359=VECTOR('',#15360,1.);
#15360=DIRECTION('',(-1.,6.1232339957368E-17,0.));
#15361=CARTESIAN_POINT('',(-83.,1.0164568432923E-14,36.));
#15362=CARTESIAN_POINT('',(-83.,1.21877115740625E-14,36.));
#15363=VECTOR('',#15364,1.);
#15364=DIRECTION('',(0.,0.,-1.));
#15365=CARTESIAN_POINT('',(-84.5,1.22795600839986E-14,36.));
#15366=VECTOR('',#15367,1.);
#15367=DIRECTION('',(1.,-6.1232339957368E-17,0.));
#15368=CARTESIAN_POINT('',(-88.5,1.08381241724541E-14,36.));
#15369=CARTESIAN_POINT('',(-88.5,1.08381241724541E-14,7.99999999999999));
#15370=CARTESIAN_POINT('',(-88.5,1.2524489443828E-14,7.99999999999999));
#15371=VECTOR('',#15372,1.);
#15372=DIRECTION('',(0.,0.,1.));
#15373=CARTESIAN_POINT('',(-87.,1.0654427152582E-14,7.99999999999999));
#15374=CARTESIAN_POINT('',(-87.,1.0654427152582E-14,7.99999999999999));
#15375=VECTOR('',#15376,1.);
#15376=DIRECTION('',(-1.,1.22464679914735E-16,0.));
#15377=CARTESIAN_POINT('',(-87.,1.0654427152582E-14,36.));
#15378=CARTESIAN_POINT('',(-87.,1.2432640933892E-14,36.));
#15379=VECTOR('',#15380,1.);
#15380=DIRECTION('',(0.,0.,-1.));
#15381=CARTESIAN_POINT('',(-88.5,1.2524489443828E-14,36.));
#15382=VECTOR('',#15383,1.);
#15383=DIRECTION('',(1.,-6.1232339957368E-17,9.47390314346791E-15));
#15384=CARTESIAN_POINT('',(-92.5,1.1327982892113E-14,36.));
#15385=CARTESIAN_POINT('',(-92.5,1.1327982892113E-14,7.99999999999999));
#15386=CARTESIAN_POINT('',(-92.5,1.27694188036575E-14,7.99999999999999));
#15387=VECTOR('',#15388,1.);
#15388=DIRECTION('',(0.,0.,1.));
#15389=CARTESIAN_POINT('',(-91.,1.11442858722409E-14,7.99999999999999));
#15390=CARTESIAN_POINT('',(-91.,1.11442858722409E-14,7.99999999999999));
#15391=VECTOR('',#15392,1.);
#15392=DIRECTION('',(-1.,1.22464679914735E-16,0.));
#15393=CARTESIAN_POINT('',(-91.,1.11442858722409E-14,36.));
#15394=CARTESIAN_POINT('',(-91.,1.26775702937215E-14,36.));
#15395=VECTOR('',#15396,1.);
#15396=DIRECTION('',(0.,0.,-1.));
#15397=CARTESIAN_POINT('',(-92.5,1.27694188036575E-14,36.));
#15398=VECTOR('',#15399,1.);
#15399=DIRECTION('',(1.,-6.1232339957368E-17,0.));
#15400=CARTESIAN_POINT('',(-96.5,1.1817841611772E-14,36.));
#15401=CARTESIAN_POINT('',(-96.5,1.1817841611772E-14,7.99999999999999));
#15402=CARTESIAN_POINT('',(-96.5,1.3014348163487E-14,7.99999999999999));
#15403=VECTOR('',#15404,1.);
#15404=DIRECTION('',(0.,0.,1.));
#15405=CARTESIAN_POINT('',(-95.,1.16341445918999E-14,7.99999999999999));
#15406=CARTESIAN_POINT('',(-95.,1.29224996535509E-14,7.99999999999999));
#15407=VECTOR('',#15408,1.);
#15408=DIRECTION('',(-1.,6.1232339957368E-17,0.));
#15409=CARTESIAN_POINT('',(-95.,1.16341445918999E-14,36.));
#15410=CARTESIAN_POINT('',(-95.,1.29224996535509E-14,36.));
#15411=VECTOR('',#15412,1.);
#15412=DIRECTION('',(0.,0.,-1.));
#15413=CARTESIAN_POINT('',(-96.5,1.3014348163487E-14,36.));
#15414=VECTOR('',#15415,1.);
#15415=DIRECTION('',(1.,-6.1232339957368E-17,0.));
#15416=CARTESIAN_POINT('',(-100.5,1.23077003314309E-14,36.));
#15417=CARTESIAN_POINT('',(-100.5,1.23077003314309E-14,7.99999999999999));
#15418=CARTESIAN_POINT('',(-100.5,1.32592775233165E-14,7.99999999999999));
#15419=VECTOR('',#15420,1.);
#15420=DIRECTION('',(0.,0.,1.));
#15421=CARTESIAN_POINT('',(-99.,1.21240033115588E-14,7.99999999999999));
#15422=CARTESIAN_POINT('',(-99.,1.31674290133804E-14,7.99999999999999));
#15423=VECTOR('',#15424,1.);
#15424=DIRECTION('',(-1.,6.1232339957367E-17,0.));
#15425=CARTESIAN_POINT('',(-99.,1.21240033115588E-14,36.));
#15426=CARTESIAN_POINT('',(-99.,1.31674290133804E-14,36.));
#15427=VECTOR('',#15428,1.);
#15428=DIRECTION('',(0.,0.,-1.));
#15429=CARTESIAN_POINT('',(-100.5,1.32592775233165E-14,36.));
#15430=VECTOR('',#15431,1.);
#15431=DIRECTION('',(1.,-6.1232339957367E-17,0.));
#15432=CARTESIAN_POINT('',(-104.5,1.27975590510898E-14,36.));
#15433=CARTESIAN_POINT('',(-104.5,1.27975590510898E-14,7.99999999999999));
#15434=CARTESIAN_POINT('',(-104.5,1.35042068831459E-14,7.99999999999999));
#15435=VECTOR('',#15436,1.);
#15436=DIRECTION('',(0.,0.,1.));
#15437=CARTESIAN_POINT('',(-103.,1.26138620312177E-14,7.99999999999999));
#15438=CARTESIAN_POINT('',(-103.,1.34123583732099E-14,7.99999999999999));
#15439=VECTOR('',#15440,1.);
#15440=DIRECTION('',(-1.,6.1232339957367E-17,0.));
#15441=CARTESIAN_POINT('',(-103.,1.26138620312177E-14,36.));
#15442=CARTESIAN_POINT('',(-103.,1.34123583732099E-14,36.));
#15443=VECTOR('',#15444,1.);
#15444=DIRECTION('',(0.,0.,-1.));
#15445=CARTESIAN_POINT('',(-104.5,1.35042068831459E-14,36.));
#15446=VECTOR('',#15447,1.);
#15447=DIRECTION('',(1.,-6.1232339957367E-17,0.));
#15448=CARTESIAN_POINT('',(-108.5,1.32874177707488E-14,36.));
#15449=CARTESIAN_POINT('',(-108.5,1.32874177707488E-14,7.99999999999999));
#15450=CARTESIAN_POINT('',(-108.5,1.37491362429754E-14,7.99999999999999));
#15451=VECTOR('',#15452,1.);
#15452=DIRECTION('',(0.,0.,1.));
#15453=CARTESIAN_POINT('',(-107.,1.31037207508767E-14,7.99999999999999));
#15454=CARTESIAN_POINT('',(-107.,1.36572877330393E-14,7.99999999999999));
#15455=VECTOR('',#15456,1.);
#15456=DIRECTION('',(-1.,6.1232339957367E-17,0.));
#15457=CARTESIAN_POINT('',(-107.,1.31037207508767E-14,36.));
#15458=CARTESIAN_POINT('',(-107.,1.36572877330393E-14,36.));
#15459=VECTOR('',#15460,1.);
#15460=DIRECTION('',(0.,0.,-1.));
#15461=CARTESIAN_POINT('',(-108.5,1.37491362429754E-14,36.));
#15462=VECTOR('',#15463,1.);
#15463=DIRECTION('',(1.,-6.1232339957367E-17,0.));
#15464=CARTESIAN_POINT('',(-112.5,1.37772764904077E-14,36.));
#15465=CARTESIAN_POINT('',(-112.5,1.37772764904077E-14,7.99999999999999));
#15466=CARTESIAN_POINT('',(-112.5,1.39940656028049E-14,7.99999999999999));
#15467=VECTOR('',#15468,1.);
#15468=DIRECTION('',(0.,0.,1.));
#15469=CARTESIAN_POINT('',(-111.,1.35935794705356E-14,7.99999999999999));
#15470=CARTESIAN_POINT('',(-111.,1.39022170928688E-14,7.99999999999999));
#15471=VECTOR('',#15472,1.);
#15472=DIRECTION('',(-1.,6.1232339957367E-17,-5.92118946466745E-16));
#15473=CARTESIAN_POINT('',(-111.,1.35935794705356E-14,36.));
#15474=CARTESIAN_POINT('',(-111.,1.39022170928688E-14,36.));
#15475=VECTOR('',#15476,1.);
#15476=DIRECTION('',(0.,0.,-1.));
#15477=CARTESIAN_POINT('',(-112.5,1.39940656028049E-14,36.));
#15478=VECTOR('',#15479,1.);
#15479=DIRECTION('',(1.,-6.1232339957367E-17,0.));
#15480=CARTESIAN_POINT('',(-116.5,1.42671352100667E-14,36.));
#15481=CARTESIAN_POINT('',(-116.5,1.42671352100667E-14,7.99999999999999));
#15482=CARTESIAN_POINT('',(-116.5,1.42389949626343E-14,7.99999999999999));
#15483=VECTOR('',#15484,1.);
#15484=DIRECTION('',(0.,0.,1.));
#15485=CARTESIAN_POINT('',(-115.,1.40834381901946E-14,7.99999999999999));
#15486=CARTESIAN_POINT('',(-115.,1.41471464526983E-14,7.99999999999999));
#15487=VECTOR('',#15488,1.);
#15488=DIRECTION('',(-1.,6.12323399573691E-17,0.));
#15489=CARTESIAN_POINT('',(-115.,1.40834381901946E-14,36.));
#15490=CARTESIAN_POINT('',(-115.,1.41471464526983E-14,36.));
#15491=VECTOR('',#15492,1.);
#15492=DIRECTION('',(0.,0.,-1.));
#15493=CARTESIAN_POINT('',(-116.5,1.42389949626343E-14,36.));
#15494=VECTOR('',#15495,1.);
#15495=DIRECTION('',(1.,-6.12323399573691E-17,0.));
#15496=CARTESIAN_POINT('',(-120.5,1.47569939297256E-14,36.));
#15497=CARTESIAN_POINT('',(-120.5,1.47569939297256E-14,7.99999999999998));
#15498=CARTESIAN_POINT('',(-120.5,1.44839243224638E-14,7.99999999999998));
#15499=VECTOR('',#15500,1.);
#15500=DIRECTION('',(0.,0.,1.));
#15501=CARTESIAN_POINT('',(-119.,1.45732969098535E-14,7.99999999999999));
#15502=CARTESIAN_POINT('',(-119.,1.43920758125278E-14,7.99999999999999));
#15503=VECTOR('',#15504,1.);
#15504=DIRECTION('',(-1.,6.1232339957367E-17,-5.92118946466745E-16));
#15505=CARTESIAN_POINT('',(-119.,1.45732969098535E-14,36.));
#15506=CARTESIAN_POINT('',(-119.,1.43920758125278E-14,36.));
#15507=VECTOR('',#15508,1.);
#15508=DIRECTION('',(0.,0.,-1.));
#15509=CARTESIAN_POINT('',(-120.5,1.44839243224638E-14,36.));
#15510=VECTOR('',#15511,1.);
#15511=DIRECTION('',(1.,-6.1232339957367E-17,0.));
#15512=CARTESIAN_POINT('',(-124.5,1.52468526493845E-14,36.));
#15513=CARTESIAN_POINT('',(-124.5,1.52468526493845E-14,7.99999999999998));
#15514=CARTESIAN_POINT('',(-124.5,1.47288536822933E-14,7.99999999999998));
#15515=VECTOR('',#15516,1.);
#15516=DIRECTION('',(0.,0.,1.));
#15517=CARTESIAN_POINT('',(-123.,1.50631556295124E-14,7.99999999999998));
#15518=CARTESIAN_POINT('',(-123.,1.46370051723572E-14,7.99999999999998));
#15519=VECTOR('',#15520,1.);
#15520=DIRECTION('',(-1.,6.1232339957367E-17,0.));
#15521=CARTESIAN_POINT('',(-123.,1.50631556295124E-14,36.));
#15522=CARTESIAN_POINT('',(-123.,1.46370051723572E-14,36.));
#15523=VECTOR('',#15524,1.);
#15524=DIRECTION('',(0.,0.,-1.));
#15525=CARTESIAN_POINT('',(-124.5,1.47288536822933E-14,36.));
#15526=VECTOR('',#15527,1.);
#15527=DIRECTION('',(1.,-6.1232339957367E-17,0.));
#15528=CARTESIAN_POINT('',(-128.5,1.57367113690435E-14,36.));
#15529=CARTESIAN_POINT('',(-128.5,1.57367113690435E-14,7.99999999999998));
#15530=CARTESIAN_POINT('',(-128.5,1.49737830421227E-14,7.99999999999998));
#15531=VECTOR('',#15532,1.);
#15532=DIRECTION('',(0.,0.,1.));
#15533=CARTESIAN_POINT('',(-127.,1.55530143491714E-14,7.99999999999998));
#15534=CARTESIAN_POINT('',(-127.,1.48819345321867E-14,7.99999999999998));
#15535=VECTOR('',#15536,1.);
#15536=DIRECTION('',(-1.,6.12323399573676E-17,0.));
#15537=CARTESIAN_POINT('',(-127.,1.55530143491714E-14,36.));
#15538=CARTESIAN_POINT('',(-127.,1.48819345321867E-14,36.));
#15539=VECTOR('',#15540,1.);
#15540=DIRECTION('',(0.,0.,-1.));
#15541=CARTESIAN_POINT('',(-128.5,1.49737830421227E-14,36.));
#15542=VECTOR('',#15543,1.);
#15543=DIRECTION('',(1.,-6.12323399573676E-17,0.));
#15544=CARTESIAN_POINT('',(-132.5,1.62265700887024E-14,36.));
#15545=CARTESIAN_POINT('',(-132.5,1.62265700887024E-14,7.99999999999998));
#15546=CARTESIAN_POINT('',(-132.5,1.52187124019522E-14,7.99999999999998));
#15547=VECTOR('',#15548,1.);
#15548=DIRECTION('',(0.,0.,1.));
#15549=CARTESIAN_POINT('',(-131.,1.60428730688303E-14,7.99999999999998));
#15550=CARTESIAN_POINT('',(-131.,1.51268638920162E-14,7.99999999999998));
#15551=VECTOR('',#15552,1.);
#15552=DIRECTION('',(-1.,6.12323399573676E-17,0.));
#15553=CARTESIAN_POINT('',(-131.,1.60428730688303E-14,36.));
#15554=CARTESIAN_POINT('',(-131.,1.51268638920162E-14,36.));
#15555=VECTOR('',#15556,1.);
#15556=DIRECTION('',(0.,0.,-1.));
#15557=CARTESIAN_POINT('',(-132.5,1.52187124019522E-14,36.));
#15558=VECTOR('',#15559,1.);
#15559=DIRECTION('',(1.,-6.12323399573676E-17,0.));
#15560=CARTESIAN_POINT('',(-136.5,1.67164288083614E-14,36.));
#15561=CARTESIAN_POINT('',(-136.5,1.67164288083614E-14,7.99999999999998));
#15562=CARTESIAN_POINT('',(-136.5,1.54636417617817E-14,7.99999999999998));
#15563=VECTOR('',#15564,1.);
#15564=DIRECTION('',(0.,0.,1.));
#15565=CARTESIAN_POINT('',(-135.,1.65327317884893E-14,7.99999999999998));
#15566=CARTESIAN_POINT('',(-135.,1.53717932518456E-14,7.99999999999998));
#15567=VECTOR('',#15568,1.);
#15568=DIRECTION('',(-1.,6.12323399573676E-17,0.));
#15569=CARTESIAN_POINT('',(-135.,1.65327317884893E-14,36.));
#15570=CARTESIAN_POINT('',(-135.,1.53717932518456E-14,36.));
#15571=VECTOR('',#15572,1.);
#15572=DIRECTION('',(0.,0.,-1.));
#15573=CARTESIAN_POINT('',(-136.5,1.54636417617817E-14,36.));
#15574=VECTOR('',#15575,1.);
#15575=DIRECTION('',(1.,-6.12323399573676E-17,0.));
#15576=CARTESIAN_POINT('',(-140.5,1.72062875280203E-14,36.));
#15577=CARTESIAN_POINT('',(-140.5,1.72062875280203E-14,7.99999999999998));
#15578=CARTESIAN_POINT('',(-140.5,1.57085711216112E-14,7.99999999999998));
#15579=VECTOR('',#15580,1.);
#15580=DIRECTION('',(0.,0.,1.));
#15581=CARTESIAN_POINT('',(-139.,1.70225905081482E-14,7.99999999999998));
#15582=CARTESIAN_POINT('',(-139.,1.56167226116751E-14,7.99999999999998));
#15583=VECTOR('',#15584,1.);
#15584=DIRECTION('',(-1.,6.12323399573676E-17,0.));
#15585=CARTESIAN_POINT('',(-139.,1.70225905081482E-14,36.));
#15586=CARTESIAN_POINT('',(-139.,1.56167226116751E-14,36.));
#15587=VECTOR('',#15588,1.);
#15588=DIRECTION('',(0.,0.,-1.));
#15589=CARTESIAN_POINT('',(-140.5,1.57085711216112E-14,36.));
#15590=VECTOR('',#15591,1.);
#15591=DIRECTION('',(1.,-6.12323399573676E-17,0.));
#15592=CARTESIAN_POINT('',(-144.5,1.76961462476793E-14,36.));
#15593=CARTESIAN_POINT('',(-144.5,1.76961462476793E-14,7.99999999999998));
#15594=CARTESIAN_POINT('',(-144.5,1.59535004814406E-14,7.99999999999998));
#15595=VECTOR('',#15596,1.);
#15596=DIRECTION('',(0.,0.,1.));
#15597=CARTESIAN_POINT('',(-143.,1.75124492278072E-14,7.99999999999998));
#15598=CARTESIAN_POINT('',(-143.,1.58616519715046E-14,7.99999999999998));
#15599=VECTOR('',#15600,1.);
#15600=DIRECTION('',(-1.,6.12323399573676E-17,0.));
#15601=CARTESIAN_POINT('',(-143.,1.75124492278072E-14,36.));
#15602=CARTESIAN_POINT('',(-143.,1.58616519715046E-14,36.));
#15603=VECTOR('',#15604,1.);
#15604=DIRECTION('',(0.,0.,-1.));
#15605=CARTESIAN_POINT('',(-144.5,1.59535004814406E-14,36.));
#15606=VECTOR('',#15607,1.);
#15607=DIRECTION('',(1.,-6.12323399573676E-17,0.));
#15608=CARTESIAN_POINT('',(-148.5,1.81860049673382E-14,36.));
#15609=CARTESIAN_POINT('',(-148.5,1.81860049673382E-14,7.99999999999998));
#15610=CARTESIAN_POINT('',(-148.5,1.61984298412701E-14,7.99999999999998));
#15611=VECTOR('',#15612,1.);
#15612=DIRECTION('',(0.,0.,1.));
#15613=CARTESIAN_POINT('',(-147.,1.80023079474661E-14,7.99999999999998));
#15614=CARTESIAN_POINT('',(-147.,1.6106581331334E-14,7.99999999999998));
#15615=VECTOR('',#15616,1.);
#15616=DIRECTION('',(-1.,6.12323399573676E-17,0.));
#15617=CARTESIAN_POINT('',(-147.,1.80023079474661E-14,36.));
#15618=CARTESIAN_POINT('',(-147.,1.6106581331334E-14,36.));
#15619=VECTOR('',#15620,1.);
#15620=DIRECTION('',(0.,0.,-1.));
#15621=CARTESIAN_POINT('',(-148.5,1.61984298412701E-14,36.));
#15622=VECTOR('',#15623,1.);
#15623=DIRECTION('',(1.,-6.12323399573676E-17,0.));
#15624=CARTESIAN_POINT('',(-152.5,1.86758636869971E-14,36.));
#15625=CARTESIAN_POINT('',(-152.5,1.86758636869971E-14,7.99999999999998));
#15626=CARTESIAN_POINT('',(-152.5,1.64433592010996E-14,7.99999999999998));
#15627=VECTOR('',#15628,1.);
#15628=DIRECTION('',(0.,0.,1.));
#15629=CARTESIAN_POINT('',(-151.,1.8492166667125E-14,7.99999999999998));
#15630=CARTESIAN_POINT('',(-151.,1.63515106911635E-14,7.99999999999998));
#15631=VECTOR('',#15632,1.);
#15632=DIRECTION('',(-1.,6.12323399573676E-17,0.));
#15633=CARTESIAN_POINT('',(-151.,1.8492166667125E-14,36.));
#15634=CARTESIAN_POINT('',(-151.,1.63515106911635E-14,36.));
#15635=VECTOR('',#15636,1.);
#15636=DIRECTION('',(0.,0.,-1.));
#15637=CARTESIAN_POINT('',(-152.5,1.64433592010996E-14,36.));
#15638=VECTOR('',#15639,1.);
#15639=DIRECTION('',(1.,-6.12323399573676E-17,0.));
#15640=CARTESIAN_POINT('',(-193.,-7.99999999999991,39.));
#15641=CARTESIAN_POINT('',(-197.,-7.99999999999991,35.));
#15642=VECTOR('',#15643,1.);
#15643=DIRECTION('',(0.707106781186547,0.,0.707106781186547));
#15644=CARTESIAN_POINT('',(-192.,-7.99999999999991,39.));
#15645=CARTESIAN_POINT('',(-193.,-7.99999999999991,39.));
#15646=VECTOR('',#15647,1.);
#15647=DIRECTION('',(1.,0.,0.));
#15648=CARTESIAN_POINT('',(-192.,-7.99999999999991,39.));
#15649=VECTOR('',#15650,1.);
#15650=DIRECTION('',(0.,0.,1.));
#15651=CARTESIAN_POINT('',(-192.,-6.99999999999998,39.));
#15652=CARTESIAN_POINT('',(-192.,-6.99999999999998,39.));
#15653=VECTOR('',#15654,1.);
#15654=DIRECTION('',(-5.02429586778808E-15,0.707106781186547,-0.707106781186548));
#15655=CARTESIAN_POINT('',(-192.,-7.99999999999991,39.));
#15656=VECTOR('',#15657,1.);
#15657=DIRECTION('',(0.,1.,0.));
#15658=CARTESIAN_POINT('',(-104.,-3.99999999999997,36.));
#15659=CARTESIAN_POINT('',(-104.,-3.99999999999997,36.));
#15660=VECTOR('',#15661,1.);
#15661=DIRECTION('',(0.,1.,0.));
#15662=CARTESIAN_POINT('',(-104.,-3.99999999999997,36.));
#15663=VECTOR('',#15664,1.);
#15664=DIRECTION('',(0.,-5.55111512312577E-17,1.));
#15665=CARTESIAN_POINT('',(-96.5,-5.93649167310368,34.9364916731037));
#15666=CARTESIAN_POINT('',(-96.5,-5.93649167310302,36.));
#15667=CARTESIAN_POINT('',(-96.4999999999998,-5.93649167310303,34.9364916731037));
#15668=VECTOR('',#15669,1.);
#15669=DIRECTION('',(0.,0.,1.));
#15670=CARTESIAN_POINT('',(-96.,-3.99999999999997,36.));
#15671=AXIS2_PLACEMENT_3D('',#15672,#15673,#15674);
#15672=CARTESIAN_POINT('',(-100.,-3.99999999999997,36.));
#15673=DIRECTION('',(0.,0.,-1.));
#15674=DIRECTION('',(1.,2.22044604925031E-16,0.));
#15675=CARTESIAN_POINT('',(-96.,-3.99999999999997,36.));
#15676=VECTOR('',#15677,1.);
#15677=DIRECTION('',(0.,0.,1.));
#15678=CARTESIAN_POINT('',(-103.,-6.64575131106432,36.));
#15679=AXIS2_PLACEMENT_3D('',#15680,#15681,#15682);
#15680=CARTESIAN_POINT('',(-100.,-3.99999999999997,36.));
#15681=DIRECTION('',(0.,0.,-1.));
#15682=DIRECTION('',(-0.750000000000031,-0.661437827766112,0.));
#15683=CARTESIAN_POINT('',(-103.,-6.64575131106456,35.6457513110646));
#15684=CARTESIAN_POINT('',(-103.,-6.64575131106399,35.6457513110646));
#15685=VECTOR('',#15686,1.);
#15686=DIRECTION('',(0.,0.,1.));
#15687=CARTESIAN_POINT('',(-103.,-6.64575131106456,35.6457513110646));
#15688=CARTESIAN_POINT('',(-100.990640756703,-8.92415053350109,37.9241505335011));
#15689=CARTESIAN_POINT('',(-97.9707003740848,-8.59462409927963,37.5946240992796));
#15690=CARTESIAN_POINT('',(-96.5,-5.93649167310368,34.9364916731037));
#15691=CARTESIAN_POINT('',(-96.,-2.99999999999999,36.));
#15692=VECTOR('',#15693,1.);
#15693=DIRECTION('',(0.,-1.,0.));
#15694=CARTESIAN_POINT('',(-7.99999999999998,-7.,39.));
#15695=CARTESIAN_POINT('',(-7.99999999999997,-3.,35.));
#15696=VECTOR('',#15697,1.);
#15697=DIRECTION('',(-1.57009245868377E-16,-0.707106781186548,0.707106781186547));
#15698=CARTESIAN_POINT('',(-7.99999999999997,-8.,39.));
#15699=CARTESIAN_POINT('',(-7.99999999999997,-7.,39.));
#15700=VECTOR('',#15701,1.);
#15701=DIRECTION('',(0.,-1.,0.));
#15702=CARTESIAN_POINT('',(-7.99999999999997,-8.,39.));
#15703=VECTOR('',#15704,1.);
#15704=DIRECTION('',(0.,0.,1.));
#15705=CARTESIAN_POINT('',(-7.,-8.,39.));
#15706=CARTESIAN_POINT('',(-7.,-8.,39.));
#15707=VECTOR('',#15708,1.);
#15708=DIRECTION('',(0.707106781186546,-3.14018491736755E-16,-0.707106781186549));
#15709=CARTESIAN_POINT('',(-7.99999999999997,-8.,39.));
#15710=VECTOR('',#15711,1.);
#15711=DIRECTION('',(1.,0.,0.));
#15712=CARTESIAN_POINT('',(-7.00000000000002,-107.,39.));
#15713=CARTESIAN_POINT('',(-3.00000000000002,-107.,35.));
#15714=VECTOR('',#15715,1.);
#15715=DIRECTION('',(-0.707106781186547,2.51214793389404E-15,0.707106781186547));
#15716=CARTESIAN_POINT('',(-7.00000000000002,-107.,39.));
#15717=VECTOR('',#15718,1.);
#15718=DIRECTION('',(-1.,0.,0.));
#15719=CARTESIAN_POINT('',(-99.0000000000002,-5.84661853126224,36.));
#15720=CARTESIAN_POINT('',(-99.,-2.15338146873787,36.));
#15721=AXIS2_PLACEMENT_3D('',#15722,#15723,#15724);
#15722=CARTESIAN_POINT('',(-100.,-4.,36.));
#15723=DIRECTION('',(0.,0.,1.));
#15724=DIRECTION('',(0.476190476190308,-0.879342157743872,0.));
#15725=CARTESIAN_POINT('',(-100.5,-6.03960780543708,36.));
#15726=AXIS2_PLACEMENT_3D('',#15727,#15728,#15729);
#15727=CARTESIAN_POINT('',(-100.,-4.,36.));
#15728=DIRECTION('',(0.,0.,1.));
#15729=DIRECTION('',(-0.238095238095326,-0.97124181211289,0.));
#15730=CARTESIAN_POINT('',(-102.1,-4.,36.));
#15731=AXIS2_PLACEMENT_3D('',#15732,#15733,#15734);
#15732=CARTESIAN_POINT('',(-100.,-4.,36.));
#15733=DIRECTION('',(0.,0.,1.));
#15734=DIRECTION('',(-1.,0.,0.));
#15735=CARTESIAN_POINT('',(-100.5,-1.96039219456291,36.));
#15736=AXIS2_PLACEMENT_3D('',#15737,#15738,#15739);
#15737=CARTESIAN_POINT('',(-100.,-4.,36.));
#15738=DIRECTION('',(0.,0.,1.));
#15739=DIRECTION('',(-0.238095238095319,0.971241812112891,0.));
#15740=AXIS2_PLACEMENT_3D('',#15741,#15742,#15743);
#15741=CARTESIAN_POINT('',(-100.,-4.,36.));
#15742=DIRECTION('',(0.,0.,1.));
#15743=DIRECTION('',(0.476190476190313,0.879342157743868,0.));
#15744=AXIS2_PLACEMENT_3D('',#15745,#15746,#15747);
#15745=CARTESIAN_POINT('',(-100.,-111.,36.));
#15746=DIRECTION('',(0.,0.,1.));
#15747=DIRECTION('',(0.476190476190476,-0.87934215774378,0.));
#15748=AXIS2_PLACEMENT_3D('',#15749,#15750,#15751);
#15749=CARTESIAN_POINT('',(-100.,-111.,36.));
#15750=DIRECTION('',(0.,0.,1.));
#15751=DIRECTION('',(-0.238095238095238,-0.971241812112911,0.));
#15752=CARTESIAN_POINT('',(-102.1,-111.,36.));
#15753=AXIS2_PLACEMENT_3D('',#15754,#15755,#15756);
#15754=CARTESIAN_POINT('',(-100.,-111.,36.));
#15755=DIRECTION('',(0.,0.,1.));
#15756=DIRECTION('',(-1.,0.,0.));
#15757=AXIS2_PLACEMENT_3D('',#15758,#15759,#15760);
#15758=CARTESIAN_POINT('',(-100.,-111.,36.));
#15759=DIRECTION('',(0.,0.,1.));
#15760=DIRECTION('',(-0.238095238095238,0.971241812112911,0.));
#15761=AXIS2_PLACEMENT_3D('',#15762,#15763,#15764);
#15762=CARTESIAN_POINT('',(-100.,-111.,36.));
#15763=DIRECTION('',(0.,0.,1.));
#15764=DIRECTION('',(0.476190476190476,0.87934215774378,0.));
#15765=CARTESIAN_POINT('',(-194.515075759508,-5.48492424049173,37.4849242404918));
#15766=CARTESIAN_POINT('',(-194.515075759508,-5.48492424049174,37.4849242404918));
#15767=CARTESIAN_POINT('',(-193.834243031118,-4.80409151210151,36.8040915121015));
#15768=CARTESIAN_POINT('',(-193.694572883492,-3.85143278099332,35.8514327809933));
#15769=CARTESIAN_POINT('',(-194.151318652799,-3.00381865279902,35.003818652799));
#15770=CARTESIAN_POINT('',(-196.996181347201,-5.84868134720098,35.003818652799));
#15771=CARTESIAN_POINT('',(-196.148567219007,-6.30542711650816,35.8514327809933));
#15772=CARTESIAN_POINT('',(-195.195908487898,-6.16575696888197,36.8040915121015));
#15773=CARTESIAN_POINT('',(-194.515075759508,-5.48492424049174,37.4849242404918));
#15774=CARTESIAN_POINT('',(-198.1,-3.99999999999998,34.));
#15775=AXIS2_PLACEMENT_3D('',#15776,#15777,#15778);
#15776=CARTESIAN_POINT('',(-196.,-3.99999999999998,34.));
#15777=DIRECTION('',(0.,0.,1.));
#15778=DIRECTION('',(-1.,2.11471052309554E-16,0.));
#15779=AXIS2_PLACEMENT_3D('',#15780,#15781,#15782);
#15780=CARTESIAN_POINT('',(-196.,-3.99999999999998,34.));
#15781=DIRECTION('',(0.,0.,1.));
#15782=DIRECTION('',(0.880324451016939,0.474372070153509,0.));
#15783=AXIS2_PLACEMENT_3D('',#15784,#15785,#15786);
#15784=CARTESIAN_POINT('',(-4.00000000000001,-111.,34.));
#15785=DIRECTION('',(0.,0.,1.));
#15786=DIRECTION('',(-0.88032445101694,-0.474372070153506,0.));
#15787=CARTESIAN_POINT('',(-3.00381865279905,-109.151318652799,35.003818652799));
#15788=CARTESIAN_POINT('',(-3.85143278099336,-108.694572883492,35.8514327809933));
#15789=CARTESIAN_POINT('',(-4.80409151210155,-108.834243031118,36.8040915121015));
#15790=CARTESIAN_POINT('',(-5.48492424049179,-109.515075759508,37.4849242404918));
#15791=CARTESIAN_POINT('',(-5.48492424049175,-5.48492424049175,37.4849242404918));
#15792=CARTESIAN_POINT('',(-3.00381865279903,-5.84868134720102,35.003818652799));
#15793=CARTESIAN_POINT('',(-5.48492424049175,-5.48492424049175,37.4849242404918));
#15794=CARTESIAN_POINT('',(-4.80409151210152,-6.16575696888198,36.8040915121015));
#15795=CARTESIAN_POINT('',(-3.85143278099334,-6.30542711650818,35.8514327809933));
#15796=CARTESIAN_POINT('',(-3.00381865279904,-5.848681347201,35.003818652799));
#15797=CARTESIAN_POINT('',(-6.1,-4.,36.));
#15798=CARTESIAN_POINT('',(-6.1,-4.,36.));
#15799=CARTESIAN_POINT('',(-6.1,-4.56439831433585,36.5643983143358));
#15800=CARTESIAN_POINT('',(-5.88401411584889,-5.08583436513461,37.0858343651346));
#15801=CARTESIAN_POINT('',(-5.48492424049175,-5.48492424049175,37.4849242404918));
#15802=CARTESIAN_POINT('',(-5.84868134720098,-3.00381865279902,35.003818652799));
#15803=CARTESIAN_POINT('',(-5.84868134720098,-3.00381865279902,35.003818652799));
#15804=CARTESIAN_POINT('',(-6.01449534022667,-3.31153093517893,35.3115309351789));
#15805=CARTESIAN_POINT('',(-6.1,-3.65045582681072,35.6504558268107));
#15806=CARTESIAN_POINT('',(-6.1,-4.,36.));
#15807=CARTESIAN_POINT('',(-5.84868134714847,-3.00381865271854,34.));
#15808=CARTESIAN_POINT('',(-5.84868134720098,-3.00381865279902,35.003818652799));
#15809=VECTOR('',#15810,1.);
#15810=DIRECTION('',(0.,0.,-1.));
#15811=CARTESIAN_POINT('',(-3.00381865271854,-5.84868134714847,34.));
#15812=AXIS2_PLACEMENT_3D('',#15813,#15814,#15815);
#15813=CARTESIAN_POINT('',(-4.,-4.,34.));
#15814=DIRECTION('',(0.,0.,1.));
#15815=DIRECTION('',(0.474372070153509,-0.880324451016939,0.));
#15816=CARTESIAN_POINT('',(-3.00381865267763,-5.84868134713557,34.));
#15817=VECTOR('',#15818,1.);
#15818=DIRECTION('',(0.,0.,1.));
#15819=CARTESIAN_POINT('',(-7.00000000000002,-107.,39.));
#15820=VECTOR('',#15821,1.);
#15821=DIRECTION('',(-8.881784197001E-16,-1.,0.));
#15822=CARTESIAN_POINT('',(-3.00000000000003,-106.5,7.8));
#15823=VECTOR('',#15824,1.);
#15824=DIRECTION('',(1.,0.,0.));
#15825=CARTESIAN_POINT('',(-1.,-106.5,5.));
#15826=VECTOR('',#15827,1.);
#15827=DIRECTION('',(1.,0.,0.));
#15828=CARTESIAN_POINT('',(-3.,-96.5,7.));
#15829=VECTOR('',#15830,1.);
#15830=DIRECTION('',(1.,0.,0.));
#15831=CARTESIAN_POINT('',(-1.,-96.5,5.));
#15832=VECTOR('',#15833,1.);
#15833=DIRECTION('',(1.,0.,0.));
#15834=CARTESIAN_POINT('',(-3.00000000000003,-96.5,7.8));
#15835=VECTOR('',#15836,1.);
#15836=DIRECTION('',(1.,0.,0.));
#15837=CARTESIAN_POINT('',(-3.00381865279902,-5.84868134720105,35.003818652799));
#15838=CARTESIAN_POINT('',(-3.0012731544057,-5.8990834269468,35.0012731544057));
#15839=CARTESIAN_POINT('',(-3.,-5.94953368247269,35.));
#15840=CARTESIAN_POINT('',(-3.,-6.,35.));
#15841=AXIS2_PLACEMENT_3D('',#15842,#15843,#15844);
#15842=CARTESIAN_POINT('',(-6.,-6.,34.));
#15843=DIRECTION('',(0.,0.,-1.));
#15844=DIRECTION('',(0.0504395509527165,0.998727115732665,0.));
#15845=CARTESIAN_POINT('',(-5.84868134720098,-3.00381865279902,35.003818652799));
#15846=CARTESIAN_POINT('',(-5.89908342694676,-3.00127315440569,35.0012731544057));
#15847=CARTESIAN_POINT('',(-5.94953368247266,-3.,35.));
#15848=CARTESIAN_POINT('',(-6.,-3.,35.));
#15849=AXIS2_PLACEMENT_3D('',#15850,#15851,#15852);
#15850=CARTESIAN_POINT('',(-6.,-6.,8.));
#15851=DIRECTION('',(0.,0.,1.));
#15852=DIRECTION('',(1.,-1.77635683940025E-15,0.));
#15853=CARTESIAN_POINT('',(-7.,-7.,39.));
#15854=CARTESIAN_POINT('',(-7.,-7.00000000000001,39.));
#15855=VECTOR('',#15856,1.);
#15856=DIRECTION('',(8.88178419700135E-16,-1.,0.));
#15857=CARTESIAN_POINT('',(-5.48492424049175,-5.48492424049175,37.4849242404918));
#15858=VECTOR('',#15859,1.);
#15859=DIRECTION('',(-0.577350269189624,-0.577350269189628,0.577350269189625));
#15860=CARTESIAN_POINT('',(-3.,-37.5,14.));
#15861=VECTOR('',#15862,1.);
#15862=DIRECTION('',(1.,0.,0.));
#15863=CARTESIAN_POINT('',(-3.,-33.5,10.));
#15864=VECTOR('',#15865,1.);
#15865=DIRECTION('',(1.,0.,0.));
#15866=CARTESIAN_POINT('',(-3.,-26.5,10.));
#15867=VECTOR('',#15868,1.);
#15868=DIRECTION('',(1.,0.,0.));
#15869=CARTESIAN_POINT('',(-3.,-22.5,14.));
#15870=VECTOR('',#15871,1.);
#15871=DIRECTION('',(1.,0.,0.));
#15872=CARTESIAN_POINT('',(-3.,-22.5,16.));
#15873=VECTOR('',#15874,1.);
#15874=DIRECTION('',(1.,0.,0.));
#15875=CARTESIAN_POINT('',(-3.,-26.5,20.));
#15876=VECTOR('',#15877,1.);
#15877=DIRECTION('',(1.,-1.1842378929335E-15,0.));
#15878=CARTESIAN_POINT('',(-3.,-33.5,20.));
#15879=VECTOR('',#15880,1.);
#15880=DIRECTION('',(1.,0.,0.));
#15881=CARTESIAN_POINT('',(-3.,-37.5,16.));
#15882=VECTOR('',#15883,1.);
#15883=DIRECTION('',(1.,0.,0.));
#15884=CARTESIAN_POINT('',(-8.,-81.,8.));
#15885=AXIS2_PLACEMENT_3D('',#15886,#15887,#15888);
#15886=CARTESIAN_POINT('',(-7.,-81.,8.));
#15887=DIRECTION('',(0.,0.,1.));
#15888=DIRECTION('',(-1.,1.22464679914735E-16,0.));
#15889=CARTESIAN_POINT('',(-8.,-59.,8.));
#15890=AXIS2_PLACEMENT_3D('',#15891,#15892,#15893);
#15891=CARTESIAN_POINT('',(-7.,-59.,8.));
#15892=DIRECTION('',(0.,0.,1.));
#15893=DIRECTION('',(-1.,1.22464679914735E-16,0.));
#15894=CARTESIAN_POINT('',(-13.1,-48.,8.));
#15895=AXIS2_PLACEMENT_3D('',#15896,#15897,#15898);
#15896=CARTESIAN_POINT('',(-11.,-48.,8.));
#15897=DIRECTION('',(0.,0.,1.));
#15898=DIRECTION('',(-1.,1.22464679914735E-16,0.));
#15899=CARTESIAN_POINT('',(-96.5,-5.93649167310302,36.));
#15900=VECTOR('',#15901,1.);
#15901=DIRECTION('',(0.,1.,0.));
#15902=CARTESIAN_POINT('',(-96.5,-2.99999999999998,32.));
#15903=VECTOR('',#15904,1.);
#15904=DIRECTION('',(0.,-0.707106781186548,0.707106781186547));
#15905=CARTESIAN_POINT('',(-96.5,-2.99999999999999,7.99999999999999));
#15906=VECTOR('',#15907,1.);
#15907=DIRECTION('',(0.,1.,0.));
#15908=CARTESIAN_POINT('',(-103.,-6.64575131106456,35.6457513110646));
#15909=VECTOR('',#15910,1.);
#15910=DIRECTION('',(0.,0.707106781186548,-0.707106781186547));
#15911=CARTESIAN_POINT('',(-100.5,-6.99999999999997,36.));
#15912=CARTESIAN_POINT('',(-100.5,-2.99999999999998,32.));
#15913=VECTOR('',#15914,1.);
#15914=DIRECTION('',(0.,-0.707106781186547,0.707106781186548));
#15915=CARTESIAN_POINT('',(-99.,-6.99999999999999,36.));
#15916=CARTESIAN_POINT('',(-100.5,-6.99999999999997,36.));
#15917=VECTOR('',#15918,1.);
#15918=DIRECTION('',(1.,0.,0.));
#15919=CARTESIAN_POINT('',(-99.,-6.99999999999997,36.));
#15920=VECTOR('',#15921,1.);
#15921=DIRECTION('',(0.,0.707106781186547,-0.707106781186548));
#15922=CARTESIAN_POINT('',(-99.,-2.99999999999999,7.99999999999999));
#15923=VECTOR('',#15924,1.);
#15924=DIRECTION('',(0.,1.,0.));
#15925=CARTESIAN_POINT('',(-99.,-6.99999999999999,36.));
#15926=VECTOR('',#15927,1.);
#15927=DIRECTION('',(0.,1.,0.));
#15928=CARTESIAN_POINT('',(-99.,-5.84661853126194,36.));
#15929=VECTOR('',#15930,1.);
#15930=DIRECTION('',(0.,1.,0.));
#15931=CARTESIAN_POINT('',(-99.,-2.15338146873724,36.));
#15932=VECTOR('',#15933,1.);
#15933=DIRECTION('',(0.,1.,0.));
#15934=CARTESIAN_POINT('',(-100.5,-2.99999999999999,7.99999999999999));
#15935=VECTOR('',#15936,1.);
#15936=DIRECTION('',(0.,1.,0.));
#15937=CARTESIAN_POINT('',(-100.5,-1.96039219456293,36.));
#15938=VECTOR('',#15939,1.);
#15939=DIRECTION('',(0.,1.,0.));
#15940=CARTESIAN_POINT('',(-100.5,-1.96039219456289,36.));
#15941=VECTOR('',#15942,1.);
#15942=DIRECTION('',(0.,-1.,0.));
#15943=CARTESIAN_POINT('',(-100.5,-6.99999999999997,36.));
#15944=VECTOR('',#15945,1.);
#15945=DIRECTION('',(0.,1.,0.));
#15946=CARTESIAN_POINT('',(-103.,-2.99999999999999,7.99999999999999));
#15947=VECTOR('',#15948,1.);
#15948=DIRECTION('',(0.,1.,0.));
#15949=CARTESIAN_POINT('',(-103.,-6.64575131106432,36.));
#15950=VECTOR('',#15951,1.);
#15951=DIRECTION('',(0.,1.,0.));
#15952=CARTESIAN_POINT('',(-104.5,-2.99999999999999,7.99999999999999));
#15953=VECTOR('',#15954,1.);
#15954=DIRECTION('',(0.,1.,0.));
#15955=CARTESIAN_POINT('',(-104.5,-2.99999999999999,36.));
#15956=VECTOR('',#15957,1.);
#15957=DIRECTION('',(0.,1.,0.));
#15958=CARTESIAN_POINT('',(-193.,-6.99999999999998,39.));
#15959=CARTESIAN_POINT('',(-193.,-6.99999999999998,39.));
#15960=VECTOR('',#15961,1.);
#15961=DIRECTION('',(1.,-8.88178419700075E-16,0.));
#15962=CARTESIAN_POINT('',(-194.515075759508,-5.48492424049173,37.4849242404918));
#15963=VECTOR('',#15964,1.);
#15964=DIRECTION('',(0.577350269189626,-0.577350269189625,0.577350269189626));
#15965=CARTESIAN_POINT('',(-7.99999999999998,-7.,39.));
#15966=VECTOR('',#15967,1.);
#15967=DIRECTION('',(1.,0.,0.));
#15968=CARTESIAN_POINT('',(-95.,-2.99999999999999,36.));
#15969=VECTOR('',#15970,1.);
#15970=DIRECTION('',(0.,1.,0.));
#15971=CARTESIAN_POINT('',(-95.,-2.99999999999999,7.99999999999999));
#15972=VECTOR('',#15973,1.);
#15973=DIRECTION('',(0.,1.,0.));
#15974=CARTESIAN_POINT('',(-36.5,-3.,36.));
#15975=VECTOR('',#15976,1.);
#15976=DIRECTION('',(0.,1.,0.));
#15977=CARTESIAN_POINT('',(-36.5,-3.,8.));
#15978=VECTOR('',#15979,1.);
#15979=DIRECTION('',(0.,1.,0.));
#15980=CARTESIAN_POINT('',(-35.,-3.00000000000001,36.));
#15981=VECTOR('',#15982,1.);
#15982=DIRECTION('',(0.,1.,0.));
#15983=CARTESIAN_POINT('',(-35.,-3.,8.));
#15984=VECTOR('',#15985,1.);
#15985=DIRECTION('',(0.,1.,0.));
#15986=CARTESIAN_POINT('',(-40.5,-3.,36.));
#15987=VECTOR('',#15988,1.);
#15988=DIRECTION('',(0.,1.,0.));
#15989=CARTESIAN_POINT('',(-40.5,-3.,8.));
#15990=VECTOR('',#15991,1.);
#15991=DIRECTION('',(0.,1.,0.));
#15992=CARTESIAN_POINT('',(-39.,-3.00000000000001,36.));
#15993=VECTOR('',#15994,1.);
#15994=DIRECTION('',(0.,1.,0.));
#15995=CARTESIAN_POINT('',(-39.,-3.,8.));
#15996=VECTOR('',#15997,1.);
#15997=DIRECTION('',(0.,1.,0.));
#15998=CARTESIAN_POINT('',(-44.5,-3.,36.));
#15999=VECTOR('',#16000,1.);
#16000=DIRECTION('',(0.,1.,0.));
#16001=CARTESIAN_POINT('',(-44.5,-3.,7.99999999999999));
#16002=VECTOR('',#16003,1.);
#16003=DIRECTION('',(0.,1.,0.));
#16004=CARTESIAN_POINT('',(-43.,-3.00000000000001,36.));
#16005=VECTOR('',#16006,1.);
#16006=DIRECTION('',(0.,1.,0.));
#16007=CARTESIAN_POINT('',(-43.,-3.,7.99999999999999));
#16008=VECTOR('',#16009,1.);
#16009=DIRECTION('',(0.,1.,0.));
#16010=CARTESIAN_POINT('',(-48.5,-3.,36.));
#16011=VECTOR('',#16012,1.);
#16012=DIRECTION('',(0.,1.,0.));
#16013=CARTESIAN_POINT('',(-48.5,-3.,7.99999999999999));
#16014=VECTOR('',#16015,1.);
#16015=DIRECTION('',(0.,1.,0.));
#16016=CARTESIAN_POINT('',(-47.,-3.00000000000001,36.));
#16017=VECTOR('',#16018,1.);
#16018=DIRECTION('',(0.,1.,0.));
#16019=CARTESIAN_POINT('',(-47.,-3.,7.99999999999999));
#16020=VECTOR('',#16021,1.);
#16021=DIRECTION('',(0.,1.,0.));
#16022=CARTESIAN_POINT('',(-52.5,-3.,36.));
#16023=VECTOR('',#16024,1.);
#16024=DIRECTION('',(0.,1.,0.));
#16025=CARTESIAN_POINT('',(-52.5,-3.,8.));
#16026=VECTOR('',#16027,1.);
#16027=DIRECTION('',(0.,1.,0.));
#16028=CARTESIAN_POINT('',(-51.,-3.00000000000001,36.));
#16029=VECTOR('',#16030,1.);
#16030=DIRECTION('',(0.,1.,0.));
#16031=CARTESIAN_POINT('',(-51.,-3.,8.));
#16032=VECTOR('',#16033,1.);
#16033=DIRECTION('',(0.,1.,0.));
#16034=CARTESIAN_POINT('',(-56.5,-3.,36.));
#16035=VECTOR('',#16036,1.);
#16036=DIRECTION('',(0.,1.,0.));
#16037=CARTESIAN_POINT('',(-56.5,-3.,8.));
#16038=VECTOR('',#16039,1.);
#16039=DIRECTION('',(0.,1.,0.));
#16040=CARTESIAN_POINT('',(-55.,-3.00000000000001,36.));
#16041=VECTOR('',#16042,1.);
#16042=DIRECTION('',(0.,1.,0.));
#16043=CARTESIAN_POINT('',(-55.,-3.,8.));
#16044=VECTOR('',#16045,1.);
#16045=DIRECTION('',(0.,1.,0.));
#16046=CARTESIAN_POINT('',(-60.5,-3.,36.));
#16047=VECTOR('',#16048,1.);
#16048=DIRECTION('',(0.,1.,0.));
#16049=CARTESIAN_POINT('',(-60.5,-3.,7.99999999999999));
#16050=VECTOR('',#16051,1.);
#16051=DIRECTION('',(0.,1.,0.));
#16052=CARTESIAN_POINT('',(-59.,-3.00000000000001,36.));
#16053=VECTOR('',#16054,1.);
#16054=DIRECTION('',(0.,1.,0.));
#16055=CARTESIAN_POINT('',(-59.,-3.,7.99999999999999));
#16056=VECTOR('',#16057,1.);
#16057=DIRECTION('',(0.,1.,0.));
#16058=CARTESIAN_POINT('',(-64.5,-3.,36.));
#16059=VECTOR('',#16060,1.);
#16060=DIRECTION('',(0.,1.,0.));
#16061=CARTESIAN_POINT('',(-64.5,-3.,7.99999999999999));
#16062=VECTOR('',#16063,1.);
#16063=DIRECTION('',(0.,1.,0.));
#16064=CARTESIAN_POINT('',(-63.,-3.,36.));
#16065=VECTOR('',#16066,1.);
#16066=DIRECTION('',(0.,1.,0.));
#16067=CARTESIAN_POINT('',(-63.,-3.,7.99999999999999));
#16068=VECTOR('',#16069,1.);
#16069=DIRECTION('',(0.,1.,0.));
#16070=CARTESIAN_POINT('',(-68.5,-2.99999999999999,36.));
#16071=VECTOR('',#16072,1.);
#16072=DIRECTION('',(0.,1.,0.));
#16073=CARTESIAN_POINT('',(-68.5,-2.99999999999999,7.99999999999999));
#16074=VECTOR('',#16075,1.);
#16075=DIRECTION('',(0.,1.,0.));
#16076=CARTESIAN_POINT('',(-67.,-3.,36.));
#16077=VECTOR('',#16078,1.);
#16078=DIRECTION('',(0.,1.,0.));
#16079=CARTESIAN_POINT('',(-67.,-2.99999999999999,7.99999999999999));
#16080=VECTOR('',#16081,1.);
#16081=DIRECTION('',(0.,1.,0.));
#16082=CARTESIAN_POINT('',(-72.5,-2.99999999999999,36.));
#16083=VECTOR('',#16084,1.);
#16084=DIRECTION('',(0.,1.,0.));
#16085=CARTESIAN_POINT('',(-72.5,-2.99999999999999,7.99999999999999));
#16086=VECTOR('',#16087,1.);
#16087=DIRECTION('',(0.,1.,0.));
#16088=CARTESIAN_POINT('',(-71.,-3.,36.));
#16089=VECTOR('',#16090,1.);
#16090=DIRECTION('',(0.,1.,0.));
#16091=CARTESIAN_POINT('',(-71.,-2.99999999999999,7.99999999999999));
#16092=VECTOR('',#16093,1.);
#16093=DIRECTION('',(0.,1.,0.));
#16094=CARTESIAN_POINT('',(-76.5,-2.99999999999999,36.));
#16095=VECTOR('',#16096,1.);
#16096=DIRECTION('',(0.,1.,0.));
#16097=CARTESIAN_POINT('',(-76.5,-2.99999999999999,7.99999999999999));
#16098=VECTOR('',#16099,1.);
#16099=DIRECTION('',(0.,1.,0.));
#16100=CARTESIAN_POINT('',(-75.,-3.,36.));
#16101=VECTOR('',#16102,1.);
#16102=DIRECTION('',(0.,1.,0.));
#16103=CARTESIAN_POINT('',(-75.,-2.99999999999999,7.99999999999999));
#16104=VECTOR('',#16105,1.);
#16105=DIRECTION('',(0.,1.,0.));
#16106=CARTESIAN_POINT('',(-80.5,-2.99999999999999,36.));
#16107=VECTOR('',#16108,1.);
#16108=DIRECTION('',(0.,1.,0.));
#16109=CARTESIAN_POINT('',(-80.5,-2.99999999999999,7.99999999999999));
#16110=VECTOR('',#16111,1.);
#16111=DIRECTION('',(0.,1.,0.));
#16112=CARTESIAN_POINT('',(-79.,-3.,36.));
#16113=VECTOR('',#16114,1.);
#16114=DIRECTION('',(0.,1.,0.));
#16115=CARTESIAN_POINT('',(-79.,-2.99999999999999,7.99999999999999));
#16116=VECTOR('',#16117,1.);
#16117=DIRECTION('',(0.,1.,0.));
#16118=CARTESIAN_POINT('',(-84.5,-2.99999999999999,36.));
#16119=VECTOR('',#16120,1.);
#16120=DIRECTION('',(0.,1.,0.));
#16121=CARTESIAN_POINT('',(-84.5,-2.99999999999999,7.99999999999999));
#16122=VECTOR('',#16123,1.);
#16123=DIRECTION('',(0.,1.,0.));
#16124=CARTESIAN_POINT('',(-83.,-3.,36.));
#16125=VECTOR('',#16126,1.);
#16126=DIRECTION('',(0.,1.,0.));
#16127=CARTESIAN_POINT('',(-83.,-2.99999999999999,7.99999999999999));
#16128=VECTOR('',#16129,1.);
#16129=DIRECTION('',(0.,1.,0.));
#16130=CARTESIAN_POINT('',(-88.5,-2.99999999999999,36.));
#16131=VECTOR('',#16132,1.);
#16132=DIRECTION('',(0.,1.,0.));
#16133=CARTESIAN_POINT('',(-88.5,-2.99999999999999,7.99999999999999));
#16134=VECTOR('',#16135,1.);
#16135=DIRECTION('',(0.,1.,0.));
#16136=CARTESIAN_POINT('',(-87.,-3.,36.));
#16137=VECTOR('',#16138,1.);
#16138=DIRECTION('',(0.,1.,0.));
#16139=CARTESIAN_POINT('',(-87.,-2.99999999999999,7.99999999999999));
#16140=VECTOR('',#16141,1.);
#16141=DIRECTION('',(0.,1.,0.));
#16142=CARTESIAN_POINT('',(-92.5,-2.99999999999999,36.));
#16143=VECTOR('',#16144,1.);
#16144=DIRECTION('',(0.,1.,0.));
#16145=CARTESIAN_POINT('',(-92.5,-2.99999999999999,7.99999999999999));
#16146=VECTOR('',#16147,1.);
#16147=DIRECTION('',(0.,1.,0.));
#16148=CARTESIAN_POINT('',(-91.,-3.,36.));
#16149=VECTOR('',#16150,1.);
#16150=DIRECTION('',(0.,1.,0.));
#16151=CARTESIAN_POINT('',(-91.,-2.99999999999999,7.99999999999999));
#16152=VECTOR('',#16153,1.);
#16153=DIRECTION('',(0.,1.,0.));
#16154=CARTESIAN_POINT('',(-108.5,-2.99999999999999,36.));
#16155=VECTOR('',#16156,1.);
#16156=DIRECTION('',(0.,1.,0.));
#16157=CARTESIAN_POINT('',(-108.5,-2.99999999999999,7.99999999999999));
#16158=VECTOR('',#16159,1.);
#16159=DIRECTION('',(0.,1.,0.));
#16160=CARTESIAN_POINT('',(-107.,-3.,36.));
#16161=VECTOR('',#16162,1.);
#16162=DIRECTION('',(0.,1.,0.));
#16163=CARTESIAN_POINT('',(-107.,-2.99999999999999,7.99999999999999));
#16164=VECTOR('',#16165,1.);
#16165=DIRECTION('',(0.,1.,0.));
#16166=CARTESIAN_POINT('',(-112.5,-2.99999999999999,36.));
#16167=VECTOR('',#16168,1.);
#16168=DIRECTION('',(0.,1.,0.));
#16169=CARTESIAN_POINT('',(-112.5,-2.99999999999999,7.99999999999999));
#16170=VECTOR('',#16171,1.);
#16171=DIRECTION('',(0.,1.,0.));
#16172=CARTESIAN_POINT('',(-111.,-3.,36.));
#16173=VECTOR('',#16174,1.);
#16174=DIRECTION('',(0.,1.,0.));
#16175=CARTESIAN_POINT('',(-111.,-2.99999999999999,7.99999999999999));
#16176=VECTOR('',#16177,1.);
#16177=DIRECTION('',(0.,1.,0.));
#16178=CARTESIAN_POINT('',(-116.5,-2.99999999999999,36.));
#16179=VECTOR('',#16180,1.);
#16180=DIRECTION('',(0.,1.,0.));
#16181=CARTESIAN_POINT('',(-116.5,-2.99999999999999,7.99999999999999));
#16182=VECTOR('',#16183,1.);
#16183=DIRECTION('',(0.,1.,0.));
#16184=CARTESIAN_POINT('',(-115.,-3.,36.));
#16185=VECTOR('',#16186,1.);
#16186=DIRECTION('',(0.,1.,0.));
#16187=CARTESIAN_POINT('',(-115.,-2.99999999999999,7.99999999999999));
#16188=VECTOR('',#16189,1.);
#16189=DIRECTION('',(0.,1.,0.));
#16190=CARTESIAN_POINT('',(-120.5,-2.99999999999999,36.));
#16191=VECTOR('',#16192,1.);
#16192=DIRECTION('',(0.,1.,0.));
#16193=CARTESIAN_POINT('',(-120.5,-2.99999999999999,7.99999999999998));
#16194=VECTOR('',#16195,1.);
#16195=DIRECTION('',(0.,1.,0.));
#16196=CARTESIAN_POINT('',(-119.,-3.,36.));
#16197=VECTOR('',#16198,1.);
#16198=DIRECTION('',(0.,1.,0.));
#16199=CARTESIAN_POINT('',(-119.,-2.99999999999999,7.99999999999999));
#16200=VECTOR('',#16201,1.);
#16201=DIRECTION('',(0.,1.,0.));
#16202=CARTESIAN_POINT('',(-124.5,-2.99999999999999,36.));
#16203=VECTOR('',#16204,1.);
#16204=DIRECTION('',(0.,1.,0.));
#16205=CARTESIAN_POINT('',(-124.5,-2.99999999999999,7.99999999999998));
#16206=VECTOR('',#16207,1.);
#16207=DIRECTION('',(0.,1.,0.));
#16208=CARTESIAN_POINT('',(-123.,-3.,36.));
#16209=VECTOR('',#16210,1.);
#16210=DIRECTION('',(0.,1.,0.));
#16211=CARTESIAN_POINT('',(-123.,-2.99999999999999,7.99999999999999));
#16212=VECTOR('',#16213,1.);
#16213=DIRECTION('',(0.,1.,0.));
#16214=CARTESIAN_POINT('',(-128.5,-2.99999999999999,36.));
#16215=VECTOR('',#16216,1.);
#16216=DIRECTION('',(0.,1.,0.));
#16217=CARTESIAN_POINT('',(-128.5,-2.99999999999999,7.99999999999998));
#16218=VECTOR('',#16219,1.);
#16219=DIRECTION('',(0.,1.,0.));
#16220=CARTESIAN_POINT('',(-127.,-2.99999999999999,36.));
#16221=VECTOR('',#16222,1.);
#16222=DIRECTION('',(0.,1.,0.));
#16223=CARTESIAN_POINT('',(-127.,-2.99999999999999,7.99999999999998));
#16224=VECTOR('',#16225,1.);
#16225=DIRECTION('',(0.,1.,0.));
#16226=CARTESIAN_POINT('',(-132.5,-2.99999999999999,36.));
#16227=VECTOR('',#16228,1.);
#16228=DIRECTION('',(0.,1.,0.));
#16229=CARTESIAN_POINT('',(-132.5,-2.99999999999999,7.99999999999998));
#16230=VECTOR('',#16231,1.);
#16231=DIRECTION('',(0.,1.,0.));
#16232=CARTESIAN_POINT('',(-131.,-2.99999999999999,36.));
#16233=VECTOR('',#16234,1.);
#16234=DIRECTION('',(0.,1.,0.));
#16235=CARTESIAN_POINT('',(-131.,-2.99999999999999,7.99999999999998));
#16236=VECTOR('',#16237,1.);
#16237=DIRECTION('',(0.,1.,0.));
#16238=CARTESIAN_POINT('',(-136.5,-2.99999999999999,36.));
#16239=VECTOR('',#16240,1.);
#16240=DIRECTION('',(0.,1.,0.));
#16241=CARTESIAN_POINT('',(-136.5,-2.99999999999999,7.99999999999998));
#16242=VECTOR('',#16243,1.);
#16243=DIRECTION('',(0.,1.,0.));
#16244=CARTESIAN_POINT('',(-135.,-2.99999999999999,36.));
#16245=VECTOR('',#16246,1.);
#16246=DIRECTION('',(0.,1.,0.));
#16247=CARTESIAN_POINT('',(-135.,-2.99999999999999,7.99999999999998));
#16248=VECTOR('',#16249,1.);
#16249=DIRECTION('',(0.,1.,0.));
#16250=CARTESIAN_POINT('',(-140.5,-2.99999999999999,36.));
#16251=VECTOR('',#16252,1.);
#16252=DIRECTION('',(0.,1.,0.));
#16253=CARTESIAN_POINT('',(-140.5,-2.99999999999999,7.99999999999998));
#16254=VECTOR('',#16255,1.);
#16255=DIRECTION('',(0.,1.,0.));
#16256=CARTESIAN_POINT('',(-139.,-2.99999999999999,36.));
#16257=VECTOR('',#16258,1.);
#16258=DIRECTION('',(0.,1.,0.));
#16259=CARTESIAN_POINT('',(-139.,-2.99999999999999,7.99999999999998));
#16260=VECTOR('',#16261,1.);
#16261=DIRECTION('',(0.,1.,0.));
#16262=CARTESIAN_POINT('',(-144.5,-2.99999999999999,36.));
#16263=VECTOR('',#16264,1.);
#16264=DIRECTION('',(0.,1.,0.));
#16265=CARTESIAN_POINT('',(-144.5,-2.99999999999999,7.99999999999998));
#16266=VECTOR('',#16267,1.);
#16267=DIRECTION('',(0.,1.,0.));
#16268=CARTESIAN_POINT('',(-143.,-2.99999999999999,36.));
#16269=VECTOR('',#16270,1.);
#16270=DIRECTION('',(0.,1.,0.));
#16271=CARTESIAN_POINT('',(-143.,-2.99999999999999,7.99999999999998));
#16272=VECTOR('',#16273,1.);
#16273=DIRECTION('',(0.,1.,0.));
#16274=CARTESIAN_POINT('',(-148.5,-2.99999999999999,36.));
#16275=VECTOR('',#16276,1.);
#16276=DIRECTION('',(0.,1.,0.));
#16277=CARTESIAN_POINT('',(-148.5,-2.99999999999999,7.99999999999998));
#16278=VECTOR('',#16279,1.);
#16279=DIRECTION('',(0.,1.,0.));
#16280=CARTESIAN_POINT('',(-147.,-2.99999999999999,36.));
#16281=VECTOR('',#16282,1.);
#16282=DIRECTION('',(0.,1.,0.));
#16283=CARTESIAN_POINT('',(-147.,-2.99999999999999,7.99999999999998));
#16284=VECTOR('',#16285,1.);
#16285=DIRECTION('',(0.,1.,0.));
#16286=CARTESIAN_POINT('',(-152.5,-2.99999999999999,36.));
#16287=VECTOR('',#16288,1.);
#16288=DIRECTION('',(0.,1.,0.));
#16289=CARTESIAN_POINT('',(-152.5,-2.99999999999999,7.99999999999998));
#16290=VECTOR('',#16291,1.);
#16291=DIRECTION('',(0.,1.,0.));
#16292=CARTESIAN_POINT('',(-151.,-2.99999999999999,36.));
#16293=VECTOR('',#16294,1.);
#16294=DIRECTION('',(0.,1.,0.));
#16295=CARTESIAN_POINT('',(-151.,-2.99999999999999,7.99999999999998));
#16296=VECTOR('',#16297,1.);
#16297=DIRECTION('',(0.,1.,0.));
#16298=CARTESIAN_POINT('',(-193.,-7.99999999999991,39.));
#16299=VECTOR('',#16300,1.);
#16300=DIRECTION('',(0.,1.,0.));
#16301=CARTESIAN_POINT('',(-197.,-71.5,25.5));
#16302=VECTOR('',#16303,1.);
#16303=DIRECTION('',(-1.,0.,0.));
#16304=CARTESIAN_POINT('',(-197.,-71.5,13.5));
#16305=VECTOR('',#16306,1.);
#16306=DIRECTION('',(-1.,0.,0.));
#16307=CARTESIAN_POINT('',(-197.,-98.5,13.5));
#16308=VECTOR('',#16309,1.);
#16309=DIRECTION('',(-1.,0.,0.));
#16310=CARTESIAN_POINT('',(-197.,-98.5,25.5));
#16311=VECTOR('',#16312,1.);
#16312=DIRECTION('',(-1.,0.,0.));
#16313=CARTESIAN_POINT('',(-197.,-93.4999999998251,30.5));
#16314=VECTOR('',#16315,1.);
#16315=DIRECTION('',(-1.,0.,0.));
#16316=CARTESIAN_POINT('',(-197.,-76.5000000001749,30.5));
#16317=VECTOR('',#16318,1.);
#16318=DIRECTION('',(-1.,0.,0.));
#16319=CARTESIAN_POINT('',(-155.5,-61.5,8.));
#16320=AXIS2_PLACEMENT_3D('',#16321,#16322,#16323);
#16321=CARTESIAN_POINT('',(-154.5,-61.5,8.));
#16322=DIRECTION('',(0.,0.,1.));
#16323=DIRECTION('',(-1.,1.22464679914735E-16,0.));
#16324=CARTESIAN_POINT('',(-55.,-81.,8.));
#16325=AXIS2_PLACEMENT_3D('',#16326,#16327,#16328);
#16326=CARTESIAN_POINT('',(-54.,-81.,8.));
#16327=DIRECTION('',(0.,0.,1.));
#16328=DIRECTION('',(-1.,1.22464679914735E-16,0.));
#16329=CARTESIAN_POINT('',(-185.1,-12.,8.));
#16330=AXIS2_PLACEMENT_3D('',#16331,#16332,#16333);
#16331=CARTESIAN_POINT('',(-183.,-12.,8.));
#16332=DIRECTION('',(0.,0.,1.));
#16333=DIRECTION('',(-1.,1.22464679914735E-16,0.));
#16334=CARTESIAN_POINT('',(-55.,-59.,8.));
#16335=AXIS2_PLACEMENT_3D('',#16336,#16337,#16338);
#16336=CARTESIAN_POINT('',(-54.,-59.,8.));
#16337=DIRECTION('',(0.,0.,1.));
#16338=DIRECTION('',(-1.,1.22464679914735E-16,0.));
#16339=CARTESIAN_POINT('',(-90.5,-61.5,8.));
#16340=AXIS2_PLACEMENT_3D('',#16341,#16342,#16343);
#16341=CARTESIAN_POINT('',(-89.5,-61.5,8.));
#16342=DIRECTION('',(0.,0.,1.));
#16343=DIRECTION('',(-1.,1.22464679914735E-16,0.));
#16344=CARTESIAN_POINT('',(-90.5,-106.5,4.));
#16345=AXIS2_PLACEMENT_3D('',#16346,#16347,#16348);
#16346=CARTESIAN_POINT('',(-89.5,-106.5,4.));
#16347=DIRECTION('',(0.,0.,1.));
#16348=DIRECTION('',(-1.,1.22464679914735E-16,0.));
#16349=CARTESIAN_POINT('',(-155.5,-106.5,4.));
#16350=AXIS2_PLACEMENT_3D('',#16351,#16352,#16353);
#16351=CARTESIAN_POINT('',(-154.5,-106.5,4.));
#16352=DIRECTION('',(0.,0.,1.));
#16353=DIRECTION('',(-1.,1.22464679914735E-16,0.));
#16354=CARTESIAN_POINT('',(-8.,-81.,4.));
#16355=AXIS2_PLACEMENT_3D('',#16356,#16357,#16358);
#16356=CARTESIAN_POINT('',(-7.,-81.,4.));
#16357=DIRECTION('',(0.,0.,1.));
#16358=DIRECTION('',(-1.,1.22464679914735E-16,0.));
#16359=CARTESIAN_POINT('',(-8.,-59.,4.));
#16360=AXIS2_PLACEMENT_3D('',#16361,#16362,#16363);
#16361=CARTESIAN_POINT('',(-7.,-59.,4.));
#16362=DIRECTION('',(0.,0.,1.));
#16363=DIRECTION('',(-1.,1.22464679914735E-16,0.));
#16364=CARTESIAN_POINT('',(-13.1,-48.,4.));
#16365=AXIS2_PLACEMENT_3D('',#16366,#16367,#16368);
#16366=CARTESIAN_POINT('',(-11.,-48.,4.));
#16367=DIRECTION('',(0.,0.,1.));
#16368=DIRECTION('',(-1.,1.22464679914735E-16,0.));
#16369=CARTESIAN_POINT('',(-155.5,-61.5,4.));
#16370=AXIS2_PLACEMENT_3D('',#16371,#16372,#16373);
#16371=CARTESIAN_POINT('',(-154.5,-61.5,4.));
#16372=DIRECTION('',(0.,0.,1.));
#16373=DIRECTION('',(-1.,1.22464679914735E-16,0.));
#16374=CARTESIAN_POINT('',(-55.,-81.,4.));
#16375=AXIS2_PLACEMENT_3D('',#16376,#16377,#16378);
#16376=CARTESIAN_POINT('',(-54.,-81.,4.));
#16377=DIRECTION('',(0.,0.,1.));
#16378=DIRECTION('',(-1.,1.22464679914735E-16,0.));
#16379=CARTESIAN_POINT('',(-185.1,-12.,4.));
#16380=AXIS2_PLACEMENT_3D('',#16381,#16382,#16383);
#16381=CARTESIAN_POINT('',(-183.,-12.,4.));
#16382=DIRECTION('',(0.,0.,1.));
#16383=DIRECTION('',(-1.,1.22464679914735E-16,0.));
#16384=CARTESIAN_POINT('',(-55.,-59.,4.));
#16385=AXIS2_PLACEMENT_3D('',#16386,#16387,#16388);
#16386=CARTESIAN_POINT('',(-54.,-59.,4.));
#16387=DIRECTION('',(0.,0.,1.));
#16388=DIRECTION('',(-1.,1.22464679914735E-16,0.));
#16389=CARTESIAN_POINT('',(-90.5,-61.5,4.));
#16390=AXIS2_PLACEMENT_3D('',#16391,#16392,#16393);
#16391=CARTESIAN_POINT('',(-89.5,-61.5,4.));
#16392=DIRECTION('',(0.,0.,1.));
#16393=DIRECTION('',(-1.,1.22464679914735E-16,0.));
ENDSEC;
END-ISO-10303-21;
