ISO-10303-21;
HEADER;
FILE_DESCRIPTION(('STEP AP242'),
    '1');
FILE_NAME('Крышка',
    '',
    ('UNSPECIFIED'),
    ('UNSPECIFIED'),
    'C3D Converter',
    'C3D Toolkit',
    '');
FILE_SCHEMA(('AP242_MANAGED_MODEL_BASED_3D_ENGINEERING_MIM_LF { 1 0 10303 442 1 1 4 }'));
ENDSEC;

DATA;
#1=PRODUCT_DEFINITION('','UNSPECIFIED',#28,#31);
#2=SHAPE_DEFINITION_REPRESENTATION(#26,#3);
#3=SHAPE_REPRESENTATION('NONE',(#4),#8);
#4=AXIS2_PLACEMENT_3D('',#5,#6,#7);
#5=CARTESIAN_POINT('',(0.,0.,0.));
#6=DIRECTION('',(0.,0.,1.));
#7=DIRECTION('',(1.,0.,0.));
#8=(GEOMETRIC_REPRESENTATION_CONTEXT(3)GLOBAL_UNCERTAINTY_ASSIGNED_CONTEXT((#10))
GLOBAL_UNIT_ASSIGNED_CONTEXT((#9,#11,#12))REPRESENTATION_CONTEXT('NONE','NONE'));
#9=(LENGTH_UNIT()NAMED_UNIT(*)SI_UNIT(.MILLI.,.METRE.));
#10=UNCERTAINTY_MEASURE_WITH_UNIT(LENGTH_MEASURE(1.E-5),#9,'NONE','NONE');
#11=(NAMED_UNIT(*)PLANE_ANGLE_UNIT()SI_UNIT($,.RADIAN.));
#12=(NAMED_UNIT(*)SI_UNIT($,.STERADIAN.)SOLID_ANGLE_UNIT());
#13=MANIFOLD_SOLID_BREP('',#14);
#14=CLOSED_SHELL('',(#53,#62,#71,#80,#89,#98,#107,#116,#125,#134,#143,#152,#161,
#170,#179,#188,#197,#206,#215,#224,#233,#242,#251,#260,#269,#278,#287,#296,#305,
#314,#323,#332,#341,#350,#359,#368,#377,#386,#395,#404,#413,#422,#431,#440,#449,
#458,#467,#476,#485,#494,#503,#512,#521,#530,#539,#548,#557,#566,#575,#584,#593,
#602,#611,#620,#629,#638,#647,#656,#665,#674,#683,#692,#701,#710,#719,#728,#737,
#746,#755,#764,#773,#782,#791,#800,#809,#818,#827,#836,#845));
#15=COLOUR_RGB('',0.564705882352941,0.564705882352941,0.564705882352941);
#16=FILL_AREA_STYLE_COLOUR('',#15);
#17=FILL_AREA_STYLE($,(#16));
#18=SURFACE_STYLE_FILL_AREA(#17);
#19=SURFACE_SIDE_STYLE('',(#18));
#20=SURFACE_STYLE_USAGE(.BOTH.,#19);
#21=PRESENTATION_STYLE_ASSIGNMENT((#20));
#22=MECHANICAL_DESIGN_GEOMETRIC_PRESENTATION_REPRESENTATION('NONE',(#23,#61,#70,
#79,#88,#97,#106,#115,#124,#133,#142,#151,#160,#169,#178,#187,#196,#205,#214,#223,
#232,#241,#250,#259,#268,#277,#286,#295,#304,#313,#322,#331,#340,#349,#358,#367,
#376,#385,#394,#403,#412,#421,#430,#439,#448,#457,#466,#475,#484,#493,#502,#511,
#520,#529,#538,#547,#556,#565,#574,#583,#592,#601,#610,#619,#628,#637,#646,#655,
#664,#673,#682,#691,#700,#709,#718,#727,#736,#745,#754,#763,#772,#781,#790,#799,
#808,#817,#826,#835,#844,#853),#8);
#23=STYLED_ITEM('',(#21),#13);
#24=ADVANCED_BREP_SHAPE_REPRESENTATION('NONE',(#13),#8);
#25=SHAPE_REPRESENTATION_RELATIONSHIP('','',#3,#24);
#26=PRODUCT_DEFINITION_SHAPE('NONE','NONE',#1);
#27=MECHANICAL_CONTEXT('NONE',#32,'mechanical');
#28=PRODUCT_DEFINITION_FORMATION_WITH_SPECIFIED_SOURCE('ANY','UNSPECIFIED',#29,.NOT_KNOWN.);
#29=PRODUCT('','\X2\0414043504420430043B044C\X0\','NONE',(#27));
#30=PRODUCT_RELATED_PRODUCT_CATEGORY('detail','',(#29));
#31=DESIGN_CONTEXT('detailed design',#32,'design');
#32=APPLICATION_CONTEXT('configuration controlled 3d designs of mechanical parts and assemblies');
#33=APPLICATION_PROTOCOL_DEFINITION('international standard','config_control_design',
1994,#32);
#34=CC_DESIGN_DATE_AND_TIME_ASSIGNMENT(#35,#39,(#1));
#35=DATE_AND_TIME(#36,#37);
#36=CALENDAR_DATE(0,1,1);
#37=LOCAL_TIME(0,0,0.,#38);
#38=COORDINATED_UNIVERSAL_TIME_OFFSET(0,0,.AHEAD.);
#39=DATE_TIME_ROLE('creation_date');
#40=CC_DESIGN_APPROVAL(#41,(#1));
#41=APPROVAL(#42,'UNSPECIFIED');
#42=APPROVAL_STATUS('not_yet_approved');
#43=APPROVAL_DATE_TIME(#44,#41);
#44=DATE_AND_TIME(#45,#46);
#45=CALENDAR_DATE(0,1,1);
#46=LOCAL_TIME(0,0,0.,#47);
#47=COORDINATED_UNIVERSAL_TIME_OFFSET(0,0,.AHEAD.);
#48=PERSON('UNSPECIFIED','Cybermeatball','UNSPECIFIED',('UNSPECIFIED'),('UNSPECIFIED'),
('UNSPECIFIED'));
#49=ORGANIZATION('UNSPECIFIED','UNSPECIFIED','UNSPECIFIED');
#50=PERSON_AND_ORGANIZATION(#48,#49);
#51=PERSON_AND_ORGANIZATION_ROLE('creator');
#52=CC_DESIGN_PERSON_AND_ORGANIZATION_ASSIGNMENT(#50,#51,(#28,#1));
#53=ADVANCED_FACE('',(#854,#856),#858,.F.);
#54=COLOUR_RGB('',0.564705882352941,0.564705882352941,0.564705882352941);
#55=FILL_AREA_STYLE_COLOUR('',#54);
#56=FILL_AREA_STYLE($,(#55));
#57=SURFACE_STYLE_FILL_AREA(#56);
#58=SURFACE_SIDE_STYLE('',(#57));
#59=SURFACE_STYLE_USAGE(.BOTH.,#58);
#60=PRESENTATION_STYLE_ASSIGNMENT((#59));
#61=STYLED_ITEM('',(#60),#53);
#62=ADVANCED_FACE('',(#863,#865),#867,.F.);
#63=COLOUR_RGB('',0.564705882352941,0.564705882352941,0.564705882352941);
#64=FILL_AREA_STYLE_COLOUR('',#63);
#65=FILL_AREA_STYLE($,(#64));
#66=SURFACE_STYLE_FILL_AREA(#65);
#67=SURFACE_SIDE_STYLE('',(#66));
#68=SURFACE_STYLE_USAGE(.BOTH.,#67);
#69=PRESENTATION_STYLE_ASSIGNMENT((#68));
#70=STYLED_ITEM('',(#69),#62);
#71=ADVANCED_FACE('',(#872,#874),#876,.F.);
#72=COLOUR_RGB('',0.564705882352941,0.564705882352941,0.564705882352941);
#73=FILL_AREA_STYLE_COLOUR('',#72);
#74=FILL_AREA_STYLE($,(#73));
#75=SURFACE_STYLE_FILL_AREA(#74);
#76=SURFACE_SIDE_STYLE('',(#75));
#77=SURFACE_STYLE_USAGE(.BOTH.,#76);
#78=PRESENTATION_STYLE_ASSIGNMENT((#77));
#79=STYLED_ITEM('',(#78),#71);
#80=ADVANCED_FACE('',(#881,#883),#885,.F.);
#81=COLOUR_RGB('',0.564705882352941,0.564705882352941,0.564705882352941);
#82=FILL_AREA_STYLE_COLOUR('',#81);
#83=FILL_AREA_STYLE($,(#82));
#84=SURFACE_STYLE_FILL_AREA(#83);
#85=SURFACE_SIDE_STYLE('',(#84));
#86=SURFACE_STYLE_USAGE(.BOTH.,#85);
#87=PRESENTATION_STYLE_ASSIGNMENT((#86));
#88=STYLED_ITEM('',(#87),#80);
#89=ADVANCED_FACE('',(#890,#892),#894,.F.);
#90=COLOUR_RGB('',0.564705882352941,0.564705882352941,0.564705882352941);
#91=FILL_AREA_STYLE_COLOUR('',#90);
#92=FILL_AREA_STYLE($,(#91));
#93=SURFACE_STYLE_FILL_AREA(#92);
#94=SURFACE_SIDE_STYLE('',(#93));
#95=SURFACE_STYLE_USAGE(.BOTH.,#94);
#96=PRESENTATION_STYLE_ASSIGNMENT((#95));
#97=STYLED_ITEM('',(#96),#89);
#98=ADVANCED_FACE('',(#899,#901),#903,.F.);
#99=COLOUR_RGB('',0.564705882352941,0.564705882352941,0.564705882352941);
#100=FILL_AREA_STYLE_COLOUR('',#99);
#101=FILL_AREA_STYLE($,(#100));
#102=SURFACE_STYLE_FILL_AREA(#101);
#103=SURFACE_SIDE_STYLE('',(#102));
#104=SURFACE_STYLE_USAGE(.BOTH.,#103);
#105=PRESENTATION_STYLE_ASSIGNMENT((#104));
#106=STYLED_ITEM('',(#105),#98);
#107=ADVANCED_FACE('',(#908,#910,#912,#914,#916,#918),#920,.T.);
#108=COLOUR_RGB('',0.564705882352941,0.564705882352941,0.564705882352941);
#109=FILL_AREA_STYLE_COLOUR('',#108);
#110=FILL_AREA_STYLE($,(#109));
#111=SURFACE_STYLE_FILL_AREA(#110);
#112=SURFACE_SIDE_STYLE('',(#111));
#113=SURFACE_STYLE_USAGE(.BOTH.,#112);
#114=PRESENTATION_STYLE_ASSIGNMENT((#113));
#115=STYLED_ITEM('',(#114),#107);
#116=ADVANCED_FACE('',(#925,#927),#929,.T.);
#117=COLOUR_RGB('',0.564705882352941,0.564705882352941,0.564705882352941);
#118=FILL_AREA_STYLE_COLOUR('',#117);
#119=FILL_AREA_STYLE($,(#118));
#120=SURFACE_STYLE_FILL_AREA(#119);
#121=SURFACE_SIDE_STYLE('',(#120));
#122=SURFACE_STYLE_USAGE(.BOTH.,#121);
#123=PRESENTATION_STYLE_ASSIGNMENT((#122));
#124=STYLED_ITEM('',(#123),#116);
#125=ADVANCED_FACE('',(#934,#936),#938,.F.);
#126=COLOUR_RGB('',0.564705882352941,0.564705882352941,0.564705882352941);
#127=FILL_AREA_STYLE_COLOUR('',#126);
#128=FILL_AREA_STYLE($,(#127));
#129=SURFACE_STYLE_FILL_AREA(#128);
#130=SURFACE_SIDE_STYLE('',(#129));
#131=SURFACE_STYLE_USAGE(.BOTH.,#130);
#132=PRESENTATION_STYLE_ASSIGNMENT((#131));
#133=STYLED_ITEM('',(#132),#125);
#134=ADVANCED_FACE('',(#943,#945),#947,.T.);
#135=COLOUR_RGB('',0.564705882352941,0.564705882352941,0.564705882352941);
#136=FILL_AREA_STYLE_COLOUR('',#135);
#137=FILL_AREA_STYLE($,(#136));
#138=SURFACE_STYLE_FILL_AREA(#137);
#139=SURFACE_SIDE_STYLE('',(#138));
#140=SURFACE_STYLE_USAGE(.BOTH.,#139);
#141=PRESENTATION_STYLE_ASSIGNMENT((#140));
#142=STYLED_ITEM('',(#141),#134);
#143=ADVANCED_FACE('',(#952,#954),#956,.F.);
#144=COLOUR_RGB('',0.564705882352941,0.564705882352941,0.564705882352941);
#145=FILL_AREA_STYLE_COLOUR('',#144);
#146=FILL_AREA_STYLE($,(#145));
#147=SURFACE_STYLE_FILL_AREA(#146);
#148=SURFACE_SIDE_STYLE('',(#147));
#149=SURFACE_STYLE_USAGE(.BOTH.,#148);
#150=PRESENTATION_STYLE_ASSIGNMENT((#149));
#151=STYLED_ITEM('',(#150),#143);
#152=ADVANCED_FACE('',(#961,#963),#965,.T.);
#153=COLOUR_RGB('',0.564705882352941,0.564705882352941,0.564705882352941);
#154=FILL_AREA_STYLE_COLOUR('',#153);
#155=FILL_AREA_STYLE($,(#154));
#156=SURFACE_STYLE_FILL_AREA(#155);
#157=SURFACE_SIDE_STYLE('',(#156));
#158=SURFACE_STYLE_USAGE(.BOTH.,#157);
#159=PRESENTATION_STYLE_ASSIGNMENT((#158));
#160=STYLED_ITEM('',(#159),#152);
#161=ADVANCED_FACE('',(#970,#972),#974,.F.);
#162=COLOUR_RGB('',0.564705882352941,0.564705882352941,0.564705882352941);
#163=FILL_AREA_STYLE_COLOUR('',#162);
#164=FILL_AREA_STYLE($,(#163));
#165=SURFACE_STYLE_FILL_AREA(#164);
#166=SURFACE_SIDE_STYLE('',(#165));
#167=SURFACE_STYLE_USAGE(.BOTH.,#166);
#168=PRESENTATION_STYLE_ASSIGNMENT((#167));
#169=STYLED_ITEM('',(#168),#161);
#170=ADVANCED_FACE('',(#979,#981),#983,.T.);
#171=COLOUR_RGB('',0.564705882352941,0.564705882352941,0.564705882352941);
#172=FILL_AREA_STYLE_COLOUR('',#171);
#173=FILL_AREA_STYLE($,(#172));
#174=SURFACE_STYLE_FILL_AREA(#173);
#175=SURFACE_SIDE_STYLE('',(#174));
#176=SURFACE_STYLE_USAGE(.BOTH.,#175);
#177=PRESENTATION_STYLE_ASSIGNMENT((#176));
#178=STYLED_ITEM('',(#177),#170);
#179=ADVANCED_FACE('',(#988,#990),#992,.F.);
#180=COLOUR_RGB('',0.564705882352941,0.564705882352941,0.564705882352941);
#181=FILL_AREA_STYLE_COLOUR('',#180);
#182=FILL_AREA_STYLE($,(#181));
#183=SURFACE_STYLE_FILL_AREA(#182);
#184=SURFACE_SIDE_STYLE('',(#183));
#185=SURFACE_STYLE_USAGE(.BOTH.,#184);
#186=PRESENTATION_STYLE_ASSIGNMENT((#185));
#187=STYLED_ITEM('',(#186),#179);
#188=ADVANCED_FACE('',(#997,#999),#1001,.T.);
#189=COLOUR_RGB('',0.564705882352941,0.564705882352941,0.564705882352941);
#190=FILL_AREA_STYLE_COLOUR('',#189);
#191=FILL_AREA_STYLE($,(#190));
#192=SURFACE_STYLE_FILL_AREA(#191);
#193=SURFACE_SIDE_STYLE('',(#192));
#194=SURFACE_STYLE_USAGE(.BOTH.,#193);
#195=PRESENTATION_STYLE_ASSIGNMENT((#194));
#196=STYLED_ITEM('',(#195),#188);
#197=ADVANCED_FACE('',(#1006,#1008),#1010,.F.);
#198=COLOUR_RGB('',0.564705882352941,0.564705882352941,0.564705882352941);
#199=FILL_AREA_STYLE_COLOUR('',#198);
#200=FILL_AREA_STYLE($,(#199));
#201=SURFACE_STYLE_FILL_AREA(#200);
#202=SURFACE_SIDE_STYLE('',(#201));
#203=SURFACE_STYLE_USAGE(.BOTH.,#202);
#204=PRESENTATION_STYLE_ASSIGNMENT((#203));
#205=STYLED_ITEM('',(#204),#197);
#206=ADVANCED_FACE('',(#1015,#1017),#1019,.T.);
#207=COLOUR_RGB('',0.564705882352941,0.564705882352941,0.564705882352941);
#208=FILL_AREA_STYLE_COLOUR('',#207);
#209=FILL_AREA_STYLE($,(#208));
#210=SURFACE_STYLE_FILL_AREA(#209);
#211=SURFACE_SIDE_STYLE('',(#210));
#212=SURFACE_STYLE_USAGE(.BOTH.,#211);
#213=PRESENTATION_STYLE_ASSIGNMENT((#212));
#214=STYLED_ITEM('',(#213),#206);
#215=ADVANCED_FACE('',(#1024,#1026),#1028,.F.);
#216=COLOUR_RGB('',0.564705882352941,0.564705882352941,0.564705882352941);
#217=FILL_AREA_STYLE_COLOUR('',#216);
#218=FILL_AREA_STYLE($,(#217));
#219=SURFACE_STYLE_FILL_AREA(#218);
#220=SURFACE_SIDE_STYLE('',(#219));
#221=SURFACE_STYLE_USAGE(.BOTH.,#220);
#222=PRESENTATION_STYLE_ASSIGNMENT((#221));
#223=STYLED_ITEM('',(#222),#215);
#224=ADVANCED_FACE('',(#1033,#1035,#1037,#1039,#1041,#1043,#1045),#1047,.F.);
#225=COLOUR_RGB('',0.564705882352941,0.564705882352941,0.564705882352941);
#226=FILL_AREA_STYLE_COLOUR('',#225);
#227=FILL_AREA_STYLE($,(#226));
#228=SURFACE_STYLE_FILL_AREA(#227);
#229=SURFACE_SIDE_STYLE('',(#228));
#230=SURFACE_STYLE_USAGE(.BOTH.,#229);
#231=PRESENTATION_STYLE_ASSIGNMENT((#230));
#232=STYLED_ITEM('',(#231),#224);
#233=ADVANCED_FACE('',(#1052),#1054,.T.);
#234=COLOUR_RGB('',0.564705882352941,0.564705882352941,0.564705882352941);
#235=FILL_AREA_STYLE_COLOUR('',#234);
#236=FILL_AREA_STYLE($,(#235));
#237=SURFACE_STYLE_FILL_AREA(#236);
#238=SURFACE_SIDE_STYLE('',(#237));
#239=SURFACE_STYLE_USAGE(.BOTH.,#238);
#240=PRESENTATION_STYLE_ASSIGNMENT((#239));
#241=STYLED_ITEM('',(#240),#233);
#242=ADVANCED_FACE('',(#1059),#1061,.T.);
#243=COLOUR_RGB('',0.564705882352941,0.564705882352941,0.564705882352941);
#244=FILL_AREA_STYLE_COLOUR('',#243);
#245=FILL_AREA_STYLE($,(#244));
#246=SURFACE_STYLE_FILL_AREA(#245);
#247=SURFACE_SIDE_STYLE('',(#246));
#248=SURFACE_STYLE_USAGE(.BOTH.,#247);
#249=PRESENTATION_STYLE_ASSIGNMENT((#248));
#250=STYLED_ITEM('',(#249),#242);
#251=ADVANCED_FACE('',(#1066),#1068,.T.);
#252=COLOUR_RGB('',0.564705882352941,0.564705882352941,0.564705882352941);
#253=FILL_AREA_STYLE_COLOUR('',#252);
#254=FILL_AREA_STYLE($,(#253));
#255=SURFACE_STYLE_FILL_AREA(#254);
#256=SURFACE_SIDE_STYLE('',(#255));
#257=SURFACE_STYLE_USAGE(.BOTH.,#256);
#258=PRESENTATION_STYLE_ASSIGNMENT((#257));
#259=STYLED_ITEM('',(#258),#251);
#260=ADVANCED_FACE('',(#1073),#1075,.T.);
#261=COLOUR_RGB('',0.564705882352941,0.564705882352941,0.564705882352941);
#262=FILL_AREA_STYLE_COLOUR('',#261);
#263=FILL_AREA_STYLE($,(#262));
#264=SURFACE_STYLE_FILL_AREA(#263);
#265=SURFACE_SIDE_STYLE('',(#264));
#266=SURFACE_STYLE_USAGE(.BOTH.,#265);
#267=PRESENTATION_STYLE_ASSIGNMENT((#266));
#268=STYLED_ITEM('',(#267),#260);
#269=ADVANCED_FACE('',(#1080),#1082,.T.);
#270=COLOUR_RGB('',0.564705882352941,0.564705882352941,0.564705882352941);
#271=FILL_AREA_STYLE_COLOUR('',#270);
#272=FILL_AREA_STYLE($,(#271));
#273=SURFACE_STYLE_FILL_AREA(#272);
#274=SURFACE_SIDE_STYLE('',(#273));
#275=SURFACE_STYLE_USAGE(.BOTH.,#274);
#276=PRESENTATION_STYLE_ASSIGNMENT((#275));
#277=STYLED_ITEM('',(#276),#269);
#278=ADVANCED_FACE('',(#1087),#1089,.T.);
#279=COLOUR_RGB('',0.564705882352941,0.564705882352941,0.564705882352941);
#280=FILL_AREA_STYLE_COLOUR('',#279);
#281=FILL_AREA_STYLE($,(#280));
#282=SURFACE_STYLE_FILL_AREA(#281);
#283=SURFACE_SIDE_STYLE('',(#282));
#284=SURFACE_STYLE_USAGE(.BOTH.,#283);
#285=PRESENTATION_STYLE_ASSIGNMENT((#284));
#286=STYLED_ITEM('',(#285),#278);
#287=ADVANCED_FACE('',(#1094),#1096,.T.);
#288=COLOUR_RGB('',0.564705882352941,0.564705882352941,0.564705882352941);
#289=FILL_AREA_STYLE_COLOUR('',#288);
#290=FILL_AREA_STYLE($,(#289));
#291=SURFACE_STYLE_FILL_AREA(#290);
#292=SURFACE_SIDE_STYLE('',(#291));
#293=SURFACE_STYLE_USAGE(.BOTH.,#292);
#294=PRESENTATION_STYLE_ASSIGNMENT((#293));
#295=STYLED_ITEM('',(#294),#287);
#296=ADVANCED_FACE('',(#1101),#1103,.T.);
#297=COLOUR_RGB('',0.564705882352941,0.564705882352941,0.564705882352941);
#298=FILL_AREA_STYLE_COLOUR('',#297);
#299=FILL_AREA_STYLE($,(#298));
#300=SURFACE_STYLE_FILL_AREA(#299);
#301=SURFACE_SIDE_STYLE('',(#300));
#302=SURFACE_STYLE_USAGE(.BOTH.,#301);
#303=PRESENTATION_STYLE_ASSIGNMENT((#302));
#304=STYLED_ITEM('',(#303),#296);
#305=ADVANCED_FACE('',(#1108,#1110),#1112,.F.);
#306=COLOUR_RGB('',0.564705882352941,0.564705882352941,0.564705882352941);
#307=FILL_AREA_STYLE_COLOUR('',#306);
#308=FILL_AREA_STYLE($,(#307));
#309=SURFACE_STYLE_FILL_AREA(#308);
#310=SURFACE_SIDE_STYLE('',(#309));
#311=SURFACE_STYLE_USAGE(.BOTH.,#310);
#312=PRESENTATION_STYLE_ASSIGNMENT((#311));
#313=STYLED_ITEM('',(#312),#305);
#314=ADVANCED_FACE('',(#1117),#1119,.F.);
#315=COLOUR_RGB('',0.564705882352941,0.564705882352941,0.564705882352941);
#316=FILL_AREA_STYLE_COLOUR('',#315);
#317=FILL_AREA_STYLE($,(#316));
#318=SURFACE_STYLE_FILL_AREA(#317);
#319=SURFACE_SIDE_STYLE('',(#318));
#320=SURFACE_STYLE_USAGE(.BOTH.,#319);
#321=PRESENTATION_STYLE_ASSIGNMENT((#320));
#322=STYLED_ITEM('',(#321),#314);
#323=ADVANCED_FACE('',(#1124),#1126,.F.);
#324=COLOUR_RGB('',0.564705882352941,0.564705882352941,0.564705882352941);
#325=FILL_AREA_STYLE_COLOUR('',#324);
#326=FILL_AREA_STYLE($,(#325));
#327=SURFACE_STYLE_FILL_AREA(#326);
#328=SURFACE_SIDE_STYLE('',(#327));
#329=SURFACE_STYLE_USAGE(.BOTH.,#328);
#330=PRESENTATION_STYLE_ASSIGNMENT((#329));
#331=STYLED_ITEM('',(#330),#323);
#332=ADVANCED_FACE('',(#1131),#1133,.F.);
#333=COLOUR_RGB('',0.564705882352941,0.564705882352941,0.564705882352941);
#334=FILL_AREA_STYLE_COLOUR('',#333);
#335=FILL_AREA_STYLE($,(#334));
#336=SURFACE_STYLE_FILL_AREA(#335);
#337=SURFACE_SIDE_STYLE('',(#336));
#338=SURFACE_STYLE_USAGE(.BOTH.,#337);
#339=PRESENTATION_STYLE_ASSIGNMENT((#338));
#340=STYLED_ITEM('',(#339),#332);
#341=ADVANCED_FACE('',(#1138),#1140,.F.);
#342=COLOUR_RGB('',0.564705882352941,0.564705882352941,0.564705882352941);
#343=FILL_AREA_STYLE_COLOUR('',#342);
#344=FILL_AREA_STYLE($,(#343));
#345=SURFACE_STYLE_FILL_AREA(#344);
#346=SURFACE_SIDE_STYLE('',(#345));
#347=SURFACE_STYLE_USAGE(.BOTH.,#346);
#348=PRESENTATION_STYLE_ASSIGNMENT((#347));
#349=STYLED_ITEM('',(#348),#341);
#350=ADVANCED_FACE('',(#1145),#1147,.F.);
#351=COLOUR_RGB('',0.564705882352941,0.564705882352941,0.564705882352941);
#352=FILL_AREA_STYLE_COLOUR('',#351);
#353=FILL_AREA_STYLE($,(#352));
#354=SURFACE_STYLE_FILL_AREA(#353);
#355=SURFACE_SIDE_STYLE('',(#354));
#356=SURFACE_STYLE_USAGE(.BOTH.,#355);
#357=PRESENTATION_STYLE_ASSIGNMENT((#356));
#358=STYLED_ITEM('',(#357),#350);
#359=ADVANCED_FACE('',(#1152),#1154,.F.);
#360=COLOUR_RGB('',0.564705882352941,0.564705882352941,0.564705882352941);
#361=FILL_AREA_STYLE_COLOUR('',#360);
#362=FILL_AREA_STYLE($,(#361));
#363=SURFACE_STYLE_FILL_AREA(#362);
#364=SURFACE_SIDE_STYLE('',(#363));
#365=SURFACE_STYLE_USAGE(.BOTH.,#364);
#366=PRESENTATION_STYLE_ASSIGNMENT((#365));
#367=STYLED_ITEM('',(#366),#359);
#368=ADVANCED_FACE('',(#1159),#1161,.F.);
#369=COLOUR_RGB('',0.564705882352941,0.564705882352941,0.564705882352941);
#370=FILL_AREA_STYLE_COLOUR('',#369);
#371=FILL_AREA_STYLE($,(#370));
#372=SURFACE_STYLE_FILL_AREA(#371);
#373=SURFACE_SIDE_STYLE('',(#372));
#374=SURFACE_STYLE_USAGE(.BOTH.,#373);
#375=PRESENTATION_STYLE_ASSIGNMENT((#374));
#376=STYLED_ITEM('',(#375),#368);
#377=ADVANCED_FACE('',(#1166),#1168,.F.);
#378=COLOUR_RGB('',0.564705882352941,0.564705882352941,0.564705882352941);
#379=FILL_AREA_STYLE_COLOUR('',#378);
#380=FILL_AREA_STYLE($,(#379));
#381=SURFACE_STYLE_FILL_AREA(#380);
#382=SURFACE_SIDE_STYLE('',(#381));
#383=SURFACE_STYLE_USAGE(.BOTH.,#382);
#384=PRESENTATION_STYLE_ASSIGNMENT((#383));
#385=STYLED_ITEM('',(#384),#377);
#386=ADVANCED_FACE('',(#1173),#1175,.F.);
#387=COLOUR_RGB('',0.564705882352941,0.564705882352941,0.564705882352941);
#388=FILL_AREA_STYLE_COLOUR('',#387);
#389=FILL_AREA_STYLE($,(#388));
#390=SURFACE_STYLE_FILL_AREA(#389);
#391=SURFACE_SIDE_STYLE('',(#390));
#392=SURFACE_STYLE_USAGE(.BOTH.,#391);
#393=PRESENTATION_STYLE_ASSIGNMENT((#392));
#394=STYLED_ITEM('',(#393),#386);
#395=ADVANCED_FACE('',(#1180),#1182,.F.);
#396=COLOUR_RGB('',0.564705882352941,0.564705882352941,0.564705882352941);
#397=FILL_AREA_STYLE_COLOUR('',#396);
#398=FILL_AREA_STYLE($,(#397));
#399=SURFACE_STYLE_FILL_AREA(#398);
#400=SURFACE_SIDE_STYLE('',(#399));
#401=SURFACE_STYLE_USAGE(.BOTH.,#400);
#402=PRESENTATION_STYLE_ASSIGNMENT((#401));
#403=STYLED_ITEM('',(#402),#395);
#404=ADVANCED_FACE('',(#1187),#1189,.F.);
#405=COLOUR_RGB('',0.564705882352941,0.564705882352941,0.564705882352941);
#406=FILL_AREA_STYLE_COLOUR('',#405);
#407=FILL_AREA_STYLE($,(#406));
#408=SURFACE_STYLE_FILL_AREA(#407);
#409=SURFACE_SIDE_STYLE('',(#408));
#410=SURFACE_STYLE_USAGE(.BOTH.,#409);
#411=PRESENTATION_STYLE_ASSIGNMENT((#410));
#412=STYLED_ITEM('',(#411),#404);
#413=ADVANCED_FACE('',(#1194),#1196,.F.);
#414=COLOUR_RGB('',0.564705882352941,0.564705882352941,0.564705882352941);
#415=FILL_AREA_STYLE_COLOUR('',#414);
#416=FILL_AREA_STYLE($,(#415));
#417=SURFACE_STYLE_FILL_AREA(#416);
#418=SURFACE_SIDE_STYLE('',(#417));
#419=SURFACE_STYLE_USAGE(.BOTH.,#418);
#420=PRESENTATION_STYLE_ASSIGNMENT((#419));
#421=STYLED_ITEM('',(#420),#413);
#422=ADVANCED_FACE('',(#1201),#1203,.F.);
#423=COLOUR_RGB('',0.564705882352941,0.564705882352941,0.564705882352941);
#424=FILL_AREA_STYLE_COLOUR('',#423);
#425=FILL_AREA_STYLE($,(#424));
#426=SURFACE_STYLE_FILL_AREA(#425);
#427=SURFACE_SIDE_STYLE('',(#426));
#428=SURFACE_STYLE_USAGE(.BOTH.,#427);
#429=PRESENTATION_STYLE_ASSIGNMENT((#428));
#430=STYLED_ITEM('',(#429),#422);
#431=ADVANCED_FACE('',(#1208),#1210,.F.);
#432=COLOUR_RGB('',0.564705882352941,0.564705882352941,0.564705882352941);
#433=FILL_AREA_STYLE_COLOUR('',#432);
#434=FILL_AREA_STYLE($,(#433));
#435=SURFACE_STYLE_FILL_AREA(#434);
#436=SURFACE_SIDE_STYLE('',(#435));
#437=SURFACE_STYLE_USAGE(.BOTH.,#436);
#438=PRESENTATION_STYLE_ASSIGNMENT((#437));
#439=STYLED_ITEM('',(#438),#431);
#440=ADVANCED_FACE('',(#1215),#1217,.F.);
#441=COLOUR_RGB('',0.564705882352941,0.564705882352941,0.564705882352941);
#442=FILL_AREA_STYLE_COLOUR('',#441);
#443=FILL_AREA_STYLE($,(#442));
#444=SURFACE_STYLE_FILL_AREA(#443);
#445=SURFACE_SIDE_STYLE('',(#444));
#446=SURFACE_STYLE_USAGE(.BOTH.,#445);
#447=PRESENTATION_STYLE_ASSIGNMENT((#446));
#448=STYLED_ITEM('',(#447),#440);
#449=ADVANCED_FACE('',(#1222),#1224,.F.);
#450=COLOUR_RGB('',0.564705882352941,0.564705882352941,0.564705882352941);
#451=FILL_AREA_STYLE_COLOUR('',#450);
#452=FILL_AREA_STYLE($,(#451));
#453=SURFACE_STYLE_FILL_AREA(#452);
#454=SURFACE_SIDE_STYLE('',(#453));
#455=SURFACE_STYLE_USAGE(.BOTH.,#454);
#456=PRESENTATION_STYLE_ASSIGNMENT((#455));
#457=STYLED_ITEM('',(#456),#449);
#458=ADVANCED_FACE('',(#1229),#1231,.T.);
#459=COLOUR_RGB('',0.564705882352941,0.564705882352941,0.564705882352941);
#460=FILL_AREA_STYLE_COLOUR('',#459);
#461=FILL_AREA_STYLE($,(#460));
#462=SURFACE_STYLE_FILL_AREA(#461);
#463=SURFACE_SIDE_STYLE('',(#462));
#464=SURFACE_STYLE_USAGE(.BOTH.,#463);
#465=PRESENTATION_STYLE_ASSIGNMENT((#464));
#466=STYLED_ITEM('',(#465),#458);
#467=ADVANCED_FACE('',(#1236),#1238,.T.);
#468=COLOUR_RGB('',0.564705882352941,0.564705882352941,0.564705882352941);
#469=FILL_AREA_STYLE_COLOUR('',#468);
#470=FILL_AREA_STYLE($,(#469));
#471=SURFACE_STYLE_FILL_AREA(#470);
#472=SURFACE_SIDE_STYLE('',(#471));
#473=SURFACE_STYLE_USAGE(.BOTH.,#472);
#474=PRESENTATION_STYLE_ASSIGNMENT((#473));
#475=STYLED_ITEM('',(#474),#467);
#476=ADVANCED_FACE('',(#1243),#1245,.T.);
#477=COLOUR_RGB('',0.564705882352941,0.564705882352941,0.564705882352941);
#478=FILL_AREA_STYLE_COLOUR('',#477);
#479=FILL_AREA_STYLE($,(#478));
#480=SURFACE_STYLE_FILL_AREA(#479);
#481=SURFACE_SIDE_STYLE('',(#480));
#482=SURFACE_STYLE_USAGE(.BOTH.,#481);
#483=PRESENTATION_STYLE_ASSIGNMENT((#482));
#484=STYLED_ITEM('',(#483),#476);
#485=ADVANCED_FACE('',(#1250),#1252,.T.);
#486=COLOUR_RGB('',0.564705882352941,0.564705882352941,0.564705882352941);
#487=FILL_AREA_STYLE_COLOUR('',#486);
#488=FILL_AREA_STYLE($,(#487));
#489=SURFACE_STYLE_FILL_AREA(#488);
#490=SURFACE_SIDE_STYLE('',(#489));
#491=SURFACE_STYLE_USAGE(.BOTH.,#490);
#492=PRESENTATION_STYLE_ASSIGNMENT((#491));
#493=STYLED_ITEM('',(#492),#485);
#494=ADVANCED_FACE('',(#1257),#1259,.T.);
#495=COLOUR_RGB('',0.564705882352941,0.564705882352941,0.564705882352941);
#496=FILL_AREA_STYLE_COLOUR('',#495);
#497=FILL_AREA_STYLE($,(#496));
#498=SURFACE_STYLE_FILL_AREA(#497);
#499=SURFACE_SIDE_STYLE('',(#498));
#500=SURFACE_STYLE_USAGE(.BOTH.,#499);
#501=PRESENTATION_STYLE_ASSIGNMENT((#500));
#502=STYLED_ITEM('',(#501),#494);
#503=ADVANCED_FACE('',(#1264,#1266),#1268,.T.);
#504=COLOUR_RGB('',0.564705882352941,0.564705882352941,0.564705882352941);
#505=FILL_AREA_STYLE_COLOUR('',#504);
#506=FILL_AREA_STYLE($,(#505));
#507=SURFACE_STYLE_FILL_AREA(#506);
#508=SURFACE_SIDE_STYLE('',(#507));
#509=SURFACE_STYLE_USAGE(.BOTH.,#508);
#510=PRESENTATION_STYLE_ASSIGNMENT((#509));
#511=STYLED_ITEM('',(#510),#503);
#512=ADVANCED_FACE('',(#1273),#1275,.T.);
#513=COLOUR_RGB('',0.564705882352941,0.564705882352941,0.564705882352941);
#514=FILL_AREA_STYLE_COLOUR('',#513);
#515=FILL_AREA_STYLE($,(#514));
#516=SURFACE_STYLE_FILL_AREA(#515);
#517=SURFACE_SIDE_STYLE('',(#516));
#518=SURFACE_STYLE_USAGE(.BOTH.,#517);
#519=PRESENTATION_STYLE_ASSIGNMENT((#518));
#520=STYLED_ITEM('',(#519),#512);
#521=ADVANCED_FACE('',(#1280),#1282,.T.);
#522=COLOUR_RGB('',0.564705882352941,0.564705882352941,0.564705882352941);
#523=FILL_AREA_STYLE_COLOUR('',#522);
#524=FILL_AREA_STYLE($,(#523));
#525=SURFACE_STYLE_FILL_AREA(#524);
#526=SURFACE_SIDE_STYLE('',(#525));
#527=SURFACE_STYLE_USAGE(.BOTH.,#526);
#528=PRESENTATION_STYLE_ASSIGNMENT((#527));
#529=STYLED_ITEM('',(#528),#521);
#530=ADVANCED_FACE('',(#1287),#1289,.T.);
#531=COLOUR_RGB('',0.564705882352941,0.564705882352941,0.564705882352941);
#532=FILL_AREA_STYLE_COLOUR('',#531);
#533=FILL_AREA_STYLE($,(#532));
#534=SURFACE_STYLE_FILL_AREA(#533);
#535=SURFACE_SIDE_STYLE('',(#534));
#536=SURFACE_STYLE_USAGE(.BOTH.,#535);
#537=PRESENTATION_STYLE_ASSIGNMENT((#536));
#538=STYLED_ITEM('',(#537),#530);
#539=ADVANCED_FACE('',(#1294),#1296,.T.);
#540=COLOUR_RGB('',0.564705882352941,0.564705882352941,0.564705882352941);
#541=FILL_AREA_STYLE_COLOUR('',#540);
#542=FILL_AREA_STYLE($,(#541));
#543=SURFACE_STYLE_FILL_AREA(#542);
#544=SURFACE_SIDE_STYLE('',(#543));
#545=SURFACE_STYLE_USAGE(.BOTH.,#544);
#546=PRESENTATION_STYLE_ASSIGNMENT((#545));
#547=STYLED_ITEM('',(#546),#539);
#548=ADVANCED_FACE('',(#1301),#1303,.T.);
#549=COLOUR_RGB('',0.564705882352941,0.564705882352941,0.564705882352941);
#550=FILL_AREA_STYLE_COLOUR('',#549);
#551=FILL_AREA_STYLE($,(#550));
#552=SURFACE_STYLE_FILL_AREA(#551);
#553=SURFACE_SIDE_STYLE('',(#552));
#554=SURFACE_STYLE_USAGE(.BOTH.,#553);
#555=PRESENTATION_STYLE_ASSIGNMENT((#554));
#556=STYLED_ITEM('',(#555),#548);
#557=ADVANCED_FACE('',(#1308),#1310,.T.);
#558=COLOUR_RGB('',0.564705882352941,0.564705882352941,0.564705882352941);
#559=FILL_AREA_STYLE_COLOUR('',#558);
#560=FILL_AREA_STYLE($,(#559));
#561=SURFACE_STYLE_FILL_AREA(#560);
#562=SURFACE_SIDE_STYLE('',(#561));
#563=SURFACE_STYLE_USAGE(.BOTH.,#562);
#564=PRESENTATION_STYLE_ASSIGNMENT((#563));
#565=STYLED_ITEM('',(#564),#557);
#566=ADVANCED_FACE('',(#1315),#1317,.T.);
#567=COLOUR_RGB('',0.564705882352941,0.564705882352941,0.564705882352941);
#568=FILL_AREA_STYLE_COLOUR('',#567);
#569=FILL_AREA_STYLE($,(#568));
#570=SURFACE_STYLE_FILL_AREA(#569);
#571=SURFACE_SIDE_STYLE('',(#570));
#572=SURFACE_STYLE_USAGE(.BOTH.,#571);
#573=PRESENTATION_STYLE_ASSIGNMENT((#572));
#574=STYLED_ITEM('',(#573),#566);
#575=ADVANCED_FACE('',(#1322),#1324,.T.);
#576=COLOUR_RGB('',0.564705882352941,0.564705882352941,0.564705882352941);
#577=FILL_AREA_STYLE_COLOUR('',#576);
#578=FILL_AREA_STYLE($,(#577));
#579=SURFACE_STYLE_FILL_AREA(#578);
#580=SURFACE_SIDE_STYLE('',(#579));
#581=SURFACE_STYLE_USAGE(.BOTH.,#580);
#582=PRESENTATION_STYLE_ASSIGNMENT((#581));
#583=STYLED_ITEM('',(#582),#575);
#584=ADVANCED_FACE('',(#1329),#1331,.T.);
#585=COLOUR_RGB('',0.564705882352941,0.564705882352941,0.564705882352941);
#586=FILL_AREA_STYLE_COLOUR('',#585);
#587=FILL_AREA_STYLE($,(#586));
#588=SURFACE_STYLE_FILL_AREA(#587);
#589=SURFACE_SIDE_STYLE('',(#588));
#590=SURFACE_STYLE_USAGE(.BOTH.,#589);
#591=PRESENTATION_STYLE_ASSIGNMENT((#590));
#592=STYLED_ITEM('',(#591),#584);
#593=ADVANCED_FACE('',(#1336),#1338,.T.);
#594=COLOUR_RGB('',0.564705882352941,0.564705882352941,0.564705882352941);
#595=FILL_AREA_STYLE_COLOUR('',#594);
#596=FILL_AREA_STYLE($,(#595));
#597=SURFACE_STYLE_FILL_AREA(#596);
#598=SURFACE_SIDE_STYLE('',(#597));
#599=SURFACE_STYLE_USAGE(.BOTH.,#598);
#600=PRESENTATION_STYLE_ASSIGNMENT((#599));
#601=STYLED_ITEM('',(#600),#593);
#602=ADVANCED_FACE('',(#1343),#1345,.T.);
#603=COLOUR_RGB('',0.564705882352941,0.564705882352941,0.564705882352941);
#604=FILL_AREA_STYLE_COLOUR('',#603);
#605=FILL_AREA_STYLE($,(#604));
#606=SURFACE_STYLE_FILL_AREA(#605);
#607=SURFACE_SIDE_STYLE('',(#606));
#608=SURFACE_STYLE_USAGE(.BOTH.,#607);
#609=PRESENTATION_STYLE_ASSIGNMENT((#608));
#610=STYLED_ITEM('',(#609),#602);
#611=ADVANCED_FACE('',(#1350),#1352,.T.);
#612=COLOUR_RGB('',0.564705882352941,0.564705882352941,0.564705882352941);
#613=FILL_AREA_STYLE_COLOUR('',#612);
#614=FILL_AREA_STYLE($,(#613));
#615=SURFACE_STYLE_FILL_AREA(#614);
#616=SURFACE_SIDE_STYLE('',(#615));
#617=SURFACE_STYLE_USAGE(.BOTH.,#616);
#618=PRESENTATION_STYLE_ASSIGNMENT((#617));
#619=STYLED_ITEM('',(#618),#611);
#620=ADVANCED_FACE('',(#1357),#1359,.T.);
#621=COLOUR_RGB('',0.564705882352941,0.564705882352941,0.564705882352941);
#622=FILL_AREA_STYLE_COLOUR('',#621);
#623=FILL_AREA_STYLE($,(#622));
#624=SURFACE_STYLE_FILL_AREA(#623);
#625=SURFACE_SIDE_STYLE('',(#624));
#626=SURFACE_STYLE_USAGE(.BOTH.,#625);
#627=PRESENTATION_STYLE_ASSIGNMENT((#626));
#628=STYLED_ITEM('',(#627),#620);
#629=ADVANCED_FACE('',(#1364),#1366,.T.);
#630=COLOUR_RGB('',0.564705882352941,0.564705882352941,0.564705882352941);
#631=FILL_AREA_STYLE_COLOUR('',#630);
#632=FILL_AREA_STYLE($,(#631));
#633=SURFACE_STYLE_FILL_AREA(#632);
#634=SURFACE_SIDE_STYLE('',(#633));
#635=SURFACE_STYLE_USAGE(.BOTH.,#634);
#636=PRESENTATION_STYLE_ASSIGNMENT((#635));
#637=STYLED_ITEM('',(#636),#629);
#638=ADVANCED_FACE('',(#1371),#1373,.T.);
#639=COLOUR_RGB('',0.564705882352941,0.564705882352941,0.564705882352941);
#640=FILL_AREA_STYLE_COLOUR('',#639);
#641=FILL_AREA_STYLE($,(#640));
#642=SURFACE_STYLE_FILL_AREA(#641);
#643=SURFACE_SIDE_STYLE('',(#642));
#644=SURFACE_STYLE_USAGE(.BOTH.,#643);
#645=PRESENTATION_STYLE_ASSIGNMENT((#644));
#646=STYLED_ITEM('',(#645),#638);
#647=ADVANCED_FACE('',(#1378),#1380,.T.);
#648=COLOUR_RGB('',0.564705882352941,0.564705882352941,0.564705882352941);
#649=FILL_AREA_STYLE_COLOUR('',#648);
#650=FILL_AREA_STYLE($,(#649));
#651=SURFACE_STYLE_FILL_AREA(#650);
#652=SURFACE_SIDE_STYLE('',(#651));
#653=SURFACE_STYLE_USAGE(.BOTH.,#652);
#654=PRESENTATION_STYLE_ASSIGNMENT((#653));
#655=STYLED_ITEM('',(#654),#647);
#656=ADVANCED_FACE('',(#1385),#1387,.T.);
#657=COLOUR_RGB('',0.564705882352941,0.564705882352941,0.564705882352941);
#658=FILL_AREA_STYLE_COLOUR('',#657);
#659=FILL_AREA_STYLE($,(#658));
#660=SURFACE_STYLE_FILL_AREA(#659);
#661=SURFACE_SIDE_STYLE('',(#660));
#662=SURFACE_STYLE_USAGE(.BOTH.,#661);
#663=PRESENTATION_STYLE_ASSIGNMENT((#662));
#664=STYLED_ITEM('',(#663),#656);
#665=ADVANCED_FACE('',(#1392),#1394,.T.);
#666=COLOUR_RGB('',0.564705882352941,0.564705882352941,0.564705882352941);
#667=FILL_AREA_STYLE_COLOUR('',#666);
#668=FILL_AREA_STYLE($,(#667));
#669=SURFACE_STYLE_FILL_AREA(#668);
#670=SURFACE_SIDE_STYLE('',(#669));
#671=SURFACE_STYLE_USAGE(.BOTH.,#670);
#672=PRESENTATION_STYLE_ASSIGNMENT((#671));
#673=STYLED_ITEM('',(#672),#665);
#674=ADVANCED_FACE('',(#1399),#1401,.T.);
#675=COLOUR_RGB('',0.564705882352941,0.564705882352941,0.564705882352941);
#676=FILL_AREA_STYLE_COLOUR('',#675);
#677=FILL_AREA_STYLE($,(#676));
#678=SURFACE_STYLE_FILL_AREA(#677);
#679=SURFACE_SIDE_STYLE('',(#678));
#680=SURFACE_STYLE_USAGE(.BOTH.,#679);
#681=PRESENTATION_STYLE_ASSIGNMENT((#680));
#682=STYLED_ITEM('',(#681),#674);
#683=ADVANCED_FACE('',(#1406),#1408,.T.);
#684=COLOUR_RGB('',0.564705882352941,0.564705882352941,0.564705882352941);
#685=FILL_AREA_STYLE_COLOUR('',#684);
#686=FILL_AREA_STYLE($,(#685));
#687=SURFACE_STYLE_FILL_AREA(#686);
#688=SURFACE_SIDE_STYLE('',(#687));
#689=SURFACE_STYLE_USAGE(.BOTH.,#688);
#690=PRESENTATION_STYLE_ASSIGNMENT((#689));
#691=STYLED_ITEM('',(#690),#683);
#692=ADVANCED_FACE('',(#1413),#1415,.T.);
#693=COLOUR_RGB('',0.564705882352941,0.564705882352941,0.564705882352941);
#694=FILL_AREA_STYLE_COLOUR('',#693);
#695=FILL_AREA_STYLE($,(#694));
#696=SURFACE_STYLE_FILL_AREA(#695);
#697=SURFACE_SIDE_STYLE('',(#696));
#698=SURFACE_STYLE_USAGE(.BOTH.,#697);
#699=PRESENTATION_STYLE_ASSIGNMENT((#698));
#700=STYLED_ITEM('',(#699),#692);
#701=ADVANCED_FACE('',(#1420),#1422,.T.);
#702=COLOUR_RGB('',0.564705882352941,0.564705882352941,0.564705882352941);
#703=FILL_AREA_STYLE_COLOUR('',#702);
#704=FILL_AREA_STYLE($,(#703));
#705=SURFACE_STYLE_FILL_AREA(#704);
#706=SURFACE_SIDE_STYLE('',(#705));
#707=SURFACE_STYLE_USAGE(.BOTH.,#706);
#708=PRESENTATION_STYLE_ASSIGNMENT((#707));
#709=STYLED_ITEM('',(#708),#701);
#710=ADVANCED_FACE('',(#1427),#1429,.T.);
#711=COLOUR_RGB('',0.564705882352941,0.564705882352941,0.564705882352941);
#712=FILL_AREA_STYLE_COLOUR('',#711);
#713=FILL_AREA_STYLE($,(#712));
#714=SURFACE_STYLE_FILL_AREA(#713);
#715=SURFACE_SIDE_STYLE('',(#714));
#716=SURFACE_STYLE_USAGE(.BOTH.,#715);
#717=PRESENTATION_STYLE_ASSIGNMENT((#716));
#718=STYLED_ITEM('',(#717),#710);
#719=ADVANCED_FACE('',(#1434),#1436,.T.);
#720=COLOUR_RGB('',0.564705882352941,0.564705882352941,0.564705882352941);
#721=FILL_AREA_STYLE_COLOUR('',#720);
#722=FILL_AREA_STYLE($,(#721));
#723=SURFACE_STYLE_FILL_AREA(#722);
#724=SURFACE_SIDE_STYLE('',(#723));
#725=SURFACE_STYLE_USAGE(.BOTH.,#724);
#726=PRESENTATION_STYLE_ASSIGNMENT((#725));
#727=STYLED_ITEM('',(#726),#719);
#728=ADVANCED_FACE('',(#1441),#1443,.T.);
#729=COLOUR_RGB('',0.564705882352941,0.564705882352941,0.564705882352941);
#730=FILL_AREA_STYLE_COLOUR('',#729);
#731=FILL_AREA_STYLE($,(#730));
#732=SURFACE_STYLE_FILL_AREA(#731);
#733=SURFACE_SIDE_STYLE('',(#732));
#734=SURFACE_STYLE_USAGE(.BOTH.,#733);
#735=PRESENTATION_STYLE_ASSIGNMENT((#734));
#736=STYLED_ITEM('',(#735),#728);
#737=ADVANCED_FACE('',(#1448),#1450,.T.);
#738=COLOUR_RGB('',0.564705882352941,0.564705882352941,0.564705882352941);
#739=FILL_AREA_STYLE_COLOUR('',#738);
#740=FILL_AREA_STYLE($,(#739));
#741=SURFACE_STYLE_FILL_AREA(#740);
#742=SURFACE_SIDE_STYLE('',(#741));
#743=SURFACE_STYLE_USAGE(.BOTH.,#742);
#744=PRESENTATION_STYLE_ASSIGNMENT((#743));
#745=STYLED_ITEM('',(#744),#737);
#746=ADVANCED_FACE('',(#1523),#1525,.T.);
#747=COLOUR_RGB('',0.564705882352941,0.564705882352941,0.564705882352941);
#748=FILL_AREA_STYLE_COLOUR('',#747);
#749=FILL_AREA_STYLE($,(#748));
#750=SURFACE_STYLE_FILL_AREA(#749);
#751=SURFACE_SIDE_STYLE('',(#750));
#752=SURFACE_STYLE_USAGE(.BOTH.,#751);
#753=PRESENTATION_STYLE_ASSIGNMENT((#752));
#754=STYLED_ITEM('',(#753),#746);
#755=ADVANCED_FACE('',(#1530),#1532,.T.);
#756=COLOUR_RGB('',0.564705882352941,0.564705882352941,0.564705882352941);
#757=FILL_AREA_STYLE_COLOUR('',#756);
#758=FILL_AREA_STYLE($,(#757));
#759=SURFACE_STYLE_FILL_AREA(#758);
#760=SURFACE_SIDE_STYLE('',(#759));
#761=SURFACE_STYLE_USAGE(.BOTH.,#760);
#762=PRESENTATION_STYLE_ASSIGNMENT((#761));
#763=STYLED_ITEM('',(#762),#755);
#764=ADVANCED_FACE('',(#1605),#1607,.T.);
#765=COLOUR_RGB('',0.564705882352941,0.564705882352941,0.564705882352941);
#766=FILL_AREA_STYLE_COLOUR('',#765);
#767=FILL_AREA_STYLE($,(#766));
#768=SURFACE_STYLE_FILL_AREA(#767);
#769=SURFACE_SIDE_STYLE('',(#768));
#770=SURFACE_STYLE_USAGE(.BOTH.,#769);
#771=PRESENTATION_STYLE_ASSIGNMENT((#770));
#772=STYLED_ITEM('',(#771),#764);
#773=ADVANCED_FACE('',(#1612),#1614,.T.);
#774=COLOUR_RGB('',0.564705882352941,0.564705882352941,0.564705882352941);
#775=FILL_AREA_STYLE_COLOUR('',#774);
#776=FILL_AREA_STYLE($,(#775));
#777=SURFACE_STYLE_FILL_AREA(#776);
#778=SURFACE_SIDE_STYLE('',(#777));
#779=SURFACE_STYLE_USAGE(.BOTH.,#778);
#780=PRESENTATION_STYLE_ASSIGNMENT((#779));
#781=STYLED_ITEM('',(#780),#773);
#782=ADVANCED_FACE('',(#1687,#1689),#1691,.T.);
#783=COLOUR_RGB('',0.564705882352941,0.564705882352941,0.564705882352941);
#784=FILL_AREA_STYLE_COLOUR('',#783);
#785=FILL_AREA_STYLE($,(#784));
#786=SURFACE_STYLE_FILL_AREA(#785);
#787=SURFACE_SIDE_STYLE('',(#786));
#788=SURFACE_STYLE_USAGE(.BOTH.,#787);
#789=PRESENTATION_STYLE_ASSIGNMENT((#788));
#790=STYLED_ITEM('',(#789),#782);
#791=ADVANCED_FACE('',(#1696),#1698,.T.);
#792=COLOUR_RGB('',0.564705882352941,0.564705882352941,0.564705882352941);
#793=FILL_AREA_STYLE_COLOUR('',#792);
#794=FILL_AREA_STYLE($,(#793));
#795=SURFACE_STYLE_FILL_AREA(#794);
#796=SURFACE_SIDE_STYLE('',(#795));
#797=SURFACE_STYLE_USAGE(.BOTH.,#796);
#798=PRESENTATION_STYLE_ASSIGNMENT((#797));
#799=STYLED_ITEM('',(#798),#791);
#800=ADVANCED_FACE('',(#1703),#1705,.T.);
#801=COLOUR_RGB('',0.564705882352941,0.564705882352941,0.564705882352941);
#802=FILL_AREA_STYLE_COLOUR('',#801);
#803=FILL_AREA_STYLE($,(#802));
#804=SURFACE_STYLE_FILL_AREA(#803);
#805=SURFACE_SIDE_STYLE('',(#804));
#806=SURFACE_STYLE_USAGE(.BOTH.,#805);
#807=PRESENTATION_STYLE_ASSIGNMENT((#806));
#808=STYLED_ITEM('',(#807),#800);
#809=ADVANCED_FACE('',(#1778),#1780,.T.);
#810=COLOUR_RGB('',0.564705882352941,0.564705882352941,0.564705882352941);
#811=FILL_AREA_STYLE_COLOUR('',#810);
#812=FILL_AREA_STYLE($,(#811));
#813=SURFACE_STYLE_FILL_AREA(#812);
#814=SURFACE_SIDE_STYLE('',(#813));
#815=SURFACE_STYLE_USAGE(.BOTH.,#814);
#816=PRESENTATION_STYLE_ASSIGNMENT((#815));
#817=STYLED_ITEM('',(#816),#809);
#818=ADVANCED_FACE('',(#1785),#1787,.T.);
#819=COLOUR_RGB('',0.564705882352941,0.564705882352941,0.564705882352941);
#820=FILL_AREA_STYLE_COLOUR('',#819);
#821=FILL_AREA_STYLE($,(#820));
#822=SURFACE_STYLE_FILL_AREA(#821);
#823=SURFACE_SIDE_STYLE('',(#822));
#824=SURFACE_STYLE_USAGE(.BOTH.,#823);
#825=PRESENTATION_STYLE_ASSIGNMENT((#824));
#826=STYLED_ITEM('',(#825),#818);
#827=ADVANCED_FACE('',(#1860),#1862,.T.);
#828=COLOUR_RGB('',0.564705882352941,0.564705882352941,0.564705882352941);
#829=FILL_AREA_STYLE_COLOUR('',#828);
#830=FILL_AREA_STYLE($,(#829));
#831=SURFACE_STYLE_FILL_AREA(#830);
#832=SURFACE_SIDE_STYLE('',(#831));
#833=SURFACE_STYLE_USAGE(.BOTH.,#832);
#834=PRESENTATION_STYLE_ASSIGNMENT((#833));
#835=STYLED_ITEM('',(#834),#827);
#836=ADVANCED_FACE('',(#1867),#1869,.T.);
#837=COLOUR_RGB('',0.564705882352941,0.564705882352941,0.564705882352941);
#838=FILL_AREA_STYLE_COLOUR('',#837);
#839=FILL_AREA_STYLE($,(#838));
#840=SURFACE_STYLE_FILL_AREA(#839);
#841=SURFACE_SIDE_STYLE('',(#840));
#842=SURFACE_STYLE_USAGE(.BOTH.,#841);
#843=PRESENTATION_STYLE_ASSIGNMENT((#842));
#844=STYLED_ITEM('',(#843),#836);
#845=ADVANCED_FACE('',(#1942,#1944),#1946,.T.);
#846=COLOUR_RGB('',0.564705882352941,0.564705882352941,0.564705882352941);
#847=FILL_AREA_STYLE_COLOUR('',#846);
#848=FILL_AREA_STYLE($,(#847));
#849=SURFACE_STYLE_FILL_AREA(#848);
#850=SURFACE_SIDE_STYLE('',(#849));
#851=SURFACE_STYLE_USAGE(.BOTH.,#850);
#852=PRESENTATION_STYLE_ASSIGNMENT((#851));
#853=STYLED_ITEM('',(#852),#845);
#854=FACE_OUTER_BOUND('',#855,.T.);
#855=EDGE_LOOP('',(#1951));
#856=FACE_OUTER_BOUND('',#857,.T.);
#857=EDGE_LOOP('',(#1952));
#858=CYLINDRICAL_SURFACE('',#859,1.75);
#859=AXIS2_PLACEMENT_3D('',#860,#861,#862);
#860=CARTESIAN_POINT('',(-4.00000000000001,-111.,0.));
#861=DIRECTION('',(0.,0.,1.));
#862=DIRECTION('',(-1.,1.22464679914735E-16,0.));
#863=FACE_OUTER_BOUND('',#864,.T.);
#864=EDGE_LOOP('',(#1953));
#865=FACE_OUTER_BOUND('',#866,.T.);
#866=EDGE_LOOP('',(#1954));
#867=CYLINDRICAL_SURFACE('',#868,1.75);
#868=AXIS2_PLACEMENT_3D('',#869,#870,#871);
#869=CARTESIAN_POINT('',(-196.,-111.,0.));
#870=DIRECTION('',(0.,0.,1.));
#871=DIRECTION('',(-1.,1.22464679914735E-16,0.));
#872=FACE_OUTER_BOUND('',#873,.T.);
#873=EDGE_LOOP('',(#1955));
#874=FACE_OUTER_BOUND('',#875,.T.);
#875=EDGE_LOOP('',(#1956));
#876=CYLINDRICAL_SURFACE('',#877,1.75);
#877=AXIS2_PLACEMENT_3D('',#878,#879,#880);
#878=CARTESIAN_POINT('',(-4.,-4.,0.));
#879=DIRECTION('',(0.,0.,1.));
#880=DIRECTION('',(-1.,1.22464679914735E-16,0.));
#881=FACE_OUTER_BOUND('',#882,.T.);
#882=EDGE_LOOP('',(#1957));
#883=FACE_OUTER_BOUND('',#884,.T.);
#884=EDGE_LOOP('',(#1958));
#885=CYLINDRICAL_SURFACE('',#886,1.75);
#886=AXIS2_PLACEMENT_3D('',#887,#888,#889);
#887=CARTESIAN_POINT('',(-196.,-3.99999999999998,0.));
#888=DIRECTION('',(0.,0.,1.));
#889=DIRECTION('',(-1.,1.22464679914735E-16,0.));
#890=FACE_OUTER_BOUND('',#891,.T.);
#891=EDGE_LOOP('',(#1959));
#892=FACE_OUTER_BOUND('',#893,.T.);
#893=EDGE_LOOP('',(#1960));
#894=CYLINDRICAL_SURFACE('',#895,1.75);
#895=AXIS2_PLACEMENT_3D('',#896,#897,#898);
#896=CARTESIAN_POINT('',(-100.,-111.,0.));
#897=DIRECTION('',(0.,0.,1.));
#898=DIRECTION('',(-1.,1.22464679914735E-16,0.));
#899=FACE_OUTER_BOUND('',#900,.T.);
#900=EDGE_LOOP('',(#1961));
#901=FACE_OUTER_BOUND('',#902,.T.);
#902=EDGE_LOOP('',(#1962));
#903=CYLINDRICAL_SURFACE('',#904,1.75);
#904=AXIS2_PLACEMENT_3D('',#905,#906,#907);
#905=CARTESIAN_POINT('',(-100.,-3.99999999999999,0.));
#906=DIRECTION('',(0.,0.,1.));
#907=DIRECTION('',(-1.,1.22464679914735E-16,0.));
#908=FACE_BOUND('',#909,.T.);
#909=EDGE_LOOP('',(#1963,#1964,#1965,#1966,#1967,#1968,#1969,#1970,#1971,#1972,#1973,
#1974));
#910=FACE_BOUND('',#911,.T.);
#911=EDGE_LOOP('',(#1975,#1976,#1977,#1978));
#912=FACE_BOUND('',#913,.T.);
#913=EDGE_LOOP('',(#1979,#1980,#1981,#1982));
#914=FACE_BOUND('',#915,.T.);
#915=EDGE_LOOP('',(#1983));
#916=FACE_BOUND('',#917,.T.);
#917=EDGE_LOOP('',(#1984,#1985,#1986,#1987));
#918=FACE_BOUND('',#919,.T.);
#919=EDGE_LOOP('',(#1988,#1989,#1990,#1991));
#920=PLANE('',#921);
#921=AXIS2_PLACEMENT_3D('',#922,#923,#924);
#922=CARTESIAN_POINT('',(0.,0.,4.));
#923=DIRECTION('',(0.,0.,1.));
#924=DIRECTION('',(-1.,1.22464679914735E-16,0.));
#925=FACE_BOUND('',#926,.T.);
#926=EDGE_LOOP('',(#1992));
#927=FACE_BOUND('',#928,.T.);
#928=EDGE_LOOP('',(#1993));
#929=PLANE('',#930);
#930=AXIS2_PLACEMENT_3D('',#931,#932,#933);
#931=CARTESIAN_POINT('',(0.,0.,2.));
#932=DIRECTION('',(0.,0.,1.));
#933=DIRECTION('',(1.,0.,0.));
#934=FACE_OUTER_BOUND('',#935,.T.);
#935=EDGE_LOOP('',(#1994));
#936=FACE_OUTER_BOUND('',#937,.T.);
#937=EDGE_LOOP('',(#1995));
#938=CYLINDRICAL_SURFACE('',#939,2.5);
#939=AXIS2_PLACEMENT_3D('',#940,#941,#942);
#940=CARTESIAN_POINT('',(-4.,-111.,2.));
#941=DIRECTION('',(0.,0.,1.));
#942=DIRECTION('',(1.,0.,0.));
#943=FACE_BOUND('',#944,.T.);
#944=EDGE_LOOP('',(#1996));
#945=FACE_BOUND('',#946,.T.);
#946=EDGE_LOOP('',(#1997));
#947=PLANE('',#948);
#948=AXIS2_PLACEMENT_3D('',#949,#950,#951);
#949=CARTESIAN_POINT('',(0.,0.,2.));
#950=DIRECTION('',(0.,0.,1.));
#951=DIRECTION('',(1.,0.,0.));
#952=FACE_BOUND('',#953,.T.);
#953=EDGE_LOOP('',(#1998,#1999,#2000));
#954=FACE_OUTER_BOUND('',#955,.T.);
#955=EDGE_LOOP('',(#2001));
#956=CYLINDRICAL_SURFACE('',#957,2.5);
#957=AXIS2_PLACEMENT_3D('',#958,#959,#960);
#958=CARTESIAN_POINT('',(-100.,-111.,2.));
#959=DIRECTION('',(0.,0.,1.));
#960=DIRECTION('',(1.,0.,0.));
#961=FACE_BOUND('',#962,.T.);
#962=EDGE_LOOP('',(#2002));
#963=FACE_BOUND('',#964,.T.);
#964=EDGE_LOOP('',(#2003));
#965=PLANE('',#966);
#966=AXIS2_PLACEMENT_3D('',#967,#968,#969);
#967=CARTESIAN_POINT('',(0.,0.,2.));
#968=DIRECTION('',(0.,0.,1.));
#969=DIRECTION('',(1.,0.,0.));
#970=FACE_BOUND('',#971,.T.);
#971=EDGE_LOOP('',(#2004,#2005,#2006,#2007,#2008));
#972=FACE_OUTER_BOUND('',#973,.T.);
#973=EDGE_LOOP('',(#2009));
#974=CYLINDRICAL_SURFACE('',#975,2.5);
#975=AXIS2_PLACEMENT_3D('',#976,#977,#978);
#976=CARTESIAN_POINT('',(-196.,-111.,2.));
#977=DIRECTION('',(0.,0.,1.));
#978=DIRECTION('',(1.,0.,0.));
#979=FACE_BOUND('',#980,.T.);
#980=EDGE_LOOP('',(#2010));
#981=FACE_BOUND('',#982,.T.);
#982=EDGE_LOOP('',(#2011));
#983=PLANE('',#984);
#984=AXIS2_PLACEMENT_3D('',#985,#986,#987);
#985=CARTESIAN_POINT('',(0.,0.,2.));
#986=DIRECTION('',(0.,0.,1.));
#987=DIRECTION('',(1.,0.,0.));
#988=FACE_OUTER_BOUND('',#989,.T.);
#989=EDGE_LOOP('',(#2012));
#990=FACE_OUTER_BOUND('',#991,.T.);
#991=EDGE_LOOP('',(#2013));
#992=CYLINDRICAL_SURFACE('',#993,2.5);
#993=AXIS2_PLACEMENT_3D('',#994,#995,#996);
#994=CARTESIAN_POINT('',(-4.,-3.99999999999998,2.));
#995=DIRECTION('',(0.,0.,1.));
#996=DIRECTION('',(1.,0.,0.));
#997=FACE_BOUND('',#998,.T.);
#998=EDGE_LOOP('',(#2014));
#999=FACE_BOUND('',#1000,.T.);
#1000=EDGE_LOOP('',(#2015));
#1001=PLANE('',#1002);
#1002=AXIS2_PLACEMENT_3D('',#1003,#1004,#1005);
#1003=CARTESIAN_POINT('',(0.,0.,2.));
#1004=DIRECTION('',(0.,0.,1.));
#1005=DIRECTION('',(1.,0.,0.));
#1006=FACE_BOUND('',#1007,.T.);
#1007=EDGE_LOOP('',(#2016,#2017,#2018));
#1008=FACE_OUTER_BOUND('',#1009,.T.);
#1009=EDGE_LOOP('',(#2019));
#1010=CYLINDRICAL_SURFACE('',#1011,2.5);
#1011=AXIS2_PLACEMENT_3D('',#1012,#1013,#1014);
#1012=CARTESIAN_POINT('',(-100.,-3.99999999999999,2.));
#1013=DIRECTION('',(0.,0.,1.));
#1014=DIRECTION('',(1.,0.,0.));
#1015=FACE_BOUND('',#1016,.T.);
#1016=EDGE_LOOP('',(#2020));
#1017=FACE_BOUND('',#1018,.T.);
#1018=EDGE_LOOP('',(#2021));
#1019=PLANE('',#1020);
#1020=AXIS2_PLACEMENT_3D('',#1021,#1022,#1023);
#1021=CARTESIAN_POINT('',(0.,0.,2.));
#1022=DIRECTION('',(0.,0.,1.));
#1023=DIRECTION('',(1.,0.,0.));
#1024=FACE_BOUND('',#1025,.T.);
#1025=EDGE_LOOP('',(#2022,#2023,#2024,#2025,#2026));
#1026=FACE_OUTER_BOUND('',#1027,.T.);
#1027=EDGE_LOOP('',(#2027));
#1028=CYLINDRICAL_SURFACE('',#1029,2.5);
#1029=AXIS2_PLACEMENT_3D('',#1030,#1031,#1032);
#1030=CARTESIAN_POINT('',(-196.,-3.99999999999998,2.));
#1031=DIRECTION('',(0.,0.,1.));
#1032=DIRECTION('',(1.,0.,0.));
#1033=FACE_BOUND('',#1034,.T.);
#1034=EDGE_LOOP('',(#2028,#2029,#2030,#2031,#2032,#2033,#2034,#2035));
#1035=FACE_BOUND('',#1036,.T.);
#1036=EDGE_LOOP('',(#2036));
#1037=FACE_BOUND('',#1038,.T.);
#1038=EDGE_LOOP('',(#2037));
#1039=FACE_BOUND('',#1040,.T.);
#1040=EDGE_LOOP('',(#2038));
#1041=FACE_BOUND('',#1042,.T.);
#1042=EDGE_LOOP('',(#2039));
#1043=FACE_BOUND('',#1044,.T.);
#1044=EDGE_LOOP('',(#2040));
#1045=FACE_BOUND('',#1046,.T.);
#1046=EDGE_LOOP('',(#2041));
#1047=PLANE('',#1048);
#1048=AXIS2_PLACEMENT_3D('',#1049,#1050,#1051);
#1049=CARTESIAN_POINT('',(0.,0.,0.));
#1050=DIRECTION('',(0.,0.,1.));
#1051=DIRECTION('',(-1.,1.22464679914735E-16,0.));
#1052=FACE_BOUND('',#1053,.T.);
#1053=EDGE_LOOP('',(#2042,#2043,#2044,#2045));
#1054=CYLINDRICAL_SURFACE('',#1055,4.);
#1055=AXIS2_PLACEMENT_3D('',#1056,#1057,#1058);
#1056=CARTESIAN_POINT('',(-4.,-4.,-16.));
#1057=DIRECTION('',(0.,0.,-1.));
#1058=DIRECTION('',(2.22044604925031E-16,1.,0.));
#1059=FACE_BOUND('',#1060,.T.);
#1060=EDGE_LOOP('',(#2046,#2047,#2048,#2049));
#1061=PLANE('',#1062);
#1062=AXIS2_PLACEMENT_3D('',#1063,#1064,#1065);
#1063=CARTESIAN_POINT('',(0.,0.,0.));
#1064=DIRECTION('',(1.22464679914735E-16,1.,0.));
#1065=DIRECTION('',(-1.,1.22464679914735E-16,0.));
#1066=FACE_BOUND('',#1067,.T.);
#1067=EDGE_LOOP('',(#2050,#2051,#2052,#2053));
#1068=CYLINDRICAL_SURFACE('',#1069,4.);
#1069=AXIS2_PLACEMENT_3D('',#1070,#1071,#1072);
#1070=CARTESIAN_POINT('',(-196.,-3.99999999999998,-16.));
#1071=DIRECTION('',(0.,0.,-1.));
#1072=DIRECTION('',(-1.,1.11022302462516E-16,0.));
#1073=FACE_BOUND('',#1074,.T.);
#1074=EDGE_LOOP('',(#2054,#2055,#2056,#2057));
#1075=PLANE('',#1076);
#1076=AXIS2_PLACEMENT_3D('',#1077,#1078,#1079);
#1077=CARTESIAN_POINT('',(-200.,2.44929359829471E-14,0.));
#1078=DIRECTION('',(-1.,0.,0.));
#1079=DIRECTION('',(0.,-1.,0.));
#1080=FACE_BOUND('',#1081,.T.);
#1081=EDGE_LOOP('',(#2058,#2059,#2060,#2061));
#1082=CYLINDRICAL_SURFACE('',#1083,4.);
#1083=AXIS2_PLACEMENT_3D('',#1084,#1085,#1086);
#1084=CARTESIAN_POINT('',(-196.,-111.,-16.));
#1085=DIRECTION('',(0.,0.,-1.));
#1086=DIRECTION('',(0.,-1.,0.));
#1087=FACE_BOUND('',#1088,.T.);
#1088=EDGE_LOOP('',(#2062,#2063,#2064,#2065));
#1089=PLANE('',#1090);
#1090=AXIS2_PLACEMENT_3D('',#1091,#1092,#1093);
#1091=CARTESIAN_POINT('',(-200.,-115.,0.));
#1092=DIRECTION('',(-1.4210854715202E-16,-1.,0.));
#1093=DIRECTION('',(1.,-1.4210854715202E-16,0.));
#1094=FACE_BOUND('',#1095,.T.);
#1095=EDGE_LOOP('',(#2066,#2067,#2068,#2069));
#1096=CYLINDRICAL_SURFACE('',#1097,4.);
#1097=AXIS2_PLACEMENT_3D('',#1098,#1099,#1100);
#1098=CARTESIAN_POINT('',(-4.00000000000001,-111.,-16.));
#1099=DIRECTION('',(0.,0.,-1.));
#1100=DIRECTION('',(1.,0.,0.));
#1101=FACE_BOUND('',#1102,.T.);
#1102=EDGE_LOOP('',(#2070,#2071,#2072,#2073));
#1103=PLANE('',#1104);
#1104=AXIS2_PLACEMENT_3D('',#1105,#1106,#1107);
#1105=CARTESIAN_POINT('',(-1.40834381901946E-14,-115.,0.));
#1106=DIRECTION('',(1.,-1.22464679914735E-16,0.));
#1107=DIRECTION('',(1.22464679914735E-16,1.,0.));
#1108=FACE_OUTER_BOUND('',#1109,.T.);
#1109=EDGE_LOOP('',(#2074));
#1110=FACE_OUTER_BOUND('',#1111,.T.);
#1111=EDGE_LOOP('',(#2075));
#1112=CYLINDRICAL_SURFACE('',#1113,40.);
#1113=AXIS2_PLACEMENT_3D('',#1114,#1115,#1116);
#1114=CARTESIAN_POINT('',(-100.,-57.5,2.));
#1115=DIRECTION('',(0.,0.,1.));
#1116=DIRECTION('',(-1.,1.22464679914735E-16,0.));
#1117=FACE_BOUND('',#1118,.T.);
#1118=EDGE_LOOP('',(#2076,#2077,#2078,#2079));
#1119=CYLINDRICAL_SURFACE('',#1120,7.5);
#1120=AXIS2_PLACEMENT_3D('',#1121,#1122,#1123);
#1121=CARTESIAN_POINT('',(-152.5,-25.,-12.));
#1122=DIRECTION('',(0.,0.,-1.));
#1123=DIRECTION('',(-1.,0.,0.));
#1124=FACE_BOUND('',#1125,.T.);
#1125=EDGE_LOOP('',(#2080,#2081,#2082,#2083));
#1126=PLANE('',#1127);
#1127=AXIS2_PLACEMENT_3D('',#1128,#1129,#1130);
#1128=CARTESIAN_POINT('',(-145.,-97.5,2.));
#1129=DIRECTION('',(1.,0.,0.));
#1130=DIRECTION('',(0.,1.,0.));
#1131=FACE_BOUND('',#1132,.T.);
#1132=EDGE_LOOP('',(#2084,#2085,#2086,#2087));
#1133=CYLINDRICAL_SURFACE('',#1134,7.5);
#1134=AXIS2_PLACEMENT_3D('',#1135,#1136,#1137);
#1135=CARTESIAN_POINT('',(-152.5,-90.,-12.));
#1136=DIRECTION('',(0.,0.,-1.));
#1137=DIRECTION('',(1.,0.,0.));
#1138=FACE_BOUND('',#1139,.T.);
#1139=EDGE_LOOP('',(#2088,#2089,#2090,#2091));
#1140=PLANE('',#1141);
#1141=AXIS2_PLACEMENT_3D('',#1142,#1143,#1144);
#1142=CARTESIAN_POINT('',(-160.,-17.5,2.));
#1143=DIRECTION('',(-1.,0.,0.));
#1144=DIRECTION('',(0.,-1.,0.));
#1145=FACE_BOUND('',#1146,.T.);
#1146=EDGE_LOOP('',(#2092,#2093,#2094,#2095));
#1147=CYLINDRICAL_SURFACE('',#1148,7.5);
#1148=AXIS2_PLACEMENT_3D('',#1149,#1150,#1151);
#1149=CARTESIAN_POINT('',(-177.5,-25.,-12.));
#1150=DIRECTION('',(0.,0.,-1.));
#1151=DIRECTION('',(-1.,0.,0.));
#1152=FACE_BOUND('',#1153,.T.);
#1153=EDGE_LOOP('',(#2096,#2097,#2098,#2099));
#1154=PLANE('',#1155);
#1155=AXIS2_PLACEMENT_3D('',#1156,#1157,#1158);
#1156=CARTESIAN_POINT('',(-170.,-97.5,2.));
#1157=DIRECTION('',(1.,0.,0.));
#1158=DIRECTION('',(0.,1.,0.));
#1159=FACE_BOUND('',#1160,.T.);
#1160=EDGE_LOOP('',(#2100,#2101,#2102,#2103));
#1161=CYLINDRICAL_SURFACE('',#1162,7.5);
#1162=AXIS2_PLACEMENT_3D('',#1163,#1164,#1165);
#1163=CARTESIAN_POINT('',(-177.5,-90.,-12.));
#1164=DIRECTION('',(0.,0.,-1.));
#1165=DIRECTION('',(1.,0.,0.));
#1166=FACE_BOUND('',#1167,.T.);
#1167=EDGE_LOOP('',(#2104,#2105,#2106,#2107));
#1168=PLANE('',#1169);
#1169=AXIS2_PLACEMENT_3D('',#1170,#1171,#1172);
#1170=CARTESIAN_POINT('',(-185.,-17.5,2.));
#1171=DIRECTION('',(-1.,0.,0.));
#1172=DIRECTION('',(0.,-1.,0.));
#1173=FACE_BOUND('',#1174,.T.);
#1174=EDGE_LOOP('',(#2108,#2109,#2110,#2111));
#1175=PLANE('',#1176);
#1176=AXIS2_PLACEMENT_3D('',#1177,#1178,#1179);
#1177=CARTESIAN_POINT('',(-55.,-17.5,2.));
#1178=DIRECTION('',(-1.,1.77635683940025E-16,0.));
#1179=DIRECTION('',(-1.77635683940025E-16,-1.,0.));
#1180=FACE_BOUND('',#1181,.T.);
#1181=EDGE_LOOP('',(#2112,#2113,#2114,#2115));
#1182=CYLINDRICAL_SURFACE('',#1183,7.5);
#1183=AXIS2_PLACEMENT_3D('',#1184,#1185,#1186);
#1184=CARTESIAN_POINT('',(-47.5,-25.,-12.));
#1185=DIRECTION('',(0.,0.,-1.));
#1186=DIRECTION('',(-1.,0.,0.));
#1187=FACE_BOUND('',#1188,.T.);
#1188=EDGE_LOOP('',(#2116,#2117,#2118,#2119));
#1189=PLANE('',#1190);
#1190=AXIS2_PLACEMENT_3D('',#1191,#1192,#1193);
#1191=CARTESIAN_POINT('',(-40.,-97.5,2.));
#1192=DIRECTION('',(1.,-1.77635683940025E-16,0.));
#1193=DIRECTION('',(1.77635683940025E-16,1.,0.));
#1194=FACE_BOUND('',#1195,.T.);
#1195=EDGE_LOOP('',(#2120,#2121,#2122,#2123));
#1196=CYLINDRICAL_SURFACE('',#1197,7.5);
#1197=AXIS2_PLACEMENT_3D('',#1198,#1199,#1200);
#1198=CARTESIAN_POINT('',(-47.5,-90.,-12.));
#1199=DIRECTION('',(0.,0.,-1.));
#1200=DIRECTION('',(1.,0.,0.));
#1201=FACE_BOUND('',#1202,.T.);
#1202=EDGE_LOOP('',(#2124,#2125,#2126,#2127));
#1203=PLANE('',#1204);
#1204=AXIS2_PLACEMENT_3D('',#1205,#1206,#1207);
#1205=CARTESIAN_POINT('',(-30.,-17.5,2.));
#1206=DIRECTION('',(-1.,8.88178419700125E-17,0.));
#1207=DIRECTION('',(-8.88178419700125E-17,-1.,0.));
#1208=FACE_BOUND('',#1209,.T.);
#1209=EDGE_LOOP('',(#2128,#2129,#2130,#2131));
#1210=CYLINDRICAL_SURFACE('',#1211,7.5);
#1211=AXIS2_PLACEMENT_3D('',#1212,#1213,#1214);
#1212=CARTESIAN_POINT('',(-22.5,-25.,-12.));
#1213=DIRECTION('',(0.,0.,-1.));
#1214=DIRECTION('',(-1.,0.,0.));
#1215=FACE_BOUND('',#1216,.T.);
#1216=EDGE_LOOP('',(#2132,#2133,#2134,#2135));
#1217=PLANE('',#1218);
#1218=AXIS2_PLACEMENT_3D('',#1219,#1220,#1221);
#1219=CARTESIAN_POINT('',(-15.,-97.5,2.));
#1220=DIRECTION('',(1.,-1.33226762955019E-16,0.));
#1221=DIRECTION('',(1.33226762955019E-16,1.,0.));
#1222=FACE_BOUND('',#1223,.T.);
#1223=EDGE_LOOP('',(#2136,#2137,#2138,#2139));
#1224=CYLINDRICAL_SURFACE('',#1225,7.5);
#1225=AXIS2_PLACEMENT_3D('',#1226,#1227,#1228);
#1226=CARTESIAN_POINT('',(-22.5,-90.,-12.));
#1227=DIRECTION('',(0.,0.,-1.));
#1228=DIRECTION('',(1.,0.,0.));
#1229=FACE_BOUND('',#1230,.T.);
#1230=EDGE_LOOP('',(#2140));
#1231=PLANE('',#1232);
#1232=AXIS2_PLACEMENT_3D('',#1233,#1234,#1235);
#1233=CARTESIAN_POINT('',(0.,0.,2.));
#1234=DIRECTION('',(0.,0.,1.));
#1235=DIRECTION('',(-1.,1.22464679914735E-16,0.));
#1236=FACE_BOUND('',#1237,.T.);
#1237=EDGE_LOOP('',(#2141,#2142,#2143,#2144));
#1238=PLANE('',#1239);
#1239=AXIS2_PLACEMENT_3D('',#1240,#1241,#1242);
#1240=CARTESIAN_POINT('',(0.,0.,2.));
#1241=DIRECTION('',(0.,0.,1.));
#1242=DIRECTION('',(-1.,1.22464679914735E-16,0.));
#1243=FACE_BOUND('',#1244,.T.);
#1244=EDGE_LOOP('',(#2145,#2146,#2147,#2148));
#1245=PLANE('',#1246);
#1246=AXIS2_PLACEMENT_3D('',#1247,#1248,#1249);
#1247=CARTESIAN_POINT('',(0.,0.,2.));
#1248=DIRECTION('',(0.,0.,1.));
#1249=DIRECTION('',(-1.,1.22464679914735E-16,0.));
#1250=FACE_BOUND('',#1251,.T.);
#1251=EDGE_LOOP('',(#2149,#2150,#2151,#2152));
#1252=PLANE('',#1253);
#1253=AXIS2_PLACEMENT_3D('',#1254,#1255,#1256);
#1254=CARTESIAN_POINT('',(0.,0.,2.));
#1255=DIRECTION('',(0.,0.,1.));
#1256=DIRECTION('',(-1.,1.22464679914735E-16,0.));
#1257=FACE_BOUND('',#1258,.T.);
#1258=EDGE_LOOP('',(#2153,#2154,#2155,#2156));
#1259=PLANE('',#1260);
#1260=AXIS2_PLACEMENT_3D('',#1261,#1262,#1263);
#1261=CARTESIAN_POINT('',(0.,0.,2.));
#1262=DIRECTION('',(0.,0.,1.));
#1263=DIRECTION('',(-1.,1.22464679914735E-16,0.));
#1264=FACE_OUTER_BOUND('',#1265,.T.);
#1265=EDGE_LOOP('',(#2157));
#1266=FACE_OUTER_BOUND('',#1267,.T.);
#1267=EDGE_LOOP('',(#2158));
#1268=TOROIDAL_SURFACE('',#1269,41.,1.);
#1269=AXIS2_PLACEMENT_3D('',#1270,#1271,#1272);
#1270=CARTESIAN_POINT('',(-100.,-57.5,3.));
#1271=DIRECTION('',(0.,0.,1.));
#1272=DIRECTION('',(-1.,0.,0.));
#1273=FACE_BOUND('',#1274,.T.);
#1274=EDGE_LOOP('',(#2159,#2160,#2161,#2162,#2163,#2164));
#1275=CYLINDRICAL_SURFACE('',#1276,1.);
#1276=AXIS2_PLACEMENT_3D('',#1277,#1278,#1279);
#1277=CARTESIAN_POINT('',(-1.00000000000001,-115.,3.));
#1278=DIRECTION('',(1.21641827045887E-16,1.,0.));
#1279=DIRECTION('',(0.,0.,1.));
#1280=FACE_BOUND('',#1281,.T.);
#1281=EDGE_LOOP('',(#2165,#2166,#2167,#2168));
#1282=TOROIDAL_SURFACE('',#1283,3.,1.);
#1283=AXIS2_PLACEMENT_3D('',#1284,#1285,#1286);
#1284=CARTESIAN_POINT('',(-4.,-4.,3.));
#1285=DIRECTION('',(0.,0.,1.));
#1286=DIRECTION('',(3.33066907387547E-16,-1.,0.));
#1287=FACE_BOUND('',#1288,.T.);
#1288=EDGE_LOOP('',(#2169,#2170,#2171,#2172,#2173,#2174,#2175,#2176));
#1289=CYLINDRICAL_SURFACE('',#1290,1.);
#1290=AXIS2_PLACEMENT_3D('',#1291,#1292,#1293);
#1291=CARTESIAN_POINT('',(-1.22464679914735E-16,-1.,3.));
#1292=DIRECTION('',(-1.,1.2267964422108E-16,0.));
#1293=DIRECTION('',(1.36201765667065E-32,1.11022302462516E-16,1.));
#1294=FACE_BOUND('',#1295,.T.);
#1295=EDGE_LOOP('',(#2177,#2178,#2179,#2180));
#1296=TOROIDAL_SURFACE('',#1297,3.,1.);
#1297=AXIS2_PLACEMENT_3D('',#1298,#1299,#1300);
#1298=CARTESIAN_POINT('',(-196.,-3.99999999999998,3.));
#1299=DIRECTION('',(0.,0.,1.));
#1300=DIRECTION('',(1.,-5.55111512312578E-16,0.));
#1301=FACE_BOUND('',#1302,.T.);
#1302=EDGE_LOOP('',(#2181,#2182,#2183,#2184,#2185,#2186));
#1303=CYLINDRICAL_SURFACE('',#1304,1.);
#1304=AXIS2_PLACEMENT_3D('',#1305,#1306,#1307);
#1305=CARTESIAN_POINT('',(-199.,2.44317036429897E-14,3.));
#1306=DIRECTION('',(0.,-1.,0.));
#1307=DIRECTION('',(0.,0.,1.));
#1308=FACE_BOUND('',#1309,.T.);
#1309=EDGE_LOOP('',(#2187,#2188,#2189,#2190));
#1310=TOROIDAL_SURFACE('',#1311,3.,1.);
#1311=AXIS2_PLACEMENT_3D('',#1312,#1313,#1314);
#1312=CARTESIAN_POINT('',(-196.,-111.,3.));
#1313=DIRECTION('',(0.,0.,1.));
#1314=DIRECTION('',(0.,1.,0.));
#1315=FACE_BOUND('',#1316,.T.);
#1316=EDGE_LOOP('',(#2191,#2192,#2193,#2194,#2195,#2196,#2197,#2198));
#1317=CYLINDRICAL_SURFACE('',#1318,1.);
#1318=AXIS2_PLACEMENT_3D('',#1319,#1320,#1321);
#1319=CARTESIAN_POINT('',(-200.,-114.,3.));
#1320=DIRECTION('',(1.,-1.4210854715202E-16,0.));
#1321=DIRECTION('',(3.15544362088405E-30,1.4210854715202E-14,1.));
#1322=FACE_BOUND('',#1323,.T.);
#1323=EDGE_LOOP('',(#2199,#2200,#2201,#2202));
#1324=TOROIDAL_SURFACE('',#1325,3.,1.);
#1325=AXIS2_PLACEMENT_3D('',#1326,#1327,#1328);
#1326=CARTESIAN_POINT('',(-4.00000000000001,-111.,3.));
#1327=DIRECTION('',(0.,0.,1.));
#1328=DIRECTION('',(-1.,0.,0.));
#1329=FACE_BOUND('',#1330,.T.);
#1330=EDGE_LOOP('',(#2203,#2204,#2205,#2206));
#1331=CYLINDRICAL_SURFACE('',#1332,1.);
#1332=AXIS2_PLACEMENT_3D('',#1333,#1334,#1335);
#1333=CARTESIAN_POINT('',(-161.,-21.,3.));
#1334=DIRECTION('',(0.,-1.,0.));
#1335=DIRECTION('',(1.,0.,0.));
#1336=FACE_BOUND('',#1337,.T.);
#1337=EDGE_LOOP('',(#2207,#2208,#2209,#2210));
#1338=TOROIDAL_SURFACE('',#1339,8.5,1.);
#1339=AXIS2_PLACEMENT_3D('',#1340,#1341,#1342);
#1340=CARTESIAN_POINT('',(-152.5,-25.,3.));
#1341=DIRECTION('',(0.,0.,-1.));
#1342=DIRECTION('',(-0.972445816038828,-0.233129009067033,0.));
#1343=FACE_BOUND('',#1344,.T.);
#1344=EDGE_LOOP('',(#2211,#2212,#2213,#2214));
#1345=CYLINDRICAL_SURFACE('',#1346,1.);
#1346=AXIS2_PLACEMENT_3D('',#1347,#1348,#1349);
#1347=CARTESIAN_POINT('',(-144.,-94.,3.));
#1348=DIRECTION('',(0.,1.,0.));
#1349=DIRECTION('',(-1.,0.,0.));
#1350=FACE_BOUND('',#1351,.T.);
#1351=EDGE_LOOP('',(#2215,#2216,#2217,#2218));
#1352=TOROIDAL_SURFACE('',#1353,8.5,1.);
#1353=AXIS2_PLACEMENT_3D('',#1354,#1355,#1356);
#1354=CARTESIAN_POINT('',(-152.5,-90.,3.));
#1355=DIRECTION('',(0.,0.,-1.));
#1356=DIRECTION('',(0.972445816038828,0.233129009067034,0.));
#1357=FACE_BOUND('',#1358,.T.);
#1358=EDGE_LOOP('',(#2219,#2220,#2221,#2222));
#1359=CYLINDRICAL_SURFACE('',#1360,1.);
#1360=AXIS2_PLACEMENT_3D('',#1361,#1362,#1363);
#1361=CARTESIAN_POINT('',(-186.,-21.,3.));
#1362=DIRECTION('',(0.,-1.,0.));
#1363=DIRECTION('',(1.,0.,0.));
#1364=FACE_BOUND('',#1365,.T.);
#1365=EDGE_LOOP('',(#2223,#2224,#2225,#2226));
#1366=TOROIDAL_SURFACE('',#1367,8.5,1.);
#1367=AXIS2_PLACEMENT_3D('',#1368,#1369,#1370);
#1368=CARTESIAN_POINT('',(-177.5,-25.,3.));
#1369=DIRECTION('',(0.,0.,-1.));
#1370=DIRECTION('',(-0.972445816038828,-0.233129009067033,0.));
#1371=FACE_BOUND('',#1372,.T.);
#1372=EDGE_LOOP('',(#2227,#2228,#2229,#2230));
#1373=CYLINDRICAL_SURFACE('',#1374,1.);
#1374=AXIS2_PLACEMENT_3D('',#1375,#1376,#1377);
#1375=CARTESIAN_POINT('',(-169.,-94.,3.));
#1376=DIRECTION('',(0.,1.,0.));
#1377=DIRECTION('',(-1.,0.,0.));
#1378=FACE_BOUND('',#1379,.T.);
#1379=EDGE_LOOP('',(#2231,#2232,#2233,#2234));
#1380=TOROIDAL_SURFACE('',#1381,8.5,1.);
#1381=AXIS2_PLACEMENT_3D('',#1382,#1383,#1384);
#1382=CARTESIAN_POINT('',(-177.5,-90.,3.));
#1383=DIRECTION('',(0.,0.,-1.));
#1384=DIRECTION('',(0.972445816038828,0.233129009067034,0.));
#1385=FACE_BOUND('',#1386,.T.);
#1386=EDGE_LOOP('',(#2235,#2236,#2237,#2238));
#1387=CYLINDRICAL_SURFACE('',#1388,1.);
#1388=AXIS2_PLACEMENT_3D('',#1389,#1390,#1391);
#1389=CARTESIAN_POINT('',(-56.,-21.,3.));
#1390=DIRECTION('',(-1.94669242674E-16,-1.,0.));
#1391=DIRECTION('',(1.,-1.94669242674E-16,0.));
#1392=FACE_BOUND('',#1393,.T.);
#1393=EDGE_LOOP('',(#2239,#2240,#2241,#2242));
#1394=TOROIDAL_SURFACE('',#1395,8.5,1.);
#1395=AXIS2_PLACEMENT_3D('',#1396,#1397,#1398);
#1396=CARTESIAN_POINT('',(-47.5,-25.,3.));
#1397=DIRECTION('',(0.,0.,-1.));
#1398=DIRECTION('',(-0.972445816038828,-0.233129009067033,0.));
#1399=FACE_BOUND('',#1400,.T.);
#1400=EDGE_LOOP('',(#2243,#2244,#2245,#2246));
#1401=CYLINDRICAL_SURFACE('',#1402,1.);
#1402=AXIS2_PLACEMENT_3D('',#1403,#1404,#1405);
#1403=CARTESIAN_POINT('',(-39.,-94.,3.));
#1404=DIRECTION('',(1.94669242674E-16,1.,0.));
#1405=DIRECTION('',(-1.,1.94669242674E-16,0.));
#1406=FACE_BOUND('',#1407,.T.);
#1407=EDGE_LOOP('',(#2247,#2248,#2249,#2250));
#1408=TOROIDAL_SURFACE('',#1409,8.5,1.);
#1409=AXIS2_PLACEMENT_3D('',#1410,#1411,#1412);
#1410=CARTESIAN_POINT('',(-47.5,-90.,3.));
#1411=DIRECTION('',(0.,0.,-1.));
#1412=DIRECTION('',(0.972445816038828,0.233129009067034,0.));
#1413=FACE_BOUND('',#1414,.T.);
#1414=EDGE_LOOP('',(#2251,#2252,#2253,#2254));
#1415=CYLINDRICAL_SURFACE('',#1416,1.);
#1416=AXIS2_PLACEMENT_3D('',#1417,#1418,#1419);
#1417=CARTESIAN_POINT('',(-31.,-21.,3.));
#1418=DIRECTION('',(-9.7334621337E-17,-1.,0.));
#1419=DIRECTION('',(1.,-9.7334621337E-17,0.));
#1420=FACE_BOUND('',#1421,.T.);
#1421=EDGE_LOOP('',(#2255,#2256,#2257,#2258));
#1422=TOROIDAL_SURFACE('',#1423,8.5,1.);
#1423=AXIS2_PLACEMENT_3D('',#1424,#1425,#1426);
#1424=CARTESIAN_POINT('',(-22.5,-25.,3.));
#1425=DIRECTION('',(0.,0.,-1.));
#1426=DIRECTION('',(-0.972445816038828,-0.233129009067034,0.));
#1427=FACE_BOUND('',#1428,.T.);
#1428=EDGE_LOOP('',(#2259,#2260,#2261,#2262));
#1429=CYLINDRICAL_SURFACE('',#1430,1.);
#1430=AXIS2_PLACEMENT_3D('',#1431,#1432,#1433);
#1431=CARTESIAN_POINT('',(-14.,-94.,3.));
#1432=DIRECTION('',(1.2166827667125E-16,1.,0.));
#1433=DIRECTION('',(-1.,1.2166827667125E-16,0.));
#1434=FACE_BOUND('',#1435,.T.);
#1435=EDGE_LOOP('',(#2263,#2264,#2265,#2266));
#1436=TOROIDAL_SURFACE('',#1437,8.5,1.);
#1437=AXIS2_PLACEMENT_3D('',#1438,#1439,#1440);
#1438=CARTESIAN_POINT('',(-22.5,-90.,3.));
#1439=DIRECTION('',(0.,0.,-1.));
#1440=DIRECTION('',(0.972445816038828,0.233129009067034,0.));
#1441=FACE_BOUND('',#1442,.T.);
#1442=EDGE_LOOP('',(#2267,#2268,#2269,#2270,#2271));
#1443=TOROIDAL_SURFACE('',#1444,3.5,1.);
#1444=AXIS2_PLACEMENT_3D('',#1445,#1446,#1447);
#1445=CARTESIAN_POINT('',(-196.,-3.99999999999998,3.));
#1446=DIRECTION('',(0.,0.,1.));
#1447=DIRECTION('',(1.,0.,0.));
#1448=FACE_BOUND('',#1449,.T.);
#1449=EDGE_LOOP('',(#2272,#2273,#2274,#2275));
#1450=B_SPLINE_SURFACE_WITH_KNOTS('',3,3,(
(#1451,#1452,#1453,#1454,#1455,#1456,#1457,#1458,#1459,#1460,#1461,#1462),
(#1463,#1464,#1465,#1466,#1467,#1468,#1469,#1470,#1471,#1472,#1473,#1474),
(#1475,#1476,#1477,#1478,#1479,#1480,#1481,#1482,#1483,#1484,#1485,#1486),
(#1487,#1488,#1489,#1490,#1491,#1492,#1493,#1494,#1495,#1496,#1497,#1498),
(#1499,#1500,#1501,#1502,#1503,#1504,#1505,#1506,#1507,#1508,#1509,#1510),
(#1511,#1512,#1513,#1514,#1515,#1516,#1517,#1518,#1519,#1520,#1521,#1522)),
.UNSPECIFIED.,.F.,.F.,.F.,
(4,1,1,4),
(4,1,1,1,1,1,1,1,1,4),
(-6.3163209425098E-6,0.312620864365672,0.70933684823161,1.00000759328484),
(0.,0.0891424573028423,0.207999067039965,0.326855676777088,0.445712286514211,0.564568896251335,
0.683425505988458,0.802282115725581,0.921138725462704,1.),
.UNSPECIFIED.);
#1451=CARTESIAN_POINT('',(-199.,-3.99998861309046,4.));
#1452=CARTESIAN_POINT('',(-198.974266969459,-3.99998871072001,3.98514207424314));
#1453=CARTESIAN_POINT('',(-198.915049079863,-3.99998893535497,3.94738310403703));
#1454=CARTESIAN_POINT('',(-198.826680397025,-3.9999892704336,3.87682193615829));
#1455=CARTESIAN_POINT('',(-198.738890529356,-3.99998960312613,3.78670720711301));
#1456=CARTESIAN_POINT('',(-198.662285213857,-3.99998989321293,3.68503341982165));
#1457=CARTESIAN_POINT('',(-198.599008122223,-3.99999013257045,3.57402193598296));
#1458=CARTESIAN_POINT('',(-198.550585696971,-3.99999031542495,3.45638540307246));
#1459=CARTESIAN_POINT('',(-198.517803397319,-3.99999043882062,3.33510479368598));
#1460=CARTESIAN_POINT('',(-198.502598510449,-3.99999049555629,3.22686509556624));
#1461=CARTESIAN_POINT('',(-198.500000807533,-3.9999905047895,3.16026227430421));
#1462=CARTESIAN_POINT('',(-198.499999999982,-3.99999050454129,3.13397477780125));
#1463=CARTESIAN_POINT('',(-198.999999999999,-4.18785416810201,3.99999999999999));
#1464=CARTESIAN_POINT('',(-198.974269870492,-4.18622974494779,3.98514620118932));
#1465=CARTESIAN_POINT('',(-198.915055506893,-4.1824930309577,3.94739005683069));
#1466=CARTESIAN_POINT('',(-198.826686140283,-4.17692525725867,3.87680902245462));
#1467=CARTESIAN_POINT('',(-198.738895698438,-4.17140610703897,3.78664841251349));
#1468=CARTESIAN_POINT('',(-198.662294664366,-4.16660083513361,3.68491301046392));
#1469=CARTESIAN_POINT('',(-198.599028117504,-4.16263918017797,3.57383164331726));
#1470=CARTESIAN_POINT('',(-198.550622170974,-4.15961222688076,3.45612197428378));
#1471=CARTESIAN_POINT('',(-198.517861708619,-4.15756664120773,3.33476814741742));
#1472=CARTESIAN_POINT('',(-198.502680602155,-4.1566226849357,3.22646606848829));
#1473=CARTESIAN_POINT('',(-198.500099569688,-4.15646670713674,3.15982747715511));
#1474=CARTESIAN_POINT('',(-198.500105585926,-4.15646965148922,3.13352644776711));
#1475=CARTESIAN_POINT('',(-199.000000000001,-4.61411636005104,4.00000000000002));
#1476=CARTESIAN_POINT('',(-198.972820669299,-4.6088650697606,3.98565768431495));
#1477=CARTESIAN_POINT('',(-198.910125421292,-4.59678040675591,3.94880431580246));
#1478=CARTESIAN_POINT('',(-198.816103767345,-4.57873814662668,3.87848811431713));
#1479=CARTESIAN_POINT('',(-198.722270623584,-4.56079672596937,3.78713100365105));
#1480=CARTESIAN_POINT('',(-198.640116770515,-4.54512469660678,3.68279491993386));
#1481=CARTESIAN_POINT('',(-198.572118345482,-4.53216865898075,3.5679235681118));
#1482=CARTESIAN_POINT('',(-198.52004811991,-4.52224940783803,3.44556132825735));
#1483=CARTESIAN_POINT('',(-198.48481861288,-4.51553220631297,3.31908265251048));
#1484=CARTESIAN_POINT('',(-198.46850685689,-4.51241387235712,3.2061628428028));
#1485=CARTESIAN_POINT('',(-198.465720133604,-4.51187700371264,3.13676531413463));
#1486=CARTESIAN_POINT('',(-198.465714531115,-4.51187443737852,3.10939692627087));
#1487=CARTESIAN_POINT('',(-198.999999999999,-5.21504993126117,3.99999999999999));
#1488=CARTESIAN_POINT('',(-198.967571451647,-5.20230813973132,3.98945358138374));
#1489=CARTESIAN_POINT('',(-198.891848875548,-5.17265753073858,3.960088820175));
#1490=CARTESIAN_POINT('',(-198.77541435196,-5.12740031304649,3.89585233931972));
#1491=CARTESIAN_POINT('',(-198.656579984314,-5.0815290527251,3.8035584487337));
#1492=CARTESIAN_POINT('',(-198.550869515574,-5.04093123853007,3.69102353019301));
#1493=CARTESIAN_POINT('',(-198.462563702621,-5.00712066091814,3.56177212860899));
#1494=CARTESIAN_POINT('',(-198.39477526899,-4.98118889967652,3.42055162476862));
#1495=CARTESIAN_POINT('',(-198.34910626856,-4.96369758091456,3.27278664936343));
#1496=CARTESIAN_POINT('',(-198.328207858374,-4.95566779769939,3.14066158925258));
#1497=CARTESIAN_POINT('',(-198.324706540797,-4.95431821303996,3.0599456867072));
#1498=CARTESIAN_POINT('',(-198.324707504243,-4.95431962853672,3.02823712330291));
#1499=CARTESIAN_POINT('',(-199.,-5.62811794745977,4.00000000000001));
#1500=CARTESIAN_POINT('',(-198.964670868192,-5.60897957025634,3.99621668330778));
#1501=CARTESIAN_POINT('',(-198.880793916504,-5.56358661813411,3.98154295582781));
#1502=CARTESIAN_POINT('',(-198.74708451396,-5.49138340510514,3.93472287408492));
#1503=CARTESIAN_POINT('',(-198.605888969374,-5.41529882430947,3.85226974190508));
#1504=CARTESIAN_POINT('',(-198.477100142113,-5.34600880321479,3.73961727897914));
#1505=CARTESIAN_POINT('',(-198.367910736885,-5.28731767117444,3.60112471872138));
#1506=CARTESIAN_POINT('',(-198.283748850225,-5.24208928321266,3.44385638207747));
#1507=CARTESIAN_POINT('',(-198.22740897959,-5.2117981598914,3.2764205891729));
#1508=CARTESIAN_POINT('',(-198.2020480485,-5.1981467276871,3.12649000075777));
#1509=CARTESIAN_POINT('',(-198.197882660613,-5.19590001034364,3.03566536234919));
#1510=CARTESIAN_POINT('',(-198.19787951486,-5.19589745416111,3.00016394751027));
#1511=CARTESIAN_POINT('',(-199.,-5.80278932672089,4.));
#1512=CARTESIAN_POINT('',(-198.963978610976,-5.78114300021548,3.99999626542444));
#1513=CARTESIAN_POINT('',(-198.877728749868,-5.72931288812507,3.99381964694808));
#1514=CARTESIAN_POINT('',(-198.737586908471,-5.64509748165994,3.95809218770542));
#1515=CARTESIAN_POINT('',(-198.586823898544,-5.55449950258174,3.88329905431857));
#1516=CARTESIAN_POINT('',(-198.447382354926,-5.47070493392959,3.77291552654697));
#1517=CARTESIAN_POINT('',(-198.328182839716,-5.39907440691781,3.63144290558618));
#1518=CARTESIAN_POINT('',(-198.236106615015,-5.34374307619312,3.46718876070631));
#1519=CARTESIAN_POINT('',(-198.174695968088,-5.30683960664454,3.29067162901415));
#1520=CARTESIAN_POINT('',(-198.147303758268,-5.2903788281144,3.13253741695312));
#1521=CARTESIAN_POINT('',(-198.142855693414,-5.28770586356057,3.03717889650676));
#1522=CARTESIAN_POINT('',(-198.142852792147,-5.28770412408641,2.999999898763));
#1523=FACE_BOUND('',#1524,.T.);
#1524=EDGE_LOOP('',(#2276,#2277,#2278,#2279));
#1525=TOROIDAL_SURFACE('',#1526,3.49999999999999,1.);
#1526=AXIS2_PLACEMENT_3D('',#1527,#1528,#1529);
#1527=CARTESIAN_POINT('',(-196.,-3.99999999999998,3.13397459621553));
#1528=DIRECTION('',(0.,0.,1.));
#1529=DIRECTION('',(0.,1.,0.));
#1530=FACE_BOUND('',#1531,.T.);
#1531=EDGE_LOOP('',(#2280,#2281,#2282,#2283));
#1532=B_SPLINE_SURFACE_WITH_KNOTS('',3,3,(
(#1533,#1534,#1535,#1536,#1537,#1538,#1539,#1540,#1541,#1542,#1543,#1544),
(#1545,#1546,#1547,#1548,#1549,#1550,#1551,#1552,#1553,#1554,#1555,#1556),
(#1557,#1558,#1559,#1560,#1561,#1562,#1563,#1564,#1565,#1566,#1567,#1568),
(#1569,#1570,#1571,#1572,#1573,#1574,#1575,#1576,#1577,#1578,#1579,#1580),
(#1581,#1582,#1583,#1584,#1585,#1586,#1587,#1588,#1589,#1590,#1591,#1592),
(#1593,#1594,#1595,#1596,#1597,#1598,#1599,#1600,#1601,#1602,#1603,#1604)),
.UNSPECIFIED.,.F.,.F.,.F.,
(4,1,1,4),
(4,1,1,1,1,1,1,1,1,4),
(-7.59308314408038E-6,0.307521049792248,0.676555153251548,1.00000631759829),
(0.,0.0891424611230094,0.207999075953688,0.326855690784368,0.445712305615047,0.564568920445726,
0.683425535276405,0.802282150107084,0.921138764937763,1.),
.UNSPECIFIED.);
#1533=CARTESIAN_POINT('',(-194.197210673642,-0.999999999999976,4.));
#1534=CARTESIAN_POINT('',(-194.2188570019,-1.03602139178105,3.99999626510245));
#1535=CARTESIAN_POINT('',(-194.270687117843,-1.12227125908759,3.99381964526002));
#1536=CARTESIAN_POINT('',(-194.354902529102,-1.26241310881531,3.95809218147924));
#1537=CARTESIAN_POINT('',(-194.445500511242,-1.41317612520849,3.88329904028558));
#1538=CARTESIAN_POINT('',(-194.52929508041,-1.55261767207296,3.7729155023647));
#1539=CARTESIAN_POINT('',(-194.600925605348,-1.67181718715862,3.63144286971469));
#1540=CARTESIAN_POINT('',(-194.65625693173,-1.76389340869758,3.46718871249288));
#1541=CARTESIAN_POINT('',(-194.693160395245,-1.82530405011836,3.29067156858284));
#1542=CARTESIAN_POINT('',(-194.709621165295,-1.85269625001314,3.13253736765675));
#1543=CARTESIAN_POINT('',(-194.712294126831,-1.85714431242,3.03717886116977));
#1544=CARTESIAN_POINT('',(-194.712295865831,-1.8571472139121,2.99999988038021));
#1545=CARTESIAN_POINT('',(-194.382012388736,-0.999999999999978,4.00000000000001));
#1546=CARTESIAN_POINT('',(-194.401001100972,-1.03528921145378,3.99599504375387));
#1547=CARTESIAN_POINT('',(-194.446010832862,-1.11902860659654,3.98082360348529));
#1548=CARTESIAN_POINT('',(-194.517503879489,-1.2523649270535,3.93335514154838));
#1549=CARTESIAN_POINT('',(-194.592736999985,-1.39300760716105,3.85045261740227));
#1550=CARTESIAN_POINT('',(-194.661181026543,-1.52118298788985,3.73765967225366));
#1551=CARTESIAN_POINT('',(-194.719119560755,-1.62979678125864,3.59932489973835));
#1552=CARTESIAN_POINT('',(-194.763759725041,-1.71350281630611,3.44244141810264));
#1553=CARTESIAN_POINT('',(-194.79366362672,-1.76954879120522,3.27550994533596));
#1554=CARTESIAN_POINT('',(-194.807148012042,-1.79478980304293,3.12603616178009));
#1555=CARTESIAN_POINT('',(-194.809367637256,-1.79893676470262,3.03546371733359));
#1556=CARTESIAN_POINT('',(-194.809369376508,-1.79893903654388,3.00005548497614));
#1557=CARTESIAN_POINT('',(-194.788576000899,-0.999999999999976,4.));
#1558=CARTESIAN_POINT('',(-194.801267565971,-1.0323630015109,3.98947305353494));
#1559=CARTESIAN_POINT('',(-194.830811005445,-1.10793541763317,3.96016978679473));
#1560=CARTESIAN_POINT('',(-194.875941900391,-1.22415745591789,3.89607740345851));
#1561=CARTESIAN_POINT('',(-194.921726822508,-1.34280255788056,3.8039740945502));
#1562=CARTESIAN_POINT('',(-194.962278935722,-1.44836838547352,3.69163849732928));
#1563=CARTESIAN_POINT('',(-194.996068377266,-1.53656794025548,3.56258019248976));
#1564=CARTESIAN_POINT('',(-195.021989007638,-1.60428041478951,3.42154369587597));
#1565=CARTESIAN_POINT('',(-195.03947157798,-1.64989946428984,3.27395857010366));
#1566=CARTESIAN_POINT('',(-195.047496287987,-1.67077738750239,3.14199399311782));
#1567=CARTESIAN_POINT('',(-195.048846922961,-1.67427969032834,3.06137849901037));
#1568=CARTESIAN_POINT('',(-195.048846965224,-1.67428138105022,3.02970968166029));
#1569=CARTESIAN_POINT('',(-195.389509572756,-0.999999999999975,4.));
#1570=CARTESIAN_POINT('',(-195.39474722255,-1.02720609068118,3.98565366942948));
#1571=CARTESIAN_POINT('',(-195.406798365024,-1.08996462777457,3.94878156433479));
#1572=CARTESIAN_POINT('',(-195.424780340511,-1.18408171664572,3.87840452527191));
#1573=CARTESIAN_POINT('',(-195.442648160484,-1.27800483818986,3.78695159492992));
#1574=CARTESIAN_POINT('',(-195.458244508323,-1.36022982954524,3.68250157964488));
#1575=CARTESIAN_POINT('',(-195.471130704523,-1.42827986593571,3.56750725724218));
#1576=CARTESIAN_POINT('',(-195.480993029071,-1.48038329836272,3.44501823754425));
#1577=CARTESIAN_POINT('',(-195.48766999601,-1.51562845332817,3.3184115186413));
#1578=CARTESIAN_POINT('',(-195.490767308856,-1.53193854597641,3.20537911610779));
#1579=CARTESIAN_POINT('',(-195.491297398941,-1.53471630978763,3.13591373454194));
#1580=CARTESIAN_POINT('',(-195.491298093672,-1.53471716764788,3.1085189624389));
#1581=CARTESIAN_POINT('',(-195.805641429519,-0.999999999999977,4.));
#1582=CARTESIAN_POINT('',(-195.807315478901,-1.02572212898096,3.98515596969317));
#1583=CARTESIAN_POINT('',(-195.811167392043,-1.08491765652622,3.94742761461113));
#1584=CARTESIAN_POINT('',(-195.816911837567,-1.17325982537996,3.8769074060348));
#1585=CARTESIAN_POINT('',(-195.822613091898,-1.26102760338957,3.78683024506216));
#1586=CARTESIAN_POINT('',(-195.827583324767,-1.33761523508508,3.68518989046083));
#1587=CARTESIAN_POINT('',(-195.831686094553,-1.40087817160878,3.57421006761598));
#1588=CARTESIAN_POINT('',(-195.834824902258,-1.44928986892203,3.45660449591659));
#1589=CARTESIAN_POINT('',(-195.836950117329,-1.48206481649607,3.3353543128673));
#1590=CARTESIAN_POINT('',(-195.837935971015,-1.49726601020395,3.22714133989327));
#1591=CARTESIAN_POINT('',(-195.838104071708,-1.49986293095195,3.16055543636139));
#1592=CARTESIAN_POINT('',(-195.838103888638,-1.49986370837735,3.13427479653461));
#1593=CARTESIAN_POINT('',(-196.000011389212,-0.999999999999976,4.));
#1594=CARTESIAN_POINT('',(-196.000011291531,-1.02573303277128,3.98514207152796));
#1595=CARTESIAN_POINT('',(-196.000011066748,-1.08495092759788,3.94738309391026));
#1596=CARTESIAN_POINT('',(-196.000010731331,-1.17331961817112,3.87682191040038));
#1597=CARTESIAN_POINT('',(-196.000010398135,-1.26110949265817,3.78670715969633));
#1598=CARTESIAN_POINT('',(-196.000010107418,-1.33771481240403,3.68503334696232));
#1599=CARTESIAN_POINT('',(-196.000009867315,-1.40099190498218,3.57402183512012));
#1600=CARTESIAN_POINT('',(-196.000009683619,-1.44941432748638,3.45638527313815));
#1601=CARTESIAN_POINT('',(-196.000009559308,-1.48219662070062,3.33510463518897));
#1602=CARTESIAN_POINT('',(-196.000009501716,-1.49740149687111,3.22686492811645));
#1603=CARTESIAN_POINT('',(-196.000009491937,-1.49999919412003,3.16026210779259));
#1604=CARTESIAN_POINT('',(-196.000009491967,-1.500000000018,3.13397462024704));
#1605=FACE_BOUND('',#1606,.T.);
#1606=EDGE_LOOP('',(#2284,#2285,#2286,#2287,#2288));
#1607=TOROIDAL_SURFACE('',#1608,3.5,1.);
#1608=AXIS2_PLACEMENT_3D('',#1609,#1610,#1611);
#1609=CARTESIAN_POINT('',(-100.,-3.99999999999999,3.));
#1610=DIRECTION('',(0.,0.,1.));
#1611=DIRECTION('',(1.,0.,0.));
#1612=FACE_BOUND('',#1613,.T.);
#1613=EDGE_LOOP('',(#2289,#2290,#2291,#2292));
#1614=B_SPLINE_SURFACE_WITH_KNOTS('',3,3,(
(#1615,#1616,#1617,#1618,#1619,#1620,#1621,#1622,#1623,#1624,#1625,#1626),
(#1627,#1628,#1629,#1630,#1631,#1632,#1633,#1634,#1635,#1636,#1637,#1638),
(#1639,#1640,#1641,#1642,#1643,#1644,#1645,#1646,#1647,#1648,#1649,#1650),
(#1651,#1652,#1653,#1654,#1655,#1656,#1657,#1658,#1659,#1660,#1661,#1662),
(#1663,#1664,#1665,#1666,#1667,#1668,#1669,#1670,#1671,#1672,#1673,#1674),
(#1675,#1676,#1677,#1678,#1679,#1680,#1681,#1682,#1683,#1684,#1685,#1686)),
.UNSPECIFIED.,.F.,.F.,.F.,
(4,1,1,4),
(4,1,1,1,1,1,1,1,1,4),
(-3.79654157203273E-6,0.314466002925808,0.661640116721449,1.00000379607698),
(0.,0.0891424580226378,0.207999068719488,0.326855679416339,0.445712290113189,0.56456890081004,
0.68342551150689,0.802282122203741,0.921138732900591,1.),
.UNSPECIFIED.);
#1615=CARTESIAN_POINT('',(-98.1972106736421,-0.999999999999988,4.));
#1616=CARTESIAN_POINT('',(-98.218857001147,-1.03602139052799,3.99999626510314));
#1617=CARTESIAN_POINT('',(-98.270687115241,-1.12227125475728,3.99381964568977));
#1618=CARTESIAN_POINT('',(-98.3549025234817,-1.26241309946248,3.95809218450374));
#1619=CARTESIAN_POINT('',(-98.4455005027334,-1.41317611104856,3.88329904876052));
#1620=CARTESIAN_POINT('',(-98.529295070024,-1.55261765479,3.772915518568));
#1621=CARTESIAN_POINT('',(-98.6009255945807,-1.67181716924037,3.63144289497172));
#1622=CARTESIAN_POINT('',(-98.6562569222571,-1.76389339293383,3.4671887467926));
#1623=CARTESIAN_POINT('',(-98.6931603885645,-1.82530403900268,3.29067161058873));
#1624=CARTESIAN_POINT('',(-98.7096211638216,-1.85269624756053,3.13253739712701));
#1625=CARTESIAN_POINT('',(-98.7122941268307,-1.85714431242032,3.03717887626827));
#1626=CARTESIAN_POINT('',(-98.7122958658312,-1.85714721391212,2.99999988038021));
#1627=CARTESIAN_POINT('',(-98.5751563358301,-0.999999999999986,4.));
#1628=CARTESIAN_POINT('',(-98.5911863719936,-1.03475307838895,3.99150122755582));
#1629=CARTESIAN_POINT('',(-98.6286537818515,-1.11632407150258,3.96626771558523));
#1630=CARTESIAN_POINT('',(-98.6863131594518,-1.24306829921623,3.90575747581763));
#1631=CARTESIAN_POINT('',(-98.7451222362753,-1.37360766322029,3.81377172384139));
#1632=CARTESIAN_POINT('',(-98.7973655148449,-1.49046184266885,3.69791043945429));
#1633=CARTESIAN_POINT('',(-98.8409594327319,-1.58842801857122,3.56223269148531));
#1634=CARTESIAN_POINT('',(-98.8744170278833,-1.66371121250853,3.4123381548622));
#1635=CARTESIAN_POINT('',(-98.8969727799885,-1.71435777487151,3.25467788364048));
#1636=CARTESIAN_POINT('',(-98.9073064871476,-1.73744178210477,3.11361128934953));
#1637=CARTESIAN_POINT('',(-98.9090403888508,-1.74129147356752,3.02764866388322));
#1638=CARTESIAN_POINT('',(-98.9090410675737,-1.74129340768299,2.99393406700281));
#1639=CARTESIAN_POINT('',(-99.3703533542873,-0.999999999999989,4.));
#1640=CARTESIAN_POINT('',(-99.3744474433837,-1.02558823309523,3.98467313649841));
#1641=CARTESIAN_POINT('',(-99.3836802556115,-1.08437068694874,3.94589949940397));
#1642=CARTESIAN_POINT('',(-99.3969249489423,-1.1717523488566,3.87413745494502));
#1643=CARTESIAN_POINT('',(-99.40966589199,-1.25823675842763,3.78331178355606));
#1644=CARTESIAN_POINT('',(-99.4205604250134,-1.33349009346222,3.68154766661617));
#1645=CARTESIAN_POINT('',(-99.4294628222784,-1.39554467021209,3.57099621619838));
#1646=CARTESIAN_POINT('',(-99.4362527658951,-1.44300859861924,3.45422480969847));
#1647=CARTESIAN_POINT('',(-99.4408685454994,-1.47516574905705,3.3340269978061));
#1648=CARTESIAN_POINT('',(-99.44304012735,-1.49011001438854,3.22677211720172));
#1649=CARTESIAN_POINT('',(-99.4434199122029,-1.49266967565245,3.16072350832485));
#1650=CARTESIAN_POINT('',(-99.4434199788384,-1.49267038017632,3.13464223427114));
#1651=CARTESIAN_POINT('',(-100.572212904633,-0.999999999999986,4.));
#1652=CARTESIAN_POINT('',(-100.568655927789,-1.02485422168528,3.98450461769817));
#1653=CARTESIAN_POINT('',(-100.560653849565,-1.08188841530705,3.94550410288166));
#1654=CARTESIAN_POINT('',(-100.549221976571,-1.16651375915593,3.87398998523677));
#1655=CARTESIAN_POINT('',(-100.538252032984,-1.25016762982973,3.78410920282466));
#1656=CARTESIAN_POINT('',(-100.528879523317,-1.322915606502,3.68383733430843));
#1657=CARTESIAN_POINT('',(-100.521221714471,-1.38289015645615,3.57518663641073));
#1658=CARTESIAN_POINT('',(-100.515381681792,-1.42875931811013,3.46059454378961));
#1659=CARTESIAN_POINT('',(-100.511412255033,-1.45983784615335,3.34273395731832));
#1660=CARTESIAN_POINT('',(-100.509543920961,-1.4742867390717,3.23758533227617));
#1661=CARTESIAN_POINT('',(-100.509216719759,-1.47676388884579,3.17280920085878));
#1662=CARTESIAN_POINT('',(-100.509216769925,-1.47676459910652,3.14722249040401));
#1663=CARTESIAN_POINT('',(-101.396126792793,-0.999999999999989,4.));
#1664=CARTESIAN_POINT('',(-101.380632599293,-1.03460997036644,3.99088629139081));
#1665=CARTESIAN_POINT('',(-101.344495716988,-1.11572211029066,3.96428718231309));
#1666=CARTESIAN_POINT('',(-101.289153548629,-1.2413180600766,3.90204894929381));
#1667=CARTESIAN_POINT('',(-101.232980864133,-1.37022588980409,3.80892685459807));
#1668=CARTESIAN_POINT('',(-101.18326630485,-1.48530987200277,3.69279343456941));
#1669=CARTESIAN_POINT('',(-101.141877238723,-1.58163422689683,3.55766225761775));
#1670=CARTESIAN_POINT('',(-101.110131484457,-1.65562288277996,3.40893282572146));
#1671=CARTESIAN_POINT('',(-101.088707505996,-1.70543488366212,3.25276376976909));
#1672=CARTESIAN_POINT('',(-101.078866681013,-1.72817966184479,3.11304693152371));
#1673=CARTESIAN_POINT('',(-101.077209853131,-1.73198107533986,3.02783582169229));
#1674=CARTESIAN_POINT('',(-101.077209018034,-1.73198287342506,2.99440011944236));
#1675=CARTESIAN_POINT('',(-101.802789324683,-0.999999999999987,4.));
#1676=CARTESIAN_POINT('',(-101.781142998123,-1.03602138966204,3.99999626583023));
#1677=CARTESIAN_POINT('',(-101.729312885856,-1.12227125215475,3.99381964827978));
#1678=CARTESIAN_POINT('',(-101.645097478923,-1.26241309519788,3.95809219038161));
#1679=CARTESIAN_POINT('',(-101.554499499088,-1.41317610603337,3.88329905828179));
#1680=CARTESIAN_POINT('',(-101.470704929437,-1.55261764953184,3.77291553159281));
#1681=CARTESIAN_POINT('',(-101.399074401206,-1.67181716358676,3.63144291149735));
#1682=CARTESIAN_POINT('',(-101.343743069076,-1.76389338622455,3.46718876725414));
#1683=CARTESIAN_POINT('',(-101.306839597988,-1.8253040304141,3.29067163595708));
#1684=CARTESIAN_POINT('',(-101.290378818445,-1.85269623675028,3.13253742805273));
#1685=CARTESIAN_POINT('',(-101.287705852795,-1.85714430012965,3.03717891132172));
#1686=CARTESIAN_POINT('',(-101.287704112747,-1.85714720103906,2.99999991717313));
#1687=FACE_BOUND('',#1688,.T.);
#1688=EDGE_LOOP('',(#2293,#2294,#2295,#2296));
#1689=FACE_OUTER_BOUND('',#1690,.T.);
#1690=EDGE_LOOP('',(#2297));
#1691=TOROIDAL_SURFACE('',#1692,3.5,1.);
#1692=AXIS2_PLACEMENT_3D('',#1693,#1694,#1695);
#1693=CARTESIAN_POINT('',(-4.,-3.99999999999998,3.));
#1694=DIRECTION('',(0.,0.,1.));
#1695=DIRECTION('',(1.,-1.77635683940025E-16,0.));
#1696=FACE_BOUND('',#1697,.T.);
#1697=EDGE_LOOP('',(#2298,#2299,#2300,#2301,#2302));
#1698=TOROIDAL_SURFACE('',#1699,3.5,1.);
#1699=AXIS2_PLACEMENT_3D('',#1700,#1701,#1702);
#1700=CARTESIAN_POINT('',(-196.,-111.,3.));
#1701=DIRECTION('',(0.,0.,1.));
#1702=DIRECTION('',(1.,0.,0.));
#1703=FACE_BOUND('',#1704,.T.);
#1704=EDGE_LOOP('',(#2303,#2304,#2305,#2306));
#1705=B_SPLINE_SURFACE_WITH_KNOTS('',3,3,(
(#1706,#1707,#1708,#1709,#1710,#1711,#1712,#1713,#1714,#1715,#1716,#1717),
(#1718,#1719,#1720,#1721,#1722,#1723,#1724,#1725,#1726,#1727,#1728,#1729),
(#1730,#1731,#1732,#1733,#1734,#1735,#1736,#1737,#1738,#1739,#1740,#1741),
(#1742,#1743,#1744,#1745,#1746,#1747,#1748,#1749,#1750,#1751,#1752,#1753),
(#1754,#1755,#1756,#1757,#1758,#1759,#1760,#1761,#1762,#1763,#1764,#1765),
(#1766,#1767,#1768,#1769,#1770,#1771,#1772,#1773,#1774,#1775,#1776,#1777)),
.UNSPECIFIED.,.F.,.F.,.F.,
(4,1,1,4),
(4,1,1,1,1,1,1,1,1,4),
(-6.31632094251034E-6,0.312620864232443,0.709336848309154,1.00000759328484),
(0.,0.0891424573028439,0.207999067039969,0.326855676777094,0.44571228651422,0.564568896251345,
0.68342550598847,0.802282115725595,0.92113872546272,1.),
.UNSPECIFIED.);
#1706=CARTESIAN_POINT('',(-196.00001138691,-114.,4.));
#1707=CARTESIAN_POINT('',(-196.00001128928,-113.974266969459,3.98514207424314));
#1708=CARTESIAN_POINT('',(-196.000011064645,-113.915049079863,3.94738310403703));
#1709=CARTESIAN_POINT('',(-196.000010729566,-113.826680397026,3.87682193615828));
#1710=CARTESIAN_POINT('',(-196.000010396874,-113.738890529356,3.78670720711301));
#1711=CARTESIAN_POINT('',(-196.000010106787,-113.662285213857,3.68503341982164));
#1712=CARTESIAN_POINT('',(-196.00000986743,-113.599008122223,3.57402193598296));
#1713=CARTESIAN_POINT('',(-196.000009684575,-113.550585696971,3.45638540307245));
#1714=CARTESIAN_POINT('',(-196.000009561179,-113.517803397319,3.33510479368599));
#1715=CARTESIAN_POINT('',(-196.000009504444,-113.502598510449,3.22686509556624));
#1716=CARTESIAN_POINT('',(-196.00000949521,-113.500000807532,3.16026227430423));
#1717=CARTESIAN_POINT('',(-196.000009495459,-113.499999999982,3.13397477780127));
#1718=CARTESIAN_POINT('',(-195.812145831978,-114.,4.));
#1719=CARTESIAN_POINT('',(-195.81377025513,-113.974269870492,3.9851462011893));
#1720=CARTESIAN_POINT('',(-195.817506969113,-113.915055506891,3.94739005683057));
#1721=CARTESIAN_POINT('',(-195.8230747428,-113.82668614028,3.87680902245443));
#1722=CARTESIAN_POINT('',(-195.828593893,-113.73889569843,3.78664841251314));
#1723=CARTESIAN_POINT('',(-195.833399164884,-113.662294664356,3.68491301046349));
#1724=CARTESIAN_POINT('',(-195.837360819812,-113.599028117489,3.57383164331677));
#1725=CARTESIAN_POINT('',(-195.840387773082,-113.550622170953,3.45612197428326));
#1726=CARTESIAN_POINT('',(-195.842433358723,-113.517861708594,3.33476814741691));
#1727=CARTESIAN_POINT('',(-195.843377314967,-113.502680602125,3.2264660684878));
#1728=CARTESIAN_POINT('',(-195.843533292749,-113.500099569655,3.15982747715463));
#1729=CARTESIAN_POINT('',(-195.843530348389,-113.500105585892,3.13352644776664));
#1730=CARTESIAN_POINT('',(-195.385883639982,-114.,4.));
#1731=CARTESIAN_POINT('',(-195.39113493028,-113.972820669301,3.98565768431487));
#1732=CARTESIAN_POINT('',(-195.403219593302,-113.910125421299,3.94880431580225));
#1733=CARTESIAN_POINT('',(-195.421261853475,-113.816103767362,3.87848811431724));
#1734=CARTESIAN_POINT('',(-195.439203274196,-113.722270623615,3.78713100365192));
#1735=CARTESIAN_POINT('',(-195.45487530364,-113.640116770561,3.68279491993592));
#1736=CARTESIAN_POINT('',(-195.467831341362,-113.572118345546,3.56792356811529));
#1737=CARTESIAN_POINT('',(-195.477750592613,-113.520048119992,3.44556132826244));
#1738=CARTESIAN_POINT('',(-195.484467794255,-113.484818612982,3.31908265251727));
#1739=CARTESIAN_POINT('',(-195.487586128321,-113.468506857009,3.20616284281109));
#1740=CARTESIAN_POINT('',(-195.488122997034,-113.465720133736,3.13676531414385));
#1741=CARTESIAN_POINT('',(-195.488125563396,-113.465714531251,3.10939692628043));
#1742=CARTESIAN_POINT('',(-194.784950068772,-114.,4.));
#1743=CARTESIAN_POINT('',(-194.797691860298,-113.967571451646,3.98945358138282));
#1744=CARTESIAN_POINT('',(-194.827342469282,-113.891848875547,3.96008882017202));
#1745=CARTESIAN_POINT('',(-194.872599686959,-113.775414351961,3.89585233931405));
#1746=CARTESIAN_POINT('',(-194.918470947268,-113.656579984321,3.80355844872606));
#1747=CARTESIAN_POINT('',(-194.959068761453,-113.55086951559,3.69102353018468));
#1748=CARTESIAN_POINT('',(-194.992879339058,-113.462563702647,3.56177212860107));
#1749=CARTESIAN_POINT('',(-195.018811100295,-113.39477526903,3.42055162476208));
#1750=CARTESIAN_POINT('',(-195.036302419056,-113.349106268615,3.2727866493587));
#1751=CARTESIAN_POINT('',(-195.044332202269,-113.328207858442,3.14066158924955));
#1752=CARTESIAN_POINT('',(-195.04568178693,-113.324706540873,3.05994568670509));
#1753=CARTESIAN_POINT('',(-195.045680371432,-113.324707504322,3.02823712330116));
#1754=CARTESIAN_POINT('',(-194.371882052494,-114.,4.));
#1755=CARTESIAN_POINT('',(-194.391020429699,-113.964670868192,3.99621668330879));
#1756=CARTESIAN_POINT('',(-194.436413381825,-113.880793916502,3.98154295583108));
#1757=CARTESIAN_POINT('',(-194.508616594862,-113.747084513958,3.93472287409113));
#1758=CARTESIAN_POINT('',(-194.584701175664,-113.605888969366,3.85226974191327));
#1759=CARTESIAN_POINT('',(-194.653991196764,-113.477100142101,3.7396172789879));
#1760=CARTESIAN_POINT('',(-194.712682328808,-113.367910736866,3.60112471872932));
#1761=CARTESIAN_POINT('',(-194.757910716771,-113.283748850199,3.44385638208353));
#1762=CARTESIAN_POINT('',(-194.788201840093,-113.227408979557,3.27642058917656));
#1763=CARTESIAN_POINT('',(-194.801853272297,-113.202048048461,3.12649000075924));
#1764=CARTESIAN_POINT('',(-194.804099989639,-113.197882660571,3.03566536234947));
#1765=CARTESIAN_POINT('',(-194.804102545821,-113.197879514817,3.0001639475101));
#1766=CARTESIAN_POINT('',(-194.197210673279,-114.,4.));
#1767=CARTESIAN_POINT('',(-194.218856999785,-113.963978610976,3.99999626542445));
#1768=CARTESIAN_POINT('',(-194.270687111874,-113.877728749868,3.99381964694806));
#1769=CARTESIAN_POINT('',(-194.354902518341,-113.737586908471,3.95809218770543));
#1770=CARTESIAN_POINT('',(-194.445500497418,-113.586823898544,3.88329905431854));
#1771=CARTESIAN_POINT('',(-194.529295066071,-113.447382354926,3.77291552654696));
#1772=CARTESIAN_POINT('',(-194.600925593082,-113.328182839716,3.63144290558615));
#1773=CARTESIAN_POINT('',(-194.656256923807,-113.236106615015,3.46718876070629));
#1774=CARTESIAN_POINT('',(-194.693160393355,-113.174695968088,3.29067162901413));
#1775=CARTESIAN_POINT('',(-194.709621171886,-113.147303758268,3.1325374169531));
#1776=CARTESIAN_POINT('',(-194.712294136439,-113.142855693414,3.03717889650676));
#1777=CARTESIAN_POINT('',(-194.712295875914,-113.142852792147,2.999999898763));
#1778=FACE_BOUND('',#1779,.T.);
#1779=EDGE_LOOP('',(#2307,#2308,#2309,#2310));
#1780=TOROIDAL_SURFACE('',#1781,3.5,1.);
#1781=AXIS2_PLACEMENT_3D('',#1782,#1783,#1784);
#1782=CARTESIAN_POINT('',(-196.,-111.,3.13397459621553));
#1783=DIRECTION('',(0.,0.,1.));
#1784=DIRECTION('',(-1.,1.13686837721616E-14,0.));
#1785=FACE_BOUND('',#1786,.T.);
#1786=EDGE_LOOP('',(#2311,#2312,#2313,#2314));
#1787=B_SPLINE_SURFACE_WITH_KNOTS('',3,3,(
(#1788,#1789,#1790,#1791,#1792,#1793,#1794,#1795,#1796,#1797,#1798,#1799),
(#1800,#1801,#1802,#1803,#1804,#1805,#1806,#1807,#1808,#1809,#1810,#1811),
(#1812,#1813,#1814,#1815,#1816,#1817,#1818,#1819,#1820,#1821,#1822,#1823),
(#1824,#1825,#1826,#1827,#1828,#1829,#1830,#1831,#1832,#1833,#1834,#1835),
(#1836,#1837,#1838,#1839,#1840,#1841,#1842,#1843,#1844,#1845,#1846,#1847),
(#1848,#1849,#1850,#1851,#1852,#1853,#1854,#1855,#1856,#1857,#1858,#1859)),
.UNSPECIFIED.,.F.,.F.,.F.,
(4,1,1,4),
(4,1,1,1,1,1,1,1,1,4),
(-7.59308314610968E-6,0.307521049792337,0.676555153251747,1.0000063175983),
(0.,0.0891424611230233,0.207999075953721,0.326855690784419,0.445712305615117,0.564568920445815,
0.683425535276513,0.80228215010721,0.921138764937908,1.),
.UNSPECIFIED.);
#1788=CARTESIAN_POINT('',(-199.,-109.197210673643,4.));
#1789=CARTESIAN_POINT('',(-198.963978608219,-109.2188570019,3.99999626510244));
#1790=CARTESIAN_POINT('',(-198.877728740912,-109.270687117844,3.99381964525999));
#1791=CARTESIAN_POINT('',(-198.737586891185,-109.354902529103,3.95809218147916));
#1792=CARTESIAN_POINT('',(-198.586823874791,-109.445500511243,3.88329904028546));
#1793=CARTESIAN_POINT('',(-198.447382327927,-109.52929508041,3.77291550236454));
#1794=CARTESIAN_POINT('',(-198.328182812841,-109.600925605349,3.63144286971449));
#1795=CARTESIAN_POINT('',(-198.236106591302,-109.65625693173,3.46718871249266));
#1796=CARTESIAN_POINT('',(-198.174695949882,-109.693160395244,3.29067156858261));
#1797=CARTESIAN_POINT('',(-198.147303749987,-109.709621165295,3.1325373676566));
#1798=CARTESIAN_POINT('',(-198.14285568758,-109.712294126831,3.0371788611697));
#1799=CARTESIAN_POINT('',(-198.142852786088,-109.712295865831,2.99999988038021));
#1800=CARTESIAN_POINT('',(-199.,-109.382012388736,4.00000000000001));
#1801=CARTESIAN_POINT('',(-198.964710788546,-109.401001100974,3.99599504375387));
#1802=CARTESIAN_POINT('',(-198.880971393405,-109.446010832862,3.98082360348525));
#1803=CARTESIAN_POINT('',(-198.747635072946,-109.517503879485,3.93335514154833));
#1804=CARTESIAN_POINT('',(-198.606992392836,-109.592736999969,3.85045261740217));
#1805=CARTESIAN_POINT('',(-198.4788170121,-109.66118102651,3.73765967225355));
#1806=CARTESIAN_POINT('',(-198.370203218722,-109.719119560699,3.59932489973819));
#1807=CARTESIAN_POINT('',(-198.286497183664,-109.763759724957,3.44244141810247));
#1808=CARTESIAN_POINT('',(-198.230451208751,-109.793663626605,3.27550994533577));
#1809=CARTESIAN_POINT('',(-198.205210196902,-109.807148011897,3.12603616177998));
#1810=CARTESIAN_POINT('',(-198.201063235234,-109.809367637092,3.03546371733354));
#1811=CARTESIAN_POINT('',(-198.20106096339,-109.809369376337,3.00005548497617));
#1812=CARTESIAN_POINT('',(-198.999999999999,-109.788576000899,4.));
#1813=CARTESIAN_POINT('',(-198.967636998489,-109.801267565972,3.98947305353493));
#1814=CARTESIAN_POINT('',(-198.892064582367,-109.830811005451,3.9601697867947));
#1815=CARTESIAN_POINT('',(-198.775842544088,-109.875941900413,3.89607740345842));
#1816=CARTESIAN_POINT('',(-198.657197442134,-109.921726822564,3.8039740945501));
#1817=CARTESIAN_POINT('',(-198.551631614556,-109.962278935821,3.69163849732913));
#1818=CARTESIAN_POINT('',(-198.463432059793,-109.996068377423,3.5625801924896));
#1819=CARTESIAN_POINT('',(-198.39571958528,-110.021989007861,3.42154369587579));
#1820=CARTESIAN_POINT('',(-198.350100535805,-110.039471578276,3.27395857010349));
#1821=CARTESIAN_POINT('',(-198.329222612615,-110.047496288352,3.14199399311773));
#1822=CARTESIAN_POINT('',(-198.325720309804,-110.048846923371,3.06137849901035));
#1823=CARTESIAN_POINT('',(-198.325718619088,-110.04884696565,3.02970968166034));
#1824=CARTESIAN_POINT('',(-199.,-110.389509572756,4.));
#1825=CARTESIAN_POINT('',(-198.972793909318,-110.394747222547,3.98565366942948));
#1826=CARTESIAN_POINT('',(-198.910035372222,-110.406798365007,3.94878156433479));
#1827=CARTESIAN_POINT('',(-198.815918283339,-110.424780340455,3.87840452527194));
#1828=CARTESIAN_POINT('',(-198.721995161777,-110.442648160362,3.78695159492991));
#1829=CARTESIAN_POINT('',(-198.639770170397,-110.458244508112,3.68250157964491));
#1830=CARTESIAN_POINT('',(-198.571720133975,-110.471130704203,3.56750725724214));
#1831=CARTESIAN_POINT('',(-198.519616701513,-110.480993028625,3.44501823754423));
#1832=CARTESIAN_POINT('',(-198.484371546507,-110.487669995426,3.31841151864122));
#1833=CARTESIAN_POINT('',(-198.468061453822,-110.490767308143,3.20537911610777));
#1834=CARTESIAN_POINT('',(-198.465283689987,-110.491297398146,3.13591373454194));
#1835=CARTESIAN_POINT('',(-198.465282832117,-110.491298092844,3.10851896243895));
#1836=CARTESIAN_POINT('',(-199.,-110.805641429519,4.));
#1837=CARTESIAN_POINT('',(-198.974277871019,-110.8073154789,3.98515596969317));
#1838=CARTESIAN_POINT('',(-198.915082343474,-110.811167392041,3.94742761461113));
#1839=CARTESIAN_POINT('',(-198.826740174624,-110.816911837566,3.87690740603475));
#1840=CARTESIAN_POINT('',(-198.73897239662,-110.822613091901,3.78683024506213));
#1841=CARTESIAN_POINT('',(-198.662384764932,-110.827583324778,3.68518989046074));
#1842=CARTESIAN_POINT('',(-198.599121828419,-110.831686094577,3.57421006761589));
#1843=CARTESIAN_POINT('',(-198.550710131116,-110.834824902297,3.45660449591646));
#1844=CARTESIAN_POINT('',(-198.517935183556,-110.836950117386,3.33535431286717));
#1845=CARTESIAN_POINT('',(-198.50273398986,-110.837935971088,3.22714133989315));
#1846=CARTESIAN_POINT('',(-198.50013706912,-110.838104071791,3.16055543636134));
#1847=CARTESIAN_POINT('',(-198.500136291698,-110.838103888725,3.1342747965346));
#1848=CARTESIAN_POINT('',(-199.,-111.000011389212,4.));
#1849=CARTESIAN_POINT('',(-198.974266967229,-111.000011291531,3.98514207152796));
#1850=CARTESIAN_POINT('',(-198.915049072402,-111.000011066748,3.94738309391026));
#1851=CARTESIAN_POINT('',(-198.826680381829,-111.00001073133,3.87682191040035));
#1852=CARTESIAN_POINT('',(-198.738890507342,-111.000010398135,3.7867071596963));
#1853=CARTESIAN_POINT('',(-198.662285187596,-111.000010107418,3.68503334696225));
#1854=CARTESIAN_POINT('',(-198.599008095018,-111.000009867315,3.57402183512004));
#1855=CARTESIAN_POINT('',(-198.550585672514,-111.000009683619,3.45638527313804));
#1856=CARTESIAN_POINT('',(-198.517803379299,-111.000009559308,3.33510463518883));
#1857=CARTESIAN_POINT('',(-198.502598503129,-111.000009501717,3.22686492811637));
#1858=CARTESIAN_POINT('',(-198.50000080588,-111.000009491937,3.16026210779254));
#1859=CARTESIAN_POINT('',(-198.499999999982,-111.000009491967,3.13397462024704));
#1860=FACE_BOUND('',#1861,.T.);
#1861=EDGE_LOOP('',(#2315,#2316,#2317,#2318,#2319));
#1862=TOROIDAL_SURFACE('',#1863,3.5,1.);
#1863=AXIS2_PLACEMENT_3D('',#1864,#1865,#1866);
#1864=CARTESIAN_POINT('',(-100.,-111.,3.));
#1865=DIRECTION('',(0.,0.,1.));
#1866=DIRECTION('',(1.,0.,0.));
#1867=FACE_BOUND('',#1868,.T.);
#1868=EDGE_LOOP('',(#2320,#2321,#2322,#2323));
#1869=B_SPLINE_SURFACE_WITH_KNOTS('',3,3,(
(#1870,#1871,#1872,#1873,#1874,#1875,#1876,#1877,#1878,#1879,#1880,#1881),
(#1882,#1883,#1884,#1885,#1886,#1887,#1888,#1889,#1890,#1891,#1892,#1893),
(#1894,#1895,#1896,#1897,#1898,#1899,#1900,#1901,#1902,#1903,#1904,#1905),
(#1906,#1907,#1908,#1909,#1910,#1911,#1912,#1913,#1914,#1915,#1916,#1917),
(#1918,#1919,#1920,#1921,#1922,#1923,#1924,#1925,#1926,#1927,#1928,#1929),
(#1930,#1931,#1932,#1933,#1934,#1935,#1936,#1937,#1938,#1939,#1940,#1941)),
.UNSPECIFIED.,.F.,.F.,.F.,
(4,1,1,4),
(4,1,1,1,1,1,1,1,1,4),
(-3.79654157203077E-6,0.314466002925872,0.661640116721646,1.00000379607698),
(0.,0.0891424580226551,0.207999068719529,0.326855679416402,0.445712290113276,0.564568900810149,
0.683425511507023,0.802282122203896,0.92113873290077,1.),
.UNSPECIFIED.);
#1870=CARTESIAN_POINT('',(-101.802789326357,-114.,4.));
#1871=CARTESIAN_POINT('',(-101.781142998853,-113.963978609472,3.99999626510312));
#1872=CARTESIAN_POINT('',(-101.729312884758,-113.877728745242,3.99381964568974));
#1873=CARTESIAN_POINT('',(-101.645097476518,-113.737586900538,3.95809218450364));
#1874=CARTESIAN_POINT('',(-101.554499497266,-113.586823888951,3.88329904876037));
#1875=CARTESIAN_POINT('',(-101.470704929975,-113.44738234521,3.77291551856781));
#1876=CARTESIAN_POINT('',(-101.399074405419,-113.328182830759,3.63144289497148));
#1877=CARTESIAN_POINT('',(-101.343743077743,-113.236106607066,3.46718874679234));
#1878=CARTESIAN_POINT('',(-101.306839611435,-113.174695960997,3.29067161058845));
#1879=CARTESIAN_POINT('',(-101.290378836179,-113.147303752439,3.13253739712682));
#1880=CARTESIAN_POINT('',(-101.287705873169,-113.14285568758,3.03717887626818));
#1881=CARTESIAN_POINT('',(-101.287704134169,-113.142852786088,2.99999988038021));
#1882=CARTESIAN_POINT('',(-101.424843664169,-114.,4.));
#1883=CARTESIAN_POINT('',(-101.408813628006,-113.965246921611,3.99150122755582));
#1884=CARTESIAN_POINT('',(-101.371346218147,-113.883675928497,3.96626771558521));
#1885=CARTESIAN_POINT('',(-101.313686840548,-113.756931700784,3.90575747581758));
#1886=CARTESIAN_POINT('',(-101.254877763724,-113.62639233678,3.8137717238413));
#1887=CARTESIAN_POINT('',(-101.202634485155,-113.509538157331,3.69791043945417));
#1888=CARTESIAN_POINT('',(-101.159040567268,-113.411571981429,3.56223269148517));
#1889=CARTESIAN_POINT('',(-101.125582972116,-113.336288787491,3.41233815486202));
#1890=CARTESIAN_POINT('',(-101.103027220011,-113.285642225129,3.2546778836403));
#1891=CARTESIAN_POINT('',(-101.092693512852,-113.262558217895,3.11361128934942));
#1892=CARTESIAN_POINT('',(-101.090959611149,-113.258708526433,3.02764866388319));
#1893=CARTESIAN_POINT('',(-101.090958932426,-113.258706592317,2.99393406700287));
#1894=CARTESIAN_POINT('',(-100.629646645712,-114.,4.));
#1895=CARTESIAN_POINT('',(-100.625552556616,-113.974411766904,3.9846731364984));
#1896=CARTESIAN_POINT('',(-100.616319744388,-113.915629313051,3.94589949940396));
#1897=CARTESIAN_POINT('',(-100.603075051058,-113.828247651143,3.87413745494498));
#1898=CARTESIAN_POINT('',(-100.590334108008,-113.741763241572,3.783311783556));
#1899=CARTESIAN_POINT('',(-100.579439574987,-113.666509906538,3.6815476666161));
#1900=CARTESIAN_POINT('',(-100.570537177721,-113.604455329788,3.57099621619831));
#1901=CARTESIAN_POINT('',(-100.563747234105,-113.556991401381,3.45422480969837));
#1902=CARTESIAN_POINT('',(-100.5591314545,-113.524834250943,3.33402699780599));
#1903=CARTESIAN_POINT('',(-100.55695987265,-113.509889985612,3.22677211720168));
#1904=CARTESIAN_POINT('',(-100.556580087797,-113.507330324347,3.16072350832487));
#1905=CARTESIAN_POINT('',(-100.556580021161,-113.507329619824,3.13464223427123));
#1906=CARTESIAN_POINT('',(-99.4277870953663,-114.,4.));
#1907=CARTESIAN_POINT('',(-99.4313440722107,-113.975145778315,3.98450461769816));
#1908=CARTESIAN_POINT('',(-99.439346150435,-113.918111584693,3.94550410288165));
#1909=CARTESIAN_POINT('',(-99.4507780234286,-113.833486240844,3.87398998523674));
#1910=CARTESIAN_POINT('',(-99.4617479670169,-113.74983237017,3.78410920282462));
#1911=CARTESIAN_POINT('',(-99.4711204766825,-113.677084393498,3.68383733430835));
#1912=CARTESIAN_POINT('',(-99.4787782855287,-113.617109843544,3.57518663641061));
#1913=CARTESIAN_POINT('',(-99.4846183182076,-113.571240681889,3.46059454378945));
#1914=CARTESIAN_POINT('',(-99.4885877449673,-113.540162153847,3.34273395731813));
#1915=CARTESIAN_POINT('',(-99.4904560790388,-113.525713260928,3.237585332276));
#1916=CARTESIAN_POINT('',(-99.4907832802404,-113.523236111154,3.17280920085867));
#1917=CARTESIAN_POINT('',(-99.490783230075,-113.523235400893,3.14722249040395));
#1918=CARTESIAN_POINT('',(-98.6038732072077,-114.,4.));
#1919=CARTESIAN_POINT('',(-98.6193674007074,-113.965390029633,3.99088629139081));
#1920=CARTESIAN_POINT('',(-98.6555042830122,-113.884277889709,3.96428718231308));
#1921=CARTESIAN_POINT('',(-98.7108464513714,-113.758681939923,3.90204894929378));
#1922=CARTESIAN_POINT('',(-98.7670191358674,-113.629774110196,3.80892685459801));
#1923=CARTESIAN_POINT('',(-98.8167336951503,-113.514690127997,3.69279343456933));
#1924=CARTESIAN_POINT('',(-98.8581227612773,-113.418365773103,3.55766225761763));
#1925=CARTESIAN_POINT('',(-98.8898685155438,-113.34437711722,3.40893282572133));
#1926=CARTESIAN_POINT('',(-98.9112924940039,-113.294565116338,3.25276376976892));
#1927=CARTESIAN_POINT('',(-98.9211333189869,-113.271820338155,3.11304693152363));
#1928=CARTESIAN_POINT('',(-98.922790146869,-113.26801892466,3.02783582169227));
#1929=CARTESIAN_POINT('',(-98.9227909819661,-113.268017126575,2.99440011944243));
#1930=CARTESIAN_POINT('',(-98.1972106753177,-114.,4.));
#1931=CARTESIAN_POINT('',(-98.218857001878,-113.963978610338,3.99999626583021));
#1932=CARTESIAN_POINT('',(-98.2706871141444,-113.877728747845,3.99381964827973));
#1933=CARTESIAN_POINT('',(-98.3549025210779,-113.737586904802,3.95809219038151));
#1934=CARTESIAN_POINT('',(-98.4455005009126,-113.586823893966,3.88329905828164));
#1935=CARTESIAN_POINT('',(-98.5292950705633,-113.447382350468,3.77291553159261));
#1936=CARTESIAN_POINT('',(-98.6009255987941,-113.328182836413,3.63144291149711));
#1937=CARTESIAN_POINT('',(-98.6562569309244,-113.236106613775,3.46718876725386));
#1938=CARTESIAN_POINT('',(-98.6931604020125,-113.174695969586,3.2906716359568));
#1939=CARTESIAN_POINT('',(-98.7096211815546,-113.14730376325,3.13253742805254));
#1940=CARTESIAN_POINT('',(-98.7122941472054,-113.14285569987,3.03717891132163));
#1941=CARTESIAN_POINT('',(-98.7122958872531,-113.142852798961,2.99999991717313));
#1942=FACE_BOUND('',#1943,.T.);
#1943=EDGE_LOOP('',(#2324,#2325,#2326,#2327));
#1944=FACE_OUTER_BOUND('',#1945,.T.);
#1945=EDGE_LOOP('',(#2328));
#1946=TOROIDAL_SURFACE('',#1947,3.5,1.);
#1947=AXIS2_PLACEMENT_3D('',#1948,#1949,#1950);
#1948=CARTESIAN_POINT('',(-4.,-111.,3.));
#1949=DIRECTION('',(0.,0.,1.));
#1950=DIRECTION('',(1.,0.,0.));
#1951=ORIENTED_EDGE('',*,*,#2329,.T.);
#1952=ORIENTED_EDGE('',*,*,#2330,.F.);
#1953=ORIENTED_EDGE('',*,*,#2331,.T.);
#1954=ORIENTED_EDGE('',*,*,#2332,.F.);
#1955=ORIENTED_EDGE('',*,*,#2333,.T.);
#1956=ORIENTED_EDGE('',*,*,#2334,.F.);
#1957=ORIENTED_EDGE('',*,*,#2335,.T.);
#1958=ORIENTED_EDGE('',*,*,#2336,.F.);
#1959=ORIENTED_EDGE('',*,*,#2337,.T.);
#1960=ORIENTED_EDGE('',*,*,#2338,.F.);
#1961=ORIENTED_EDGE('',*,*,#2339,.T.);
#1962=ORIENTED_EDGE('',*,*,#2340,.F.);
#1963=ORIENTED_EDGE('',*,*,#2341,.T.);
#1964=ORIENTED_EDGE('',*,*,#2342,.T.);
#1965=ORIENTED_EDGE('',*,*,#2343,.T.);
#1966=ORIENTED_EDGE('',*,*,#2344,.T.);
#1967=ORIENTED_EDGE('',*,*,#2345,.T.);
#1968=ORIENTED_EDGE('',*,*,#2346,.T.);
#1969=ORIENTED_EDGE('',*,*,#2347,.T.);
#1970=ORIENTED_EDGE('',*,*,#2348,.T.);
#1971=ORIENTED_EDGE('',*,*,#2349,.T.);
#1972=ORIENTED_EDGE('',*,*,#2350,.T.);
#1973=ORIENTED_EDGE('',*,*,#2351,.T.);
#1974=ORIENTED_EDGE('',*,*,#2352,.T.);
#1975=ORIENTED_EDGE('',*,*,#2353,.T.);
#1976=ORIENTED_EDGE('',*,*,#2354,.F.);
#1977=ORIENTED_EDGE('',*,*,#2355,.T.);
#1978=ORIENTED_EDGE('',*,*,#2356,.F.);
#1979=ORIENTED_EDGE('',*,*,#2357,.T.);
#1980=ORIENTED_EDGE('',*,*,#2358,.F.);
#1981=ORIENTED_EDGE('',*,*,#2359,.T.);
#1982=ORIENTED_EDGE('',*,*,#2360,.F.);
#1983=ORIENTED_EDGE('',*,*,#2361,.T.);
#1984=ORIENTED_EDGE('',*,*,#2362,.T.);
#1985=ORIENTED_EDGE('',*,*,#2363,.F.);
#1986=ORIENTED_EDGE('',*,*,#2364,.T.);
#1987=ORIENTED_EDGE('',*,*,#2365,.F.);
#1988=ORIENTED_EDGE('',*,*,#2366,.T.);
#1989=ORIENTED_EDGE('',*,*,#2367,.F.);
#1990=ORIENTED_EDGE('',*,*,#2368,.T.);
#1991=ORIENTED_EDGE('',*,*,#2369,.F.);
#1992=ORIENTED_EDGE('',*,*,#2370,.T.);
#1993=ORIENTED_EDGE('',*,*,#2329,.F.);
#1994=ORIENTED_EDGE('',*,*,#2371,.F.);
#1995=ORIENTED_EDGE('',*,*,#2370,.F.);
#1996=ORIENTED_EDGE('',*,*,#2372,.T.);
#1997=ORIENTED_EDGE('',*,*,#2337,.F.);
#1998=ORIENTED_EDGE('',*,*,#2373,.F.);
#1999=ORIENTED_EDGE('',*,*,#2374,.F.);
#2000=ORIENTED_EDGE('',*,*,#2375,.F.);
#2001=ORIENTED_EDGE('',*,*,#2372,.F.);
#2002=ORIENTED_EDGE('',*,*,#2376,.T.);
#2003=ORIENTED_EDGE('',*,*,#2331,.F.);
#2004=ORIENTED_EDGE('',*,*,#2377,.F.);
#2005=ORIENTED_EDGE('',*,*,#2378,.F.);
#2006=ORIENTED_EDGE('',*,*,#2379,.F.);
#2007=ORIENTED_EDGE('',*,*,#2380,.F.);
#2008=ORIENTED_EDGE('',*,*,#2381,.F.);
#2009=ORIENTED_EDGE('',*,*,#2376,.F.);
#2010=ORIENTED_EDGE('',*,*,#2382,.T.);
#2011=ORIENTED_EDGE('',*,*,#2333,.F.);
#2012=ORIENTED_EDGE('',*,*,#2383,.F.);
#2013=ORIENTED_EDGE('',*,*,#2382,.F.);
#2014=ORIENTED_EDGE('',*,*,#2384,.T.);
#2015=ORIENTED_EDGE('',*,*,#2339,.F.);
#2016=ORIENTED_EDGE('',*,*,#2385,.F.);
#2017=ORIENTED_EDGE('',*,*,#2386,.F.);
#2018=ORIENTED_EDGE('',*,*,#2387,.F.);
#2019=ORIENTED_EDGE('',*,*,#2384,.F.);
#2020=ORIENTED_EDGE('',*,*,#2388,.T.);
#2021=ORIENTED_EDGE('',*,*,#2335,.F.);
#2022=ORIENTED_EDGE('',*,*,#2389,.F.);
#2023=ORIENTED_EDGE('',*,*,#2390,.F.);
#2024=ORIENTED_EDGE('',*,*,#2391,.F.);
#2025=ORIENTED_EDGE('',*,*,#2392,.F.);
#2026=ORIENTED_EDGE('',*,*,#2393,.F.);
#2027=ORIENTED_EDGE('',*,*,#2388,.F.);
#2028=ORIENTED_EDGE('',*,*,#2394,.F.);
#2029=ORIENTED_EDGE('',*,*,#2395,.F.);
#2030=ORIENTED_EDGE('',*,*,#2396,.F.);
#2031=ORIENTED_EDGE('',*,*,#2397,.F.);
#2032=ORIENTED_EDGE('',*,*,#2398,.F.);
#2033=ORIENTED_EDGE('',*,*,#2399,.F.);
#2034=ORIENTED_EDGE('',*,*,#2400,.F.);
#2035=ORIENTED_EDGE('',*,*,#2401,.F.);
#2036=ORIENTED_EDGE('',*,*,#2330,.T.);
#2037=ORIENTED_EDGE('',*,*,#2332,.T.);
#2038=ORIENTED_EDGE('',*,*,#2334,.T.);
#2039=ORIENTED_EDGE('',*,*,#2336,.T.);
#2040=ORIENTED_EDGE('',*,*,#2338,.T.);
#2041=ORIENTED_EDGE('',*,*,#2340,.T.);
#2042=ORIENTED_EDGE('',*,*,#2402,.T.);
#2043=ORIENTED_EDGE('',*,*,#2403,.F.);
#2044=ORIENTED_EDGE('',*,*,#2394,.T.);
#2045=ORIENTED_EDGE('',*,*,#2404,.T.);
#2046=ORIENTED_EDGE('',*,*,#2405,.F.);
#2047=ORIENTED_EDGE('',*,*,#2404,.F.);
#2048=ORIENTED_EDGE('',*,*,#2401,.T.);
#2049=ORIENTED_EDGE('',*,*,#2406,.T.);
#2050=ORIENTED_EDGE('',*,*,#2407,.T.);
#2051=ORIENTED_EDGE('',*,*,#2406,.F.);
#2052=ORIENTED_EDGE('',*,*,#2400,.T.);
#2053=ORIENTED_EDGE('',*,*,#2408,.T.);
#2054=ORIENTED_EDGE('',*,*,#2409,.F.);
#2055=ORIENTED_EDGE('',*,*,#2408,.F.);
#2056=ORIENTED_EDGE('',*,*,#2399,.T.);
#2057=ORIENTED_EDGE('',*,*,#2410,.T.);
#2058=ORIENTED_EDGE('',*,*,#2411,.T.);
#2059=ORIENTED_EDGE('',*,*,#2410,.F.);
#2060=ORIENTED_EDGE('',*,*,#2398,.T.);
#2061=ORIENTED_EDGE('',*,*,#2412,.T.);
#2062=ORIENTED_EDGE('',*,*,#2413,.F.);
#2063=ORIENTED_EDGE('',*,*,#2412,.F.);
#2064=ORIENTED_EDGE('',*,*,#2397,.T.);
#2065=ORIENTED_EDGE('',*,*,#2414,.T.);
#2066=ORIENTED_EDGE('',*,*,#2415,.T.);
#2067=ORIENTED_EDGE('',*,*,#2414,.F.);
#2068=ORIENTED_EDGE('',*,*,#2396,.T.);
#2069=ORIENTED_EDGE('',*,*,#2416,.T.);
#2070=ORIENTED_EDGE('',*,*,#2417,.F.);
#2071=ORIENTED_EDGE('',*,*,#2416,.F.);
#2072=ORIENTED_EDGE('',*,*,#2395,.T.);
#2073=ORIENTED_EDGE('',*,*,#2403,.T.);
#2074=ORIENTED_EDGE('',*,*,#2418,.F.);
#2075=ORIENTED_EDGE('',*,*,#2419,.F.);
#2076=ORIENTED_EDGE('',*,*,#2420,.T.);
#2077=ORIENTED_EDGE('',*,*,#2421,.F.);
#2078=ORIENTED_EDGE('',*,*,#2422,.T.);
#2079=ORIENTED_EDGE('',*,*,#2423,.T.);
#2080=ORIENTED_EDGE('',*,*,#2424,.F.);
#2081=ORIENTED_EDGE('',*,*,#2423,.F.);
#2082=ORIENTED_EDGE('',*,*,#2425,.F.);
#2083=ORIENTED_EDGE('',*,*,#2426,.T.);
#2084=ORIENTED_EDGE('',*,*,#2427,.T.);
#2085=ORIENTED_EDGE('',*,*,#2426,.F.);
#2086=ORIENTED_EDGE('',*,*,#2428,.T.);
#2087=ORIENTED_EDGE('',*,*,#2429,.T.);
#2088=ORIENTED_EDGE('',*,*,#2430,.F.);
#2089=ORIENTED_EDGE('',*,*,#2429,.F.);
#2090=ORIENTED_EDGE('',*,*,#2431,.F.);
#2091=ORIENTED_EDGE('',*,*,#2421,.T.);
#2092=ORIENTED_EDGE('',*,*,#2432,.T.);
#2093=ORIENTED_EDGE('',*,*,#2433,.F.);
#2094=ORIENTED_EDGE('',*,*,#2434,.T.);
#2095=ORIENTED_EDGE('',*,*,#2435,.T.);
#2096=ORIENTED_EDGE('',*,*,#2436,.F.);
#2097=ORIENTED_EDGE('',*,*,#2435,.F.);
#2098=ORIENTED_EDGE('',*,*,#2437,.F.);
#2099=ORIENTED_EDGE('',*,*,#2438,.T.);
#2100=ORIENTED_EDGE('',*,*,#2439,.T.);
#2101=ORIENTED_EDGE('',*,*,#2438,.F.);
#2102=ORIENTED_EDGE('',*,*,#2440,.T.);
#2103=ORIENTED_EDGE('',*,*,#2441,.T.);
#2104=ORIENTED_EDGE('',*,*,#2442,.F.);
#2105=ORIENTED_EDGE('',*,*,#2441,.F.);
#2106=ORIENTED_EDGE('',*,*,#2443,.F.);
#2107=ORIENTED_EDGE('',*,*,#2433,.T.);
#2108=ORIENTED_EDGE('',*,*,#2444,.F.);
#2109=ORIENTED_EDGE('',*,*,#2445,.F.);
#2110=ORIENTED_EDGE('',*,*,#2446,.F.);
#2111=ORIENTED_EDGE('',*,*,#2447,.T.);
#2112=ORIENTED_EDGE('',*,*,#2448,.T.);
#2113=ORIENTED_EDGE('',*,*,#2447,.F.);
#2114=ORIENTED_EDGE('',*,*,#2449,.T.);
#2115=ORIENTED_EDGE('',*,*,#2450,.T.);
#2116=ORIENTED_EDGE('',*,*,#2451,.F.);
#2117=ORIENTED_EDGE('',*,*,#2450,.F.);
#2118=ORIENTED_EDGE('',*,*,#2452,.F.);
#2119=ORIENTED_EDGE('',*,*,#2453,.T.);
#2120=ORIENTED_EDGE('',*,*,#2454,.T.);
#2121=ORIENTED_EDGE('',*,*,#2453,.F.);
#2122=ORIENTED_EDGE('',*,*,#2455,.T.);
#2123=ORIENTED_EDGE('',*,*,#2445,.T.);
#2124=ORIENTED_EDGE('',*,*,#2456,.F.);
#2125=ORIENTED_EDGE('',*,*,#2457,.F.);
#2126=ORIENTED_EDGE('',*,*,#2458,.F.);
#2127=ORIENTED_EDGE('',*,*,#2459,.T.);
#2128=ORIENTED_EDGE('',*,*,#2460,.T.);
#2129=ORIENTED_EDGE('',*,*,#2459,.F.);
#2130=ORIENTED_EDGE('',*,*,#2461,.T.);
#2131=ORIENTED_EDGE('',*,*,#2462,.T.);
#2132=ORIENTED_EDGE('',*,*,#2463,.F.);
#2133=ORIENTED_EDGE('',*,*,#2462,.F.);
#2134=ORIENTED_EDGE('',*,*,#2464,.F.);
#2135=ORIENTED_EDGE('',*,*,#2465,.T.);
#2136=ORIENTED_EDGE('',*,*,#2466,.T.);
#2137=ORIENTED_EDGE('',*,*,#2465,.F.);
#2138=ORIENTED_EDGE('',*,*,#2467,.T.);
#2139=ORIENTED_EDGE('',*,*,#2457,.T.);
#2140=ORIENTED_EDGE('',*,*,#2419,.T.);
#2141=ORIENTED_EDGE('',*,*,#2431,.T.);
#2142=ORIENTED_EDGE('',*,*,#2428,.F.);
#2143=ORIENTED_EDGE('',*,*,#2425,.T.);
#2144=ORIENTED_EDGE('',*,*,#2422,.F.);
#2145=ORIENTED_EDGE('',*,*,#2443,.T.);
#2146=ORIENTED_EDGE('',*,*,#2440,.F.);
#2147=ORIENTED_EDGE('',*,*,#2437,.T.);
#2148=ORIENTED_EDGE('',*,*,#2434,.F.);
#2149=ORIENTED_EDGE('',*,*,#2455,.F.);
#2150=ORIENTED_EDGE('',*,*,#2452,.T.);
#2151=ORIENTED_EDGE('',*,*,#2449,.F.);
#2152=ORIENTED_EDGE('',*,*,#2446,.T.);
#2153=ORIENTED_EDGE('',*,*,#2467,.F.);
#2154=ORIENTED_EDGE('',*,*,#2464,.T.);
#2155=ORIENTED_EDGE('',*,*,#2461,.F.);
#2156=ORIENTED_EDGE('',*,*,#2458,.T.);
#2157=ORIENTED_EDGE('',*,*,#2418,.T.);
#2158=ORIENTED_EDGE('',*,*,#2361,.F.);
#2159=ORIENTED_EDGE('',*,*,#2468,.T.);
#2160=ORIENTED_EDGE('',*,*,#2469,.F.);
#2161=ORIENTED_EDGE('',*,*,#2417,.T.);
#2162=ORIENTED_EDGE('',*,*,#2470,.T.);
#2163=ORIENTED_EDGE('',*,*,#2471,.F.);
#2164=ORIENTED_EDGE('',*,*,#2342,.F.);
#2165=ORIENTED_EDGE('',*,*,#2472,.F.);
#2166=ORIENTED_EDGE('',*,*,#2470,.F.);
#2167=ORIENTED_EDGE('',*,*,#2402,.F.);
#2168=ORIENTED_EDGE('',*,*,#2473,.T.);
#2169=ORIENTED_EDGE('',*,*,#2474,.T.);
#2170=ORIENTED_EDGE('',*,*,#2473,.F.);
#2171=ORIENTED_EDGE('',*,*,#2405,.T.);
#2172=ORIENTED_EDGE('',*,*,#2475,.T.);
#2173=ORIENTED_EDGE('',*,*,#2476,.T.);
#2174=ORIENTED_EDGE('',*,*,#2346,.F.);
#2175=ORIENTED_EDGE('',*,*,#2477,.T.);
#2176=ORIENTED_EDGE('',*,*,#2344,.F.);
#2177=ORIENTED_EDGE('',*,*,#2478,.T.);
#2178=ORIENTED_EDGE('',*,*,#2475,.F.);
#2179=ORIENTED_EDGE('',*,*,#2407,.F.);
#2180=ORIENTED_EDGE('',*,*,#2479,.T.);
#2181=ORIENTED_EDGE('',*,*,#2480,.T.);
#2182=ORIENTED_EDGE('',*,*,#2348,.F.);
#2183=ORIENTED_EDGE('',*,*,#2481,.T.);
#2184=ORIENTED_EDGE('',*,*,#2479,.F.);
#2185=ORIENTED_EDGE('',*,*,#2409,.T.);
#2186=ORIENTED_EDGE('',*,*,#2482,.T.);
#2187=ORIENTED_EDGE('',*,*,#2483,.T.);
#2188=ORIENTED_EDGE('',*,*,#2482,.F.);
#2189=ORIENTED_EDGE('',*,*,#2411,.F.);
#2190=ORIENTED_EDGE('',*,*,#2484,.T.);
#2191=ORIENTED_EDGE('',*,*,#2485,.F.);
#2192=ORIENTED_EDGE('',*,*,#2352,.F.);
#2193=ORIENTED_EDGE('',*,*,#2486,.T.);
#2194=ORIENTED_EDGE('',*,*,#2350,.F.);
#2195=ORIENTED_EDGE('',*,*,#2487,.T.);
#2196=ORIENTED_EDGE('',*,*,#2484,.F.);
#2197=ORIENTED_EDGE('',*,*,#2413,.T.);
#2198=ORIENTED_EDGE('',*,*,#2488,.T.);
#2199=ORIENTED_EDGE('',*,*,#2489,.T.);
#2200=ORIENTED_EDGE('',*,*,#2488,.F.);
#2201=ORIENTED_EDGE('',*,*,#2415,.F.);
#2202=ORIENTED_EDGE('',*,*,#2469,.T.);
#2203=ORIENTED_EDGE('',*,*,#2362,.F.);
#2204=ORIENTED_EDGE('',*,*,#2490,.F.);
#2205=ORIENTED_EDGE('',*,*,#2430,.T.);
#2206=ORIENTED_EDGE('',*,*,#2491,.T.);
#2207=ORIENTED_EDGE('',*,*,#2363,.T.);
#2208=ORIENTED_EDGE('',*,*,#2491,.F.);
#2209=ORIENTED_EDGE('',*,*,#2420,.F.);
#2210=ORIENTED_EDGE('',*,*,#2492,.T.);
#2211=ORIENTED_EDGE('',*,*,#2364,.F.);
#2212=ORIENTED_EDGE('',*,*,#2492,.F.);
#2213=ORIENTED_EDGE('',*,*,#2424,.T.);
#2214=ORIENTED_EDGE('',*,*,#2493,.T.);
#2215=ORIENTED_EDGE('',*,*,#2365,.T.);
#2216=ORIENTED_EDGE('',*,*,#2493,.F.);
#2217=ORIENTED_EDGE('',*,*,#2427,.F.);
#2218=ORIENTED_EDGE('',*,*,#2490,.T.);
#2219=ORIENTED_EDGE('',*,*,#2357,.F.);
#2220=ORIENTED_EDGE('',*,*,#2494,.F.);
#2221=ORIENTED_EDGE('',*,*,#2442,.T.);
#2222=ORIENTED_EDGE('',*,*,#2495,.T.);
#2223=ORIENTED_EDGE('',*,*,#2358,.T.);
#2224=ORIENTED_EDGE('',*,*,#2495,.F.);
#2225=ORIENTED_EDGE('',*,*,#2432,.F.);
#2226=ORIENTED_EDGE('',*,*,#2496,.T.);
#2227=ORIENTED_EDGE('',*,*,#2359,.F.);
#2228=ORIENTED_EDGE('',*,*,#2496,.F.);
#2229=ORIENTED_EDGE('',*,*,#2436,.T.);
#2230=ORIENTED_EDGE('',*,*,#2497,.T.);
#2231=ORIENTED_EDGE('',*,*,#2360,.T.);
#2232=ORIENTED_EDGE('',*,*,#2497,.F.);
#2233=ORIENTED_EDGE('',*,*,#2439,.F.);
#2234=ORIENTED_EDGE('',*,*,#2494,.T.);
#2235=ORIENTED_EDGE('',*,*,#2366,.F.);
#2236=ORIENTED_EDGE('',*,*,#2498,.F.);
#2237=ORIENTED_EDGE('',*,*,#2444,.T.);
#2238=ORIENTED_EDGE('',*,*,#2499,.T.);
#2239=ORIENTED_EDGE('',*,*,#2367,.T.);
#2240=ORIENTED_EDGE('',*,*,#2499,.F.);
#2241=ORIENTED_EDGE('',*,*,#2448,.F.);
#2242=ORIENTED_EDGE('',*,*,#2500,.T.);
#2243=ORIENTED_EDGE('',*,*,#2368,.F.);
#2244=ORIENTED_EDGE('',*,*,#2500,.F.);
#2245=ORIENTED_EDGE('',*,*,#2451,.T.);
#2246=ORIENTED_EDGE('',*,*,#2501,.T.);
#2247=ORIENTED_EDGE('',*,*,#2369,.T.);
#2248=ORIENTED_EDGE('',*,*,#2501,.F.);
#2249=ORIENTED_EDGE('',*,*,#2454,.F.);
#2250=ORIENTED_EDGE('',*,*,#2498,.T.);
#2251=ORIENTED_EDGE('',*,*,#2353,.F.);
#2252=ORIENTED_EDGE('',*,*,#2502,.F.);
#2253=ORIENTED_EDGE('',*,*,#2456,.T.);
#2254=ORIENTED_EDGE('',*,*,#2503,.T.);
#2255=ORIENTED_EDGE('',*,*,#2354,.T.);
#2256=ORIENTED_EDGE('',*,*,#2503,.F.);
#2257=ORIENTED_EDGE('',*,*,#2460,.F.);
#2258=ORIENTED_EDGE('',*,*,#2504,.T.);
#2259=ORIENTED_EDGE('',*,*,#2355,.F.);
#2260=ORIENTED_EDGE('',*,*,#2504,.F.);
#2261=ORIENTED_EDGE('',*,*,#2463,.T.);
#2262=ORIENTED_EDGE('',*,*,#2505,.T.);
#2263=ORIENTED_EDGE('',*,*,#2356,.T.);
#2264=ORIENTED_EDGE('',*,*,#2505,.F.);
#2265=ORIENTED_EDGE('',*,*,#2466,.F.);
#2266=ORIENTED_EDGE('',*,*,#2502,.T.);
#2267=ORIENTED_EDGE('',*,*,#2347,.F.);
#2268=ORIENTED_EDGE('',*,*,#2506,.F.);
#2269=ORIENTED_EDGE('',*,*,#2389,.T.);
#2270=ORIENTED_EDGE('',*,*,#2393,.T.);
#2271=ORIENTED_EDGE('',*,*,#2507,.T.);
#2272=ORIENTED_EDGE('',*,*,#2481,.F.);
#2273=ORIENTED_EDGE('',*,*,#2507,.F.);
#2274=ORIENTED_EDGE('',*,*,#2392,.T.);
#2275=ORIENTED_EDGE('',*,*,#2508,.T.);
#2276=ORIENTED_EDGE('',*,*,#2478,.F.);
#2277=ORIENTED_EDGE('',*,*,#2508,.F.);
#2278=ORIENTED_EDGE('',*,*,#2391,.T.);
#2279=ORIENTED_EDGE('',*,*,#2509,.T.);
#2280=ORIENTED_EDGE('',*,*,#2476,.F.);
#2281=ORIENTED_EDGE('',*,*,#2509,.F.);
#2282=ORIENTED_EDGE('',*,*,#2390,.T.);
#2283=ORIENTED_EDGE('',*,*,#2506,.T.);
#2284=ORIENTED_EDGE('',*,*,#2345,.F.);
#2285=ORIENTED_EDGE('',*,*,#2510,.F.);
#2286=ORIENTED_EDGE('',*,*,#2385,.T.);
#2287=ORIENTED_EDGE('',*,*,#2387,.T.);
#2288=ORIENTED_EDGE('',*,*,#2511,.T.);
#2289=ORIENTED_EDGE('',*,*,#2477,.F.);
#2290=ORIENTED_EDGE('',*,*,#2511,.F.);
#2291=ORIENTED_EDGE('',*,*,#2386,.T.);
#2292=ORIENTED_EDGE('',*,*,#2510,.T.);
#2293=ORIENTED_EDGE('',*,*,#2472,.T.);
#2294=ORIENTED_EDGE('',*,*,#2474,.F.);
#2295=ORIENTED_EDGE('',*,*,#2343,.F.);
#2296=ORIENTED_EDGE('',*,*,#2471,.T.);
#2297=ORIENTED_EDGE('',*,*,#2383,.T.);
#2298=ORIENTED_EDGE('',*,*,#2349,.F.);
#2299=ORIENTED_EDGE('',*,*,#2512,.F.);
#2300=ORIENTED_EDGE('',*,*,#2377,.T.);
#2301=ORIENTED_EDGE('',*,*,#2381,.T.);
#2302=ORIENTED_EDGE('',*,*,#2513,.T.);
#2303=ORIENTED_EDGE('',*,*,#2487,.F.);
#2304=ORIENTED_EDGE('',*,*,#2513,.F.);
#2305=ORIENTED_EDGE('',*,*,#2380,.T.);
#2306=ORIENTED_EDGE('',*,*,#2514,.T.);
#2307=ORIENTED_EDGE('',*,*,#2483,.F.);
#2308=ORIENTED_EDGE('',*,*,#2514,.F.);
#2309=ORIENTED_EDGE('',*,*,#2379,.T.);
#2310=ORIENTED_EDGE('',*,*,#2515,.T.);
#2311=ORIENTED_EDGE('',*,*,#2480,.F.);
#2312=ORIENTED_EDGE('',*,*,#2515,.F.);
#2313=ORIENTED_EDGE('',*,*,#2378,.T.);
#2314=ORIENTED_EDGE('',*,*,#2512,.T.);
#2315=ORIENTED_EDGE('',*,*,#2351,.F.);
#2316=ORIENTED_EDGE('',*,*,#2516,.F.);
#2317=ORIENTED_EDGE('',*,*,#2373,.T.);
#2318=ORIENTED_EDGE('',*,*,#2375,.T.);
#2319=ORIENTED_EDGE('',*,*,#2517,.T.);
#2320=ORIENTED_EDGE('',*,*,#2486,.F.);
#2321=ORIENTED_EDGE('',*,*,#2517,.F.);
#2322=ORIENTED_EDGE('',*,*,#2374,.T.);
#2323=ORIENTED_EDGE('',*,*,#2516,.T.);
#2324=ORIENTED_EDGE('',*,*,#2468,.F.);
#2325=ORIENTED_EDGE('',*,*,#2341,.F.);
#2326=ORIENTED_EDGE('',*,*,#2485,.T.);
#2327=ORIENTED_EDGE('',*,*,#2489,.F.);
#2328=ORIENTED_EDGE('',*,*,#2371,.T.);
#2329=EDGE_CURVE('',#2518,#2518,#2519,.T.);
#2330=EDGE_CURVE('',#2520,#2520,#2521,.T.);
#2331=EDGE_CURVE('',#2522,#2522,#2523,.T.);
#2332=EDGE_CURVE('',#2524,#2524,#2525,.T.);
#2333=EDGE_CURVE('',#2526,#2526,#2527,.T.);
#2334=EDGE_CURVE('',#2528,#2528,#2529,.T.);
#2335=EDGE_CURVE('',#2530,#2530,#2531,.T.);
#2336=EDGE_CURVE('',#2532,#2532,#2533,.T.);
#2337=EDGE_CURVE('',#2534,#2534,#2535,.T.);
#2338=EDGE_CURVE('',#2536,#2536,#2537,.T.);
#2339=EDGE_CURVE('',#2538,#2538,#2539,.T.);
#2340=EDGE_CURVE('',#2540,#2540,#2541,.T.);
#2341=EDGE_CURVE('',#2542,#2543,#2544,.F.);
#2342=EDGE_CURVE('',#2543,#2545,#2546,.T.);
#2343=EDGE_CURVE('',#2545,#2547,#2548,.F.);
#2344=EDGE_CURVE('',#2547,#2549,#2550,.T.);
#2345=EDGE_CURVE('',#2549,#2551,#2552,.F.);
#2346=EDGE_CURVE('',#2551,#2553,#2554,.T.);
#2347=EDGE_CURVE('',#2553,#2555,#2556,.F.);
#2348=EDGE_CURVE('',#2555,#2557,#2558,.T.);
#2349=EDGE_CURVE('',#2557,#2559,#2560,.F.);
#2350=EDGE_CURVE('',#2559,#2561,#2562,.T.);
#2351=EDGE_CURVE('',#2561,#2563,#2564,.F.);
#2352=EDGE_CURVE('',#2563,#2542,#2565,.T.);
#2353=EDGE_CURVE('',#2566,#2567,#2568,.F.);
#2354=EDGE_CURVE('',#2569,#2567,#2570,.F.);
#2355=EDGE_CURVE('',#2569,#2571,#2572,.F.);
#2356=EDGE_CURVE('',#2566,#2571,#2573,.F.);
#2357=EDGE_CURVE('',#2574,#2575,#2576,.F.);
#2358=EDGE_CURVE('',#2577,#2575,#2578,.F.);
#2359=EDGE_CURVE('',#2577,#2579,#2580,.F.);
#2360=EDGE_CURVE('',#2574,#2579,#2581,.F.);
#2361=EDGE_CURVE('',#2582,#2582,#2583,.F.);
#2362=EDGE_CURVE('',#2584,#2585,#2586,.F.);
#2363=EDGE_CURVE('',#2587,#2585,#2588,.F.);
#2364=EDGE_CURVE('',#2587,#2589,#2590,.F.);
#2365=EDGE_CURVE('',#2584,#2589,#2591,.F.);
#2366=EDGE_CURVE('',#2592,#2593,#2594,.F.);
#2367=EDGE_CURVE('',#2595,#2593,#2596,.F.);
#2368=EDGE_CURVE('',#2595,#2597,#2598,.F.);
#2369=EDGE_CURVE('',#2592,#2597,#2599,.F.);
#2370=EDGE_CURVE('',#2600,#2600,#2601,.T.);
#2371=EDGE_CURVE('',#2602,#2602,#2603,.F.);
#2372=EDGE_CURVE('',#2604,#2604,#2605,.T.);
#2373=EDGE_CURVE('',#2606,#2607,#2608,.F.);
#2374=EDGE_CURVE('',#2609,#2606,#2610,.F.);
#2375=EDGE_CURVE('',#2607,#2609,#2611,.F.);
#2376=EDGE_CURVE('',#2612,#2612,#2613,.T.);
#2377=EDGE_CURVE('',#2614,#2615,#2616,.F.);
#2378=EDGE_CURVE('',#2617,#2614,#2618,.F.);
#2379=EDGE_CURVE('',#2619,#2617,#2620,.F.);
#2380=EDGE_CURVE('',#2621,#2619,#2622,.F.);
#2381=EDGE_CURVE('',#2615,#2621,#2623,.F.);
#2382=EDGE_CURVE('',#2624,#2624,#2625,.T.);
#2383=EDGE_CURVE('',#2626,#2626,#2627,.F.);
#2384=EDGE_CURVE('',#2628,#2628,#2629,.T.);
#2385=EDGE_CURVE('',#2630,#2631,#2632,.F.);
#2386=EDGE_CURVE('',#2633,#2630,#2634,.F.);
#2387=EDGE_CURVE('',#2631,#2633,#2635,.F.);
#2388=EDGE_CURVE('',#2636,#2636,#2637,.T.);
#2389=EDGE_CURVE('',#2638,#2639,#2640,.F.);
#2390=EDGE_CURVE('',#2641,#2638,#2642,.F.);
#2391=EDGE_CURVE('',#2643,#2641,#2644,.F.);
#2392=EDGE_CURVE('',#2645,#2643,#2646,.F.);
#2393=EDGE_CURVE('',#2639,#2645,#2647,.F.);
#2394=EDGE_CURVE('',#2648,#2649,#2650,.F.);
#2395=EDGE_CURVE('',#2651,#2648,#2652,.T.);
#2396=EDGE_CURVE('',#2653,#2651,#2654,.F.);
#2397=EDGE_CURVE('',#2655,#2653,#2656,.T.);
#2398=EDGE_CURVE('',#2657,#2655,#2658,.F.);
#2399=EDGE_CURVE('',#2659,#2657,#2660,.T.);
#2400=EDGE_CURVE('',#2661,#2659,#2662,.F.);
#2401=EDGE_CURVE('',#2649,#2661,#2663,.T.);
#2402=EDGE_CURVE('',#2664,#2665,#2666,.F.);
#2403=EDGE_CURVE('',#2648,#2665,#2667,.T.);
#2404=EDGE_CURVE('',#2649,#2664,#2668,.T.);
#2405=EDGE_CURVE('',#2664,#2669,#2670,.T.);
#2406=EDGE_CURVE('',#2661,#2669,#2671,.T.);
#2407=EDGE_CURVE('',#2672,#2669,#2673,.F.);
#2408=EDGE_CURVE('',#2659,#2672,#2674,.T.);
#2409=EDGE_CURVE('',#2672,#2675,#2676,.T.);
#2410=EDGE_CURVE('',#2657,#2675,#2677,.T.);
#2411=EDGE_CURVE('',#2678,#2675,#2679,.F.);
#2412=EDGE_CURVE('',#2655,#2678,#2680,.T.);
#2413=EDGE_CURVE('',#2678,#2681,#2682,.T.);
#2414=EDGE_CURVE('',#2653,#2681,#2683,.T.);
#2415=EDGE_CURVE('',#2684,#2681,#2685,.F.);
#2416=EDGE_CURVE('',#2651,#2684,#2686,.T.);
#2417=EDGE_CURVE('',#2684,#2665,#2687,.T.);
#2418=EDGE_CURVE('',#2688,#2688,#2689,.F.);
#2419=EDGE_CURVE('',#2690,#2690,#2691,.T.);
#2420=EDGE_CURVE('',#2692,#2693,#2694,.F.);
#2421=EDGE_CURVE('',#2695,#2693,#2696,.T.);
#2422=EDGE_CURVE('',#2695,#2697,#2698,.F.);
#2423=EDGE_CURVE('',#2697,#2692,#2699,.T.);
#2424=EDGE_CURVE('',#2692,#2700,#2701,.F.);
#2425=EDGE_CURVE('',#2702,#2697,#2703,.T.);
#2426=EDGE_CURVE('',#2702,#2700,#2704,.T.);
#2427=EDGE_CURVE('',#2705,#2700,#2706,.F.);
#2428=EDGE_CURVE('',#2702,#2707,#2708,.F.);
#2429=EDGE_CURVE('',#2707,#2705,#2709,.T.);
#2430=EDGE_CURVE('',#2705,#2693,#2710,.F.);
#2431=EDGE_CURVE('',#2695,#2707,#2711,.T.);
#2432=EDGE_CURVE('',#2712,#2713,#2714,.F.);
#2433=EDGE_CURVE('',#2715,#2713,#2716,.T.);
#2434=EDGE_CURVE('',#2715,#2717,#2718,.F.);
#2435=EDGE_CURVE('',#2717,#2712,#2719,.T.);
#2436=EDGE_CURVE('',#2712,#2720,#2721,.F.);
#2437=EDGE_CURVE('',#2722,#2717,#2723,.T.);
#2438=EDGE_CURVE('',#2722,#2720,#2724,.T.);
#2439=EDGE_CURVE('',#2725,#2720,#2726,.F.);
#2440=EDGE_CURVE('',#2722,#2727,#2728,.F.);
#2441=EDGE_CURVE('',#2727,#2725,#2729,.T.);
#2442=EDGE_CURVE('',#2725,#2713,#2730,.F.);
#2443=EDGE_CURVE('',#2715,#2727,#2731,.T.);
#2444=EDGE_CURVE('',#2732,#2733,#2734,.F.);
#2445=EDGE_CURVE('',#2735,#2732,#2736,.T.);
#2446=EDGE_CURVE('',#2737,#2735,#2738,.T.);
#2447=EDGE_CURVE('',#2737,#2733,#2739,.T.);
#2448=EDGE_CURVE('',#2740,#2733,#2741,.F.);
#2449=EDGE_CURVE('',#2737,#2742,#2743,.F.);
#2450=EDGE_CURVE('',#2742,#2740,#2744,.T.);
#2451=EDGE_CURVE('',#2740,#2745,#2746,.F.);
#2452=EDGE_CURVE('',#2747,#2742,#2748,.T.);
#2453=EDGE_CURVE('',#2747,#2745,#2749,.T.);
#2454=EDGE_CURVE('',#2732,#2745,#2750,.F.);
#2455=EDGE_CURVE('',#2747,#2735,#2751,.F.);
#2456=EDGE_CURVE('',#2752,#2753,#2754,.F.);
#2457=EDGE_CURVE('',#2755,#2752,#2756,.T.);
#2458=EDGE_CURVE('',#2757,#2755,#2758,.T.);
#2459=EDGE_CURVE('',#2757,#2753,#2759,.T.);
#2460=EDGE_CURVE('',#2760,#2753,#2761,.F.);
#2461=EDGE_CURVE('',#2757,#2762,#2763,.F.);
#2462=EDGE_CURVE('',#2762,#2760,#2764,.T.);
#2463=EDGE_CURVE('',#2760,#2765,#2766,.F.);
#2464=EDGE_CURVE('',#2767,#2762,#2768,.T.);
#2465=EDGE_CURVE('',#2767,#2765,#2769,.T.);
#2466=EDGE_CURVE('',#2752,#2765,#2770,.F.);
#2467=EDGE_CURVE('',#2767,#2755,#2771,.F.);
#2468=EDGE_CURVE('',#2543,#2772,#2773,.T.);
#2469=EDGE_CURVE('',#2684,#2772,#2774,.F.);
#2470=EDGE_CURVE('',#2665,#2775,#2776,.T.);
#2471=EDGE_CURVE('',#2545,#2775,#2777,.T.);
#2472=EDGE_CURVE('',#2775,#2778,#2779,.T.);
#2473=EDGE_CURVE('',#2664,#2778,#2780,.F.);
#2474=EDGE_CURVE('',#2547,#2778,#2781,.T.);
#2475=EDGE_CURVE('',#2669,#2782,#2783,.T.);
#2476=EDGE_CURVE('',#2782,#2553,#2784,.F.);
#2477=EDGE_CURVE('',#2551,#2549,#2785,.F.);
#2478=EDGE_CURVE('',#2786,#2782,#2787,.F.);
#2479=EDGE_CURVE('',#2672,#2786,#2788,.F.);
#2480=EDGE_CURVE('',#2789,#2557,#2790,.F.);
#2481=EDGE_CURVE('',#2555,#2786,#2791,.F.);
#2482=EDGE_CURVE('',#2675,#2789,#2792,.T.);
#2483=EDGE_CURVE('',#2793,#2789,#2794,.F.);
#2484=EDGE_CURVE('',#2678,#2793,#2795,.F.);
#2485=EDGE_CURVE('',#2542,#2796,#2797,.T.);
#2486=EDGE_CURVE('',#2563,#2561,#2798,.F.);
#2487=EDGE_CURVE('',#2559,#2793,#2799,.F.);
#2488=EDGE_CURVE('',#2681,#2796,#2800,.T.);
#2489=EDGE_CURVE('',#2772,#2796,#2801,.T.);
#2490=EDGE_CURVE('',#2705,#2584,#2802,.F.);
#2491=EDGE_CURVE('',#2693,#2585,#2803,.F.);
#2492=EDGE_CURVE('',#2692,#2587,#2804,.F.);
#2493=EDGE_CURVE('',#2700,#2589,#2805,.F.);
#2494=EDGE_CURVE('',#2725,#2574,#2806,.F.);
#2495=EDGE_CURVE('',#2713,#2575,#2807,.F.);
#2496=EDGE_CURVE('',#2712,#2577,#2808,.F.);
#2497=EDGE_CURVE('',#2720,#2579,#2809,.F.);
#2498=EDGE_CURVE('',#2732,#2592,#2810,.F.);
#2499=EDGE_CURVE('',#2733,#2593,#2811,.F.);
#2500=EDGE_CURVE('',#2740,#2595,#2812,.F.);
#2501=EDGE_CURVE('',#2745,#2597,#2813,.F.);
#2502=EDGE_CURVE('',#2752,#2566,#2814,.F.);
#2503=EDGE_CURVE('',#2753,#2567,#2815,.F.);
#2504=EDGE_CURVE('',#2760,#2569,#2816,.F.);
#2505=EDGE_CURVE('',#2765,#2571,#2817,.F.);
#2506=EDGE_CURVE('',#2638,#2553,#2818,.F.);
#2507=EDGE_CURVE('',#2645,#2555,#2819,.F.);
#2508=EDGE_CURVE('',#2643,#2786,#2820,.F.);
#2509=EDGE_CURVE('',#2641,#2782,#2821,.F.);
#2510=EDGE_CURVE('',#2630,#2549,#2822,.F.);
#2511=EDGE_CURVE('',#2633,#2551,#2823,.F.);
#2512=EDGE_CURVE('',#2614,#2557,#2824,.F.);
#2513=EDGE_CURVE('',#2621,#2559,#2825,.F.);
#2514=EDGE_CURVE('',#2619,#2793,#2826,.F.);
#2515=EDGE_CURVE('',#2617,#2789,#2827,.F.);
#2516=EDGE_CURVE('',#2606,#2561,#2828,.F.);
#2517=EDGE_CURVE('',#2609,#2563,#2829,.F.);
#2518=VERTEX_POINT('',#2830);
#2519=CIRCLE('',#2831,1.75);
#2520=VERTEX_POINT('',#2835);
#2521=CIRCLE('',#2836,1.75);
#2522=VERTEX_POINT('',#2840);
#2523=CIRCLE('',#2841,1.75);
#2524=VERTEX_POINT('',#2845);
#2525=CIRCLE('',#2846,1.75);
#2526=VERTEX_POINT('',#2850);
#2527=CIRCLE('',#2851,1.75);
#2528=VERTEX_POINT('',#2855);
#2529=CIRCLE('',#2856,1.75);
#2530=VERTEX_POINT('',#2860);
#2531=CIRCLE('',#2861,1.75);
#2532=VERTEX_POINT('',#2865);
#2533=CIRCLE('',#2866,1.75);
#2534=VERTEX_POINT('',#2870);
#2535=CIRCLE('',#2871,1.75);
#2536=VERTEX_POINT('',#2875);
#2537=CIRCLE('',#2876,1.75);
#2538=VERTEX_POINT('',#2880);
#2539=CIRCLE('',#2881,1.75);
#2540=VERTEX_POINT('',#2885);
#2541=CIRCLE('',#2886,1.75);
#2542=VERTEX_POINT('',#2890);
#2543=VERTEX_POINT('',#2891);
#2544=CIRCLE('',#2892,3.5);
#2545=VERTEX_POINT('',#2896);
#2546=LINE('',#2897,#2898);
#2547=VERTEX_POINT('',#2900);
#2548=CIRCLE('',#2901,3.5);
#2549=VERTEX_POINT('',#2905);
#2550=LINE('',#2906,#2907);
#2551=VERTEX_POINT('',#2909);
#2552=CIRCLE('',#2910,3.5);
#2553=VERTEX_POINT('',#2914);
#2554=LINE('',#2915,#2916);
#2555=VERTEX_POINT('',#2918);
#2556=CIRCLE('',#2919,3.5);
#2557=VERTEX_POINT('',#2923);
#2558=LINE('',#2924,#2925);
#2559=VERTEX_POINT('',#2927);
#2560=CIRCLE('',#2928,3.5);
#2561=VERTEX_POINT('',#2932);
#2562=LINE('',#2933,#2934);
#2563=VERTEX_POINT('',#2936);
#2564=CIRCLE('',#2937,3.5);
#2565=LINE('',#2941,#2942);
#2566=VERTEX_POINT('',#2944);
#2567=VERTEX_POINT('',#2945);
#2568=LINE('',#2946,#2947);
#2569=VERTEX_POINT('',#2949);
#2570=CIRCLE('',#2950,8.5);
#2571=VERTEX_POINT('',#2954);
#2572=LINE('',#2955,#2956);
#2573=CIRCLE('',#2958,8.5);
#2574=VERTEX_POINT('',#2962);
#2575=VERTEX_POINT('',#2963);
#2576=LINE('',#2964,#2965);
#2577=VERTEX_POINT('',#2967);
#2578=CIRCLE('',#2968,8.5);
#2579=VERTEX_POINT('',#2972);
#2580=LINE('',#2973,#2974);
#2581=CIRCLE('',#2976,8.5);
#2582=VERTEX_POINT('',#2980);
#2583=CIRCLE('',#2981,41.);
#2584=VERTEX_POINT('',#2985);
#2585=VERTEX_POINT('',#2986);
#2586=LINE('',#2987,#2988);
#2587=VERTEX_POINT('',#2990);
#2588=CIRCLE('',#2991,8.5);
#2589=VERTEX_POINT('',#2995);
#2590=LINE('',#2996,#2997);
#2591=CIRCLE('',#2999,8.5);
#2592=VERTEX_POINT('',#3003);
#2593=VERTEX_POINT('',#3004);
#2594=LINE('',#3005,#3006);
#2595=VERTEX_POINT('',#3008);
#2596=CIRCLE('',#3009,8.5);
#2597=VERTEX_POINT('',#3013);
#2598=LINE('',#3014,#3015);
#2599=CIRCLE('',#3017,8.5);
#2600=VERTEX_POINT('',#3021);
#2601=CIRCLE('',#3022,2.5);
#2602=VERTEX_POINT('',#3026);
#2603=CIRCLE('',#3027,2.5);
#2604=VERTEX_POINT('',#3031);
#2605=CIRCLE('',#3032,2.5);
#2606=VERTEX_POINT('',#3036);
#2607=VERTEX_POINT('',#3037);
#2608=CIRCLE('',#3038,2.5);
#2609=VERTEX_POINT('',#3042);
#2610=B_SPLINE_CURVE_WITH_KNOTS('',3,
(#3043,#3044,#3045,#3046,#3047,#3048,#3049,#3050,#3051,#3052,#3053,#3054,#3055,#3056,
#3057,#3058,#3059,#3060,#3061),
.UNSPECIFIED.,.F.,.F.,
(4,1,1,1,1,1,1,1,1,1,1,1,1,1,1,1,4),
(0.,0.0842227386615522,0.159330125368759,0.223593732808401,0.286223938012815,0.345325365991509,
0.402136569959916,0.457375071400089,0.510426408837699,0.561780456370532,0.614623181268228,
0.670206852022785,0.729814893938444,0.792832510465129,0.857308917558855,0.926860861500184,
1.),
.UNSPECIFIED.);
#2611=CIRCLE('',#3062,2.5);
#2612=VERTEX_POINT('',#3066);
#2613=CIRCLE('',#3067,2.5);
#2614=VERTEX_POINT('',#3071);
#2615=VERTEX_POINT('',#3072);
#2616=CIRCLE('',#3073,2.5);
#2617=VERTEX_POINT('',#3077);
#2618=B_SPLINE_CURVE_WITH_KNOTS('',3,
(#3078,#3079,#3080,#3081,#3082,#3083,#3084,#3085,#3086,#3087,#3088),
.UNSPECIFIED.,.F.,.F.,
(4,1,1,1,1,1,1,1,4),
(0.,0.168814118811539,0.319130370176298,0.447726957944285,0.573624352995172,0.688361142925748,
0.795159123886006,0.897459259882993,1.),
.UNSPECIFIED.);
#2619=VERTEX_POINT('',#3089);
#2620=CIRCLE('',#3090,2.5);
#2621=VERTEX_POINT('',#3094);
#2622=B_SPLINE_CURVE_WITH_KNOTS('',3,
(#3095,#3096,#3097,#3098,#3099,#3100,#3101,#3102,#3103,#3104,#3105),
.UNSPECIFIED.,.F.,.F.,
(4,1,1,1,1,1,1,1,4),
(0.,0.147103812303229,0.287783523270407,0.422849195425625,0.552662211878394,0.683534114591496,
0.81465484104084,0.920105949719251,1.),
.UNSPECIFIED.);
#2623=CIRCLE('',#3106,2.5);
#2624=VERTEX_POINT('',#3110);
#2625=CIRCLE('',#3111,2.5);
#2626=VERTEX_POINT('',#3115);
#2627=CIRCLE('',#3116,2.5);
#2628=VERTEX_POINT('',#3120);
#2629=CIRCLE('',#3121,2.5);
#2630=VERTEX_POINT('',#3125);
#2631=VERTEX_POINT('',#3126);
#2632=CIRCLE('',#3127,2.5);
#2633=VERTEX_POINT('',#3131);
#2634=B_SPLINE_CURVE_WITH_KNOTS('',3,
(#3132,#3133,#3134,#3135,#3136,#3137,#3138,#3139,#3140,#3141,#3142,#3143,#3144,#3145,
#3146,#3147,#3148,#3149,#3150),
.UNSPECIFIED.,.F.,.F.,
(4,1,1,1,1,1,1,1,1,1,1,1,1,1,1,1,4),
(0.,0.0842227386780428,0.159330125392079,0.223593732833174,0.286223938035992,0.345325366015498,
0.402136569982294,0.457375071421047,0.510426408857396,0.561780456389673,0.614623181286206,
0.670206852041653,0.729814893959549,0.792832510485711,0.857308917580887,0.926860861513795,
1.),
.UNSPECIFIED.);
#2635=CIRCLE('',#3151,2.5);
#2636=VERTEX_POINT('',#3155);
#2637=CIRCLE('',#3156,2.5);
#2638=VERTEX_POINT('',#3160);
#2639=VERTEX_POINT('',#3161);
#2640=CIRCLE('',#3162,2.5);
#2641=VERTEX_POINT('',#3166);
#2642=B_SPLINE_CURVE_WITH_KNOTS('',3,
(#3167,#3168,#3169,#3170,#3171,#3172,#3173,#3174,#3175,#3176,#3177),
.UNSPECIFIED.,.F.,.F.,
(4,1,1,1,1,1,1,1,4),
(0.,0.168814253087097,0.31913050042106,0.447727064320158,0.573624421444227,0.688361249305365,
0.795159225585302,0.897459319018343,1.),
.UNSPECIFIED.);
#2643=VERTEX_POINT('',#3178);
#2644=CIRCLE('',#3179,2.5);
#2645=VERTEX_POINT('',#3183);
#2646=B_SPLINE_CURVE_WITH_KNOTS('',3,
(#3184,#3185,#3186,#3187,#3188,#3189,#3190,#3191,#3192,#3193,#3194),
.UNSPECIFIED.,.F.,.F.,
(4,1,1,1,1,1,1,1,4),
(0.,0.147103664270107,0.287783452923305,0.422849126426301,0.552662245126111,0.683534083736663,
0.814654881791249,0.920105986911367,1.),
.UNSPECIFIED.);
#2647=CIRCLE('',#3195,2.5);
#2648=VERTEX_POINT('',#3199);
#2649=VERTEX_POINT('',#3200);
#2650=CIRCLE('',#3201,4.);
#2651=VERTEX_POINT('',#3205);
#2652=LINE('',#3206,#3207);
#2653=VERTEX_POINT('',#3209);
#2654=CIRCLE('',#3210,3.99999999999999);
#2655=VERTEX_POINT('',#3214);
#2656=LINE('',#3215,#3216);
#2657=VERTEX_POINT('',#3218);
#2658=CIRCLE('',#3219,4.);
#2659=VERTEX_POINT('',#3223);
#2660=LINE('',#3224,#3225);
#2661=VERTEX_POINT('',#3227);
#2662=CIRCLE('',#3228,4.);
#2663=LINE('',#3232,#3233);
#2664=VERTEX_POINT('',#3235);
#2665=VERTEX_POINT('',#3236);
#2666=CIRCLE('',#3237,4.);
#2667=LINE('',#3241,#3242);
#2668=LINE('',#3244,#3245);
#2669=VERTEX_POINT('',#3247);
#2670=LINE('',#3248,#3249);
#2671=LINE('',#3251,#3252);
#2672=VERTEX_POINT('',#3254);
#2673=CIRCLE('',#3255,4.);
#2674=LINE('',#3259,#3260);
#2675=VERTEX_POINT('',#3262);
#2676=LINE('',#3263,#3264);
#2677=LINE('',#3266,#3267);
#2678=VERTEX_POINT('',#3269);
#2679=CIRCLE('',#3270,4.);
#2680=LINE('',#3274,#3275);
#2681=VERTEX_POINT('',#3277);
#2682=LINE('',#3278,#3279);
#2683=LINE('',#3281,#3282);
#2684=VERTEX_POINT('',#3284);
#2685=CIRCLE('',#3285,4.);
#2686=LINE('',#3289,#3290);
#2687=LINE('',#3292,#3293);
#2688=VERTEX_POINT('',#3295);
#2689=CIRCLE('',#3296,40.);
#2690=VERTEX_POINT('',#3300);
#2691=CIRCLE('',#3301,40.);
#2692=VERTEX_POINT('',#3305);
#2693=VERTEX_POINT('',#3306);
#2694=CIRCLE('',#3307,7.5);
#2695=VERTEX_POINT('',#3311);
#2696=LINE('',#3312,#3313);
#2697=VERTEX_POINT('',#3315);
#2698=CIRCLE('',#3316,7.5);
#2699=LINE('',#3320,#3321);
#2700=VERTEX_POINT('',#3323);
#2701=LINE('',#3324,#3325);
#2702=VERTEX_POINT('',#3327);
#2703=LINE('',#3328,#3329);
#2704=LINE('',#3331,#3332);
#2705=VERTEX_POINT('',#3334);
#2706=CIRCLE('',#3335,7.5);
#2707=VERTEX_POINT('',#3339);
#2708=CIRCLE('',#3340,7.5);
#2709=LINE('',#3344,#3345);
#2710=LINE('',#3347,#3348);
#2711=LINE('',#3350,#3351);
#2712=VERTEX_POINT('',#3353);
#2713=VERTEX_POINT('',#3354);
#2714=CIRCLE('',#3355,7.5);
#2715=VERTEX_POINT('',#3359);
#2716=LINE('',#3360,#3361);
#2717=VERTEX_POINT('',#3363);
#2718=CIRCLE('',#3364,7.5);
#2719=LINE('',#3368,#3369);
#2720=VERTEX_POINT('',#3371);
#2721=LINE('',#3372,#3373);
#2722=VERTEX_POINT('',#3375);
#2723=LINE('',#3376,#3377);
#2724=LINE('',#3379,#3380);
#2725=VERTEX_POINT('',#3382);
#2726=CIRCLE('',#3383,7.5);
#2727=VERTEX_POINT('',#3387);
#2728=CIRCLE('',#3388,7.5);
#2729=LINE('',#3392,#3393);
#2730=LINE('',#3395,#3396);
#2731=LINE('',#3398,#3399);
#2732=VERTEX_POINT('',#3401);
#2733=VERTEX_POINT('',#3402);
#2734=LINE('',#3403,#3404);
#2735=VERTEX_POINT('',#3406);
#2736=LINE('',#3407,#3408);
#2737=VERTEX_POINT('',#3410);
#2738=LINE('',#3411,#3412);
#2739=LINE('',#3414,#3415);
#2740=VERTEX_POINT('',#3417);
#2741=CIRCLE('',#3418,7.5);
#2742=VERTEX_POINT('',#3422);
#2743=CIRCLE('',#3423,7.5);
#2744=LINE('',#3427,#3428);
#2745=VERTEX_POINT('',#3430);
#2746=LINE('',#3431,#3432);
#2747=VERTEX_POINT('',#3434);
#2748=LINE('',#3435,#3436);
#2749=LINE('',#3438,#3439);
#2750=CIRCLE('',#3441,7.5);
#2751=CIRCLE('',#3445,7.5);
#2752=VERTEX_POINT('',#3449);
#2753=VERTEX_POINT('',#3450);
#2754=LINE('',#3451,#3452);
#2755=VERTEX_POINT('',#3454);
#2756=LINE('',#3455,#3456);
#2757=VERTEX_POINT('',#3458);
#2758=LINE('',#3459,#3460);
#2759=LINE('',#3462,#3463);
#2760=VERTEX_POINT('',#3465);
#2761=CIRCLE('',#3466,7.5);
#2762=VERTEX_POINT('',#3470);
#2763=CIRCLE('',#3471,7.5);
#2764=LINE('',#3475,#3476);
#2765=VERTEX_POINT('',#3478);
#2766=LINE('',#3479,#3480);
#2767=VERTEX_POINT('',#3482);
#2768=LINE('',#3483,#3484);
#2769=LINE('',#3486,#3487);
#2770=CIRCLE('',#3489,7.5);
#2771=CIRCLE('',#3493,7.5);
#2772=VERTEX_POINT('',#3497);
#2773=B_SPLINE_CURVE_WITH_KNOTS('',3,
(#3498,#3499,#3500,#3501,#3502,#3503,#3504,#3505,#3506,#3507,#3508,#3509),
.UNSPECIFIED.,.F.,.F.,
(4,1,1,1,1,1,1,1,1,4),
(0.,0.106546162126445,0.223062123064183,0.352589884535813,0.493395254446394,0.619068742998451,
0.726570572072089,0.814720153786304,0.905867299102652,1.),
.UNSPECIFIED.);
#2774=CIRCLE('',#3510,1.);
#2775=VERTEX_POINT('',#3514);
#2776=CIRCLE('',#3515,1.);
#2777=B_SPLINE_CURVE_WITH_KNOTS('',3,
(#3519,#3520,#3521,#3522,#3523,#3524,#3525,#3526,#3527,#3528,#3529,#3530),
.UNSPECIFIED.,.F.,.F.,
(4,1,1,1,1,1,1,1,1,4),
(0.,0.106539139642434,0.223048541209694,0.352571239074797,0.493375746496173,0.61905131351154,
0.726557113494789,0.814710752046048,0.905862379034199,1.),
.UNSPECIFIED.);
#2778=VERTEX_POINT('',#3531);
#2779=CIRCLE('',#3532,3.24999999999949);
#2780=CIRCLE('',#3536,1.);
#2781=B_SPLINE_CURVE_WITH_KNOTS('',3,
(#3540,#3541,#3542,#3543,#3544,#3545,#3546,#3547,#3548,#3549,#3550,#3551),
.UNSPECIFIED.,.F.,.F.,
(4,1,1,1,1,1,1,1,1,4),
(0.,0.11187692688544,0.231941284741392,0.362473483945223,0.502129873125485,0.625898256133266,
0.731499520311953,0.818067584792017,0.907571422376262,1.),
.UNSPECIFIED.);
#2782=VERTEX_POINT('',#3552);
#2783=CIRCLE('',#3553,1.);
#2784=LINE('',#3557,#3558);
#2785=LINE('',#3560,#3561);
#2786=VERTEX_POINT('',#3563);
#2787=CIRCLE('',#3564,3.);
#2788=CIRCLE('',#3568,1.);
#2789=VERTEX_POINT('',#3572);
#2790=LINE('',#3573,#3574);
#2791=LINE('',#3576,#3577);
#2792=CIRCLE('',#3579,1.);
#2793=VERTEX_POINT('',#3583);
#2794=CIRCLE('',#3584,3.);
#2795=CIRCLE('',#3588,1.);
#2796=VERTEX_POINT('',#3592);
#2797=B_SPLINE_CURVE_WITH_KNOTS('',3,
(#3593,#3594,#3595,#3596,#3597,#3598,#3599,#3600,#3601,#3602,#3603,#3604),
.UNSPECIFIED.,.F.,.F.,
(4,1,1,1,1,1,1,1,1,4),
(0.,0.111883884864707,0.231954740507041,0.362491950008689,0.50214919367374,0.625915524669937,
0.731512852009316,0.818076903275353,0.907576282176344,1.),
.UNSPECIFIED.);
#2798=LINE('',#3605,#3606);
#2799=LINE('',#3608,#3609);
#2800=CIRCLE('',#3611,1.);
#2801=CIRCLE('',#3615,3.24999999999949);
#2802=CIRCLE('',#3619,1.);
#2803=CIRCLE('',#3623,1.);
#2804=CIRCLE('',#3627,1.);
#2805=CIRCLE('',#3631,1.);
#2806=CIRCLE('',#3635,1.);
#2807=CIRCLE('',#3639,1.);
#2808=CIRCLE('',#3643,1.);
#2809=CIRCLE('',#3647,1.);
#2810=CIRCLE('',#3651,1.);
#2811=CIRCLE('',#3655,1.);
#2812=CIRCLE('',#3659,1.);
#2813=CIRCLE('',#3663,1.);
#2814=CIRCLE('',#3667,1.);
#2815=CIRCLE('',#3671,1.);
#2816=CIRCLE('',#3675,1.);
#2817=CIRCLE('',#3679,1.);
#2818=CIRCLE('',#3683,1.);
#2819=CIRCLE('',#3687,1.);
#2820=CIRCLE('',#3691,1.);
#2821=CIRCLE('',#3695,1.);
#2822=CIRCLE('',#3699,1.);
#2823=CIRCLE('',#3703,1.);
#2824=CIRCLE('',#3707,1.);
#2825=CIRCLE('',#3711,1.);
#2826=CIRCLE('',#3715,1.);
#2827=CIRCLE('',#3719,1.);
#2828=CIRCLE('',#3723,1.);
#2829=CIRCLE('',#3727,1.);
#2830=CARTESIAN_POINT('',(-5.75000000000001,-111.,2.));
#2831=AXIS2_PLACEMENT_3D('',#2832,#2833,#2834);
#2832=CARTESIAN_POINT('',(-4.00000000000001,-111.,2.));
#2833=DIRECTION('',(0.,0.,1.));
#2834=DIRECTION('',(-1.,1.22464679914735E-16,0.));
#2835=CARTESIAN_POINT('',(-5.75000000000001,-111.,0.));
#2836=AXIS2_PLACEMENT_3D('',#2837,#2838,#2839);
#2837=CARTESIAN_POINT('',(-4.00000000000001,-111.,0.));
#2838=DIRECTION('',(0.,0.,1.));
#2839=DIRECTION('',(-1.,1.22464679914735E-16,0.));
#2840=CARTESIAN_POINT('',(-197.75,-111.,2.));
#2841=AXIS2_PLACEMENT_3D('',#2842,#2843,#2844);
#2842=CARTESIAN_POINT('',(-196.,-111.,2.));
#2843=DIRECTION('',(0.,0.,1.));
#2844=DIRECTION('',(-1.,1.22464679914735E-16,0.));
#2845=CARTESIAN_POINT('',(-197.75,-111.,0.));
#2846=AXIS2_PLACEMENT_3D('',#2847,#2848,#2849);
#2847=CARTESIAN_POINT('',(-196.,-111.,0.));
#2848=DIRECTION('',(0.,0.,1.));
#2849=DIRECTION('',(-1.,1.22464679914735E-16,0.));
#2850=CARTESIAN_POINT('',(-5.75,-4.,2.));
#2851=AXIS2_PLACEMENT_3D('',#2852,#2853,#2854);
#2852=CARTESIAN_POINT('',(-4.,-4.,2.));
#2853=DIRECTION('',(0.,0.,1.));
#2854=DIRECTION('',(-1.,1.22464679914735E-16,0.));
#2855=CARTESIAN_POINT('',(-5.75,-4.,0.));
#2856=AXIS2_PLACEMENT_3D('',#2857,#2858,#2859);
#2857=CARTESIAN_POINT('',(-4.,-4.,0.));
#2858=DIRECTION('',(0.,0.,1.));
#2859=DIRECTION('',(-1.,1.22464679914735E-16,0.));
#2860=CARTESIAN_POINT('',(-197.75,-3.99999999999998,2.));
#2861=AXIS2_PLACEMENT_3D('',#2862,#2863,#2864);
#2862=CARTESIAN_POINT('',(-196.,-3.99999999999998,2.));
#2863=DIRECTION('',(0.,0.,1.));
#2864=DIRECTION('',(-1.,1.22464679914735E-16,0.));
#2865=CARTESIAN_POINT('',(-197.75,-3.99999999999998,0.));
#2866=AXIS2_PLACEMENT_3D('',#2867,#2868,#2869);
#2867=CARTESIAN_POINT('',(-196.,-3.99999999999998,0.));
#2868=DIRECTION('',(0.,0.,1.));
#2869=DIRECTION('',(-1.,1.22464679914735E-16,0.));
#2870=CARTESIAN_POINT('',(-101.75,-111.,2.));
#2871=AXIS2_PLACEMENT_3D('',#2872,#2873,#2874);
#2872=CARTESIAN_POINT('',(-100.,-111.,2.));
#2873=DIRECTION('',(0.,0.,1.));
#2874=DIRECTION('',(-1.,1.22464679914735E-16,0.));
#2875=CARTESIAN_POINT('',(-101.75,-111.,0.));
#2876=AXIS2_PLACEMENT_3D('',#2877,#2878,#2879);
#2877=CARTESIAN_POINT('',(-100.,-111.,0.));
#2878=DIRECTION('',(0.,0.,1.));
#2879=DIRECTION('',(-1.,1.22464679914735E-16,0.));
#2880=CARTESIAN_POINT('',(-101.75,-3.99999999999999,2.));
#2881=AXIS2_PLACEMENT_3D('',#2882,#2883,#2884);
#2882=CARTESIAN_POINT('',(-100.,-3.99999999999999,2.));
#2883=DIRECTION('',(0.,0.,1.));
#2884=DIRECTION('',(-1.,1.22464679914735E-16,0.));
#2885=CARTESIAN_POINT('',(-101.75,-3.99999999999999,0.));
#2886=AXIS2_PLACEMENT_3D('',#2887,#2888,#2889);
#2887=CARTESIAN_POINT('',(-100.,-3.99999999999999,0.));
#2888=DIRECTION('',(0.,0.,1.));
#2889=DIRECTION('',(-1.,1.22464679914735E-16,0.));
#2890=CARTESIAN_POINT('',(-5.80277563773209,-114.,4.));
#2891=CARTESIAN_POINT('',(-1.00000000000001,-109.197224362268,4.));
#2892=AXIS2_PLACEMENT_3D('',#2893,#2894,#2895);
#2893=CARTESIAN_POINT('',(-4.,-111.,4.));
#2894=DIRECTION('',(0.,0.,1.));
#2895=DIRECTION('',(0.857142857142854,0.515078753637718,0.));
#2896=CARTESIAN_POINT('',(-1.00000000000005,-5.80277563773198,4.));
#2897=CARTESIAN_POINT('',(-1.00000000000001,-109.197224362268,4.));
#2898=VECTOR('',#2899,1.);
#2899=DIRECTION('',(1.22410270927082E-16,1.,0.));
#2900=CARTESIAN_POINT('',(-5.80277563773203,-0.999999999999999,4.));
#2901=AXIS2_PLACEMENT_3D('',#2902,#2903,#2904);
#2902=CARTESIAN_POINT('',(-4.,-3.99999999999998,4.));
#2903=DIRECTION('',(0.,0.,1.));
#2904=DIRECTION('',(-0.515078753637724,0.85714285714285,0.));
#2905=CARTESIAN_POINT('',(-98.1972243622676,-0.999999999999988,4.));
#2906=CARTESIAN_POINT('',(-5.80277563773203,-0.999999999999999,4.));
#2907=VECTOR('',#2908,1.);
#2908=DIRECTION('',(-1.,1.22564450651562E-16,0.));
#2909=CARTESIAN_POINT('',(-101.802775637732,-0.999999999999988,4.));
#2910=AXIS2_PLACEMENT_3D('',#2911,#2912,#2913);
#2911=CARTESIAN_POINT('',(-100.,-3.99999999999999,4.));
#2912=DIRECTION('',(0.,0.,1.));
#2913=DIRECTION('',(-0.515078753637713,0.857142857142857,0.));
#2914=CARTESIAN_POINT('',(-194.197224362268,-0.999999999999976,4.));
#2915=CARTESIAN_POINT('',(-101.802775637733,-0.999999999999988,4.));
#2916=VECTOR('',#2917,1.);
#2917=DIRECTION('',(-1.,1.23766062912853E-16,0.));
#2918=CARTESIAN_POINT('',(-199.,-5.80277563773199,4.));
#2919=AXIS2_PLACEMENT_3D('',#2920,#2921,#2922);
#2920=CARTESIAN_POINT('',(-196.,-3.99999999999998,4.));
#2921=DIRECTION('',(0.,0.,1.));
#2922=DIRECTION('',(-0.857142857142849,-0.515078753637726,0.));
#2923=CARTESIAN_POINT('',(-199.,-109.197224362268,4.));
#2924=CARTESIAN_POINT('',(-199.,-5.80277563773197,4.));
#2925=VECTOR('',#2926,1.);
#2926=DIRECTION('',(0.,-1.,0.));
#2927=CARTESIAN_POINT('',(-194.197224362268,-114.,4.));
#2928=AXIS2_PLACEMENT_3D('',#2929,#2930,#2931);
#2929=CARTESIAN_POINT('',(-196.,-111.,4.));
#2930=DIRECTION('',(0.,0.,1.));
#2931=DIRECTION('',(0.515078753637731,-0.857142857142846,0.));
#2932=CARTESIAN_POINT('',(-101.802775637732,-114.,4.));
#2933=CARTESIAN_POINT('',(-194.197224362268,-114.,4.));
#2934=VECTOR('',#2935,1.);
#2935=DIRECTION('',(1.,-1.53806369445097E-16,0.));
#2936=CARTESIAN_POINT('',(-98.197224362268,-114.,4.));
#2937=AXIS2_PLACEMENT_3D('',#2938,#2939,#2940);
#2938=CARTESIAN_POINT('',(-100.,-111.,4.));
#2939=DIRECTION('',(0.,0.,1.));
#2940=DIRECTION('',(0.515078753637713,-0.857142857142857,0.));
#2941=CARTESIAN_POINT('',(-98.1972243622679,-114.,4.));
#2942=VECTOR('',#2943,1.);
#2943=DIRECTION('',(1.,-3.07612738890193E-16,0.));
#2944=CARTESIAN_POINT('',(-31.,-90.,4.));
#2945=CARTESIAN_POINT('',(-31.,-25.,4.));
#2946=CARTESIAN_POINT('',(-31.,-25.,4.));
#2947=VECTOR('',#2948,1.);
#2948=DIRECTION('',(-1.09314267040015E-16,-1.,0.));
#2949=CARTESIAN_POINT('',(-14.,-25.,4.));
#2950=AXIS2_PLACEMENT_3D('',#2951,#2952,#2953);
#2951=CARTESIAN_POINT('',(-22.5,-25.,4.));
#2952=DIRECTION('',(0.,0.,-1.));
#2953=DIRECTION('',(-1.,0.,0.));
#2954=CARTESIAN_POINT('',(-14.,-90.,4.));
#2955=CARTESIAN_POINT('',(-14.,-90.,4.));
#2956=VECTOR('',#2957,1.);
#2957=DIRECTION('',(1.09314267040015E-16,1.,0.));
#2958=AXIS2_PLACEMENT_3D('',#2959,#2960,#2961);
#2959=CARTESIAN_POINT('',(-22.5,-90.,4.));
#2960=DIRECTION('',(0.,0.,-1.));
#2961=DIRECTION('',(1.,0.,0.));
#2962=CARTESIAN_POINT('',(-186.,-90.,4.));
#2963=CARTESIAN_POINT('',(-186.,-25.,4.));
#2964=CARTESIAN_POINT('',(-186.,-25.,4.));
#2965=VECTOR('',#2966,1.);
#2966=DIRECTION('',(0.,-1.,0.));
#2967=CARTESIAN_POINT('',(-169.,-25.,4.));
#2968=AXIS2_PLACEMENT_3D('',#2969,#2970,#2971);
#2969=CARTESIAN_POINT('',(-177.5,-25.,4.));
#2970=DIRECTION('',(0.,0.,-1.));
#2971=DIRECTION('',(-1.,0.,0.));
#2972=CARTESIAN_POINT('',(-169.,-90.,4.));
#2973=CARTESIAN_POINT('',(-169.,-90.,4.));
#2974=VECTOR('',#2975,1.);
#2975=DIRECTION('',(0.,1.,0.));
#2976=AXIS2_PLACEMENT_3D('',#2977,#2978,#2979);
#2977=CARTESIAN_POINT('',(-177.5,-90.,4.));
#2978=DIRECTION('',(0.,0.,-1.));
#2979=DIRECTION('',(1.,1.671865260612E-15,0.));
#2980=CARTESIAN_POINT('',(-141.,-57.5,4.));
#2981=AXIS2_PLACEMENT_3D('',#2982,#2983,#2984);
#2982=CARTESIAN_POINT('',(-100.,-57.5,4.));
#2983=DIRECTION('',(0.,0.,1.));
#2984=DIRECTION('',(-1.,1.22464679914735E-16,0.));
#2985=CARTESIAN_POINT('',(-161.,-90.,4.));
#2986=CARTESIAN_POINT('',(-161.,-25.,4.));
#2987=CARTESIAN_POINT('',(-161.,-25.,4.));
#2988=VECTOR('',#2989,1.);
#2989=DIRECTION('',(0.,-1.,0.));
#2990=CARTESIAN_POINT('',(-144.,-25.,4.));
#2991=AXIS2_PLACEMENT_3D('',#2992,#2993,#2994);
#2992=CARTESIAN_POINT('',(-152.5,-25.,4.));
#2993=DIRECTION('',(0.,0.,-1.));
#2994=DIRECTION('',(-1.,0.,0.));
#2995=CARTESIAN_POINT('',(-144.,-90.,4.));
#2996=CARTESIAN_POINT('',(-144.,-90.,4.));
#2997=VECTOR('',#2998,1.);
#2998=DIRECTION('',(0.,1.,0.));
#2999=AXIS2_PLACEMENT_3D('',#3000,#3001,#3002);
#3000=CARTESIAN_POINT('',(-152.5,-90.,4.));
#3001=DIRECTION('',(0.,0.,-1.));
#3002=DIRECTION('',(1.,1.671865260612E-15,0.));
#3003=CARTESIAN_POINT('',(-56.,-90.,4.));
#3004=CARTESIAN_POINT('',(-56.,-25.,4.));
#3005=CARTESIAN_POINT('',(-56.,-25.,4.));
#3006=VECTOR('',#3007,1.);
#3007=DIRECTION('',(-2.18628534080031E-16,-1.,0.));
#3008=CARTESIAN_POINT('',(-39.,-25.,4.));
#3009=AXIS2_PLACEMENT_3D('',#3010,#3011,#3012);
#3010=CARTESIAN_POINT('',(-47.5,-25.,4.));
#3011=DIRECTION('',(0.,0.,-1.));
#3012=DIRECTION('',(-1.,0.,0.));
#3013=CARTESIAN_POINT('',(-39.,-90.,4.));
#3014=CARTESIAN_POINT('',(-39.,-90.,4.));
#3015=VECTOR('',#3016,1.);
#3016=DIRECTION('',(2.18628534080031E-16,1.,0.));
#3017=AXIS2_PLACEMENT_3D('',#3018,#3019,#3020);
#3018=CARTESIAN_POINT('',(-47.5,-90.,4.));
#3019=DIRECTION('',(0.,0.,-1.));
#3020=DIRECTION('',(1.,0.,0.));
#3021=CARTESIAN_POINT('',(-1.5,-111.,2.));
#3022=AXIS2_PLACEMENT_3D('',#3023,#3024,#3025);
#3023=CARTESIAN_POINT('',(-4.,-111.,2.));
#3024=DIRECTION('',(0.,0.,1.));
#3025=DIRECTION('',(1.,0.,0.));
#3026=CARTESIAN_POINT('',(-1.5,-111.,3.));
#3027=AXIS2_PLACEMENT_3D('',#3028,#3029,#3030);
#3028=CARTESIAN_POINT('',(-4.,-111.,3.));
#3029=DIRECTION('',(0.,0.,1.));
#3030=DIRECTION('',(1.,0.,0.));
#3031=CARTESIAN_POINT('',(-97.5,-111.,2.));
#3032=AXIS2_PLACEMENT_3D('',#3033,#3034,#3035);
#3033=CARTESIAN_POINT('',(-100.,-111.,2.));
#3034=DIRECTION('',(0.,0.,1.));
#3035=DIRECTION('',(1.,0.,0.));
#3036=CARTESIAN_POINT('',(-101.287696884094,-113.142857142857,3.));
#3037=CARTESIAN_POINT('',(-97.5,-111.,3.));
#3038=AXIS2_PLACEMENT_3D('',#3039,#3040,#3041);
#3039=CARTESIAN_POINT('',(-100.,-111.,3.));
#3040=DIRECTION('',(0.,0.,1.));
#3041=DIRECTION('',(1.,0.,0.));
#3042=CARTESIAN_POINT('',(-98.7123031159057,-113.142857142857,3.));
#3043=CARTESIAN_POINT('',(-101.287696884094,-113.142857142857,3.));
#3044=CARTESIAN_POINT('',(-101.234681968346,-113.174715142373,3.00087469811334));
#3045=CARTESIAN_POINT('',(-101.127277357763,-113.234178482929,3.00731912718982));
#3046=CARTESIAN_POINT('',(-100.958311686321,-113.311368539739,3.03176834788838));
#3047=CARTESIAN_POINT('',(-100.791409402173,-113.373505451242,3.05874936653559));
#3048=CARTESIAN_POINT('',(-100.626802017184,-113.42218268156,3.08455601807006));
#3049=CARTESIAN_POINT('',(-100.460126422589,-113.45922045533,3.10685312796518));
#3050=CARTESIAN_POINT('',(-100.294216552579,-113.484483487597,3.12332024849398));
#3051=CARTESIAN_POINT('',(-100.130368252906,-113.498362317952,3.1328270378969));
#3052=CARTESIAN_POINT('',(-99.9703006872697,-113.501468112498,3.13498991700357));
#3053=CARTESIAN_POINT('',(-99.8130557065483,-113.494625580534,3.13025134460042));
#3054=CARTESIAN_POINT('',(-99.6554427367238,-113.477868115817,3.11890479748612));
#3055=CARTESIAN_POINT('',(-99.4940786266309,-113.450158831543,3.1012143873177));
#3056=CARTESIAN_POINT('',(-99.3297825831275,-113.410521521905,3.07802479631284));
#3057=CARTESIAN_POINT('',(-99.1668839262208,-113.359158139321,3.05192543262453));
#3058=CARTESIAN_POINT('',(-99.007294769137,-113.296562392118,3.02645437915272));
#3059=CARTESIAN_POINT('',(-98.8537118840705,-113.223882213905,3.00574464762097));
#3060=CARTESIAN_POINT('',(-98.7583707001384,-113.170540315705,3.00052784803548));
#3061=CARTESIAN_POINT('',(-98.7123031159057,-113.142857142857,3.));
#3062=AXIS2_PLACEMENT_3D('',#3063,#3064,#3065);
#3063=CARTESIAN_POINT('',(-100.,-111.,3.));
#3064=DIRECTION('',(0.,0.,1.));
#3065=DIRECTION('',(0.515078753637711,-0.857142857142858,0.));
#3066=CARTESIAN_POINT('',(-193.5,-111.,2.));
#3067=AXIS2_PLACEMENT_3D('',#3068,#3069,#3070);
#3068=CARTESIAN_POINT('',(-196.,-111.,2.));
#3069=DIRECTION('',(0.,0.,1.));
#3070=DIRECTION('',(1.,0.,0.));
#3071=CARTESIAN_POINT('',(-198.142857142857,-109.712303115906,3.));
#3072=CARTESIAN_POINT('',(-193.5,-111.,3.));
#3073=AXIS2_PLACEMENT_3D('',#3074,#3075,#3076);
#3074=CARTESIAN_POINT('',(-196.,-111.,3.));
#3075=DIRECTION('',(0.,0.,1.));
#3076=DIRECTION('',(1.,0.,0.));
#3077=CARTESIAN_POINT('',(-198.5,-111.,3.13397459621552));
#3078=CARTESIAN_POINT('',(-198.142857142857,-109.712303115906,3.));
#3079=CARTESIAN_POINT('',(-198.174784582833,-109.765433587564,3.00087660468365));
#3080=CARTESIAN_POINT('',(-198.234333986418,-109.873012404351,3.00734748794018));
#3081=CARTESIAN_POINT('',(-198.311596978684,-110.04223023479,3.03185282322825));
#3082=CARTESIAN_POINT('',(-198.373826323785,-110.209516923659,3.05890167003458));
#3083=CARTESIAN_POINT('',(-198.42208032831,-110.372972057215,3.08451009816487));
#3084=CARTESIAN_POINT('',(-198.458153613884,-110.535101128619,3.10621569779268));
#3085=CARTESIAN_POINT('',(-198.482539469692,-110.691772086302,3.12200566156527));
#3086=CARTESIAN_POINT('',(-198.496831335594,-110.846084612439,3.1318338343115));
#3087=CARTESIAN_POINT('',(-198.5,-110.948648481972,3.13384458571602));
#3088=CARTESIAN_POINT('',(-198.5,-111.,3.13397459621551));
#3089=CARTESIAN_POINT('',(-196.,-113.5,3.13397459621553));
#3090=AXIS2_PLACEMENT_3D('',#3091,#3092,#3093);
#3091=CARTESIAN_POINT('',(-196.,-111.,3.13397459621551));
#3092=DIRECTION('',(0.,0.,1.));
#3093=DIRECTION('',(-1.,1.13686837721616E-14,0.));
#3094=CARTESIAN_POINT('',(-194.712303115906,-113.142857142857,3.));
#3095=CARTESIAN_POINT('',(-196.,-113.5,3.13397459621554));
#3096=CARTESIAN_POINT('',(-195.9262690584,-113.5,3.13256460775902));
#3097=CARTESIAN_POINT('',(-195.782174843255,-113.493585173379,3.12985107143042));
#3098=CARTESIAN_POINT('',(-195.575292654561,-113.46640757163,3.11121380192364));
#3099=CARTESIAN_POINT('',(-195.38497410794,-113.425577566881,3.08642253295282));
#3100=CARTESIAN_POINT('',(-195.209624849016,-113.373963518295,3.05895101820359));
#3101=CARTESIAN_POINT('',(-195.04786614707,-113.313635738716,3.03266377950344));
#3102=CARTESIAN_POINT('',(-194.908303662968,-113.250566828769,3.01283766162024));
#3103=CARTESIAN_POINT('',(-194.797814354624,-113.192840369668,3.00189474010976));
#3104=CARTESIAN_POINT('',(-194.737486575681,-113.157990518776,3.00035214061417));
#3105=CARTESIAN_POINT('',(-194.712303115906,-113.142857142857,3.));
#3106=AXIS2_PLACEMENT_3D('',#3107,#3108,#3109);
#3107=CARTESIAN_POINT('',(-196.,-111.,3.));
#3108=DIRECTION('',(0.,0.,1.));
#3109=DIRECTION('',(0.515078753637737,-0.857142857142843,0.));
#3110=CARTESIAN_POINT('',(-1.5,-3.99999999999998,2.));
#3111=AXIS2_PLACEMENT_3D('',#3112,#3113,#3114);
#3112=CARTESIAN_POINT('',(-4.,-3.99999999999998,2.));
#3113=DIRECTION('',(0.,0.,1.));
#3114=DIRECTION('',(1.,0.,0.));
#3115=CARTESIAN_POINT('',(-1.5,-3.99999999999998,3.));
#3116=AXIS2_PLACEMENT_3D('',#3117,#3118,#3119);
#3117=CARTESIAN_POINT('',(-4.,-3.99999999999998,3.));
#3118=DIRECTION('',(0.,0.,1.));
#3119=DIRECTION('',(1.,0.,0.));
#3120=CARTESIAN_POINT('',(-97.5,-3.99999999999999,2.));
#3121=AXIS2_PLACEMENT_3D('',#3122,#3123,#3124);
#3122=CARTESIAN_POINT('',(-100.,-3.99999999999999,2.));
#3123=DIRECTION('',(0.,0.,1.));
#3124=DIRECTION('',(1.,0.,0.));
#3125=CARTESIAN_POINT('',(-98.7123031159057,-1.85714285714284,3.));
#3126=CARTESIAN_POINT('',(-97.5,-3.99999999999999,3.));
#3127=AXIS2_PLACEMENT_3D('',#3128,#3129,#3130);
#3128=CARTESIAN_POINT('',(-100.,-3.99999999999999,3.));
#3129=DIRECTION('',(0.,0.,1.));
#3130=DIRECTION('',(1.,0.,0.));
#3131=CARTESIAN_POINT('',(-101.287696884094,-1.85714285714284,3.));
#3132=CARTESIAN_POINT('',(-98.7123031159057,-1.85714285714284,3.));
#3133=CARTESIAN_POINT('',(-98.7653180316646,-1.82528485762068,3.0008746981135));
#3134=CARTESIAN_POINT('',(-98.8727226422642,-1.76582151705622,3.00731912719241));
#3135=CARTESIAN_POINT('',(-99.0416883137296,-1.68863146023953,3.0317683478963));
#3136=CARTESIAN_POINT('',(-99.2085905978878,-1.62649454873783,3.05874936654557));
#3137=CARTESIAN_POINT('',(-99.3731979828814,-1.57781731842342,3.08455601807971));
#3138=CARTESIAN_POINT('',(-99.5398735774771,-1.54077954465774,3.10685312797296));
#3139=CARTESIAN_POINT('',(-99.7057834474868,-1.5155165123957,3.12332024849925));
#3140=CARTESIAN_POINT('',(-99.8696317471568,-1.50163768204444,3.1328270378991));
#3141=CARTESIAN_POINT('',(-100.02969931279,-1.49853188750243,3.13498991700303));
#3142=CARTESIAN_POINT('',(-100.186944293508,-1.50537441946986,3.13025134459745));
#3143=CARTESIAN_POINT('',(-100.344557263331,-1.5221318841906,3.11890479748105));
#3144=CARTESIAN_POINT('',(-100.505921373424,-1.54984116846839,3.10121438731073));
#3145=CARTESIAN_POINT('',(-100.670217416927,-1.58947847811067,3.07802479630453));
#3146=CARTESIAN_POINT('',(-100.833116073833,-1.64084186069833,3.05192543261567));
#3147=CARTESIAN_POINT('',(-100.992705230907,-1.70343760790108,3.02645437914612));
#3148=CARTESIAN_POINT('',(-101.146288115954,-1.77611778610846,3.00574464761891));
#3149=CARTESIAN_POINT('',(-101.24162929987,-1.82945968430013,3.00052784803538));
#3150=CARTESIAN_POINT('',(-101.287696884094,-1.85714285714284,3.));
#3151=AXIS2_PLACEMENT_3D('',#3152,#3153,#3154);
#3152=CARTESIAN_POINT('',(-100.,-3.99999999999999,3.));
#3153=DIRECTION('',(0.,0.,1.));
#3154=DIRECTION('',(-0.515078753637715,0.857142857142856,0.));
#3155=CARTESIAN_POINT('',(-193.5,-3.99999999999998,2.));
#3156=AXIS2_PLACEMENT_3D('',#3157,#3158,#3159);
#3157=CARTESIAN_POINT('',(-196.,-3.99999999999998,2.));
#3158=DIRECTION('',(0.,0.,1.));
#3159=DIRECTION('',(1.,0.,0.));
#3160=CARTESIAN_POINT('',(-194.712303115906,-1.85714285714283,3.));
#3161=CARTESIAN_POINT('',(-193.5,-3.99999999999998,3.));
#3162=AXIS2_PLACEMENT_3D('',#3163,#3164,#3165);
#3163=CARTESIAN_POINT('',(-196.,-3.99999999999998,3.));
#3164=DIRECTION('',(0.,0.,1.));
#3165=DIRECTION('',(1.,0.,0.));
#3166=CARTESIAN_POINT('',(-196.,-1.49999999999998,3.13397459621552));
#3167=CARTESIAN_POINT('',(-194.712303115906,-1.85714285714283,3.));
#3168=CARTESIAN_POINT('',(-194.765433629654,-1.82521539187401,3.00087660537568));
#3169=CARTESIAN_POINT('',(-194.873012495998,-1.76566596462697,3.00734749735567));
#3170=CARTESIAN_POINT('',(-195.042230382007,-1.68840296052393,3.03185284653815));
#3171=CARTESIAN_POINT('',(-195.209517055046,-1.62617363330218,3.05890169154042));
#3172=CARTESIAN_POINT('',(-195.372972186064,-1.57791963826568,3.08451011699948));
#3173=CARTESIAN_POINT('',(-195.5351012608,-1.54184636051613,3.10621571368239));
#3174=CARTESIAN_POINT('',(-195.691772217304,-1.51746051472383,3.12200567216613));
#3175=CARTESIAN_POINT('',(-195.846084693333,-1.50316866095591,3.13183383664484));
#3176=CARTESIAN_POINT('',(-195.948648511934,-1.49999999999998,3.13384458579193));
#3177=CARTESIAN_POINT('',(-196.,-1.49999999999998,3.13397459621551));
#3178=CARTESIAN_POINT('',(-198.5,-3.99999999999998,3.13397459621552));
#3179=AXIS2_PLACEMENT_3D('',#3180,#3181,#3182);
#3180=CARTESIAN_POINT('',(-196.,-3.99999999999998,3.13397459621551));
#3181=DIRECTION('',(0.,0.,1.));
#3182=DIRECTION('',(0.,1.,0.));
#3183=CARTESIAN_POINT('',(-198.142857142857,-5.28769688409429,3.));
#3184=CARTESIAN_POINT('',(-198.5,-3.99999999999998,3.13397459621551));
#3185=CARTESIAN_POINT('',(-198.5,-4.07373086703073,3.13256460918502));
#3186=CARTESIAN_POINT('',(-198.493585181555,-4.21782504744451,3.12985107546056));
#3187=CARTESIAN_POINT('',(-198.466407596665,-4.42470720955279,3.11121381846407));
#3188=CARTESIAN_POINT('',(-198.42557758102,-4.61502584411774,3.08642254063359));
#3189=CARTESIAN_POINT('',(-198.3739635279,-4.79037512385717,3.05895102250674));
#3190=CARTESIAN_POINT('',(-198.313635731735,-4.95213387033858,3.0326637770272));
#3191=CARTESIAN_POINT('',(-198.250566820757,-5.0916963552675,3.01283765871948));
#3192=CARTESIAN_POINT('',(-198.192840355087,-5.2021856712378,3.00189473863368));
#3193=CARTESIAN_POINT('',(-198.157990511728,-5.26251343604783,3.00035214045016));
#3194=CARTESIAN_POINT('',(-198.142857142857,-5.28769688409429,3.));
#3195=AXIS2_PLACEMENT_3D('',#3196,#3197,#3198);
#3196=CARTESIAN_POINT('',(-196.,-3.99999999999998,3.));
#3197=DIRECTION('',(0.,0.,1.));
#3198=DIRECTION('',(-0.857142857142848,-0.515078753637728,0.));
#3199=CARTESIAN_POINT('',(-6.22631953006003E-16,-4.,0.));
#3200=CARTESIAN_POINT('',(-4.,4.74602216389315E-16,0.));
#3201=AXIS2_PLACEMENT_3D('',#3202,#3203,#3204);
#3202=CARTESIAN_POINT('',(-4.,-4.,0.));
#3203=DIRECTION('',(0.,0.,-1.));
#3204=DIRECTION('',(-2.22044604925031E-16,1.,0.));
#3205=CARTESIAN_POINT('',(-1.1134802626324E-14,-111.,0.));
#3206=CARTESIAN_POINT('',(-1.35935794705356E-14,-111.,0.));
#3207=VECTOR('',#3208,1.);
#3208=DIRECTION('',(1.22464679914735E-16,1.,0.));
#3209=CARTESIAN_POINT('',(-4.,-115.,0.));
#3210=AXIS2_PLACEMENT_3D('',#3211,#3212,#3213);
#3211=CARTESIAN_POINT('',(-4.00000000000001,-111.,0.));
#3212=DIRECTION('',(0.,0.,-1.));
#3213=DIRECTION('',(1.,0.,0.));
#3214=CARTESIAN_POINT('',(-196.,-115.,0.));
#3215=CARTESIAN_POINT('',(-196.,-115.,0.));
#3216=VECTOR('',#3217,1.);
#3217=DIRECTION('',(1.,-1.48029736616687E-16,0.));
#3218=CARTESIAN_POINT('',(-200.,-111.,0.));
#3219=AXIS2_PLACEMENT_3D('',#3220,#3221,#3222);
#3220=CARTESIAN_POINT('',(-196.,-111.,0.));
#3221=DIRECTION('',(0.,0.,-1.));
#3222=DIRECTION('',(0.,-1.,0.));
#3223=CARTESIAN_POINT('',(-200.,-3.99999999999998,0.));
#3224=CARTESIAN_POINT('',(-200.,-3.99999999999998,0.));
#3225=VECTOR('',#3226,1.);
#3226=DIRECTION('',(0.,-1.,0.));
#3227=CARTESIAN_POINT('',(-196.,2.39956572861599E-14,0.));
#3228=AXIS2_PLACEMENT_3D('',#3229,#3230,#3231);
#3229=CARTESIAN_POINT('',(-196.,-3.99999999999998,0.));
#3230=DIRECTION('',(0.,0.,-1.));
#3231=DIRECTION('',(-1.,2.22044604925031E-16,0.));
#3232=CARTESIAN_POINT('',(-4.,4.89858719658941E-16,0.));
#3233=VECTOR('',#3234,1.);
#3234=DIRECTION('',(-1.,1.22464679914735E-16,0.));
#3235=CARTESIAN_POINT('',(-4.,4.55531587302282E-16,3.));
#3236=CARTESIAN_POINT('',(-6.77576192227314E-16,-4.,3.));
#3237=AXIS2_PLACEMENT_3D('',#3238,#3239,#3240);
#3238=CARTESIAN_POINT('',(-4.,-4.,3.));
#3239=DIRECTION('',(0.,0.,1.));
#3240=DIRECTION('',(1.,6.12323399573676E-17,0.));
#3241=CARTESIAN_POINT('',(-6.89018569679534E-16,-4.,0.));
#3242=VECTOR('',#3243,1.);
#3243=DIRECTION('',(0.,0.,1.));
#3244=CARTESIAN_POINT('',(-4.,4.66973964754502E-16,0.));
#3245=VECTOR('',#3246,1.);
#3246=DIRECTION('',(0.,0.,1.));
#3247=CARTESIAN_POINT('',(-196.,2.39863823147496E-14,3.));
#3248=CARTESIAN_POINT('',(-4.,4.66973964754502E-16,3.));
#3249=VECTOR('',#3250,1.);
#3250=DIRECTION('',(-1.,1.22525902775215E-16,0.));
#3251=CARTESIAN_POINT('',(-196.,2.39919472975958E-14,0.));
#3252=VECTOR('',#3253,1.);
#3253=DIRECTION('',(0.,0.,1.));
#3254=CARTESIAN_POINT('',(-200.,-3.99999999999997,3.));
#3255=AXIS2_PLACEMENT_3D('',#3256,#3257,#3258);
#3256=CARTESIAN_POINT('',(-196.,-3.99999999999998,3.));
#3257=DIRECTION('',(0.,0.,1.));
#3258=DIRECTION('',(7.15923777280242E-16,1.,0.));
#3259=CARTESIAN_POINT('',(-200.,-3.99999999999998,0.));
#3260=VECTOR('',#3261,1.);
#3261=DIRECTION('',(0.,0.,1.));
#3262=CARTESIAN_POINT('',(-200.,-111.,3.));
#3263=CARTESIAN_POINT('',(-200.,-3.99999999999998,3.));
#3264=VECTOR('',#3265,1.);
#3265=DIRECTION('',(0.,-1.,0.));
#3266=CARTESIAN_POINT('',(-200.,-111.,0.));
#3267=VECTOR('',#3268,1.);
#3268=DIRECTION('',(0.,0.,1.));
#3269=CARTESIAN_POINT('',(-196.,-115.,3.));
#3270=AXIS2_PLACEMENT_3D('',#3271,#3272,#3273);
#3271=CARTESIAN_POINT('',(-196.,-111.,3.));
#3272=DIRECTION('',(0.,0.,1.));
#3273=DIRECTION('',(-1.,1.60812264967664E-16,0.));
#3274=CARTESIAN_POINT('',(-196.,-115.,0.));
#3275=VECTOR('',#3276,1.);
#3276=DIRECTION('',(0.,0.,1.));
#3277=CARTESIAN_POINT('',(-4.,-115.,3.));
#3278=CARTESIAN_POINT('',(-196.,-115.,3.00000000000001));
#3279=VECTOR('',#3280,1.);
#3280=DIRECTION('',(1.,-1.48029736616688E-16,0.));
#3281=CARTESIAN_POINT('',(-4.,-115.,0.));
#3282=VECTOR('',#3283,1.);
#3283=DIRECTION('',(0.,0.,1.));
#3284=CARTESIAN_POINT('',(-9.67115495676604E-15,-111.,3.));
#3285=AXIS2_PLACEMENT_3D('',#3286,#3287,#3288);
#3286=CARTESIAN_POINT('',(-4.00000000000001,-111.,3.));
#3287=DIRECTION('',(0.,0.,1.));
#3288=DIRECTION('',(6.12323399573677E-17,-1.,0.));
#3289=CARTESIAN_POINT('',(-9.90541420421825E-15,-111.,0.));
#3290=VECTOR('',#3291,1.);
#3291=DIRECTION('',(0.,0.,1.));
#3292=CARTESIAN_POINT('',(-1.35691501854813E-14,-111.,3.));
#3293=VECTOR('',#3294,1.);
#3294=DIRECTION('',(1.22450245053521E-16,1.,0.));
#3295=CARTESIAN_POINT('',(-140.,-57.5,3.));
#3296=AXIS2_PLACEMENT_3D('',#3297,#3298,#3299);
#3297=CARTESIAN_POINT('',(-100.,-57.5,3.));
#3298=DIRECTION('',(0.,0.,1.));
#3299=DIRECTION('',(-1.,1.77635683940025E-16,0.));
#3300=CARTESIAN_POINT('',(-140.,-57.5,2.));
#3301=AXIS2_PLACEMENT_3D('',#3302,#3303,#3304);
#3302=CARTESIAN_POINT('',(-100.,-57.5,2.));
#3303=DIRECTION('',(0.,0.,1.));
#3304=DIRECTION('',(-1.,1.22464679914735E-16,0.));
#3305=CARTESIAN_POINT('',(-145.,-25.,3.));
#3306=CARTESIAN_POINT('',(-160.,-25.,3.));
#3307=AXIS2_PLACEMENT_3D('',#3308,#3309,#3310);
#3308=CARTESIAN_POINT('',(-152.5,-25.,3.));
#3309=DIRECTION('',(0.,0.,-1.));
#3310=DIRECTION('',(-1.,0.,0.));
#3311=CARTESIAN_POINT('',(-160.,-25.,2.));
#3312=CARTESIAN_POINT('',(-160.,-25.,2.));
#3313=VECTOR('',#3314,1.);
#3314=DIRECTION('',(0.,0.,1.));
#3315=CARTESIAN_POINT('',(-145.,-25.,2.));
#3316=AXIS2_PLACEMENT_3D('',#3317,#3318,#3319);
#3317=CARTESIAN_POINT('',(-152.5,-25.,2.));
#3318=DIRECTION('',(0.,0.,1.));
#3319=DIRECTION('',(1.,9.473903143468E-16,0.));
#3320=CARTESIAN_POINT('',(-145.,-25.,2.));
#3321=VECTOR('',#3322,1.);
#3322=DIRECTION('',(0.,0.,1.));
#3323=CARTESIAN_POINT('',(-145.,-90.,3.));
#3324=CARTESIAN_POINT('',(-145.,-90.,3.));
#3325=VECTOR('',#3326,1.);
#3326=DIRECTION('',(0.,1.,0.));
#3327=CARTESIAN_POINT('',(-145.,-90.,2.));
#3328=CARTESIAN_POINT('',(-145.,-90.,2.));
#3329=VECTOR('',#3330,1.);
#3330=DIRECTION('',(0.,1.,0.));
#3331=CARTESIAN_POINT('',(-145.,-90.,2.));
#3332=VECTOR('',#3333,1.);
#3333=DIRECTION('',(0.,0.,1.));
#3334=CARTESIAN_POINT('',(-160.,-90.,3.));
#3335=AXIS2_PLACEMENT_3D('',#3336,#3337,#3338);
#3336=CARTESIAN_POINT('',(-152.5,-90.,3.));
#3337=DIRECTION('',(0.,0.,-1.));
#3338=DIRECTION('',(1.,0.,0.));
#3339=CARTESIAN_POINT('',(-160.,-90.,2.));
#3340=AXIS2_PLACEMENT_3D('',#3341,#3342,#3343);
#3341=CARTESIAN_POINT('',(-152.5,-90.,2.));
#3342=DIRECTION('',(0.,0.,1.));
#3343=DIRECTION('',(-1.,0.,0.));
#3344=CARTESIAN_POINT('',(-160.,-90.,2.));
#3345=VECTOR('',#3346,1.);
#3346=DIRECTION('',(0.,0.,1.));
#3347=CARTESIAN_POINT('',(-160.,-25.,3.));
#3348=VECTOR('',#3349,1.);
#3349=DIRECTION('',(0.,-1.,0.));
#3350=CARTESIAN_POINT('',(-160.,-25.,2.));
#3351=VECTOR('',#3352,1.);
#3352=DIRECTION('',(0.,-1.,0.));
#3353=CARTESIAN_POINT('',(-170.,-25.,3.));
#3354=CARTESIAN_POINT('',(-185.,-25.,3.));
#3355=AXIS2_PLACEMENT_3D('',#3356,#3357,#3358);
#3356=CARTESIAN_POINT('',(-177.5,-25.,3.));
#3357=DIRECTION('',(0.,0.,-1.));
#3358=DIRECTION('',(-1.,0.,0.));
#3359=CARTESIAN_POINT('',(-185.,-25.,2.));
#3360=CARTESIAN_POINT('',(-185.,-25.,2.));
#3361=VECTOR('',#3362,1.);
#3362=DIRECTION('',(0.,0.,1.));
#3363=CARTESIAN_POINT('',(-170.,-25.,2.));
#3364=AXIS2_PLACEMENT_3D('',#3365,#3366,#3367);
#3365=CARTESIAN_POINT('',(-177.5,-25.,2.));
#3366=DIRECTION('',(0.,0.,1.));
#3367=DIRECTION('',(1.,1.4210854715202E-15,0.));
#3368=CARTESIAN_POINT('',(-170.,-25.,2.));
#3369=VECTOR('',#3370,1.);
#3370=DIRECTION('',(0.,0.,1.));
#3371=CARTESIAN_POINT('',(-170.,-90.,3.));
#3372=CARTESIAN_POINT('',(-170.,-90.,3.));
#3373=VECTOR('',#3374,1.);
#3374=DIRECTION('',(0.,1.,0.));
#3375=CARTESIAN_POINT('',(-170.,-90.,2.));
#3376=CARTESIAN_POINT('',(-170.,-90.,2.));
#3377=VECTOR('',#3378,1.);
#3378=DIRECTION('',(0.,1.,0.));
#3379=CARTESIAN_POINT('',(-170.,-90.,2.));
#3380=VECTOR('',#3381,1.);
#3381=DIRECTION('',(0.,0.,1.));
#3382=CARTESIAN_POINT('',(-185.,-90.,3.));
#3383=AXIS2_PLACEMENT_3D('',#3384,#3385,#3386);
#3384=CARTESIAN_POINT('',(-177.5,-90.,3.));
#3385=DIRECTION('',(0.,0.,-1.));
#3386=DIRECTION('',(1.,0.,0.));
#3387=CARTESIAN_POINT('',(-185.,-90.,2.));
#3388=AXIS2_PLACEMENT_3D('',#3389,#3390,#3391);
#3389=CARTESIAN_POINT('',(-177.5,-90.,2.));
#3390=DIRECTION('',(0.,0.,1.));
#3391=DIRECTION('',(-1.,0.,0.));
#3392=CARTESIAN_POINT('',(-185.,-90.,2.));
#3393=VECTOR('',#3394,1.);
#3394=DIRECTION('',(0.,0.,1.));
#3395=CARTESIAN_POINT('',(-185.,-25.,3.));
#3396=VECTOR('',#3397,1.);
#3397=DIRECTION('',(0.,-1.,0.));
#3398=CARTESIAN_POINT('',(-185.,-25.,2.));
#3399=VECTOR('',#3400,1.);
#3400=DIRECTION('',(0.,-1.,0.));
#3401=CARTESIAN_POINT('',(-55.,-90.,3.));
#3402=CARTESIAN_POINT('',(-55.,-25.,3.));
#3403=CARTESIAN_POINT('',(-55.,-25.,3.));
#3404=VECTOR('',#3405,1.);
#3405=DIRECTION('',(-2.18628534080031E-16,-1.,0.));
#3406=CARTESIAN_POINT('',(-55.,-90.,2.));
#3407=CARTESIAN_POINT('',(-55.,-90.,2.));
#3408=VECTOR('',#3409,1.);
#3409=DIRECTION('',(0.,0.,1.));
#3410=CARTESIAN_POINT('',(-55.,-25.,2.));
#3411=CARTESIAN_POINT('',(-55.,-25.,2.));
#3412=VECTOR('',#3413,1.);
#3413=DIRECTION('',(-2.18628534080031E-16,-1.,0.));
#3414=CARTESIAN_POINT('',(-55.,-25.,2.));
#3415=VECTOR('',#3416,1.);
#3416=DIRECTION('',(0.,0.,1.));
#3417=CARTESIAN_POINT('',(-40.,-25.,3.));
#3418=AXIS2_PLACEMENT_3D('',#3419,#3420,#3421);
#3419=CARTESIAN_POINT('',(-47.5,-25.,3.));
#3420=DIRECTION('',(0.,0.,-1.));
#3421=DIRECTION('',(-1.,0.,0.));
#3422=CARTESIAN_POINT('',(-40.,-25.,2.));
#3423=AXIS2_PLACEMENT_3D('',#3424,#3425,#3426);
#3424=CARTESIAN_POINT('',(-47.5,-25.,2.));
#3425=DIRECTION('',(0.,0.,1.));
#3426=DIRECTION('',(1.,1.4210854715202E-15,0.));
#3427=CARTESIAN_POINT('',(-40.,-25.,2.));
#3428=VECTOR('',#3429,1.);
#3429=DIRECTION('',(0.,0.,1.));
#3430=CARTESIAN_POINT('',(-40.,-90.,3.));
#3431=CARTESIAN_POINT('',(-40.,-90.,3.));
#3432=VECTOR('',#3433,1.);
#3433=DIRECTION('',(2.18628534080031E-16,1.,0.));
#3434=CARTESIAN_POINT('',(-40.,-90.,2.));
#3435=CARTESIAN_POINT('',(-40.,-90.,2.));
#3436=VECTOR('',#3437,1.);
#3437=DIRECTION('',(2.18628534080031E-16,1.,0.));
#3438=CARTESIAN_POINT('',(-40.,-90.,2.));
#3439=VECTOR('',#3440,1.);
#3440=DIRECTION('',(0.,0.,1.));
#3441=AXIS2_PLACEMENT_3D('',#3442,#3443,#3444);
#3442=CARTESIAN_POINT('',(-47.5,-90.,3.));
#3443=DIRECTION('',(0.,0.,-1.));
#3444=DIRECTION('',(1.,0.,0.));
#3445=AXIS2_PLACEMENT_3D('',#3446,#3447,#3448);
#3446=CARTESIAN_POINT('',(-47.5,-90.,2.));
#3447=DIRECTION('',(0.,0.,1.));
#3448=DIRECTION('',(-1.,0.,0.));
#3449=CARTESIAN_POINT('',(-30.,-90.,3.));
#3450=CARTESIAN_POINT('',(-30.,-25.,3.));
#3451=CARTESIAN_POINT('',(-30.,-25.,3.));
#3452=VECTOR('',#3453,1.);
#3453=DIRECTION('',(-1.09314267040015E-16,-1.,0.));
#3454=CARTESIAN_POINT('',(-30.,-90.,2.));
#3455=CARTESIAN_POINT('',(-30.,-90.,2.));
#3456=VECTOR('',#3457,1.);
#3457=DIRECTION('',(0.,0.,1.));
#3458=CARTESIAN_POINT('',(-30.,-25.,2.));
#3459=CARTESIAN_POINT('',(-30.,-25.,2.));
#3460=VECTOR('',#3461,1.);
#3461=DIRECTION('',(-1.09314267040015E-16,-1.,0.));
#3462=CARTESIAN_POINT('',(-30.,-25.,2.));
#3463=VECTOR('',#3464,1.);
#3464=DIRECTION('',(0.,0.,1.));
#3465=CARTESIAN_POINT('',(-15.,-25.,3.));
#3466=AXIS2_PLACEMENT_3D('',#3467,#3468,#3469);
#3467=CARTESIAN_POINT('',(-22.5,-25.,3.));
#3468=DIRECTION('',(0.,0.,-1.));
#3469=DIRECTION('',(-1.,0.,0.));
#3470=CARTESIAN_POINT('',(-15.,-25.,2.));
#3471=AXIS2_PLACEMENT_3D('',#3472,#3473,#3474);
#3472=CARTESIAN_POINT('',(-22.5,-25.,2.));
#3473=DIRECTION('',(0.,0.,1.));
#3474=DIRECTION('',(1.,1.4210854715202E-15,0.));
#3475=CARTESIAN_POINT('',(-15.,-25.,2.));
#3476=VECTOR('',#3477,1.);
#3477=DIRECTION('',(0.,0.,1.));
#3478=CARTESIAN_POINT('',(-15.,-90.,3.));
#3479=CARTESIAN_POINT('',(-15.,-90.,3.));
#3480=VECTOR('',#3481,1.);
#3481=DIRECTION('',(1.09314267040015E-16,1.,0.));
#3482=CARTESIAN_POINT('',(-15.,-90.,2.));
#3483=CARTESIAN_POINT('',(-15.,-90.,2.));
#3484=VECTOR('',#3485,1.);
#3485=DIRECTION('',(1.09314267040015E-16,1.,0.));
#3486=CARTESIAN_POINT('',(-15.,-90.,2.));
#3487=VECTOR('',#3488,1.);
#3488=DIRECTION('',(0.,0.,1.));
#3489=AXIS2_PLACEMENT_3D('',#3490,#3491,#3492);
#3490=CARTESIAN_POINT('',(-22.5,-90.,3.));
#3491=DIRECTION('',(0.,0.,-1.));
#3492=DIRECTION('',(1.,0.,0.));
#3493=AXIS2_PLACEMENT_3D('',#3494,#3495,#3496);
#3494=CARTESIAN_POINT('',(-22.5,-90.,2.));
#3495=DIRECTION('',(0.,0.,1.));
#3496=DIRECTION('',(-1.,0.,0.));
#3497=CARTESIAN_POINT('',(-0.749999999998932,-111.,3.96824583655149));
#3498=CARTESIAN_POINT('',(-1.00000000000001,-109.197224362268,4.));
#3499=CARTESIAN_POINT('',(-0.982666771504509,-109.259715649683,3.99999454064986));
#3500=CARTESIAN_POINT('',(-0.948135961780575,-109.391029058105,3.99906118232089));
#3501=CARTESIAN_POINT('',(-0.899521561208019,-109.600050718797,3.99532198997755));
#3502=CARTESIAN_POINT('',(-0.853616136847951,-109.830952004349,3.98956040700741));
#3503=CARTESIAN_POINT('',(-0.815204039762476,-110.068864391398,3.98297832913759));
#3504=CARTESIAN_POINT('',(-0.787113342999404,-110.294707381917,3.97716580471922));
#3505=CARTESIAN_POINT('',(-0.769237106107598,-110.489423909022,3.97304273261683));
#3506=CARTESIAN_POINT('',(-0.758019795931943,-110.663598400682,3.97029343037966));
#3507=CARTESIAN_POINT('',(-0.75149271843662,-110.82989618287,3.96863542724892));
#3508=CARTESIAN_POINT('',(-0.749999155533771,-110.942686513138,3.96824051574472));
#3509=CARTESIAN_POINT('',(-0.750000000000435,-111.,3.96824583655187));
#3510=AXIS2_PLACEMENT_3D('',#3511,#3512,#3513);
#3511=CARTESIAN_POINT('',(-1.00000000000001,-111.,3.));
#3512=DIRECTION('',(2.34291072916505E-15,1.,0.));
#3513=DIRECTION('',(0.250000000005508,-5.85727682304167E-16,0.968245836550432));
#3514=CARTESIAN_POINT('',(-0.749999999998926,-3.99999999999999,3.96824583655149));
#3515=AXIS2_PLACEMENT_3D('',#3516,#3517,#3518);
#3516=CARTESIAN_POINT('',(-1.,-4.,3.));
#3517=DIRECTION('',(-1.21641827045887E-16,-1.,0.));
#3518=DIRECTION('',(1.,-1.21641827045887E-16,2.22044604925031E-16));
#3519=CARTESIAN_POINT('',(-1.,-5.80277563773189,4.));
#3520=CARTESIAN_POINT('',(-0.98266791426387,-5.74028846958043,3.9999945420046));
#3521=CARTESIAN_POINT('',(-0.948139091019862,-5.60898308798771,3.99906130081968));
#3522=CARTESIAN_POINT('',(-0.89952670365276,-5.39997260765362,3.99532248568101));
#3523=CARTESIAN_POINT('',(-0.853621776524895,-5.16907897150848,3.9895612453104));
#3524=CARTESIAN_POINT('',(-0.815208826199879,-4.93116909508315,3.98297924603874));
#3525=CARTESIAN_POINT('',(-0.787116594509568,-4.70532311706208,3.97716652579549));
#3526=CARTESIAN_POINT('',(-0.769238960829996,-4.51060054534608,3.97304317837));
#3527=CARTESIAN_POINT('',(-0.758020605265001,-4.33641849469147,3.97029363462835));
#3528=CARTESIAN_POINT('',(-0.751492872381949,-4.170112540196,3.96863546784726));
#3529=CARTESIAN_POINT('',(-0.749999155368149,-4.05731648462538,3.96824051467018));
#3530=CARTESIAN_POINT('',(-0.750000000000429,-3.99999999999999,3.96824583655187));
#3531=CARTESIAN_POINT('',(-4.,-0.749999999993948,3.96824583655152));
#3532=AXIS2_PLACEMENT_3D('',#3533,#3534,#3535);
#3533=CARTESIAN_POINT('',(-4.,-4.,3.96824583655199));
#3534=DIRECTION('',(0.,0.,1.));
#3535=DIRECTION('',(1.,2.73285667600081E-16,0.));
#3536=AXIS2_PLACEMENT_3D('',#3537,#3538,#3539);
#3537=CARTESIAN_POINT('',(-4.00000000000001,-0.999999999999999,3.));
#3538=DIRECTION('',(-1.,-1.98695906687306E-15,0.));
#3539=DIRECTION('',(-4.96739766729224E-16,0.250000000005515,0.96824583655043));
#3540=CARTESIAN_POINT('',(-5.80277563773203,-0.999999999999999,4.));
#3541=CARTESIAN_POINT('',(-5.73715775493263,-0.981799381131962,3.99999355562697));
#3542=CARTESIAN_POINT('',(-5.60059216444265,-0.945985545693115,3.99897536541453));
#3543=CARTESIAN_POINT('',(-5.38562010052093,-0.896404082247488,3.99500776258407));
#3544=CARTESIAN_POINT('',(-5.15257424242814,-0.850674600938864,3.98911070049444));
#3545=CARTESIAN_POINT('',(-4.9157986367182,-0.813057846633943,3.98256129750428));
#3546=CARTESIAN_POINT('',(-4.69288849625,-0.785815994144815,3.97687639194593));
#3547=CARTESIAN_POINT('',(-4.50140683005125,-0.7685519280369,3.97287771617272));
#3548=CARTESIAN_POINT('',(-4.33033137486821,-0.757732836582321,3.97022096359636));
#3549=CARTESIAN_POINT('',(-4.16702677784708,-0.751439144059914,3.96862130258886));
#3550=CARTESIAN_POINT('',(-4.05627503370093,-0.74999920797622,3.96824088408888));
#3551=CARTESIAN_POINT('',(-4.,-0.749999999993681,3.96824583655206));
#3552=CARTESIAN_POINT('',(-196.,-0.999999999999973,4.));
#3553=AXIS2_PLACEMENT_3D('',#3554,#3555,#3556);
#3554=CARTESIAN_POINT('',(-196.,-0.999999999999976,3.));
#3555=DIRECTION('',(1.,-1.2267964422108E-16,0.));
#3556=DIRECTION('',(1.2267964422108E-16,1.,-4.9789962505148E-17));
#3557=CARTESIAN_POINT('',(-194.197224362268,-0.999999999999976,4.));
#3558=VECTOR('',#3559,1.);
#3559=DIRECTION('',(-1.,1.23168185922635E-16,0.));
#3560=CARTESIAN_POINT('',(-98.1972243622674,-0.999999999999988,4.));
#3561=VECTOR('',#3562,1.);
#3562=DIRECTION('',(-1.,9.23761394419702E-17,0.));
#3563=CARTESIAN_POINT('',(-199.,-3.99999999999998,4.));
#3564=AXIS2_PLACEMENT_3D('',#3565,#3566,#3567);
#3565=CARTESIAN_POINT('',(-196.,-3.99999999999998,4.));
#3566=DIRECTION('',(0.,0.,1.));
#3567=DIRECTION('',(0.,1.,0.));
#3568=AXIS2_PLACEMENT_3D('',#3569,#3570,#3571);
#3569=CARTESIAN_POINT('',(-199.,-3.99999999999997,3.));
#3570=DIRECTION('',(-1.12166540207738E-15,-1.,0.));
#3571=DIRECTION('',(0.,0.,1.));
#3572=CARTESIAN_POINT('',(-199.,-111.,3.99999999999999));
#3573=CARTESIAN_POINT('',(-199.,-109.197224362268,4.));
#3574=VECTOR('',#3575,1.);
#3575=DIRECTION('',(0.,-1.,0.));
#3576=CARTESIAN_POINT('',(-199.,-3.99999999999998,4.));
#3577=VECTOR('',#3578,1.);
#3578=DIRECTION('',(0.,-1.,0.));
#3579=AXIS2_PLACEMENT_3D('',#3580,#3581,#3582);
#3580=CARTESIAN_POINT('',(-199.,-111.,3.));
#3581=DIRECTION('',(0.,1.,0.));
#3582=DIRECTION('',(-1.,0.,6.12323399573677E-17));
#3583=CARTESIAN_POINT('',(-196.,-114.,3.99999999999999));
#3584=AXIS2_PLACEMENT_3D('',#3585,#3586,#3587);
#3585=CARTESIAN_POINT('',(-196.,-111.,4.));
#3586=DIRECTION('',(0.,0.,1.));
#3587=DIRECTION('',(-1.,0.,0.));
#3588=AXIS2_PLACEMENT_3D('',#3589,#3590,#3591);
#3589=CARTESIAN_POINT('',(-196.,-114.,3.));
#3590=DIRECTION('',(1.,-1.22464679914735E-16,0.));
#3591=DIRECTION('',(0.,0.,1.));
#3592=CARTESIAN_POINT('',(-4.,-114.250000000006,3.96824583655152));
#3593=CARTESIAN_POINT('',(-5.80277563773207,-114.,4.));
#3594=CARTESIAN_POINT('',(-5.73715367396197,-114.018201751094,3.99999355412322));
#3595=CARTESIAN_POINT('',(-5.60058012757056,-114.054017544818,3.99897524284802));
#3596=CARTESIAN_POINT('',(-5.38559697990288,-114.103600966016,3.99500725966986));
#3597=CARTESIAN_POINT('',(-5.15254354964106,-114.14933090924,3.9891098644113));
#3598=CARTESIAN_POINT('',(-4.91576546006711,-114.186946817232,3.982560393876));
#3599=CARTESIAN_POINT('',(-4.69285828116627,-114.214187170263,3.97687568616137));
#3600=CARTESIAN_POINT('',(-4.50138260010355,-114.231449876478,3.97287728134048));
#3601=CARTESIAN_POINT('',(-4.33031464446061,-114.242267950488,3.97022076479985));
#3602=CARTESIAN_POINT('',(-4.16701814281159,-114.248561004372,3.96862126344961));
#3603=CARTESIAN_POINT('',(-4.05627207286998,-114.250000791031,3.96824088529896));
#3604=CARTESIAN_POINT('',(-4.,-114.250000000006,3.96824583655206));
#3605=CARTESIAN_POINT('',(-101.802775637732,-114.,4.));
#3606=VECTOR('',#3607,1.);
#3607=DIRECTION('',(1.,0.,0.));
#3608=CARTESIAN_POINT('',(-196.,-114.,4.));
#3609=VECTOR('',#3610,1.);
#3610=DIRECTION('',(1.,0.,0.));
#3611=AXIS2_PLACEMENT_3D('',#3612,#3613,#3614);
#3612=CARTESIAN_POINT('',(-4.,-114.,3.));
#3613=DIRECTION('',(-1.,1.4210854715202E-16,1.13595970351826E-30));
#3614=DIRECTION('',(-1.4210854715202E-16,-1.,1.56263890715991E-14));
#3615=AXIS2_PLACEMENT_3D('',#3616,#3617,#3618);
#3616=CARTESIAN_POINT('',(-4.00000000000001,-111.,3.96824583655199));
#3617=DIRECTION('',(0.,0.,-1.));
#3618=DIRECTION('',(1.,-1.78634811668257E-15,0.));
#3619=AXIS2_PLACEMENT_3D('',#3620,#3621,#3622);
#3620=CARTESIAN_POINT('',(-161.,-90.,3.));
#3621=DIRECTION('',(4.16333634234434E-16,1.,0.));
#3622=DIRECTION('',(0.,0.,1.));
#3623=AXIS2_PLACEMENT_3D('',#3624,#3625,#3626);
#3624=CARTESIAN_POINT('',(-161.,-25.,3.));
#3625=DIRECTION('',(0.,1.,0.));
#3626=DIRECTION('',(6.12323399573677E-17,0.,1.));
#3627=AXIS2_PLACEMENT_3D('',#3628,#3629,#3630);
#3628=CARTESIAN_POINT('',(-144.,-25.,3.));
#3629=DIRECTION('',(1.33226762955019E-15,-1.,0.));
#3630=DIRECTION('',(0.,0.,1.));
#3631=AXIS2_PLACEMENT_3D('',#3632,#3633,#3634);
#3632=CARTESIAN_POINT('',(-144.,-90.,3.));
#3633=DIRECTION('',(0.,-1.,0.));
#3634=DIRECTION('',(-6.12323399573677E-17,0.,1.));
#3635=AXIS2_PLACEMENT_3D('',#3636,#3637,#3638);
#3636=CARTESIAN_POINT('',(-186.,-89.9999999999999,3.));
#3637=DIRECTION('',(3.08086889333481E-15,1.,0.));
#3638=DIRECTION('',(0.,0.,1.));
#3639=AXIS2_PLACEMENT_3D('',#3640,#3641,#3642);
#3640=CARTESIAN_POINT('',(-186.,-25.,3.));
#3641=DIRECTION('',(0.,1.,0.));
#3642=DIRECTION('',(6.12323399573677E-17,0.,1.));
#3643=AXIS2_PLACEMENT_3D('',#3644,#3645,#3646);
#3644=CARTESIAN_POINT('',(-169.,-25.,3.));
#3645=DIRECTION('',(1.33226762955019E-15,-1.,0.));
#3646=DIRECTION('',(0.,0.,1.));
#3647=AXIS2_PLACEMENT_3D('',#3648,#3649,#3650);
#3648=CARTESIAN_POINT('',(-169.,-90.,3.));
#3649=DIRECTION('',(0.,-1.,0.));
#3650=DIRECTION('',(-6.12323399573677E-17,0.,1.));
#3651=AXIS2_PLACEMENT_3D('',#3652,#3653,#3654);
#3652=CARTESIAN_POINT('',(-56.,-90.,3.));
#3653=DIRECTION('',(-9.15933995315754E-16,1.,0.));
#3654=DIRECTION('',(0.,0.,1.));
#3655=AXIS2_PLACEMENT_3D('',#3656,#3657,#3658);
#3656=CARTESIAN_POINT('',(-56.,-25.,3.));
#3657=DIRECTION('',(1.94669242674E-16,1.,0.));
#3658=DIRECTION('',(6.12323399573677E-17,-1.19200532466577E-32,1.));
#3659=AXIS2_PLACEMENT_3D('',#3660,#3661,#3662);
#3660=CARTESIAN_POINT('',(-39.,-25.,3.));
#3661=DIRECTION('',(1.33226762955019E-15,-1.,0.));
#3662=DIRECTION('',(0.,0.,1.));
#3663=AXIS2_PLACEMENT_3D('',#3664,#3665,#3666);
#3664=CARTESIAN_POINT('',(-39.,-90.,3.));
#3665=DIRECTION('',(-1.94669242674E-16,-1.,0.));
#3666=DIRECTION('',(-6.12323399573677E-17,1.19200532466577E-32,1.));
#3667=AXIS2_PLACEMENT_3D('',#3668,#3669,#3670);
#3668=CARTESIAN_POINT('',(-31.,-90.,3.));
#3669=DIRECTION('',(-8.32667268468868E-16,1.,0.));
#3670=DIRECTION('',(0.,0.,1.));
#3671=AXIS2_PLACEMENT_3D('',#3672,#3673,#3674);
#3672=CARTESIAN_POINT('',(-31.,-25.,3.));
#3673=DIRECTION('',(9.7334621337E-17,1.,0.));
#3674=DIRECTION('',(6.12323399573677E-17,-5.96002662332884E-33,1.));
#3675=AXIS2_PLACEMENT_3D('',#3676,#3677,#3678);
#3676=CARTESIAN_POINT('',(-14.,-25.,3.));
#3677=DIRECTION('',(1.72084568816899E-15,-1.,0.));
#3678=DIRECTION('',(0.,0.,1.));
#3679=AXIS2_PLACEMENT_3D('',#3680,#3681,#3682);
#3680=CARTESIAN_POINT('',(-14.,-90.,3.));
#3681=DIRECTION('',(-1.2166827667125E-16,-1.,0.));
#3682=DIRECTION('',(-6.12323399573677E-17,7.45003327916104E-33,1.));
#3683=AXIS2_PLACEMENT_3D('',#3684,#3685,#3686);
#3684=CARTESIAN_POINT('',(-194.197224362268,-0.999999999999976,3.));
#3685=DIRECTION('',(0.857142857142857,-0.515078753637713,0.));
#3686=DIRECTION('',(0.,0.,1.));
#3687=AXIS2_PLACEMENT_3D('',#3688,#3689,#3690);
#3688=CARTESIAN_POINT('',(-199.,-5.80277563773202,3.));
#3689=DIRECTION('',(-0.515078753637726,0.857142857142849,0.));
#3690=DIRECTION('',(0.,0.,1.));
#3691=AXIS2_PLACEMENT_3D('',#3692,#3693,#3694);
#3692=CARTESIAN_POINT('',(-199.5,-3.99999999999998,3.13397459621553));
#3693=DIRECTION('',(6.12323399573677E-17,1.,0.));
#3694=DIRECTION('',(0.499999999999973,-3.06161699786822E-17,0.866025403784454));
#3695=AXIS2_PLACEMENT_3D('',#3696,#3697,#3698);
#3696=CARTESIAN_POINT('',(-196.,-0.499999999999987,3.13397459621553));
#3697=DIRECTION('',(1.,0.,0.));
#3698=DIRECTION('',(0.,-0.499999999999979,0.866025403784451));
#3699=AXIS2_PLACEMENT_3D('',#3700,#3701,#3702);
#3700=CARTESIAN_POINT('',(-98.197224362268,-0.999999999999988,3.));
#3701=DIRECTION('',(0.857142857142857,-0.515078753637713,0.));
#3702=DIRECTION('',(0.,0.,1.));
#3703=AXIS2_PLACEMENT_3D('',#3704,#3705,#3706);
#3704=CARTESIAN_POINT('',(-101.802775637732,-0.999999999999988,3.));
#3705=DIRECTION('',(0.857142857142857,0.515078753637713,0.));
#3706=DIRECTION('',(0.,0.,1.));
#3707=AXIS2_PLACEMENT_3D('',#3708,#3709,#3710);
#3708=CARTESIAN_POINT('',(-199.,-109.197224362268,3.));
#3709=DIRECTION('',(0.515078753637714,0.857142857142856,0.));
#3710=DIRECTION('',(0.,0.,1.));
#3711=AXIS2_PLACEMENT_3D('',#3712,#3713,#3714);
#3712=CARTESIAN_POINT('',(-194.197224362268,-114.,3.));
#3713=DIRECTION('',(-0.857142857142845,-0.515078753637733,0.));
#3714=DIRECTION('',(0.,0.,1.));
#3715=AXIS2_PLACEMENT_3D('',#3716,#3717,#3718);
#3716=CARTESIAN_POINT('',(-196.,-114.5,3.13397459621553));
#3717=DIRECTION('',(-1.,3.88039954466791E-15,0.));
#3718=DIRECTION('',(1.9401997723339E-15,0.499999999999986,0.866025403784447));
#3719=AXIS2_PLACEMENT_3D('',#3720,#3721,#3722);
#3720=CARTESIAN_POINT('',(-199.5,-111.,3.13397459621553));
#3721=DIRECTION('',(1.13686837721616E-14,1.,0.));
#3722=DIRECTION('',(0.499999999999997,-5.68434188608076E-15,0.866025403784441));
#3723=AXIS2_PLACEMENT_3D('',#3724,#3725,#3726);
#3724=CARTESIAN_POINT('',(-101.802775637732,-114.,3.));
#3725=DIRECTION('',(-0.857142857142857,0.515078753637713,0.));
#3726=DIRECTION('',(0.,0.,1.));
#3727=AXIS2_PLACEMENT_3D('',#3728,#3729,#3730);
#3728=CARTESIAN_POINT('',(-98.197224362268,-114.,3.));
#3729=DIRECTION('',(-0.857142857142857,-0.515078753637712,0.));
#3730=DIRECTION('',(0.,0.,1.));
ENDSEC;
END-ISO-10303-21;
