ISO-10303-21;
HEADER;
FILE_DESCRIPTION(('STEP AP242'),
    '1');
FILE_NAME('BackMount_magnetic',
    '',
    ('UNSPECIFIED'),
    ('UNSPECIFIED'),
    'C3D Converter',
    'C3D Toolkit',
    '');
FILE_SCHEMA(('AP242_MANAGED_MODEL_BASED_3D_ENGINEERING_MIM_LF { 1 0 10303 442 1 1 4 }'));
ENDSEC;

DATA;
#1=PRODUCT_DEFINITION('','UNSPECIFIED',#28,#31);
#2=SHAPE_DEFINITION_REPRESENTATION(#26,#3);
#3=SHAPE_REPRESENTATION('NONE',(#4),#8);
#4=AXIS2_PLACEMENT_3D('',#5,#6,#7);
#5=CARTESIAN_POINT('',(0.,0.,0.));
#6=DIRECTION('',(0.,0.,1.));
#7=DIRECTION('',(1.,0.,0.));
#8=(GEOMETRIC_REPRESENTATION_CONTEXT(3)GLOBAL_UNCERTAINTY_ASSIGNED_CONTEXT((#10))
GLOBAL_UNIT_ASSIGNED_CONTEXT((#9,#11,#12))REPRESENTATION_CONTEXT('NONE','NONE'));
#9=(LENGTH_UNIT()NAMED_UNIT(*)SI_UNIT(.MILLI.,.METRE.));
#10=UNCERTAINTY_MEASURE_WITH_UNIT(LENGTH_MEASURE(1.E-5),#9,'NONE','NONE');
#11=(NAMED_UNIT(*)PLANE_ANGLE_UNIT()SI_UNIT($,.RADIAN.));
#12=(NAMED_UNIT(*)SI_UNIT($,.STERADIAN.)SOLID_ANGLE_UNIT());
#13=MANIFOLD_SOLID_BREP('',#14);
#14=CLOSED_SHELL('',(#53,#54,#55,#56,#57,#58,#59,#60,#61,#62,#63,#64,#65,#66,#67,
#68,#69,#70,#71,#72,#73,#74,#75,#76,#77,#78,#79,#80,#81,#82,#83,#84,#85,#86,#87,
#88,#89,#90,#91,#92,#93,#94,#95,#96,#97,#98,#99,#100,#101,#102,#103,#104,#105,#106,
#107,#108,#109,#110,#111,#112,#113,#114,#115,#116,#117,#118,#119,#120,#121,#122,
#123,#124,#125,#126,#127,#128,#129,#130,#131,#132,#133));
#15=COLOUR_RGB('',0.564705882352941,0.564705882352941,0.564705882352941);
#16=FILL_AREA_STYLE_COLOUR('',#15);
#17=FILL_AREA_STYLE($,(#16));
#18=SURFACE_STYLE_FILL_AREA(#17);
#19=SURFACE_SIDE_STYLE('',(#18));
#20=SURFACE_STYLE_USAGE(.BOTH.,#19);
#21=PRESENTATION_STYLE_ASSIGNMENT((#20));
#22=MECHANICAL_DESIGN_GEOMETRIC_PRESENTATION_REPRESENTATION('NONE',(#23),#8);
#23=STYLED_ITEM('',(#21),#13);
#24=ADVANCED_BREP_SHAPE_REPRESENTATION('NONE',(#13),#8);
#25=SHAPE_REPRESENTATION_RELATIONSHIP('','',#3,#24);
#26=PRODUCT_DEFINITION_SHAPE('NONE','NONE',#1);
#27=MECHANICAL_CONTEXT('NONE',#32,'mechanical');
#28=PRODUCT_DEFINITION_FORMATION_WITH_SPECIFIED_SOURCE('ANY','UNSPECIFIED',#29,.NOT_KNOWN.);
#29=PRODUCT('','\X2\0414043504420430043B044C\X0\','NONE',(#27));
#30=PRODUCT_RELATED_PRODUCT_CATEGORY('detail','',(#29));
#31=DESIGN_CONTEXT('detailed design',#32,'design');
#32=APPLICATION_CONTEXT('configuration controlled 3d designs of mechanical parts and assemblies');
#33=APPLICATION_PROTOCOL_DEFINITION('international standard','config_control_design',
1994,#32);
#34=CC_DESIGN_DATE_AND_TIME_ASSIGNMENT(#35,#39,(#1));
#35=DATE_AND_TIME(#36,#37);
#36=CALENDAR_DATE(0,1,1);
#37=LOCAL_TIME(0,0,0.,#38);
#38=COORDINATED_UNIVERSAL_TIME_OFFSET(0,0,.AHEAD.);
#39=DATE_TIME_ROLE('creation_date');
#40=CC_DESIGN_APPROVAL(#41,(#1));
#41=APPROVAL(#42,'UNSPECIFIED');
#42=APPROVAL_STATUS('not_yet_approved');
#43=APPROVAL_DATE_TIME(#44,#41);
#44=DATE_AND_TIME(#45,#46);
#45=CALENDAR_DATE(0,1,1);
#46=LOCAL_TIME(0,0,0.,#47);
#47=COORDINATED_UNIVERSAL_TIME_OFFSET(0,0,.AHEAD.);
#48=PERSON('UNSPECIFIED','Cybermeatball','UNSPECIFIED',('UNSPECIFIED'),('UNSPECIFIED'),
('UNSPECIFIED'));
#49=ORGANIZATION('UNSPECIFIED','UNSPECIFIED','UNSPECIFIED');
#50=PERSON_AND_ORGANIZATION(#48,#49);
#51=PERSON_AND_ORGANIZATION_ROLE('creator');
#52=CC_DESIGN_PERSON_AND_ORGANIZATION_ASSIGNMENT(#50,#51,(#28,#1));
#53=ADVANCED_FACE('',(#134,#136,#138,#140),#142,.F.);
#54=ADVANCED_FACE('',(#147,#149,#151,#153,#155,#157),#159,.T.);
#55=ADVANCED_FACE('',(#164,#166),#168,.T.);
#56=ADVANCED_FACE('',(#173,#175),#177,.T.);
#57=ADVANCED_FACE('',(#182),#184,.F.);
#58=ADVANCED_FACE('',(#189),#191,.F.);
#59=ADVANCED_FACE('',(#196),#198,.F.);
#60=ADVANCED_FACE('',(#203),#205,.F.);
#61=ADVANCED_FACE('',(#210),#212,.T.);
#62=ADVANCED_FACE('',(#217),#219,.F.);
#63=ADVANCED_FACE('',(#224),#226,.F.);
#64=ADVANCED_FACE('',(#231),#233,.F.);
#65=ADVANCED_FACE('',(#238),#240,.F.);
#66=ADVANCED_FACE('',(#245,#247,#249),#251,.F.);
#67=ADVANCED_FACE('',(#256),#258,.T.);
#68=ADVANCED_FACE('',(#263),#265,.T.);
#69=ADVANCED_FACE('',(#270),#272,.T.);
#70=ADVANCED_FACE('',(#277),#279,.T.);
#71=ADVANCED_FACE('',(#284,#286),#288,.T.);
#72=ADVANCED_FACE('',(#293),#295,.T.);
#73=ADVANCED_FACE('',(#300),#302,.T.);
#74=ADVANCED_FACE('',(#307),#309,.T.);
#75=ADVANCED_FACE('',(#314),#316,.T.);
#76=ADVANCED_FACE('',(#321),#323,.F.);
#77=ADVANCED_FACE('',(#328),#330,.F.);
#78=ADVANCED_FACE('',(#335),#337,.F.);
#79=ADVANCED_FACE('',(#342),#344,.T.);
#80=ADVANCED_FACE('',(#349),#351,.T.);
#81=ADVANCED_FACE('',(#356),#358,.T.);
#82=ADVANCED_FACE('',(#363),#365,.T.);
#83=ADVANCED_FACE('',(#370,#372),#374,.F.);
#84=ADVANCED_FACE('',(#379,#381),#383,.F.);
#85=ADVANCED_FACE('',(#388),#390,.F.);
#86=ADVANCED_FACE('',(#395,#397),#399,.F.);
#87=ADVANCED_FACE('',(#404),#406,.F.);
#88=ADVANCED_FACE('',(#411,#413),#415,.F.);
#89=ADVANCED_FACE('',(#420),#422,.F.);
#90=ADVANCED_FACE('',(#427,#429),#431,.F.);
#91=ADVANCED_FACE('',(#436),#438,.F.);
#92=ADVANCED_FACE('',(#443),#445,.T.);
#93=ADVANCED_FACE('',(#450),#452,.T.);
#94=ADVANCED_FACE('',(#457),#459,.T.);
#95=ADVANCED_FACE('',(#464),#466,.T.);
#96=ADVANCED_FACE('',(#471,#473),#475,.F.);
#97=ADVANCED_FACE('',(#480,#482),#484,.F.);
#98=ADVANCED_FACE('',(#489),#491,.T.);
#99=ADVANCED_FACE('',(#496,#498),#500,.T.);
#100=ADVANCED_FACE('',(#505,#507),#509,.T.);
#101=ADVANCED_FACE('',(#514,#516),#518,.F.);
#102=ADVANCED_FACE('',(#523),#525,.F.);
#103=ADVANCED_FACE('',(#530,#532),#534,.F.);
#104=ADVANCED_FACE('',(#539),#541,.F.);
#105=ADVANCED_FACE('',(#546,#548),#550,.F.);
#106=ADVANCED_FACE('',(#555,#557),#559,.F.);
#107=ADVANCED_FACE('',(#564),#566,.F.);
#108=ADVANCED_FACE('',(#571,#573),#575,.F.);
#109=ADVANCED_FACE('',(#580),#582,.F.);
#110=ADVANCED_FACE('',(#587,#589),#591,.T.);
#111=ADVANCED_FACE('',(#596),#598,.T.);
#112=ADVANCED_FACE('',(#603,#605),#607,.F.);
#113=ADVANCED_FACE('',(#612,#614),#616,.F.);
#114=ADVANCED_FACE('',(#621),#623,.T.);
#115=ADVANCED_FACE('',(#628,#630),#632,.F.);
#116=ADVANCED_FACE('',(#637,#639),#641,.F.);
#117=ADVANCED_FACE('',(#646,#648),#650,.F.);
#118=ADVANCED_FACE('',(#655,#657),#659,.F.);
#119=ADVANCED_FACE('',(#664,#666),#668,.F.);
#120=ADVANCED_FACE('',(#673),#675,.T.);
#121=ADVANCED_FACE('',(#680),#682,.T.);
#122=ADVANCED_FACE('',(#687),#689,.T.);
#123=ADVANCED_FACE('',(#694),#696,.T.);
#124=ADVANCED_FACE('',(#701),#703,.T.);
#125=ADVANCED_FACE('',(#708),#710,.T.);
#126=ADVANCED_FACE('',(#715),#717,.T.);
#127=ADVANCED_FACE('',(#722),#724,.T.);
#128=ADVANCED_FACE('',(#729),#731,.T.);
#129=ADVANCED_FACE('',(#736),#738,.T.);
#130=ADVANCED_FACE('',(#743),#745,.T.);
#131=ADVANCED_FACE('',(#750),#752,.T.);
#132=ADVANCED_FACE('',(#757),#759,.T.);
#133=ADVANCED_FACE('',(#764),#766,.T.);
#134=FACE_BOUND('',#135,.T.);
#135=EDGE_LOOP('',(#771,#772,#773,#774,#775,#776,#777,#778,#779,#780,#781,#782));
#136=FACE_BOUND('',#137,.T.);
#137=EDGE_LOOP('',(#783,#784,#785,#786));
#138=FACE_BOUND('',#139,.T.);
#139=EDGE_LOOP('',(#787));
#140=FACE_BOUND('',#141,.T.);
#141=EDGE_LOOP('',(#788,#789,#790,#791));
#142=PLANE('',#143);
#143=AXIS2_PLACEMENT_3D('',#144,#145,#146);
#144=CARTESIAN_POINT('',(0.,0.,0.));
#145=DIRECTION('',(0.,0.,1.));
#146=DIRECTION('',(-1.,1.22464679914735E-16,0.));
#147=FACE_BOUND('',#148,.T.);
#148=EDGE_LOOP('',(#792,#793,#794,#795,#796,#797,#798,#799,#800,#801,#802,#803,#804,
#805,#806,#807));
#149=FACE_BOUND('',#150,.T.);
#150=EDGE_LOOP('',(#808,#809,#810,#811));
#151=FACE_BOUND('',#152,.T.);
#152=EDGE_LOOP('',(#812,#813,#814,#815));
#153=FACE_BOUND('',#154,.T.);
#154=EDGE_LOOP('',(#816,#817,#818,#819));
#155=FACE_BOUND('',#156,.T.);
#156=EDGE_LOOP('',(#820));
#157=FACE_BOUND('',#158,.T.);
#158=EDGE_LOOP('',(#821,#822,#823,#824));
#159=PLANE('',#160);
#160=AXIS2_PLACEMENT_3D('',#161,#162,#163);
#161=CARTESIAN_POINT('',(0.,0.,20.));
#162=DIRECTION('',(0.,0.,1.));
#163=DIRECTION('',(-1.,1.22464679914735E-16,0.));
#164=FACE_BOUND('',#165,.T.);
#165=EDGE_LOOP('',(#825,#826,#827,#828));
#166=FACE_BOUND('',#167,.T.);
#167=EDGE_LOOP('',(#829));
#168=PLANE('',#169);
#169=AXIS2_PLACEMENT_3D('',#170,#171,#172);
#170=CARTESIAN_POINT('',(-60.,7.34788079488412E-15,0.));
#171=DIRECTION('',(-1.,1.4210854715202E-16,0.));
#172=DIRECTION('',(-1.4210854715202E-16,-1.,0.));
#173=FACE_BOUND('',#174,.T.);
#174=EDGE_LOOP('',(#830,#831,#832,#833));
#175=FACE_BOUND('',#176,.T.);
#176=EDGE_LOOP('',(#834));
#177=PLANE('',#178);
#178=AXIS2_PLACEMENT_3D('',#179,#180,#181);
#179=CARTESIAN_POINT('',(-6.12323399573677E-15,-50.,0.));
#180=DIRECTION('',(1.,-1.22464679914735E-16,0.));
#181=DIRECTION('',(1.22464679914735E-16,1.,0.));
#182=FACE_BOUND('',#183,.T.);
#183=EDGE_LOOP('',(#835,#836,#837,#838));
#184=PLANE('',#185);
#185=AXIS2_PLACEMENT_3D('',#186,#187,#188);
#186=CARTESIAN_POINT('',(-52.,-40.,0.));
#187=DIRECTION('',(1.,0.,0.));
#188=DIRECTION('',(0.,1.,0.));
#189=FACE_BOUND('',#190,.T.);
#190=EDGE_LOOP('',(#839,#840,#841,#842));
#191=PLANE('',#192);
#192=AXIS2_PLACEMENT_3D('',#193,#194,#195);
#193=CARTESIAN_POINT('',(-52.,-37.,0.));
#194=DIRECTION('',(0.,1.,0.));
#195=DIRECTION('',(-1.,0.,0.));
#196=FACE_BOUND('',#197,.T.);
#197=EDGE_LOOP('',(#843,#844,#845,#846));
#198=PLANE('',#199);
#199=AXIS2_PLACEMENT_3D('',#200,#201,#202);
#200=CARTESIAN_POINT('',(-55.,-37.,0.));
#201=DIRECTION('',(-1.,0.,0.));
#202=DIRECTION('',(0.,-1.,0.));
#203=FACE_BOUND('',#204,.T.);
#204=EDGE_LOOP('',(#847,#848,#849,#850,#851,#852));
#205=PLANE('',#206);
#206=AXIS2_PLACEMENT_3D('',#207,#208,#209);
#207=CARTESIAN_POINT('',(-5.6843418860808E-15,-40.,20.));
#208=DIRECTION('',(1.1842378929335E-16,1.,0.));
#209=DIRECTION('',(0.,0.,-1.));
#210=FACE_BOUND('',#211,.T.);
#211=EDGE_LOOP('',(#853,#854,#855,#856));
#212=PLANE('',#213);
#213=AXIS2_PLACEMENT_3D('',#214,#215,#216);
#214=CARTESIAN_POINT('',(3.67394039744206E-16,3.,0.));
#215=DIRECTION('',(1.22464679914735E-16,1.,0.));
#216=DIRECTION('',(-1.,1.22464679914735E-16,-1.22464679914735E-16));
#217=FACE_BOUND('',#218,.T.);
#218=EDGE_LOOP('',(#857,#858,#859,#860,#861,#862));
#219=PLANE('',#220);
#220=AXIS2_PLACEMENT_3D('',#221,#222,#223);
#221=CARTESIAN_POINT('',(-5.6843418860808E-15,-40.,20.));
#222=DIRECTION('',(1.1842378929335E-16,1.,0.));
#223=DIRECTION('',(0.,0.,-1.));
#224=FACE_BOUND('',#225,.T.);
#225=EDGE_LOOP('',(#863,#864,#865,#866));
#226=PLANE('',#227);
#227=AXIS2_PLACEMENT_3D('',#228,#229,#230);
#228=CARTESIAN_POINT('',(-5.00000000000001,-40.,0.));
#229=DIRECTION('',(1.,-2.96059473233375E-16,0.));
#230=DIRECTION('',(2.96059473233375E-16,1.,0.));
#231=FACE_BOUND('',#232,.T.);
#232=EDGE_LOOP('',(#867,#868,#869,#870));
#233=PLANE('',#234);
#234=AXIS2_PLACEMENT_3D('',#235,#236,#237);
#235=CARTESIAN_POINT('',(-5.,-37.,0.));
#236=DIRECTION('',(0.,1.,0.));
#237=DIRECTION('',(-1.,0.,0.));
#238=FACE_BOUND('',#239,.T.);
#239=EDGE_LOOP('',(#871,#872,#873,#874));
#240=PLANE('',#241);
#241=AXIS2_PLACEMENT_3D('',#242,#243,#244);
#242=CARTESIAN_POINT('',(-8.,-37.,0.));
#243=DIRECTION('',(-1.,5.9211894646675E-16,0.));
#244=DIRECTION('',(-5.9211894646675E-16,-1.,0.));
#245=FACE_BOUND('',#246,.T.);
#246=EDGE_LOOP('',(#875,#876,#877,#878,#879,#880,#881,#882));
#247=FACE_BOUND('',#248,.T.);
#248=EDGE_LOOP('',(#883));
#249=FACE_BOUND('',#250,.T.);
#250=EDGE_LOOP('',(#884));
#251=PLANE('',#252);
#252=AXIS2_PLACEMENT_3D('',#253,#254,#255);
#253=CARTESIAN_POINT('',(-5.6843418860808E-15,-40.,20.));
#254=DIRECTION('',(1.1842378929335E-16,1.,0.));
#255=DIRECTION('',(0.,0.,-1.));
#256=FACE_BOUND('',#257,.T.);
#257=EDGE_LOOP('',(#885,#886,#887,#888));
#258=CYLINDRICAL_SURFACE('',#259,1.);
#259=AXIS2_PLACEMENT_3D('',#260,#261,#262);
#260=CARTESIAN_POINT('',(-11.9999999999545,-6.11859409315522,1.));
#261=DIRECTION('',(8.88178419700125E-17,1.,0.));
#262=DIRECTION('',(1.,-8.88178419700126E-17,0.));
#263=FACE_BOUND('',#264,.T.);
#264=EDGE_LOOP('',(#889,#890,#891,#892));
#265=TOROIDAL_SURFACE('',#266,4.05,1.);
#266=AXIS2_PLACEMENT_3D('',#267,#268,#269);
#267=CARTESIAN_POINT('',(-9.99999999995446,-25.,1.));
#268=DIRECTION('',(0.,0.,1.));
#269=DIRECTION('',(-0.00499997916669187,0.999987500026042,0.));
#270=FACE_BOUND('',#271,.T.);
#271=EDGE_LOOP('',(#893,#894,#895,#896));
#272=CYLINDRICAL_SURFACE('',#273,1.);
#273=AXIS2_PLACEMENT_3D('',#274,#275,#276);
#274=CARTESIAN_POINT('',(-7.99999999995437,-26.1185940931552,1.));
#275=DIRECTION('',(-1.77635683940025E-16,-1.,0.));
#276=DIRECTION('',(-1.,1.77635683940025E-16,0.));
#277=FACE_BOUND('',#278,.T.);
#278=EDGE_LOOP('',(#897,#898,#899,#900));
#279=CYLINDRICAL_SURFACE('',#280,1.);
#280=AXIS2_PLACEMENT_3D('',#281,#282,#283);
#281=CARTESIAN_POINT('',(-4.99999999995436,-9.11859409315522,1.));
#282=DIRECTION('',(1.,0.,0.));
#283=DIRECTION('',(0.,-1.,0.));
#284=FACE_OUTER_BOUND('',#285,.T.);
#285=EDGE_LOOP('',(#901));
#286=FACE_OUTER_BOUND('',#287,.T.);
#287=EDGE_LOOP('',(#902));
#288=TOROIDAL_SURFACE('',#289,5.5,1.);
#289=AXIS2_PLACEMENT_3D('',#290,#291,#292);
#290=CARTESIAN_POINT('',(-30.,-25.,1.));
#291=DIRECTION('',(0.,0.,1.));
#292=DIRECTION('',(-1.,0.,0.));
#293=FACE_BOUND('',#294,.T.);
#294=EDGE_LOOP('',(#903,#904,#905,#906));
#295=CYLINDRICAL_SURFACE('',#296,1.);
#296=AXIS2_PLACEMENT_3D('',#297,#298,#299);
#297=CARTESIAN_POINT('',(-52.,-6.11859409315521,1.));
#298=DIRECTION('',(-3.5527136788005E-16,1.,0.));
#299=DIRECTION('',(1.,3.5527136788005E-16,0.));
#300=FACE_BOUND('',#301,.T.);
#301=EDGE_LOOP('',(#907,#908,#909,#910));
#302=TOROIDAL_SURFACE('',#303,4.05,1.);
#303=AXIS2_PLACEMENT_3D('',#304,#305,#306);
#304=CARTESIAN_POINT('',(-50.,-25.,1.));
#305=DIRECTION('',(0.,0.,1.));
#306=DIRECTION('',(-0.00499997916669187,0.999987500026042,0.));
#307=FACE_BOUND('',#308,.T.);
#308=EDGE_LOOP('',(#911,#912,#913,#914));
#309=CYLINDRICAL_SURFACE('',#310,1.);
#310=AXIS2_PLACEMENT_3D('',#311,#312,#313);
#311=CARTESIAN_POINT('',(-48.,-26.1185940931552,1.));
#312=DIRECTION('',(0.,-1.,0.));
#313=DIRECTION('',(-1.,0.,0.));
#314=FACE_BOUND('',#315,.T.);
#315=EDGE_LOOP('',(#915,#916,#917,#918));
#316=CYLINDRICAL_SURFACE('',#317,1.);
#317=AXIS2_PLACEMENT_3D('',#318,#319,#320);
#318=CARTESIAN_POINT('',(-45.,-9.11859409315522,1.));
#319=DIRECTION('',(1.,-5.32907051820075E-16,0.));
#320=DIRECTION('',(-5.32907051820075E-16,-1.,0.));
#321=FACE_BOUND('',#322,.T.);
#322=EDGE_LOOP('',(#919,#920,#921,#922));
#323=PLANE('',#324);
#324=AXIS2_PLACEMENT_3D('',#325,#326,#327);
#325=CARTESIAN_POINT('',(-36.5,-37.,9.));
#326=DIRECTION('',(-0.894427190999916,-0.447213595499958,0.));
#327=DIRECTION('',(0.447213595499958,-0.894427190999916,0.));
#328=FACE_BOUND('',#329,.T.);
#329=EDGE_LOOP('',(#923,#924,#925,#926));
#330=PLANE('',#331);
#331=AXIS2_PLACEMENT_3D('',#332,#333,#334);
#332=CARTESIAN_POINT('',(-23.5,-37.,9.));
#333=DIRECTION('',(5.46571335200077E-16,1.,0.));
#334=DIRECTION('',(-1.,5.46571335200077E-16,0.));
#335=FACE_BOUND('',#336,.T.);
#336=EDGE_LOOP('',(#927,#928,#929,#930));
#337=PLANE('',#338);
#338=AXIS2_PLACEMENT_3D('',#339,#340,#341);
#339=CARTESIAN_POINT('',(-25.,-40.,9.));
#340=DIRECTION('',(0.894427190999916,-0.447213595499958,0.));
#341=DIRECTION('',(0.447213595499958,0.894427190999916,0.));
#342=FACE_BOUND('',#343,.T.);
#343=EDGE_LOOP('',(#931,#932,#933,#934));
#344=CYLINDRICAL_SURFACE('',#345,1.);
#345=AXIS2_PLACEMENT_3D('',#346,#347,#348);
#346=CARTESIAN_POINT('',(-7.99999999995437,-26.1185940931552,19.));
#347=DIRECTION('',(1.77635683940025E-16,1.,0.));
#348=DIRECTION('',(-1.,1.77635683940025E-16,0.));
#349=FACE_BOUND('',#350,.T.);
#350=EDGE_LOOP('',(#935,#936,#937,#938));
#351=TOROIDAL_SURFACE('',#352,4.05,1.);
#352=AXIS2_PLACEMENT_3D('',#353,#354,#355);
#353=CARTESIAN_POINT('',(-9.99999999995446,-25.,19.));
#354=DIRECTION('',(0.,0.,1.));
#355=DIRECTION('',(-0.00499997916669187,0.999987500026042,0.));
#356=FACE_BOUND('',#357,.T.);
#357=EDGE_LOOP('',(#939,#940,#941,#942));
#358=CYLINDRICAL_SURFACE('',#359,1.);
#359=AXIS2_PLACEMENT_3D('',#360,#361,#362);
#360=CARTESIAN_POINT('',(-11.9999999999545,-6.11859409315522,19.));
#361=DIRECTION('',(-8.88178419700125E-17,-1.,0.));
#362=DIRECTION('',(1.,-8.88178419700126E-17,0.));
#363=FACE_BOUND('',#364,.T.);
#364=EDGE_LOOP('',(#943,#944,#945,#946));
#365=CYLINDRICAL_SURFACE('',#366,1.);
#366=AXIS2_PLACEMENT_3D('',#367,#368,#369);
#367=CARTESIAN_POINT('',(-4.99999999995436,-9.11859409315522,19.));
#368=DIRECTION('',(-1.,0.,0.));
#369=DIRECTION('',(0.,-1.,0.));
#370=FACE_OUTER_BOUND('',#371,.T.);
#371=EDGE_LOOP('',(#947));
#372=FACE_OUTER_BOUND('',#373,.T.);
#373=EDGE_LOOP('',(#948));
#374=CYLINDRICAL_SURFACE('',#375,8.05);
#375=AXIS2_PLACEMENT_3D('',#376,#377,#378);
#376=CARTESIAN_POINT('',(-30.,-25.,15.));
#377=DIRECTION('',(0.,0.,1.));
#378=DIRECTION('',(-1.,1.22464679914735E-16,0.));
#379=FACE_BOUND('',#380,.T.);
#380=EDGE_LOOP('',(#949,#950,#951,#952));
#381=FACE_BOUND('',#382,.T.);
#382=EDGE_LOOP('',(#953));
#383=PLANE('',#384);
#384=AXIS2_PLACEMENT_3D('',#385,#386,#387);
#385=CARTESIAN_POINT('',(-13.,-20.1185940931552,6.2));
#386=DIRECTION('',(1.,0.,0.));
#387=DIRECTION('',(0.,1.,0.));
#388=FACE_BOUND('',#389,.T.);
#389=EDGE_LOOP('',(#954,#955,#956,#957));
#390=PLANE('',#391);
#391=AXIS2_PLACEMENT_3D('',#392,#393,#394);
#392=CARTESIAN_POINT('',(-15.,-20.1185940931552,6.2));
#393=DIRECTION('',(0.,-1.,0.));
#394=DIRECTION('',(1.,0.,0.));
#395=FACE_BOUND('',#396,.T.);
#396=EDGE_LOOP('',(#958,#959,#960,#961));
#397=FACE_BOUND('',#398,.T.);
#398=EDGE_LOOP('',(#962));
#399=PLANE('',#400);
#400=AXIS2_PLACEMENT_3D('',#401,#402,#403);
#401=CARTESIAN_POINT('',(-15.,-14.1185940931552,6.2));
#402=DIRECTION('',(-1.,0.,0.));
#403=DIRECTION('',(0.,-1.,0.));
#404=FACE_BOUND('',#405,.T.);
#405=EDGE_LOOP('',(#963,#964,#965,#966));
#406=PLANE('',#407);
#407=AXIS2_PLACEMENT_3D('',#408,#409,#410);
#408=CARTESIAN_POINT('',(-13.,-14.1185940931552,6.2));
#409=DIRECTION('',(0.,1.,0.));
#410=DIRECTION('',(-1.,0.,0.));
#411=FACE_BOUND('',#412,.T.);
#412=EDGE_LOOP('',(#967,#968,#969,#970));
#413=FACE_BOUND('',#414,.T.);
#414=EDGE_LOOP('',(#971));
#415=PLANE('',#416);
#416=AXIS2_PLACEMENT_3D('',#417,#418,#419);
#417=CARTESIAN_POINT('',(-47.,-14.1185940931552,6.2));
#418=DIRECTION('',(-1.,0.,0.));
#419=DIRECTION('',(0.,-1.,0.));
#420=FACE_BOUND('',#421,.T.);
#421=EDGE_LOOP('',(#972,#973,#974,#975));
#422=PLANE('',#423);
#423=AXIS2_PLACEMENT_3D('',#424,#425,#426);
#424=CARTESIAN_POINT('',(-45.,-14.1185940931552,6.2));
#425=DIRECTION('',(0.,1.,0.));
#426=DIRECTION('',(-1.,0.,0.));
#427=FACE_BOUND('',#428,.T.);
#428=EDGE_LOOP('',(#976,#977,#978,#979));
#429=FACE_BOUND('',#430,.T.);
#430=EDGE_LOOP('',(#980));
#431=PLANE('',#432);
#432=AXIS2_PLACEMENT_3D('',#433,#434,#435);
#433=CARTESIAN_POINT('',(-45.,-20.1185940931552,6.2));
#434=DIRECTION('',(1.,0.,0.));
#435=DIRECTION('',(0.,1.,0.));
#436=FACE_BOUND('',#437,.T.);
#437=EDGE_LOOP('',(#981,#982,#983,#984));
#438=PLANE('',#439);
#439=AXIS2_PLACEMENT_3D('',#440,#441,#442);
#440=CARTESIAN_POINT('',(-47.,-20.1185940931552,6.2));
#441=DIRECTION('',(0.,-1.,0.));
#442=DIRECTION('',(1.,0.,0.));
#443=FACE_BOUND('',#444,.T.);
#444=EDGE_LOOP('',(#985,#986,#987,#988));
#445=CYLINDRICAL_SURFACE('',#446,1.);
#446=AXIS2_PLACEMENT_3D('',#447,#448,#449);
#447=CARTESIAN_POINT('',(-48.,-26.1185940931552,19.));
#448=DIRECTION('',(0.,1.,0.));
#449=DIRECTION('',(-1.,0.,0.));
#450=FACE_BOUND('',#451,.T.);
#451=EDGE_LOOP('',(#989,#990,#991,#992));
#452=TOROIDAL_SURFACE('',#453,4.05,1.);
#453=AXIS2_PLACEMENT_3D('',#454,#455,#456);
#454=CARTESIAN_POINT('',(-50.,-25.,19.));
#455=DIRECTION('',(0.,0.,1.));
#456=DIRECTION('',(-0.00499997916669187,0.999987500026042,0.));
#457=FACE_BOUND('',#458,.T.);
#458=EDGE_LOOP('',(#993,#994,#995,#996));
#459=CYLINDRICAL_SURFACE('',#460,1.);
#460=AXIS2_PLACEMENT_3D('',#461,#462,#463);
#461=CARTESIAN_POINT('',(-52.,-6.11859409315521,19.));
#462=DIRECTION('',(3.5527136788005E-16,-1.,0.));
#463=DIRECTION('',(1.,3.5527136788005E-16,0.));
#464=FACE_BOUND('',#465,.T.);
#465=EDGE_LOOP('',(#997,#998,#999,#1000));
#466=CYLINDRICAL_SURFACE('',#467,1.);
#467=AXIS2_PLACEMENT_3D('',#468,#469,#470);
#468=CARTESIAN_POINT('',(-45.,-9.11859409315522,19.));
#469=DIRECTION('',(-1.,5.32907051820075E-16,0.));
#470=DIRECTION('',(-5.32907051820075E-16,-1.,0.));
#471=FACE_OUTER_BOUND('',#472,.T.);
#472=EDGE_LOOP('',(#1001));
#473=FACE_OUTER_BOUND('',#474,.T.);
#474=EDGE_LOOP('',(#1002));
#475=CONICAL_SURFACE('',#476,2.65,0.785398163397449);
#476=AXIS2_PLACEMENT_3D('',#477,#478,#479);
#477=CARTESIAN_POINT('',(-59.1,-17.1185940931552,10.));
#478=DIRECTION('',(-1.,1.4210854715202E-16,0.));
#479=DIRECTION('',(0.,0.,-1.));
#480=FACE_OUTER_BOUND('',#481,.T.);
#481=EDGE_LOOP('',(#1003));
#482=FACE_OUTER_BOUND('',#483,.T.);
#483=EDGE_LOOP('',(#1004));
#484=CONICAL_SURFACE('',#485,2.65,0.785398163397448);
#485=AXIS2_PLACEMENT_3D('',#486,#487,#488);
#486=CARTESIAN_POINT('',(-0.900000000000002,-17.1185940931552,10.));
#487=DIRECTION('',(1.,-1.22464679914735E-16,8.75811540203011E-47));
#488=DIRECTION('',(4.92545596418496E-31,4.02194001373642E-15,1.));
#489=FACE_BOUND('',#490,.T.);
#490=EDGE_LOOP('',(#1005,#1006,#1007,#1008));
#491=PLANE('',#492);
#492=AXIS2_PLACEMENT_3D('',#493,#494,#495);
#493=CARTESIAN_POINT('',(0.,0.,10.));
#494=DIRECTION('',(0.,0.,1.));
#495=DIRECTION('',(1.,0.,0.));
#496=FACE_OUTER_BOUND('',#497,.T.);
#497=EDGE_LOOP('',(#1009));
#498=FACE_OUTER_BOUND('',#499,.T.);
#499=EDGE_LOOP('',(#1010));
#500=TOROIDAL_SURFACE('',#501,4.65,0.5);
#501=AXIS2_PLACEMENT_3D('',#502,#503,#504);
#502=CARTESIAN_POINT('',(-18.,-39.5,10.));
#503=DIRECTION('',(-1.1842378929335E-16,-1.,0.));
#504=DIRECTION('',(-1.,1.1842378929335E-16,0.));
#505=FACE_OUTER_BOUND('',#506,.T.);
#506=EDGE_LOOP('',(#1011));
#507=FACE_OUTER_BOUND('',#508,.T.);
#508=EDGE_LOOP('',(#1012));
#509=TOROIDAL_SURFACE('',#510,4.65,0.5);
#510=AXIS2_PLACEMENT_3D('',#511,#512,#513);
#511=CARTESIAN_POINT('',(-42.,-39.5,10.));
#512=DIRECTION('',(-1.1842378929335E-16,-1.,0.));
#513=DIRECTION('',(-1.,1.1842378929335E-16,0.));
#514=FACE_BOUND('',#515,.T.);
#515=EDGE_LOOP('',(#1013,#1014,#1015,#1016));
#516=FACE_BOUND('',#517,.T.);
#517=EDGE_LOOP('',(#1017));
#518=PLANE('',#519);
#519=AXIS2_PLACEMENT_3D('',#520,#521,#522);
#520=CARTESIAN_POINT('',(-10.9999999999545,-10.1185940931552,0.));
#521=DIRECTION('',(-1.,1.48029736616688E-16,0.));
#522=DIRECTION('',(-1.48029736616688E-16,-1.,0.));
#523=FACE_BOUND('',#524,.T.);
#524=EDGE_LOOP('',(#1018,#1019,#1020,#1021));
#525=CYLINDRICAL_SURFACE('',#526,3.05);
#526=AXIS2_PLACEMENT_3D('',#527,#528,#529);
#527=CARTESIAN_POINT('',(-9.99999999995446,-25.,0.));
#528=DIRECTION('',(0.,0.,1.));
#529=DIRECTION('',(-0.327868852459046,0.94472324814582,0.));
#530=FACE_BOUND('',#531,.T.);
#531=EDGE_LOOP('',(#1022,#1023,#1024,#1025));
#532=FACE_BOUND('',#533,.T.);
#533=EDGE_LOOP('',(#1026));
#534=PLANE('',#535);
#535=AXIS2_PLACEMENT_3D('',#536,#537,#538);
#536=CARTESIAN_POINT('',(-8.99999999995436,-22.1185940931552,0.));
#537=DIRECTION('',(1.,-1.48029736616688E-16,0.));
#538=DIRECTION('',(1.48029736616688E-16,1.,0.));
#539=FACE_BOUND('',#540,.T.);
#540=EDGE_LOOP('',(#1027,#1028,#1029,#1030));
#541=PLANE('',#542);
#542=AXIS2_PLACEMENT_3D('',#543,#544,#545);
#543=CARTESIAN_POINT('',(-8.99999999995436,-10.1185940931552,0.));
#544=DIRECTION('',(0.,1.,0.));
#545=DIRECTION('',(-1.,0.,0.));
#546=FACE_OUTER_BOUND('',#547,.T.);
#547=EDGE_LOOP('',(#1031));
#548=FACE_OUTER_BOUND('',#549,.T.);
#549=EDGE_LOOP('',(#1032));
#550=CYLINDRICAL_SURFACE('',#551,4.5);
#551=AXIS2_PLACEMENT_3D('',#552,#553,#554);
#552=CARTESIAN_POINT('',(-30.,-25.,0.));
#553=DIRECTION('',(0.,0.,1.));
#554=DIRECTION('',(-1.,1.22464679914735E-16,0.));
#555=FACE_BOUND('',#556,.T.);
#556=EDGE_LOOP('',(#1033,#1034,#1035,#1036));
#557=FACE_BOUND('',#558,.T.);
#558=EDGE_LOOP('',(#1037));
#559=PLANE('',#560);
#560=AXIS2_PLACEMENT_3D('',#561,#562,#563);
#561=CARTESIAN_POINT('',(-51.,-10.1185940931552,0.));
#562=DIRECTION('',(-1.,0.,0.));
#563=DIRECTION('',(0.,-1.,0.));
#564=FACE_BOUND('',#565,.T.);
#565=EDGE_LOOP('',(#1038,#1039,#1040,#1041));
#566=CYLINDRICAL_SURFACE('',#567,3.05);
#567=AXIS2_PLACEMENT_3D('',#568,#569,#570);
#568=CARTESIAN_POINT('',(-50.,-25.,0.));
#569=DIRECTION('',(0.,0.,1.));
#570=DIRECTION('',(-0.327868852459021,0.944723248145829,0.));
#571=FACE_BOUND('',#572,.T.);
#572=EDGE_LOOP('',(#1042,#1043,#1044,#1045));
#573=FACE_BOUND('',#574,.T.);
#574=EDGE_LOOP('',(#1046));
#575=PLANE('',#576);
#576=AXIS2_PLACEMENT_3D('',#577,#578,#579);
#577=CARTESIAN_POINT('',(-49.,-22.1185940931552,0.));
#578=DIRECTION('',(1.,0.,0.));
#579=DIRECTION('',(0.,1.,0.));
#580=FACE_BOUND('',#581,.T.);
#581=EDGE_LOOP('',(#1047,#1048,#1049,#1050));
#582=PLANE('',#583);
#583=AXIS2_PLACEMENT_3D('',#584,#585,#586);
#584=CARTESIAN_POINT('',(-49.,-10.1185940931552,0.));
#585=DIRECTION('',(8.88178419700125E-16,1.,0.));
#586=DIRECTION('',(-1.,8.88178419700125E-16,0.));
#587=FACE_BOUND('',#588,.T.);
#588=EDGE_LOOP('',(#1051));
#589=FACE_BOUND('',#590,.T.);
#590=EDGE_LOOP('',(#1052));
#591=PLANE('',#592);
#592=AXIS2_PLACEMENT_3D('',#593,#594,#595);
#593=CARTESIAN_POINT('',(0.,0.,15.));
#594=DIRECTION('',(0.,0.,1.));
#595=DIRECTION('',(-1.,1.22464679914735E-16,0.));
#596=FACE_BOUND('',#597,.T.);
#597=EDGE_LOOP('',(#1053,#1054,#1055,#1056));
#598=PLANE('',#599);
#599=AXIS2_PLACEMENT_3D('',#600,#601,#602);
#600=CARTESIAN_POINT('',(0.,0.,7.2));
#601=DIRECTION('',(0.,0.,1.));
#602=DIRECTION('',(1.,0.,0.));
#603=FACE_OUTER_BOUND('',#604,.T.);
#604=EDGE_LOOP('',(#1057));
#605=FACE_OUTER_BOUND('',#606,.T.);
#606=EDGE_LOOP('',(#1058));
#607=CYLINDRICAL_SURFACE('',#608,1.75);
#608=AXIS2_PLACEMENT_3D('',#609,#610,#611);
#609=CARTESIAN_POINT('',(-60.,-17.1185940931552,10.));
#610=DIRECTION('',(1.,0.,0.));
#611=DIRECTION('',(0.,0.,1.));
#612=FACE_OUTER_BOUND('',#613,.T.);
#613=EDGE_LOOP('',(#1059));
#614=FACE_OUTER_BOUND('',#615,.T.);
#615=EDGE_LOOP('',(#1060));
#616=CYLINDRICAL_SURFACE('',#617,1.75);
#617=AXIS2_PLACEMENT_3D('',#618,#619,#620);
#618=CARTESIAN_POINT('',(-60.,-17.1185940931552,10.));
#619=DIRECTION('',(1.,0.,0.));
#620=DIRECTION('',(0.,0.,1.));
#621=FACE_BOUND('',#622,.T.);
#622=EDGE_LOOP('',(#1061,#1062,#1063,#1064));
#623=PLANE('',#624);
#624=AXIS2_PLACEMENT_3D('',#625,#626,#627);
#625=CARTESIAN_POINT('',(0.,0.,7.2));
#626=DIRECTION('',(0.,0.,1.));
#627=DIRECTION('',(1.,0.,0.));
#628=FACE_OUTER_BOUND('',#629,.T.);
#629=EDGE_LOOP('',(#1065));
#630=FACE_OUTER_BOUND('',#631,.T.);
#631=EDGE_LOOP('',(#1066));
#632=CYLINDRICAL_SURFACE('',#633,1.75);
#633=AXIS2_PLACEMENT_3D('',#634,#635,#636);
#634=CARTESIAN_POINT('',(-60.,-17.1185940931552,10.));
#635=DIRECTION('',(1.,0.,0.));
#636=DIRECTION('',(0.,0.,1.));
#637=FACE_OUTER_BOUND('',#638,.T.);
#638=EDGE_LOOP('',(#1067));
#639=FACE_OUTER_BOUND('',#640,.T.);
#640=EDGE_LOOP('',(#1068));
#641=CYLINDRICAL_SURFACE('',#642,1.75);
#642=AXIS2_PLACEMENT_3D('',#643,#644,#645);
#643=CARTESIAN_POINT('',(-60.,-17.1185940931552,10.));
#644=DIRECTION('',(1.,0.,0.));
#645=DIRECTION('',(0.,0.,1.));
#646=FACE_OUTER_BOUND('',#647,.T.);
#647=EDGE_LOOP('',(#1069));
#648=FACE_OUTER_BOUND('',#649,.T.);
#649=EDGE_LOOP('',(#1070));
#650=CYLINDRICAL_SURFACE('',#651,1.75);
#651=AXIS2_PLACEMENT_3D('',#652,#653,#654);
#652=CARTESIAN_POINT('',(-60.,-17.1185940931552,10.));
#653=DIRECTION('',(1.,0.,0.));
#654=DIRECTION('',(0.,0.,1.));
#655=FACE_OUTER_BOUND('',#656,.T.);
#656=EDGE_LOOP('',(#1071));
#657=FACE_OUTER_BOUND('',#658,.T.);
#658=EDGE_LOOP('',(#1072));
#659=CYLINDRICAL_SURFACE('',#660,4.15);
#660=AXIS2_PLACEMENT_3D('',#661,#662,#663);
#661=CARTESIAN_POINT('',(-18.,-31.5,10.));
#662=DIRECTION('',(-1.1842378929335E-16,-1.,0.));
#663=DIRECTION('',(-1.,1.1842378929335E-16,1.22464679914735E-16));
#664=FACE_OUTER_BOUND('',#665,.T.);
#665=EDGE_LOOP('',(#1073));
#666=FACE_OUTER_BOUND('',#667,.T.);
#667=EDGE_LOOP('',(#1074));
#668=CYLINDRICAL_SURFACE('',#669,4.15);
#669=AXIS2_PLACEMENT_3D('',#670,#671,#672);
#670=CARTESIAN_POINT('',(-42.,-31.5,10.));
#671=DIRECTION('',(-1.1842378929335E-16,-1.,0.));
#672=DIRECTION('',(-1.,1.1842378929335E-16,1.22464679914735E-16));
#673=FACE_BOUND('',#674,.T.);
#674=EDGE_LOOP('',(#1075));
#675=PLANE('',#676);
#676=AXIS2_PLACEMENT_3D('',#677,#678,#679);
#677=CARTESIAN_POINT('',(-3.73034936274053E-15,-31.5,0.));
#678=DIRECTION('',(-1.1842378929335E-16,-1.,0.));
#679=DIRECTION('',(-1.,1.1842378929335E-16,1.22464679914735E-16));
#680=FACE_BOUND('',#681,.T.);
#681=EDGE_LOOP('',(#1076));
#682=PLANE('',#683);
#683=AXIS2_PLACEMENT_3D('',#684,#685,#686);
#684=CARTESIAN_POINT('',(-3.73034936274053E-15,-31.5,0.));
#685=DIRECTION('',(-1.1842378929335E-16,-1.,0.));
#686=DIRECTION('',(-1.,1.1842378929335E-16,1.22464679914735E-16));
#687=FACE_BOUND('',#688,.T.);
#688=EDGE_LOOP('',(#1077,#1078,#1079,#1080));
#689=CYLINDRICAL_SURFACE('',#690,1.5);
#690=AXIS2_PLACEMENT_3D('',#691,#692,#693);
#691=CARTESIAN_POINT('',(-1.5,1.5,26.));
#692=DIRECTION('',(-6.93889390390723E-18,0.,-1.));
#693=DIRECTION('',(1.48029736616687E-16,1.,0.));
#694=FACE_BOUND('',#695,.T.);
#695=EDGE_LOOP('',(#1081,#1082,#1083,#1084));
#696=CYLINDRICAL_SURFACE('',#697,1.5);
#697=AXIS2_PLACEMENT_3D('',#698,#699,#700);
#698=CARTESIAN_POINT('',(-58.5,1.50000000000001,-6.));
#699=DIRECTION('',(0.,0.,1.));
#700=DIRECTION('',(0.,1.,0.));
#701=FACE_BOUND('',#702,.T.);
#702=EDGE_LOOP('',(#1085,#1086,#1087,#1088));
#703=CYLINDRICAL_SURFACE('',#704,1.5);
#704=AXIS2_PLACEMENT_3D('',#705,#706,#707);
#705=CARTESIAN_POINT('',(-1.50000000000001,-46.,1.5));
#706=DIRECTION('',(-1.20360626968709E-16,-1.,0.));
#707=DIRECTION('',(0.,0.,-1.));
#708=FACE_BOUND('',#709,.T.);
#709=EDGE_LOOP('',(#1089,#1090,#1091));
#710=SPHERICAL_SURFACE('',#711,1.5);
#711=AXIS2_PLACEMENT_3D('',#712,#713,#714);
#712=CARTESIAN_POINT('',(-1.5,1.5,1.5));
#713=DIRECTION('',(0.,0.,-1.));
#714=DIRECTION('',(1.48029736616688E-16,1.,0.));
#715=FACE_BOUND('',#716,.T.);
#716=EDGE_LOOP('',(#1092,#1093,#1094,#1095));
#717=CYLINDRICAL_SURFACE('',#718,1.5);
#718=AXIS2_PLACEMENT_3D('',#719,#720,#721);
#719=CARTESIAN_POINT('',(4.5,1.5,1.5));
#720=DIRECTION('',(-1.,1.28721510101467E-16,0.));
#721=DIRECTION('',(1.28721510101467E-16,1.,1.48029736616688E-16));
#722=FACE_BOUND('',#723,.T.);
#723=EDGE_LOOP('',(#1096,#1097,#1098));
#724=SPHERICAL_SURFACE('',#725,1.5);
#725=AXIS2_PLACEMENT_3D('',#726,#727,#728);
#726=CARTESIAN_POINT('',(-58.5,1.50000000000001,1.5));
#727=DIRECTION('',(0.,0.,-1.));
#728=DIRECTION('',(-1.,0.,0.));
#729=FACE_BOUND('',#730,.T.);
#730=EDGE_LOOP('',(#1099,#1100,#1101,#1102));
#731=CYLINDRICAL_SURFACE('',#732,1.5);
#732=AXIS2_PLACEMENT_3D('',#733,#734,#735);
#733=CARTESIAN_POINT('',(-58.5,7.50000000000001,1.5));
#734=DIRECTION('',(0.,1.,0.));
#735=DIRECTION('',(4.736951571734E-15,0.,-1.));
#736=FACE_BOUND('',#737,.T.);
#737=EDGE_LOOP('',(#1103,#1104,#1105,#1106));
#738=CYLINDRICAL_SURFACE('',#739,1.5);
#739=AXIS2_PLACEMENT_3D('',#740,#741,#742);
#740=CARTESIAN_POINT('',(-58.5,7.50000000000001,18.5));
#741=DIRECTION('',(0.,-1.,0.));
#742=DIRECTION('',(4.736951571734E-15,0.,1.));
#743=FACE_BOUND('',#744,.T.);
#744=EDGE_LOOP('',(#1107,#1108,#1109));
#745=SPHERICAL_SURFACE('',#746,1.5);
#746=AXIS2_PLACEMENT_3D('',#747,#748,#749);
#747=CARTESIAN_POINT('',(-58.5,1.50000000000001,18.5));
#748=DIRECTION('',(0.,0.,1.));
#749=DIRECTION('',(0.,1.,0.));
#750=FACE_BOUND('',#751,.T.);
#751=EDGE_LOOP('',(#1110,#1111,#1112,#1113));
#752=CYLINDRICAL_SURFACE('',#753,1.5);
#753=AXIS2_PLACEMENT_3D('',#754,#755,#756);
#754=CARTESIAN_POINT('',(-64.5,1.50000000000001,18.5));
#755=DIRECTION('',(1.,-1.28721510101467E-16,0.));
#756=DIRECTION('',(1.28721510101467E-16,1.,0.));
#757=FACE_BOUND('',#758,.T.);
#758=EDGE_LOOP('',(#1114,#1115,#1116));
#759=SPHERICAL_SURFACE('',#760,1.5);
#760=AXIS2_PLACEMENT_3D('',#761,#762,#763);
#761=CARTESIAN_POINT('',(-1.5,1.5,18.5));
#762=DIRECTION('',(0.,0.,1.));
#763=DIRECTION('',(1.,-1.48029736616688E-16,0.));
#764=FACE_BOUND('',#765,.T.);
#765=EDGE_LOOP('',(#1117,#1118,#1119,#1120));
#766=CYLINDRICAL_SURFACE('',#767,1.5);
#767=AXIS2_PLACEMENT_3D('',#768,#769,#770);
#768=CARTESIAN_POINT('',(-1.50000000000001,-46.,18.5));
#769=DIRECTION('',(1.20360626968709E-16,1.,0.));
#770=DIRECTION('',(0.,0.,1.));
#771=ORIENTED_EDGE('',*,*,#1121,.F.);
#772=ORIENTED_EDGE('',*,*,#1122,.T.);
#773=ORIENTED_EDGE('',*,*,#1123,.T.);
#774=ORIENTED_EDGE('',*,*,#1124,.T.);
#775=ORIENTED_EDGE('',*,*,#1125,.T.);
#776=ORIENTED_EDGE('',*,*,#1126,.T.);
#777=ORIENTED_EDGE('',*,*,#1127,.T.);
#778=ORIENTED_EDGE('',*,*,#1128,.T.);
#779=ORIENTED_EDGE('',*,*,#1129,.T.);
#780=ORIENTED_EDGE('',*,*,#1130,.T.);
#781=ORIENTED_EDGE('',*,*,#1131,.F.);
#782=ORIENTED_EDGE('',*,*,#1132,.F.);
#783=ORIENTED_EDGE('',*,*,#1133,.T.);
#784=ORIENTED_EDGE('',*,*,#1134,.T.);
#785=ORIENTED_EDGE('',*,*,#1135,.T.);
#786=ORIENTED_EDGE('',*,*,#1136,.T.);
#787=ORIENTED_EDGE('',*,*,#1137,.T.);
#788=ORIENTED_EDGE('',*,*,#1138,.T.);
#789=ORIENTED_EDGE('',*,*,#1139,.T.);
#790=ORIENTED_EDGE('',*,*,#1140,.T.);
#791=ORIENTED_EDGE('',*,*,#1141,.T.);
#792=ORIENTED_EDGE('',*,*,#1142,.T.);
#793=ORIENTED_EDGE('',*,*,#1143,.T.);
#794=ORIENTED_EDGE('',*,*,#1144,.T.);
#795=ORIENTED_EDGE('',*,*,#1145,.T.);
#796=ORIENTED_EDGE('',*,*,#1146,.T.);
#797=ORIENTED_EDGE('',*,*,#1147,.T.);
#798=ORIENTED_EDGE('',*,*,#1148,.T.);
#799=ORIENTED_EDGE('',*,*,#1149,.T.);
#800=ORIENTED_EDGE('',*,*,#1150,.T.);
#801=ORIENTED_EDGE('',*,*,#1151,.T.);
#802=ORIENTED_EDGE('',*,*,#1152,.T.);
#803=ORIENTED_EDGE('',*,*,#1153,.T.);
#804=ORIENTED_EDGE('',*,*,#1154,.T.);
#805=ORIENTED_EDGE('',*,*,#1155,.T.);
#806=ORIENTED_EDGE('',*,*,#1156,.T.);
#807=ORIENTED_EDGE('',*,*,#1157,.F.);
#808=ORIENTED_EDGE('',*,*,#1158,.T.);
#809=ORIENTED_EDGE('',*,*,#1159,.T.);
#810=ORIENTED_EDGE('',*,*,#1160,.T.);
#811=ORIENTED_EDGE('',*,*,#1161,.T.);
#812=ORIENTED_EDGE('',*,*,#1162,.T.);
#813=ORIENTED_EDGE('',*,*,#1163,.T.);
#814=ORIENTED_EDGE('',*,*,#1164,.T.);
#815=ORIENTED_EDGE('',*,*,#1165,.T.);
#816=ORIENTED_EDGE('',*,*,#1166,.T.);
#817=ORIENTED_EDGE('',*,*,#1167,.T.);
#818=ORIENTED_EDGE('',*,*,#1168,.T.);
#819=ORIENTED_EDGE('',*,*,#1169,.T.);
#820=ORIENTED_EDGE('',*,*,#1170,.T.);
#821=ORIENTED_EDGE('',*,*,#1171,.T.);
#822=ORIENTED_EDGE('',*,*,#1172,.T.);
#823=ORIENTED_EDGE('',*,*,#1173,.T.);
#824=ORIENTED_EDGE('',*,*,#1174,.T.);
#825=ORIENTED_EDGE('',*,*,#1175,.F.);
#826=ORIENTED_EDGE('',*,*,#1176,.F.);
#827=ORIENTED_EDGE('',*,*,#1177,.T.);
#828=ORIENTED_EDGE('',*,*,#1178,.T.);
#829=ORIENTED_EDGE('',*,*,#1179,.T.);
#830=ORIENTED_EDGE('',*,*,#1180,.F.);
#831=ORIENTED_EDGE('',*,*,#1181,.T.);
#832=ORIENTED_EDGE('',*,*,#1182,.T.);
#833=ORIENTED_EDGE('',*,*,#1183,.F.);
#834=ORIENTED_EDGE('',*,*,#1184,.T.);
#835=ORIENTED_EDGE('',*,*,#1185,.F.);
#836=ORIENTED_EDGE('',*,*,#1146,.F.);
#837=ORIENTED_EDGE('',*,*,#1186,.F.);
#838=ORIENTED_EDGE('',*,*,#1127,.F.);
#839=ORIENTED_EDGE('',*,*,#1145,.F.);
#840=ORIENTED_EDGE('',*,*,#1187,.F.);
#841=ORIENTED_EDGE('',*,*,#1128,.F.);
#842=ORIENTED_EDGE('',*,*,#1186,.T.);
#843=ORIENTED_EDGE('',*,*,#1188,.F.);
#844=ORIENTED_EDGE('',*,*,#1129,.F.);
#845=ORIENTED_EDGE('',*,*,#1187,.T.);
#846=ORIENTED_EDGE('',*,*,#1144,.F.);
#847=ORIENTED_EDGE('',*,*,#1189,.F.);
#848=ORIENTED_EDGE('',*,*,#1178,.F.);
#849=ORIENTED_EDGE('',*,*,#1190,.F.);
#850=ORIENTED_EDGE('',*,*,#1130,.F.);
#851=ORIENTED_EDGE('',*,*,#1188,.T.);
#852=ORIENTED_EDGE('',*,*,#1143,.F.);
#853=ORIENTED_EDGE('',*,*,#1191,.T.);
#854=ORIENTED_EDGE('',*,*,#1192,.T.);
#855=ORIENTED_EDGE('',*,*,#1193,.T.);
#856=ORIENTED_EDGE('',*,*,#1194,.T.);
#857=ORIENTED_EDGE('',*,*,#1195,.F.);
#858=ORIENTED_EDGE('',*,*,#1155,.F.);
#859=ORIENTED_EDGE('',*,*,#1196,.T.);
#860=ORIENTED_EDGE('',*,*,#1122,.F.);
#861=ORIENTED_EDGE('',*,*,#1197,.F.);
#862=ORIENTED_EDGE('',*,*,#1181,.F.);
#863=ORIENTED_EDGE('',*,*,#1196,.F.);
#864=ORIENTED_EDGE('',*,*,#1154,.F.);
#865=ORIENTED_EDGE('',*,*,#1198,.F.);
#866=ORIENTED_EDGE('',*,*,#1123,.F.);
#867=ORIENTED_EDGE('',*,*,#1153,.F.);
#868=ORIENTED_EDGE('',*,*,#1199,.F.);
#869=ORIENTED_EDGE('',*,*,#1124,.F.);
#870=ORIENTED_EDGE('',*,*,#1198,.T.);
#871=ORIENTED_EDGE('',*,*,#1200,.F.);
#872=ORIENTED_EDGE('',*,*,#1125,.F.);
#873=ORIENTED_EDGE('',*,*,#1199,.T.);
#874=ORIENTED_EDGE('',*,*,#1152,.F.);
#875=ORIENTED_EDGE('',*,*,#1185,.T.);
#876=ORIENTED_EDGE('',*,*,#1126,.F.);
#877=ORIENTED_EDGE('',*,*,#1200,.T.);
#878=ORIENTED_EDGE('',*,*,#1151,.F.);
#879=ORIENTED_EDGE('',*,*,#1201,.T.);
#880=ORIENTED_EDGE('',*,*,#1202,.T.);
#881=ORIENTED_EDGE('',*,*,#1203,.T.);
#882=ORIENTED_EDGE('',*,*,#1147,.F.);
#883=ORIENTED_EDGE('',*,*,#1204,.T.);
#884=ORIENTED_EDGE('',*,*,#1205,.T.);
#885=ORIENTED_EDGE('',*,*,#1138,.F.);
#886=ORIENTED_EDGE('',*,*,#1206,.F.);
#887=ORIENTED_EDGE('',*,*,#1207,.T.);
#888=ORIENTED_EDGE('',*,*,#1208,.T.);
#889=ORIENTED_EDGE('',*,*,#1139,.F.);
#890=ORIENTED_EDGE('',*,*,#1208,.F.);
#891=ORIENTED_EDGE('',*,*,#1209,.T.);
#892=ORIENTED_EDGE('',*,*,#1210,.T.);
#893=ORIENTED_EDGE('',*,*,#1140,.F.);
#894=ORIENTED_EDGE('',*,*,#1210,.F.);
#895=ORIENTED_EDGE('',*,*,#1211,.T.);
#896=ORIENTED_EDGE('',*,*,#1212,.T.);
#897=ORIENTED_EDGE('',*,*,#1141,.F.);
#898=ORIENTED_EDGE('',*,*,#1212,.F.);
#899=ORIENTED_EDGE('',*,*,#1213,.T.);
#900=ORIENTED_EDGE('',*,*,#1206,.T.);
#901=ORIENTED_EDGE('',*,*,#1214,.T.);
#902=ORIENTED_EDGE('',*,*,#1137,.F.);
#903=ORIENTED_EDGE('',*,*,#1133,.F.);
#904=ORIENTED_EDGE('',*,*,#1215,.F.);
#905=ORIENTED_EDGE('',*,*,#1216,.T.);
#906=ORIENTED_EDGE('',*,*,#1217,.T.);
#907=ORIENTED_EDGE('',*,*,#1134,.F.);
#908=ORIENTED_EDGE('',*,*,#1217,.F.);
#909=ORIENTED_EDGE('',*,*,#1218,.T.);
#910=ORIENTED_EDGE('',*,*,#1219,.T.);
#911=ORIENTED_EDGE('',*,*,#1135,.F.);
#912=ORIENTED_EDGE('',*,*,#1219,.F.);
#913=ORIENTED_EDGE('',*,*,#1220,.T.);
#914=ORIENTED_EDGE('',*,*,#1221,.T.);
#915=ORIENTED_EDGE('',*,*,#1136,.F.);
#916=ORIENTED_EDGE('',*,*,#1221,.F.);
#917=ORIENTED_EDGE('',*,*,#1222,.T.);
#918=ORIENTED_EDGE('',*,*,#1215,.T.);
#919=ORIENTED_EDGE('',*,*,#1148,.F.);
#920=ORIENTED_EDGE('',*,*,#1203,.F.);
#921=ORIENTED_EDGE('',*,*,#1223,.T.);
#922=ORIENTED_EDGE('',*,*,#1224,.T.);
#923=ORIENTED_EDGE('',*,*,#1149,.F.);
#924=ORIENTED_EDGE('',*,*,#1224,.F.);
#925=ORIENTED_EDGE('',*,*,#1225,.T.);
#926=ORIENTED_EDGE('',*,*,#1226,.T.);
#927=ORIENTED_EDGE('',*,*,#1150,.F.);
#928=ORIENTED_EDGE('',*,*,#1226,.F.);
#929=ORIENTED_EDGE('',*,*,#1227,.T.);
#930=ORIENTED_EDGE('',*,*,#1201,.F.);
#931=ORIENTED_EDGE('',*,*,#1171,.F.);
#932=ORIENTED_EDGE('',*,*,#1228,.F.);
#933=ORIENTED_EDGE('',*,*,#1229,.T.);
#934=ORIENTED_EDGE('',*,*,#1230,.T.);
#935=ORIENTED_EDGE('',*,*,#1172,.F.);
#936=ORIENTED_EDGE('',*,*,#1230,.F.);
#937=ORIENTED_EDGE('',*,*,#1231,.T.);
#938=ORIENTED_EDGE('',*,*,#1232,.T.);
#939=ORIENTED_EDGE('',*,*,#1173,.F.);
#940=ORIENTED_EDGE('',*,*,#1232,.F.);
#941=ORIENTED_EDGE('',*,*,#1233,.T.);
#942=ORIENTED_EDGE('',*,*,#1234,.T.);
#943=ORIENTED_EDGE('',*,*,#1174,.F.);
#944=ORIENTED_EDGE('',*,*,#1234,.F.);
#945=ORIENTED_EDGE('',*,*,#1235,.T.);
#946=ORIENTED_EDGE('',*,*,#1228,.T.);
#947=ORIENTED_EDGE('',*,*,#1170,.F.);
#948=ORIENTED_EDGE('',*,*,#1236,.F.);
#949=ORIENTED_EDGE('',*,*,#1166,.F.);
#950=ORIENTED_EDGE('',*,*,#1237,.F.);
#951=ORIENTED_EDGE('',*,*,#1238,.T.);
#952=ORIENTED_EDGE('',*,*,#1239,.T.);
#953=ORIENTED_EDGE('',*,*,#1240,.T.);
#954=ORIENTED_EDGE('',*,*,#1167,.F.);
#955=ORIENTED_EDGE('',*,*,#1239,.F.);
#956=ORIENTED_EDGE('',*,*,#1241,.T.);
#957=ORIENTED_EDGE('',*,*,#1242,.T.);
#958=ORIENTED_EDGE('',*,*,#1168,.F.);
#959=ORIENTED_EDGE('',*,*,#1242,.F.);
#960=ORIENTED_EDGE('',*,*,#1243,.T.);
#961=ORIENTED_EDGE('',*,*,#1244,.T.);
#962=ORIENTED_EDGE('',*,*,#1245,.T.);
#963=ORIENTED_EDGE('',*,*,#1169,.F.);
#964=ORIENTED_EDGE('',*,*,#1244,.F.);
#965=ORIENTED_EDGE('',*,*,#1246,.T.);
#966=ORIENTED_EDGE('',*,*,#1237,.T.);
#967=ORIENTED_EDGE('',*,*,#1162,.F.);
#968=ORIENTED_EDGE('',*,*,#1247,.F.);
#969=ORIENTED_EDGE('',*,*,#1248,.T.);
#970=ORIENTED_EDGE('',*,*,#1249,.T.);
#971=ORIENTED_EDGE('',*,*,#1250,.T.);
#972=ORIENTED_EDGE('',*,*,#1163,.F.);
#973=ORIENTED_EDGE('',*,*,#1249,.F.);
#974=ORIENTED_EDGE('',*,*,#1251,.T.);
#975=ORIENTED_EDGE('',*,*,#1252,.T.);
#976=ORIENTED_EDGE('',*,*,#1164,.F.);
#977=ORIENTED_EDGE('',*,*,#1252,.F.);
#978=ORIENTED_EDGE('',*,*,#1253,.T.);
#979=ORIENTED_EDGE('',*,*,#1254,.T.);
#980=ORIENTED_EDGE('',*,*,#1255,.T.);
#981=ORIENTED_EDGE('',*,*,#1165,.F.);
#982=ORIENTED_EDGE('',*,*,#1254,.F.);
#983=ORIENTED_EDGE('',*,*,#1256,.T.);
#984=ORIENTED_EDGE('',*,*,#1247,.T.);
#985=ORIENTED_EDGE('',*,*,#1158,.F.);
#986=ORIENTED_EDGE('',*,*,#1257,.F.);
#987=ORIENTED_EDGE('',*,*,#1258,.T.);
#988=ORIENTED_EDGE('',*,*,#1259,.T.);
#989=ORIENTED_EDGE('',*,*,#1159,.F.);
#990=ORIENTED_EDGE('',*,*,#1259,.F.);
#991=ORIENTED_EDGE('',*,*,#1260,.T.);
#992=ORIENTED_EDGE('',*,*,#1261,.T.);
#993=ORIENTED_EDGE('',*,*,#1160,.F.);
#994=ORIENTED_EDGE('',*,*,#1261,.F.);
#995=ORIENTED_EDGE('',*,*,#1262,.T.);
#996=ORIENTED_EDGE('',*,*,#1263,.T.);
#997=ORIENTED_EDGE('',*,*,#1161,.F.);
#998=ORIENTED_EDGE('',*,*,#1263,.F.);
#999=ORIENTED_EDGE('',*,*,#1264,.T.);
#1000=ORIENTED_EDGE('',*,*,#1257,.T.);
#1001=ORIENTED_EDGE('',*,*,#1265,.T.);
#1002=ORIENTED_EDGE('',*,*,#1179,.F.);
#1003=ORIENTED_EDGE('',*,*,#1184,.F.);
#1004=ORIENTED_EDGE('',*,*,#1266,.T.);
#1005=ORIENTED_EDGE('',*,*,#1202,.F.);
#1006=ORIENTED_EDGE('',*,*,#1227,.F.);
#1007=ORIENTED_EDGE('',*,*,#1225,.F.);
#1008=ORIENTED_EDGE('',*,*,#1223,.F.);
#1009=ORIENTED_EDGE('',*,*,#1267,.T.);
#1010=ORIENTED_EDGE('',*,*,#1204,.F.);
#1011=ORIENTED_EDGE('',*,*,#1268,.T.);
#1012=ORIENTED_EDGE('',*,*,#1205,.F.);
#1013=ORIENTED_EDGE('',*,*,#1207,.F.);
#1014=ORIENTED_EDGE('',*,*,#1269,.T.);
#1015=ORIENTED_EDGE('',*,*,#1233,.F.);
#1016=ORIENTED_EDGE('',*,*,#1270,.F.);
#1017=ORIENTED_EDGE('',*,*,#1271,.T.);
#1018=ORIENTED_EDGE('',*,*,#1209,.F.);
#1019=ORIENTED_EDGE('',*,*,#1270,.T.);
#1020=ORIENTED_EDGE('',*,*,#1231,.F.);
#1021=ORIENTED_EDGE('',*,*,#1272,.F.);
#1022=ORIENTED_EDGE('',*,*,#1211,.F.);
#1023=ORIENTED_EDGE('',*,*,#1272,.T.);
#1024=ORIENTED_EDGE('',*,*,#1229,.F.);
#1025=ORIENTED_EDGE('',*,*,#1273,.F.);
#1026=ORIENTED_EDGE('',*,*,#1274,.T.);
#1027=ORIENTED_EDGE('',*,*,#1213,.F.);
#1028=ORIENTED_EDGE('',*,*,#1273,.T.);
#1029=ORIENTED_EDGE('',*,*,#1235,.F.);
#1030=ORIENTED_EDGE('',*,*,#1269,.F.);
#1031=ORIENTED_EDGE('',*,*,#1275,.F.);
#1032=ORIENTED_EDGE('',*,*,#1214,.F.);
#1033=ORIENTED_EDGE('',*,*,#1216,.F.);
#1034=ORIENTED_EDGE('',*,*,#1276,.T.);
#1035=ORIENTED_EDGE('',*,*,#1262,.F.);
#1036=ORIENTED_EDGE('',*,*,#1277,.F.);
#1037=ORIENTED_EDGE('',*,*,#1278,.T.);
#1038=ORIENTED_EDGE('',*,*,#1218,.F.);
#1039=ORIENTED_EDGE('',*,*,#1277,.T.);
#1040=ORIENTED_EDGE('',*,*,#1260,.F.);
#1041=ORIENTED_EDGE('',*,*,#1279,.F.);
#1042=ORIENTED_EDGE('',*,*,#1220,.F.);
#1043=ORIENTED_EDGE('',*,*,#1279,.T.);
#1044=ORIENTED_EDGE('',*,*,#1258,.F.);
#1045=ORIENTED_EDGE('',*,*,#1280,.F.);
#1046=ORIENTED_EDGE('',*,*,#1281,.T.);
#1047=ORIENTED_EDGE('',*,*,#1222,.F.);
#1048=ORIENTED_EDGE('',*,*,#1280,.T.);
#1049=ORIENTED_EDGE('',*,*,#1264,.F.);
#1050=ORIENTED_EDGE('',*,*,#1276,.F.);
#1051=ORIENTED_EDGE('',*,*,#1236,.T.);
#1052=ORIENTED_EDGE('',*,*,#1275,.T.);
#1053=ORIENTED_EDGE('',*,*,#1246,.F.);
#1054=ORIENTED_EDGE('',*,*,#1243,.F.);
#1055=ORIENTED_EDGE('',*,*,#1241,.F.);
#1056=ORIENTED_EDGE('',*,*,#1238,.F.);
#1057=ORIENTED_EDGE('',*,*,#1271,.F.);
#1058=ORIENTED_EDGE('',*,*,#1240,.F.);
#1059=ORIENTED_EDGE('',*,*,#1245,.F.);
#1060=ORIENTED_EDGE('',*,*,#1255,.F.);
#1061=ORIENTED_EDGE('',*,*,#1253,.F.);
#1062=ORIENTED_EDGE('',*,*,#1251,.F.);
#1063=ORIENTED_EDGE('',*,*,#1248,.F.);
#1064=ORIENTED_EDGE('',*,*,#1256,.F.);
#1065=ORIENTED_EDGE('',*,*,#1250,.F.);
#1066=ORIENTED_EDGE('',*,*,#1281,.F.);
#1067=ORIENTED_EDGE('',*,*,#1278,.F.);
#1068=ORIENTED_EDGE('',*,*,#1265,.F.);
#1069=ORIENTED_EDGE('',*,*,#1266,.F.);
#1070=ORIENTED_EDGE('',*,*,#1274,.F.);
#1071=ORIENTED_EDGE('',*,*,#1282,.F.);
#1072=ORIENTED_EDGE('',*,*,#1267,.F.);
#1073=ORIENTED_EDGE('',*,*,#1283,.F.);
#1074=ORIENTED_EDGE('',*,*,#1268,.F.);
#1075=ORIENTED_EDGE('',*,*,#1282,.T.);
#1076=ORIENTED_EDGE('',*,*,#1283,.T.);
#1077=ORIENTED_EDGE('',*,*,#1284,.T.);
#1078=ORIENTED_EDGE('',*,*,#1183,.T.);
#1079=ORIENTED_EDGE('',*,*,#1285,.T.);
#1080=ORIENTED_EDGE('',*,*,#1192,.F.);
#1081=ORIENTED_EDGE('',*,*,#1286,.T.);
#1082=ORIENTED_EDGE('',*,*,#1194,.F.);
#1083=ORIENTED_EDGE('',*,*,#1287,.T.);
#1084=ORIENTED_EDGE('',*,*,#1176,.T.);
#1085=ORIENTED_EDGE('',*,*,#1182,.F.);
#1086=ORIENTED_EDGE('',*,*,#1197,.T.);
#1087=ORIENTED_EDGE('',*,*,#1121,.T.);
#1088=ORIENTED_EDGE('',*,*,#1288,.T.);
#1089=ORIENTED_EDGE('',*,*,#1288,.F.);
#1090=ORIENTED_EDGE('',*,*,#1289,.T.);
#1091=ORIENTED_EDGE('',*,*,#1285,.F.);
#1092=ORIENTED_EDGE('',*,*,#1132,.T.);
#1093=ORIENTED_EDGE('',*,*,#1290,.T.);
#1094=ORIENTED_EDGE('',*,*,#1193,.F.);
#1095=ORIENTED_EDGE('',*,*,#1289,.F.);
#1096=ORIENTED_EDGE('',*,*,#1290,.F.);
#1097=ORIENTED_EDGE('',*,*,#1291,.T.);
#1098=ORIENTED_EDGE('',*,*,#1287,.F.);
#1099=ORIENTED_EDGE('',*,*,#1177,.F.);
#1100=ORIENTED_EDGE('',*,*,#1291,.F.);
#1101=ORIENTED_EDGE('',*,*,#1131,.T.);
#1102=ORIENTED_EDGE('',*,*,#1190,.T.);
#1103=ORIENTED_EDGE('',*,*,#1175,.T.);
#1104=ORIENTED_EDGE('',*,*,#1189,.T.);
#1105=ORIENTED_EDGE('',*,*,#1142,.F.);
#1106=ORIENTED_EDGE('',*,*,#1292,.T.);
#1107=ORIENTED_EDGE('',*,*,#1286,.F.);
#1108=ORIENTED_EDGE('',*,*,#1292,.F.);
#1109=ORIENTED_EDGE('',*,*,#1293,.T.);
#1110=ORIENTED_EDGE('',*,*,#1157,.T.);
#1111=ORIENTED_EDGE('',*,*,#1294,.T.);
#1112=ORIENTED_EDGE('',*,*,#1191,.F.);
#1113=ORIENTED_EDGE('',*,*,#1293,.F.);
#1114=ORIENTED_EDGE('',*,*,#1284,.F.);
#1115=ORIENTED_EDGE('',*,*,#1294,.F.);
#1116=ORIENTED_EDGE('',*,*,#1295,.T.);
#1117=ORIENTED_EDGE('',*,*,#1180,.T.);
#1118=ORIENTED_EDGE('',*,*,#1295,.F.);
#1119=ORIENTED_EDGE('',*,*,#1156,.F.);
#1120=ORIENTED_EDGE('',*,*,#1195,.T.);
#1121=EDGE_CURVE('',#1296,#1297,#1298,.T.);
#1122=EDGE_CURVE('',#1296,#1299,#1300,.T.);
#1123=EDGE_CURVE('',#1299,#1301,#1302,.T.);
#1124=EDGE_CURVE('',#1301,#1303,#1304,.T.);
#1125=EDGE_CURVE('',#1303,#1305,#1306,.T.);
#1126=EDGE_CURVE('',#1305,#1307,#1308,.T.);
#1127=EDGE_CURVE('',#1307,#1309,#1310,.T.);
#1128=EDGE_CURVE('',#1309,#1311,#1312,.T.);
#1129=EDGE_CURVE('',#1311,#1313,#1314,.T.);
#1130=EDGE_CURVE('',#1313,#1315,#1316,.T.);
#1131=EDGE_CURVE('',#1317,#1315,#1318,.T.);
#1132=EDGE_CURVE('',#1297,#1317,#1319,.T.);
#1133=EDGE_CURVE('',#1320,#1321,#1322,.T.);
#1134=EDGE_CURVE('',#1321,#1323,#1324,.T.);
#1135=EDGE_CURVE('',#1323,#1325,#1326,.T.);
#1136=EDGE_CURVE('',#1325,#1320,#1327,.T.);
#1137=EDGE_CURVE('',#1328,#1328,#1329,.T.);
#1138=EDGE_CURVE('',#1330,#1331,#1332,.T.);
#1139=EDGE_CURVE('',#1331,#1333,#1334,.T.);
#1140=EDGE_CURVE('',#1333,#1335,#1336,.T.);
#1141=EDGE_CURVE('',#1335,#1330,#1337,.T.);
#1142=EDGE_CURVE('',#1338,#1339,#1340,.T.);
#1143=EDGE_CURVE('',#1339,#1341,#1342,.F.);
#1144=EDGE_CURVE('',#1341,#1343,#1344,.F.);
#1145=EDGE_CURVE('',#1343,#1345,#1346,.F.);
#1146=EDGE_CURVE('',#1345,#1347,#1348,.F.);
#1147=EDGE_CURVE('',#1347,#1349,#1350,.F.);
#1148=EDGE_CURVE('',#1349,#1351,#1352,.F.);
#1149=EDGE_CURVE('',#1351,#1353,#1354,.F.);
#1150=EDGE_CURVE('',#1353,#1355,#1356,.F.);
#1151=EDGE_CURVE('',#1355,#1357,#1358,.F.);
#1152=EDGE_CURVE('',#1357,#1359,#1360,.F.);
#1153=EDGE_CURVE('',#1359,#1361,#1362,.F.);
#1154=EDGE_CURVE('',#1361,#1363,#1364,.F.);
#1155=EDGE_CURVE('',#1363,#1365,#1366,.F.);
#1156=EDGE_CURVE('',#1365,#1367,#1368,.T.);
#1157=EDGE_CURVE('',#1338,#1367,#1369,.T.);
#1158=EDGE_CURVE('',#1370,#1371,#1372,.F.);
#1159=EDGE_CURVE('',#1371,#1373,#1374,.F.);
#1160=EDGE_CURVE('',#1373,#1375,#1376,.F.);
#1161=EDGE_CURVE('',#1375,#1370,#1377,.F.);
#1162=EDGE_CURVE('',#1378,#1379,#1380,.F.);
#1163=EDGE_CURVE('',#1379,#1381,#1382,.F.);
#1164=EDGE_CURVE('',#1381,#1383,#1384,.F.);
#1165=EDGE_CURVE('',#1383,#1378,#1385,.F.);
#1166=EDGE_CURVE('',#1386,#1387,#1388,.F.);
#1167=EDGE_CURVE('',#1387,#1389,#1390,.F.);
#1168=EDGE_CURVE('',#1389,#1391,#1392,.F.);
#1169=EDGE_CURVE('',#1391,#1386,#1393,.F.);
#1170=EDGE_CURVE('',#1394,#1394,#1395,.F.);
#1171=EDGE_CURVE('',#1396,#1397,#1398,.F.);
#1172=EDGE_CURVE('',#1397,#1399,#1400,.F.);
#1173=EDGE_CURVE('',#1399,#1401,#1402,.F.);
#1174=EDGE_CURVE('',#1401,#1396,#1403,.F.);
#1175=EDGE_CURVE('',#1404,#1405,#1406,.T.);
#1176=EDGE_CURVE('',#1407,#1404,#1408,.T.);
#1177=EDGE_CURVE('',#1407,#1409,#1410,.T.);
#1178=EDGE_CURVE('',#1409,#1405,#1411,.F.);
#1179=EDGE_CURVE('',#1412,#1412,#1413,.T.);
#1180=EDGE_CURVE('',#1414,#1415,#1416,.T.);
#1181=EDGE_CURVE('',#1414,#1417,#1418,.F.);
#1182=EDGE_CURVE('',#1417,#1419,#1420,.T.);
#1183=EDGE_CURVE('',#1415,#1419,#1421,.T.);
#1184=EDGE_CURVE('',#1422,#1422,#1423,.F.);
#1185=EDGE_CURVE('',#1347,#1307,#1424,.T.);
#1186=EDGE_CURVE('',#1309,#1345,#1425,.T.);
#1187=EDGE_CURVE('',#1311,#1343,#1426,.T.);
#1188=EDGE_CURVE('',#1313,#1341,#1427,.T.);
#1189=EDGE_CURVE('',#1405,#1339,#1428,.F.);
#1190=EDGE_CURVE('',#1315,#1409,#1429,.F.);
#1191=EDGE_CURVE('',#1430,#1431,#1432,.T.);
#1192=EDGE_CURVE('',#1431,#1433,#1434,.T.);
#1193=EDGE_CURVE('',#1433,#1435,#1436,.T.);
#1194=EDGE_CURVE('',#1435,#1430,#1437,.T.);
#1195=EDGE_CURVE('',#1365,#1414,#1438,.F.);
#1196=EDGE_CURVE('',#1363,#1299,#1439,.T.);
#1197=EDGE_CURVE('',#1417,#1296,#1440,.F.);
#1198=EDGE_CURVE('',#1301,#1361,#1441,.T.);
#1199=EDGE_CURVE('',#1303,#1359,#1442,.T.);
#1200=EDGE_CURVE('',#1305,#1357,#1443,.T.);
#1201=EDGE_CURVE('',#1355,#1444,#1445,.T.);
#1202=EDGE_CURVE('',#1444,#1446,#1447,.F.);
#1203=EDGE_CURVE('',#1446,#1349,#1448,.T.);
#1204=EDGE_CURVE('',#1449,#1449,#1450,.F.);
#1205=EDGE_CURVE('',#1451,#1451,#1452,.F.);
#1206=EDGE_CURVE('',#1453,#1330,#1454,.F.);
#1207=EDGE_CURVE('',#1453,#1455,#1456,.T.);
#1208=EDGE_CURVE('',#1455,#1331,#1457,.F.);
#1209=EDGE_CURVE('',#1455,#1458,#1459,.T.);
#1210=EDGE_CURVE('',#1458,#1333,#1460,.F.);
#1211=EDGE_CURVE('',#1458,#1461,#1462,.T.);
#1212=EDGE_CURVE('',#1461,#1335,#1463,.F.);
#1213=EDGE_CURVE('',#1461,#1453,#1464,.T.);
#1214=EDGE_CURVE('',#1465,#1465,#1466,.T.);
#1215=EDGE_CURVE('',#1467,#1320,#1468,.F.);
#1216=EDGE_CURVE('',#1467,#1469,#1470,.T.);
#1217=EDGE_CURVE('',#1469,#1321,#1471,.F.);
#1218=EDGE_CURVE('',#1469,#1472,#1473,.T.);
#1219=EDGE_CURVE('',#1472,#1323,#1474,.F.);
#1220=EDGE_CURVE('',#1472,#1475,#1476,.T.);
#1221=EDGE_CURVE('',#1475,#1325,#1477,.F.);
#1222=EDGE_CURVE('',#1475,#1467,#1478,.T.);
#1223=EDGE_CURVE('',#1446,#1479,#1480,.F.);
#1224=EDGE_CURVE('',#1479,#1351,#1481,.T.);
#1225=EDGE_CURVE('',#1479,#1482,#1483,.F.);
#1226=EDGE_CURVE('',#1482,#1353,#1484,.T.);
#1227=EDGE_CURVE('',#1482,#1444,#1485,.F.);
#1228=EDGE_CURVE('',#1486,#1396,#1487,.F.);
#1229=EDGE_CURVE('',#1486,#1488,#1489,.F.);
#1230=EDGE_CURVE('',#1488,#1397,#1490,.F.);
#1231=EDGE_CURVE('',#1488,#1491,#1492,.F.);
#1232=EDGE_CURVE('',#1491,#1399,#1493,.F.);
#1233=EDGE_CURVE('',#1491,#1494,#1495,.F.);
#1234=EDGE_CURVE('',#1494,#1401,#1496,.F.);
#1235=EDGE_CURVE('',#1494,#1486,#1497,.F.);
#1236=EDGE_CURVE('',#1498,#1498,#1499,.T.);
#1237=EDGE_CURVE('',#1500,#1386,#1501,.T.);
#1238=EDGE_CURVE('',#1500,#1502,#1503,.F.);
#1239=EDGE_CURVE('',#1502,#1387,#1504,.T.);
#1240=EDGE_CURVE('',#1505,#1505,#1506,.T.);
#1241=EDGE_CURVE('',#1502,#1507,#1508,.F.);
#1242=EDGE_CURVE('',#1507,#1389,#1509,.T.);
#1243=EDGE_CURVE('',#1507,#1510,#1511,.F.);
#1244=EDGE_CURVE('',#1510,#1391,#1512,.T.);
#1245=EDGE_CURVE('',#1513,#1513,#1514,.F.);
#1246=EDGE_CURVE('',#1510,#1500,#1515,.F.);
#1247=EDGE_CURVE('',#1516,#1378,#1517,.T.);
#1248=EDGE_CURVE('',#1516,#1518,#1519,.F.);
#1249=EDGE_CURVE('',#1518,#1379,#1520,.T.);
#1250=EDGE_CURVE('',#1521,#1521,#1522,.F.);
#1251=EDGE_CURVE('',#1518,#1523,#1524,.F.);
#1252=EDGE_CURVE('',#1523,#1381,#1525,.T.);
#1253=EDGE_CURVE('',#1523,#1526,#1527,.F.);
#1254=EDGE_CURVE('',#1526,#1383,#1528,.T.);
#1255=EDGE_CURVE('',#1529,#1529,#1530,.T.);
#1256=EDGE_CURVE('',#1526,#1516,#1531,.F.);
#1257=EDGE_CURVE('',#1532,#1370,#1533,.F.);
#1258=EDGE_CURVE('',#1532,#1534,#1535,.F.);
#1259=EDGE_CURVE('',#1534,#1371,#1536,.F.);
#1260=EDGE_CURVE('',#1534,#1537,#1538,.F.);
#1261=EDGE_CURVE('',#1537,#1373,#1539,.F.);
#1262=EDGE_CURVE('',#1537,#1540,#1541,.F.);
#1263=EDGE_CURVE('',#1540,#1375,#1542,.F.);
#1264=EDGE_CURVE('',#1540,#1532,#1543,.F.);
#1265=EDGE_CURVE('',#1544,#1544,#1545,.T.);
#1266=EDGE_CURVE('',#1546,#1546,#1547,.F.);
#1267=EDGE_CURVE('',#1548,#1548,#1549,.F.);
#1268=EDGE_CURVE('',#1550,#1550,#1551,.F.);
#1269=EDGE_CURVE('',#1453,#1494,#1552,.T.);
#1270=EDGE_CURVE('',#1455,#1491,#1553,.T.);
#1271=EDGE_CURVE('',#1554,#1554,#1555,.F.);
#1272=EDGE_CURVE('',#1458,#1488,#1556,.T.);
#1273=EDGE_CURVE('',#1461,#1486,#1557,.T.);
#1274=EDGE_CURVE('',#1558,#1558,#1559,.T.);
#1275=EDGE_CURVE('',#1560,#1560,#1561,.F.);
#1276=EDGE_CURVE('',#1467,#1540,#1562,.T.);
#1277=EDGE_CURVE('',#1469,#1537,#1563,.T.);
#1278=EDGE_CURVE('',#1564,#1564,#1565,.F.);
#1279=EDGE_CURVE('',#1472,#1534,#1566,.T.);
#1280=EDGE_CURVE('',#1475,#1532,#1567,.T.);
#1281=EDGE_CURVE('',#1568,#1568,#1569,.T.);
#1282=EDGE_CURVE('',#1570,#1570,#1571,.T.);
#1283=EDGE_CURVE('',#1572,#1572,#1573,.T.);
#1284=EDGE_CURVE('',#1431,#1415,#1574,.F.);
#1285=EDGE_CURVE('',#1419,#1433,#1575,.F.);
#1286=EDGE_CURVE('',#1404,#1430,#1576,.F.);
#1287=EDGE_CURVE('',#1435,#1407,#1577,.F.);
#1288=EDGE_CURVE('',#1297,#1419,#1578,.F.);
#1289=EDGE_CURVE('',#1297,#1433,#1579,.T.);
#1290=EDGE_CURVE('',#1317,#1435,#1580,.T.);
#1291=EDGE_CURVE('',#1317,#1407,#1581,.T.);
#1292=EDGE_CURVE('',#1338,#1404,#1582,.F.);
#1293=EDGE_CURVE('',#1338,#1430,#1583,.T.);
#1294=EDGE_CURVE('',#1367,#1431,#1584,.T.);
#1295=EDGE_CURVE('',#1367,#1415,#1585,.T.);
#1296=VERTEX_POINT('',#1586);
#1297=VERTEX_POINT('',#1587);
#1298=LINE('',#1588,#1589);
#1299=VERTEX_POINT('',#1591);
#1300=LINE('',#1592,#1593);
#1301=VERTEX_POINT('',#1595);
#1302=LINE('',#1596,#1597);
#1303=VERTEX_POINT('',#1599);
#1304=LINE('',#1600,#1601);
#1305=VERTEX_POINT('',#1603);
#1306=LINE('',#1604,#1605);
#1307=VERTEX_POINT('',#1607);
#1308=LINE('',#1608,#1609);
#1309=VERTEX_POINT('',#1611);
#1310=LINE('',#1612,#1613);
#1311=VERTEX_POINT('',#1615);
#1312=LINE('',#1616,#1617);
#1313=VERTEX_POINT('',#1619);
#1314=LINE('',#1620,#1621);
#1315=VERTEX_POINT('',#1623);
#1316=LINE('',#1624,#1625);
#1317=VERTEX_POINT('',#1627);
#1318=LINE('',#1628,#1629);
#1319=LINE('',#1631,#1632);
#1320=VERTEX_POINT('',#1634);
#1321=VERTEX_POINT('',#1635);
#1322=LINE('',#1636,#1637);
#1323=VERTEX_POINT('',#1639);
#1324=CIRCLE('',#1640,4.05);
#1325=VERTEX_POINT('',#1644);
#1326=LINE('',#1645,#1646);
#1327=LINE('',#1648,#1649);
#1328=VERTEX_POINT('',#1651);
#1329=CIRCLE('',#1652,5.50000000000001);
#1330=VERTEX_POINT('',#1656);
#1331=VERTEX_POINT('',#1657);
#1332=LINE('',#1658,#1659);
#1333=VERTEX_POINT('',#1661);
#1334=CIRCLE('',#1662,4.05);
#1335=VERTEX_POINT('',#1666);
#1336=LINE('',#1667,#1668);
#1337=LINE('',#1670,#1671);
#1338=VERTEX_POINT('',#1673);
#1339=VERTEX_POINT('',#1674);
#1340=LINE('',#1675,#1676);
#1341=VERTEX_POINT('',#1678);
#1342=LINE('',#1679,#1680);
#1343=VERTEX_POINT('',#1682);
#1344=LINE('',#1683,#1684);
#1345=VERTEX_POINT('',#1686);
#1346=LINE('',#1687,#1688);
#1347=VERTEX_POINT('',#1690);
#1348=LINE('',#1691,#1692);
#1349=VERTEX_POINT('',#1694);
#1350=LINE('',#1695,#1696);
#1351=VERTEX_POINT('',#1698);
#1352=LINE('',#1699,#1700);
#1353=VERTEX_POINT('',#1702);
#1354=LINE('',#1703,#1704);
#1355=VERTEX_POINT('',#1706);
#1356=LINE('',#1707,#1708);
#1357=VERTEX_POINT('',#1710);
#1358=LINE('',#1711,#1712);
#1359=VERTEX_POINT('',#1714);
#1360=LINE('',#1715,#1716);
#1361=VERTEX_POINT('',#1718);
#1362=LINE('',#1719,#1720);
#1363=VERTEX_POINT('',#1722);
#1364=LINE('',#1723,#1724);
#1365=VERTEX_POINT('',#1726);
#1366=LINE('',#1727,#1728);
#1367=VERTEX_POINT('',#1730);
#1368=LINE('',#1731,#1732);
#1369=LINE('',#1734,#1735);
#1370=VERTEX_POINT('',#1737);
#1371=VERTEX_POINT('',#1738);
#1372=LINE('',#1739,#1740);
#1373=VERTEX_POINT('',#1742);
#1374=CIRCLE('',#1743,4.05);
#1375=VERTEX_POINT('',#1747);
#1376=LINE('',#1748,#1749);
#1377=LINE('',#1751,#1752);
#1378=VERTEX_POINT('',#1754);
#1379=VERTEX_POINT('',#1755);
#1380=LINE('',#1756,#1757);
#1381=VERTEX_POINT('',#1759);
#1382=LINE('',#1760,#1761);
#1383=VERTEX_POINT('',#1763);
#1384=LINE('',#1764,#1765);
#1385=LINE('',#1767,#1768);
#1386=VERTEX_POINT('',#1770);
#1387=VERTEX_POINT('',#1771);
#1388=LINE('',#1772,#1773);
#1389=VERTEX_POINT('',#1775);
#1390=LINE('',#1776,#1777);
#1391=VERTEX_POINT('',#1779);
#1392=LINE('',#1780,#1781);
#1393=LINE('',#1783,#1784);
#1394=VERTEX_POINT('',#1786);
#1395=CIRCLE('',#1787,8.05);
#1396=VERTEX_POINT('',#1791);
#1397=VERTEX_POINT('',#1792);
#1398=LINE('',#1793,#1794);
#1399=VERTEX_POINT('',#1796);
#1400=CIRCLE('',#1797,4.05);
#1401=VERTEX_POINT('',#1801);
#1402=LINE('',#1802,#1803);
#1403=LINE('',#1805,#1806);
#1404=VERTEX_POINT('',#1808);
#1405=VERTEX_POINT('',#1809);
#1406=LINE('',#1810,#1811);
#1407=VERTEX_POINT('',#1813);
#1408=LINE('',#1814,#1815);
#1409=VERTEX_POINT('',#1817);
#1410=LINE('',#1818,#1819);
#1411=LINE('',#1821,#1822);
#1412=VERTEX_POINT('',#1824);
#1413=CIRCLE('',#1825,3.55);
#1414=VERTEX_POINT('',#1829);
#1415=VERTEX_POINT('',#1830);
#1416=LINE('',#1831,#1832);
#1417=VERTEX_POINT('',#1834);
#1418=LINE('',#1835,#1836);
#1419=VERTEX_POINT('',#1838);
#1420=LINE('',#1839,#1840);
#1421=LINE('',#1842,#1843);
#1422=VERTEX_POINT('',#1845);
#1423=CIRCLE('',#1846,3.55);
#1424=LINE('',#1850,#1851);
#1425=LINE('',#1853,#1854);
#1426=LINE('',#1856,#1857);
#1427=LINE('',#1859,#1860);
#1428=CIRCLE('',#1862,1.5);
#1429=CIRCLE('',#1866,1.5);
#1430=VERTEX_POINT('',#1870);
#1431=VERTEX_POINT('',#1871);
#1432=LINE('',#1872,#1873);
#1433=VERTEX_POINT('',#1875);
#1434=LINE('',#1876,#1877);
#1435=VERTEX_POINT('',#1879);
#1436=LINE('',#1880,#1881);
#1437=LINE('',#1883,#1884);
#1438=CIRCLE('',#1886,1.5);
#1439=LINE('',#1890,#1891);
#1440=CIRCLE('',#1893,1.5);
#1441=LINE('',#1897,#1898);
#1442=LINE('',#1900,#1901);
#1443=LINE('',#1903,#1904);
#1444=VERTEX_POINT('',#1906);
#1445=LINE('',#1907,#1908);
#1446=VERTEX_POINT('',#1910);
#1447=LINE('',#1911,#1912);
#1448=LINE('',#1914,#1915);
#1449=VERTEX_POINT('',#1917);
#1450=CIRCLE('',#1918,4.65);
#1451=VERTEX_POINT('',#1922);
#1452=CIRCLE('',#1923,4.65);
#1453=VERTEX_POINT('',#1927);
#1454=(BOUNDED_CURVE()B_SPLINE_CURVE(3,
(#1928,#1929,#1930,#1931),
.UNSPECIFIED.,.F.,.F.)B_SPLINE_CURVE_WITH_KNOTS((4,4),
(0.,1.),
.UNSPECIFIED.)CURVE()GEOMETRIC_REPRESENTATION_ITEM()RATIONAL_B_SPLINE_CURVE((1.,
0.804737854124365,0.804737854124365,1.))REPRESENTATION_ITEM(''));
#1455=VERTEX_POINT('',#1932);
#1456=LINE('',#1933,#1934);
#1457=B_SPLINE_CURVE_WITH_KNOTS('',3,
(#1936,#1937,#1938,#1939,#1940,#1941,#1942,#1943,#1944,#1945,#1946,#1947,#1948,#1949,
#1950,#1951),
.UNSPECIFIED.,.F.,.F.,
(4,1,1,1,1,1,1,1,1,1,1,1,1,4),
(0.,0.0773889626268366,0.152697634376625,0.225960767672543,0.321113426135195,0.436393779569256,
0.549905037936765,0.637712730544524,0.72111233831705,0.798946395598802,0.871224692409528,
0.917324382690422,0.960254959420455,1.),
.UNSPECIFIED.);
#1458=VERTEX_POINT('',#1952);
#1459=CIRCLE('',#1953,3.05);
#1460=B_SPLINE_CURVE_WITH_KNOTS('',3,
(#1957,#1958,#1959,#1960,#1961,#1962,#1963,#1964,#1965,#1966,#1967,#1968,#1969,#1970,
#1971,#1972),
.UNSPECIFIED.,.F.,.F.,
(4,1,1,1,1,1,1,1,1,1,1,1,1,4),
(0.,0.0773889626268343,0.152697634376628,0.225960767672544,0.321113426135196,0.436393779569258,
0.549905037936766,0.637712730544521,0.72111233831705,0.7989463955988,0.871224692409528,
0.917324382690421,0.960254959420454,1.),
.UNSPECIFIED.);
#1461=VERTEX_POINT('',#1973);
#1462=LINE('',#1974,#1975);
#1463=(BOUNDED_CURVE()B_SPLINE_CURVE(3,
(#1977,#1978,#1979,#1980),
.UNSPECIFIED.,.F.,.F.)B_SPLINE_CURVE_WITH_KNOTS((4,4),
(0.,1.),
.UNSPECIFIED.)CURVE()GEOMETRIC_REPRESENTATION_ITEM()RATIONAL_B_SPLINE_CURVE((1.,
0.804737854124365,0.804737854124365,1.))REPRESENTATION_ITEM(''));
#1464=LINE('',#1981,#1982);
#1465=VERTEX_POINT('',#1984);
#1466=CIRCLE('',#1985,4.5);
#1467=VERTEX_POINT('',#1989);
#1468=(BOUNDED_CURVE()B_SPLINE_CURVE(3,
(#1990,#1991,#1992,#1993),
.UNSPECIFIED.,.F.,.F.)B_SPLINE_CURVE_WITH_KNOTS((4,4),
(0.,1.),
.UNSPECIFIED.)CURVE()GEOMETRIC_REPRESENTATION_ITEM()RATIONAL_B_SPLINE_CURVE((1.,
0.804737854124365,0.804737854124365,1.))REPRESENTATION_ITEM(''));
#1469=VERTEX_POINT('',#1994);
#1470=LINE('',#1995,#1996);
#1471=B_SPLINE_CURVE_WITH_KNOTS('',3,
(#1998,#1999,#2000,#2001,#2002,#2003,#2004,#2005,#2006,#2007,#2008,#2009,#2010,#2011,
#2012,#2013),
.UNSPECIFIED.,.F.,.F.,
(4,1,1,1,1,1,1,1,1,1,1,1,1,4),
(0.,0.0773889626268338,0.152697634376622,0.22596076767254,0.321113426135197,0.436393779569258,
0.549905037936765,0.637712730544529,0.72111233831705,0.798946395598798,0.871224692409527,
0.917324382690423,0.960254959420455,1.),
.UNSPECIFIED.);
#1472=VERTEX_POINT('',#2014);
#1473=CIRCLE('',#2015,3.05);
#1474=B_SPLINE_CURVE_WITH_KNOTS('',3,
(#2019,#2020,#2021,#2022,#2023,#2024,#2025,#2026,#2027,#2028,#2029,#2030,#2031,#2032,
#2033,#2034),
.UNSPECIFIED.,.F.,.F.,
(4,1,1,1,1,1,1,1,1,1,1,1,1,4),
(0.,0.0773889626268338,0.152697634376624,0.225960767672549,0.321113426135196,0.436393779569259,
0.54990503793677,0.637712730544521,0.72111233831705,0.798946395598802,0.871224692409529,
0.917324382690424,0.960254959420455,1.),
.UNSPECIFIED.);
#1475=VERTEX_POINT('',#2035);
#1476=LINE('',#2036,#2037);
#1477=(BOUNDED_CURVE()B_SPLINE_CURVE(3,
(#2039,#2040,#2041,#2042),
.UNSPECIFIED.,.F.,.F.)B_SPLINE_CURVE_WITH_KNOTS((4,4),
(0.,1.),
.UNSPECIFIED.)CURVE()GEOMETRIC_REPRESENTATION_ITEM()RATIONAL_B_SPLINE_CURVE((1.,
0.804737854124365,0.804737854124365,1.))REPRESENTATION_ITEM(''));
#1478=LINE('',#2043,#2044);
#1479=VERTEX_POINT('',#2046);
#1480=LINE('',#2047,#2048);
#1481=LINE('',#2050,#2051);
#1482=VERTEX_POINT('',#2053);
#1483=LINE('',#2054,#2055);
#1484=LINE('',#2057,#2058);
#1485=LINE('',#2060,#2061);
#1486=VERTEX_POINT('',#2063);
#1487=(BOUNDED_CURVE()B_SPLINE_CURVE(3,
(#2064,#2065,#2066,#2067),
.UNSPECIFIED.,.F.,.F.)B_SPLINE_CURVE_WITH_KNOTS((4,4),
(0.,1.),
.UNSPECIFIED.)CURVE()GEOMETRIC_REPRESENTATION_ITEM()RATIONAL_B_SPLINE_CURVE((1.,
0.804737854124365,0.804737854124365,1.))REPRESENTATION_ITEM(''));
#1488=VERTEX_POINT('',#2068);
#1489=LINE('',#2069,#2070);
#1490=B_SPLINE_CURVE_WITH_KNOTS('',3,
(#2072,#2073,#2074,#2075,#2076,#2077,#2078,#2079,#2080,#2081,#2082,#2083,#2084,#2085,
#2086,#2087),
.UNSPECIFIED.,.F.,.F.,
(4,1,1,1,1,1,1,1,1,1,1,1,1,4),
(0.,0.0773889626268346,0.152697634376624,0.225960767672544,0.321113426135192,0.436393779569255,
0.549905037936764,0.63771273054452,0.72111233831705,0.798946395598804,0.871224692409531,
0.917324382690423,0.960254959420452,1.),
.UNSPECIFIED.);
#1491=VERTEX_POINT('',#2088);
#1492=CIRCLE('',#2089,3.05);
#1493=B_SPLINE_CURVE_WITH_KNOTS('',3,
(#2093,#2094,#2095,#2096,#2097,#2098,#2099,#2100,#2101,#2102,#2103,#2104,#2105,#2106,
#2107,#2108),
.UNSPECIFIED.,.F.,.F.,
(4,1,1,1,1,1,1,1,1,1,1,1,1,4),
(0.,0.0773889626268365,0.152697634376628,0.225960767672544,0.321113426135191,0.436393779569253,
0.549905037936764,0.637712730544527,0.721112338317049,0.798946395598803,0.871224692409527,
0.917324382690423,0.960254959420452,1.),
.UNSPECIFIED.);
#1494=VERTEX_POINT('',#2109);
#1495=LINE('',#2110,#2111);
#1496=(BOUNDED_CURVE()B_SPLINE_CURVE(3,
(#2113,#2114,#2115,#2116),
.UNSPECIFIED.,.F.,.F.)B_SPLINE_CURVE_WITH_KNOTS((4,4),
(0.,1.),
.UNSPECIFIED.)CURVE()GEOMETRIC_REPRESENTATION_ITEM()RATIONAL_B_SPLINE_CURVE((1.,
0.804737854124365,0.804737854124365,1.))REPRESENTATION_ITEM(''));
#1497=LINE('',#2117,#2118);
#1498=VERTEX_POINT('',#2120);
#1499=CIRCLE('',#2121,8.05);
#1500=VERTEX_POINT('',#2125);
#1501=LINE('',#2126,#2127);
#1502=VERTEX_POINT('',#2129);
#1503=LINE('',#2130,#2131);
#1504=LINE('',#2133,#2134);
#1505=VERTEX_POINT('',#2136);
#1506=CIRCLE('',#2137,1.75);
#1507=VERTEX_POINT('',#2141);
#1508=LINE('',#2142,#2143);
#1509=LINE('',#2145,#2146);
#1510=VERTEX_POINT('',#2148);
#1511=LINE('',#2149,#2150);
#1512=LINE('',#2152,#2153);
#1513=VERTEX_POINT('',#2155);
#1514=CIRCLE('',#2156,1.75);
#1515=LINE('',#2160,#2161);
#1516=VERTEX_POINT('',#2163);
#1517=LINE('',#2164,#2165);
#1518=VERTEX_POINT('',#2167);
#1519=LINE('',#2168,#2169);
#1520=LINE('',#2171,#2172);
#1521=VERTEX_POINT('',#2174);
#1522=CIRCLE('',#2175,1.75);
#1523=VERTEX_POINT('',#2179);
#1524=LINE('',#2180,#2181);
#1525=LINE('',#2183,#2184);
#1526=VERTEX_POINT('',#2186);
#1527=LINE('',#2187,#2188);
#1528=LINE('',#2190,#2191);
#1529=VERTEX_POINT('',#2193);
#1530=CIRCLE('',#2194,1.75);
#1531=LINE('',#2198,#2199);
#1532=VERTEX_POINT('',#2201);
#1533=(BOUNDED_CURVE()B_SPLINE_CURVE(3,
(#2202,#2203,#2204,#2205),
.UNSPECIFIED.,.F.,.F.)B_SPLINE_CURVE_WITH_KNOTS((4,4),
(0.,1.),
.UNSPECIFIED.)CURVE()GEOMETRIC_REPRESENTATION_ITEM()RATIONAL_B_SPLINE_CURVE((1.,
0.804737854124365,0.804737854124365,1.))REPRESENTATION_ITEM(''));
#1534=VERTEX_POINT('',#2206);
#1535=LINE('',#2207,#2208);
#1536=B_SPLINE_CURVE_WITH_KNOTS('',3,
(#2210,#2211,#2212,#2213,#2214,#2215,#2216,#2217,#2218,#2219,#2220,#2221,#2222,#2223,
#2224,#2225),
.UNSPECIFIED.,.F.,.F.,
(4,1,1,1,1,1,1,1,1,1,1,1,1,4),
(0.,0.0773889626268393,0.15269763437662,0.225960767672538,0.321113426135195,0.436393779569256,
0.549905037936771,0.637712730544527,0.72111233831705,0.798946395598804,0.871224692409534,
0.917324382690427,0.960254959420456,1.),
.UNSPECIFIED.);
#1537=VERTEX_POINT('',#2226);
#1538=CIRCLE('',#2227,3.05);
#1539=B_SPLINE_CURVE_WITH_KNOTS('',3,
(#2231,#2232,#2233,#2234,#2235,#2236,#2237,#2238,#2239,#2240,#2241,#2242,#2243,#2244,
#2245,#2246),
.UNSPECIFIED.,.F.,.F.,
(4,1,1,1,1,1,1,1,1,1,1,1,1,4),
(0.,0.0773889626268305,0.152697634376625,0.225960767672549,0.3211134261352,0.436393779569258,
0.549905037936767,0.637712730544531,0.721112338317054,0.798946395598802,0.871224692409526,
0.917324382690418,0.960254959420452,1.),
.UNSPECIFIED.);
#1540=VERTEX_POINT('',#2247);
#1541=LINE('',#2248,#2249);
#1542=(BOUNDED_CURVE()B_SPLINE_CURVE(3,
(#2251,#2252,#2253,#2254),
.UNSPECIFIED.,.F.,.F.)B_SPLINE_CURVE_WITH_KNOTS((4,4),
(0.,1.),
.UNSPECIFIED.)CURVE()GEOMETRIC_REPRESENTATION_ITEM()RATIONAL_B_SPLINE_CURVE((1.,
0.804737854124365,0.804737854124365,1.))REPRESENTATION_ITEM(''));
#1543=LINE('',#2255,#2256);
#1544=VERTEX_POINT('',#2258);
#1545=CIRCLE('',#2259,1.75);
#1546=VERTEX_POINT('',#2263);
#1547=CIRCLE('',#2264,1.75);
#1548=VERTEX_POINT('',#2268);
#1549=CIRCLE('',#2269,4.15);
#1550=VERTEX_POINT('',#2273);
#1551=CIRCLE('',#2274,4.15);
#1552=LINE('',#2278,#2279);
#1553=LINE('',#2281,#2282);
#1554=VERTEX_POINT('',#2284);
#1555=CIRCLE('',#2285,1.75);
#1556=LINE('',#2289,#2290);
#1557=LINE('',#2292,#2293);
#1558=VERTEX_POINT('',#2295);
#1559=CIRCLE('',#2296,1.75);
#1560=VERTEX_POINT('',#2300);
#1561=CIRCLE('',#2301,4.5);
#1562=LINE('',#2305,#2306);
#1563=LINE('',#2308,#2309);
#1564=VERTEX_POINT('',#2311);
#1565=CIRCLE('',#2312,1.75);
#1566=LINE('',#2316,#2317);
#1567=LINE('',#2319,#2320);
#1568=VERTEX_POINT('',#2322);
#1569=CIRCLE('',#2323,1.75);
#1570=VERTEX_POINT('',#2327);
#1571=CIRCLE('',#2328,4.15);
#1572=VERTEX_POINT('',#2332);
#1573=CIRCLE('',#2333,4.15);
#1574=CIRCLE('',#2337,1.5);
#1575=CIRCLE('',#2341,1.5);
#1576=CIRCLE('',#2345,1.5);
#1577=CIRCLE('',#2349,1.5);
#1578=CIRCLE('',#2353,1.5);
#1579=CIRCLE('',#2357,1.5);
#1580=CIRCLE('',#2361,1.5);
#1581=CIRCLE('',#2365,1.5);
#1582=CIRCLE('',#2369,1.5);
#1583=CIRCLE('',#2373,1.5);
#1584=CIRCLE('',#2377,1.5);
#1585=CIRCLE('',#2381,1.5);
#1586=CARTESIAN_POINT('',(-1.5,-40.,0.));
#1587=CARTESIAN_POINT('',(-1.5,1.5,0.));
#1588=CARTESIAN_POINT('',(-1.5,-40.,0.));
#1589=VECTOR('',#1590,1.);
#1590=DIRECTION('',(1.23060865380138E-16,1.,0.));
#1591=CARTESIAN_POINT('',(-5.00000000000001,-40.,0.));
#1592=CARTESIAN_POINT('',(-1.5,-40.,0.));
#1593=VECTOR('',#1594,1.);
#1594=DIRECTION('',(-1.,0.,0.));
#1595=CARTESIAN_POINT('',(-5.,-37.,0.));
#1596=CARTESIAN_POINT('',(-5.00000000000001,-40.,0.));
#1597=VECTOR('',#1598,1.);
#1598=DIRECTION('',(2.96059473233375E-16,1.,0.));
#1599=CARTESIAN_POINT('',(-8.,-37.,0.));
#1600=CARTESIAN_POINT('',(-5.,-37.,0.));
#1601=VECTOR('',#1602,1.);
#1602=DIRECTION('',(-1.,0.,0.));
#1603=CARTESIAN_POINT('',(-8.00000000000001,-40.,0.));
#1604=CARTESIAN_POINT('',(-8.,-37.,0.));
#1605=VECTOR('',#1606,1.);
#1606=DIRECTION('',(-5.9211894646675E-16,-1.,0.));
#1607=CARTESIAN_POINT('',(-52.,-40.,0.));
#1608=CARTESIAN_POINT('',(-8.00000000000001,-40.,0.));
#1609=VECTOR('',#1610,1.);
#1610=DIRECTION('',(-1.,1.61486985400023E-16,0.));
#1611=CARTESIAN_POINT('',(-52.,-37.,0.));
#1612=CARTESIAN_POINT('',(-52.,-40.,0.));
#1613=VECTOR('',#1614,1.);
#1614=DIRECTION('',(0.,1.,0.));
#1615=CARTESIAN_POINT('',(-55.,-37.,0.));
#1616=CARTESIAN_POINT('',(-52.,-37.,0.));
#1617=VECTOR('',#1618,1.);
#1618=DIRECTION('',(-1.,0.,0.));
#1619=CARTESIAN_POINT('',(-55.,-40.,0.));
#1620=CARTESIAN_POINT('',(-55.,-37.,0.));
#1621=VECTOR('',#1622,1.);
#1622=DIRECTION('',(0.,-1.,0.));
#1623=CARTESIAN_POINT('',(-58.5,-40.,0.));
#1624=CARTESIAN_POINT('',(-55.,-40.,0.));
#1625=VECTOR('',#1626,1.);
#1626=DIRECTION('',(-1.,0.,0.));
#1627=CARTESIAN_POINT('',(-58.5,1.50000000000001,0.));
#1628=CARTESIAN_POINT('',(-58.5,1.50000000000001,0.));
#1629=VECTOR('',#1630,1.);
#1630=DIRECTION('',(-1.71215117050627E-16,-1.,0.));
#1631=CARTESIAN_POINT('',(-1.5,1.5,0.));
#1632=VECTOR('',#1633,1.);
#1633=DIRECTION('',(-1.,1.2465662030879E-16,0.));
#1634=CARTESIAN_POINT('',(-52.,-9.11859409315521,3.70074341541719E-17));
#1635=CARTESIAN_POINT('',(-51.9999999999173,-21.4782816691723,0.));
#1636=CARTESIAN_POINT('',(-52.,-9.11859409315521,0.));
#1637=VECTOR('',#1638,1.);
#1638=DIRECTION('',(5.74887295005108E-16,-1.,0.));
#1639=CARTESIAN_POINT('',(-48.0000000000827,-21.4782816691723,0.));
#1640=AXIS2_PLACEMENT_3D('',#1641,#1642,#1643);
#1641=CARTESIAN_POINT('',(-50.,-25.,0.));
#1642=DIRECTION('',(0.,0.,1.));
#1643=DIRECTION('',(-0.493827160452983,0.869560081649879,0.));
#1644=CARTESIAN_POINT('',(-48.,-9.11859409315522,3.70074341541719E-17));
#1645=CARTESIAN_POINT('',(-48.,-21.4782816690267,0.));
#1646=VECTOR('',#1647,1.);
#1647=DIRECTION('',(0.,1.,0.));
#1648=CARTESIAN_POINT('',(-48.,-9.11859409315521,5.55111512312578E-17));
#1649=VECTOR('',#1650,1.);
#1650=DIRECTION('',(-1.,4.44089209850063E-16,0.));
#1651=CARTESIAN_POINT('',(-35.5,-25.,0.));
#1652=AXIS2_PLACEMENT_3D('',#1653,#1654,#1655);
#1653=CARTESIAN_POINT('',(-30.,-25.,0.));
#1654=DIRECTION('',(0.,0.,1.));
#1655=DIRECTION('',(-1.,1.22464679914735E-16,0.));
#1656=CARTESIAN_POINT('',(-11.9999999999545,-9.11859409315522,0.));
#1657=CARTESIAN_POINT('',(-11.9999999998718,-21.4782816691724,0.));
#1658=CARTESIAN_POINT('',(-11.9999999999545,-9.11859409315522,0.));
#1659=VECTOR('',#1660,1.);
#1660=DIRECTION('',(0.,-1.,0.));
#1661=CARTESIAN_POINT('',(-8.00000000003707,-21.4782816691724,0.));
#1662=AXIS2_PLACEMENT_3D('',#1663,#1664,#1665);
#1663=CARTESIAN_POINT('',(-9.99999999995446,-25.,0.));
#1664=DIRECTION('',(0.,0.,1.));
#1665=DIRECTION('',(-0.493827160453006,0.869560081649866,0.));
#1666=CARTESIAN_POINT('',(-7.99999999995436,-9.11859409315522,0.));
#1667=CARTESIAN_POINT('',(-7.99999999995436,-21.4782816690268,0.));
#1668=VECTOR('',#1669,1.);
#1669=DIRECTION('',(2.15582735626915E-16,1.,0.));
#1670=CARTESIAN_POINT('',(-7.99999999995436,-9.11859409315522,0.));
#1671=VECTOR('',#1672,1.);
#1672=DIRECTION('',(-1.,0.,0.));
#1673=CARTESIAN_POINT('',(-58.5,1.50000000000001,20.));
#1674=CARTESIAN_POINT('',(-58.5,-40.,20.));
#1675=CARTESIAN_POINT('',(-58.5,1.50000000000001,20.));
#1676=VECTOR('',#1677,1.);
#1677=DIRECTION('',(-1.71215117050627E-16,-1.,0.));
#1678=CARTESIAN_POINT('',(-55.,-40.,20.));
#1679=CARTESIAN_POINT('',(-55.,-40.,20.));
#1680=VECTOR('',#1681,1.);
#1681=DIRECTION('',(-1.,0.,0.));
#1682=CARTESIAN_POINT('',(-55.,-37.,20.));
#1683=CARTESIAN_POINT('',(-55.,-37.,20.));
#1684=VECTOR('',#1685,1.);
#1685=DIRECTION('',(0.,-1.,0.));
#1686=CARTESIAN_POINT('',(-52.,-37.,20.));
#1687=CARTESIAN_POINT('',(-52.,-37.,20.));
#1688=VECTOR('',#1689,1.);
#1689=DIRECTION('',(-1.,0.,0.));
#1690=CARTESIAN_POINT('',(-52.,-40.,20.));
#1691=CARTESIAN_POINT('',(-52.,-40.,20.));
#1692=VECTOR('',#1693,1.);
#1693=DIRECTION('',(0.,1.,0.));
#1694=CARTESIAN_POINT('',(-35.,-40.,20.));
#1695=CARTESIAN_POINT('',(-35.,-40.,20.));
#1696=VECTOR('',#1697,1.);
#1697=DIRECTION('',(-1.,0.,0.));
#1698=CARTESIAN_POINT('',(-36.5,-37.,20.));
#1699=CARTESIAN_POINT('',(-36.5,-37.,20.));
#1700=VECTOR('',#1701,1.);
#1701=DIRECTION('',(0.447213595499958,-0.894427190999916,0.));
#1702=CARTESIAN_POINT('',(-23.5,-37.,20.));
#1703=CARTESIAN_POINT('',(-23.5,-37.,20.));
#1704=VECTOR('',#1705,1.);
#1705=DIRECTION('',(-1.,5.46571335200077E-16,0.));
#1706=CARTESIAN_POINT('',(-25.,-40.,20.));
#1707=CARTESIAN_POINT('',(-25.,-40.,20.));
#1708=VECTOR('',#1709,1.);
#1709=DIRECTION('',(0.447213595499958,0.894427190999916,0.));
#1710=CARTESIAN_POINT('',(-8.00000000000001,-40.,20.));
#1711=CARTESIAN_POINT('',(-8.00000000000001,-40.,20.));
#1712=VECTOR('',#1713,1.);
#1713=DIRECTION('',(-1.,0.,0.));
#1714=CARTESIAN_POINT('',(-8.,-37.,20.));
#1715=CARTESIAN_POINT('',(-8.,-37.,20.));
#1716=VECTOR('',#1717,1.);
#1717=DIRECTION('',(-5.9211894646675E-16,-1.,0.));
#1718=CARTESIAN_POINT('',(-5.,-37.,20.));
#1719=CARTESIAN_POINT('',(-5.,-37.,20.));
#1720=VECTOR('',#1721,1.);
#1721=DIRECTION('',(-1.,0.,0.));
#1722=CARTESIAN_POINT('',(-5.00000000000001,-40.,20.));
#1723=CARTESIAN_POINT('',(-5.00000000000001,-40.,20.));
#1724=VECTOR('',#1725,1.);
#1725=DIRECTION('',(2.96059473233375E-16,1.,0.));
#1726=CARTESIAN_POINT('',(-1.5,-40.,20.));
#1727=CARTESIAN_POINT('',(-1.5,-40.,20.));
#1728=VECTOR('',#1729,1.);
#1729=DIRECTION('',(-1.,0.,0.));
#1730=CARTESIAN_POINT('',(-1.5,1.5,20.));
#1731=CARTESIAN_POINT('',(-1.5,-40.,20.));
#1732=VECTOR('',#1733,1.);
#1733=DIRECTION('',(1.23060865380138E-16,1.,0.));
#1734=CARTESIAN_POINT('',(-58.5,1.50000000000001,20.));
#1735=VECTOR('',#1736,1.);
#1736=DIRECTION('',(1.,-1.2465662030879E-16,0.));
#1737=CARTESIAN_POINT('',(-48.,-9.11859409315522,20.));
#1738=CARTESIAN_POINT('',(-48.0000000000827,-21.4782816691723,20.));
#1739=CARTESIAN_POINT('',(-48.,-21.4782816690267,20.));
#1740=VECTOR('',#1741,1.);
#1741=DIRECTION('',(0.,1.,0.));
#1742=CARTESIAN_POINT('',(-51.9999999999173,-21.4782816691723,20.));
#1743=AXIS2_PLACEMENT_3D('',#1744,#1745,#1746);
#1744=CARTESIAN_POINT('',(-50.,-25.,20.));
#1745=DIRECTION('',(0.,0.,1.));
#1746=DIRECTION('',(-0.493827160452982,0.869560081649879,0.));
#1747=CARTESIAN_POINT('',(-52.,-9.11859409315521,20.));
#1748=CARTESIAN_POINT('',(-52.,-9.11859409315521,20.));
#1749=VECTOR('',#1750,1.);
#1750=DIRECTION('',(5.74887295005108E-16,-1.,0.));
#1751=CARTESIAN_POINT('',(-48.,-9.11859409315521,20.));
#1752=VECTOR('',#1753,1.);
#1753=DIRECTION('',(-1.,4.44089209850063E-16,0.));
#1754=CARTESIAN_POINT('',(-47.,-20.1185940931552,20.));
#1755=CARTESIAN_POINT('',(-47.,-14.1185940931552,20.));
#1756=CARTESIAN_POINT('',(-47.,-14.1185940931552,20.));
#1757=VECTOR('',#1758,1.);
#1758=DIRECTION('',(0.,-1.,0.));
#1759=CARTESIAN_POINT('',(-45.,-14.1185940931552,20.));
#1760=CARTESIAN_POINT('',(-45.,-14.1185940931552,20.));
#1761=VECTOR('',#1762,1.);
#1762=DIRECTION('',(-1.,0.,0.));
#1763=CARTESIAN_POINT('',(-45.,-20.1185940931552,20.));
#1764=CARTESIAN_POINT('',(-45.,-20.1185940931552,20.));
#1765=VECTOR('',#1766,1.);
#1766=DIRECTION('',(0.,1.,0.));
#1767=CARTESIAN_POINT('',(-47.,-20.1185940931552,20.));
#1768=VECTOR('',#1769,1.);
#1769=DIRECTION('',(1.,0.,0.));
#1770=CARTESIAN_POINT('',(-13.,-14.1185940931552,20.));
#1771=CARTESIAN_POINT('',(-13.,-20.1185940931552,20.));
#1772=CARTESIAN_POINT('',(-13.,-20.1185940931552,20.));
#1773=VECTOR('',#1774,1.);
#1774=DIRECTION('',(0.,1.,0.));
#1775=CARTESIAN_POINT('',(-15.,-20.1185940931552,20.));
#1776=CARTESIAN_POINT('',(-15.,-20.1185940931552,20.));
#1777=VECTOR('',#1778,1.);
#1778=DIRECTION('',(1.,0.,0.));
#1779=CARTESIAN_POINT('',(-15.,-14.1185940931552,20.));
#1780=CARTESIAN_POINT('',(-15.,-14.1185940931552,20.));
#1781=VECTOR('',#1782,1.);
#1782=DIRECTION('',(0.,-1.,0.));
#1783=CARTESIAN_POINT('',(-13.,-14.1185940931552,20.));
#1784=VECTOR('',#1785,1.);
#1785=DIRECTION('',(-1.,-8.88178419700127E-16,0.));
#1786=CARTESIAN_POINT('',(-38.05,-25.,20.));
#1787=AXIS2_PLACEMENT_3D('',#1788,#1789,#1790);
#1788=CARTESIAN_POINT('',(-30.,-25.,20.));
#1789=DIRECTION('',(0.,0.,1.));
#1790=DIRECTION('',(-1.,1.22464679914735E-16,0.));
#1791=CARTESIAN_POINT('',(-7.99999999995436,-9.11859409315522,20.));
#1792=CARTESIAN_POINT('',(-8.00000000003707,-21.4782816691724,20.));
#1793=CARTESIAN_POINT('',(-7.99999999995436,-21.4782816690268,20.));
#1794=VECTOR('',#1795,1.);
#1795=DIRECTION('',(2.15582735626915E-16,1.,0.));
#1796=CARTESIAN_POINT('',(-11.9999999998718,-21.4782816691724,20.));
#1797=AXIS2_PLACEMENT_3D('',#1798,#1799,#1800);
#1798=CARTESIAN_POINT('',(-9.99999999995446,-25.,20.));
#1799=DIRECTION('',(0.,0.,1.));
#1800=DIRECTION('',(-0.493827160453006,0.869560081649865,0.));
#1801=CARTESIAN_POINT('',(-11.9999999999545,-9.11859409315522,20.));
#1802=CARTESIAN_POINT('',(-11.9999999999545,-9.11859409315522,20.));
#1803=VECTOR('',#1804,1.);
#1804=DIRECTION('',(0.,-1.,0.));
#1805=CARTESIAN_POINT('',(-7.99999999995436,-9.11859409315522,20.));
#1806=VECTOR('',#1807,1.);
#1807=DIRECTION('',(-1.,0.,0.));
#1808=CARTESIAN_POINT('',(-60.,1.5,18.5));
#1809=CARTESIAN_POINT('',(-60.,-40.,18.5));
#1810=CARTESIAN_POINT('',(-60.,1.50000000000001,18.5));
#1811=VECTOR('',#1812,1.);
#1812=DIRECTION('',(0.,-1.,0.));
#1813=CARTESIAN_POINT('',(-60.,1.50000000000001,1.5));
#1814=CARTESIAN_POINT('',(-60.,1.50000000000001,1.5));
#1815=VECTOR('',#1816,1.);
#1816=DIRECTION('',(0.,0.,1.));
#1817=CARTESIAN_POINT('',(-60.,-40.,1.5));
#1818=CARTESIAN_POINT('',(-60.,1.50000000000001,1.5));
#1819=VECTOR('',#1820,1.);
#1820=DIRECTION('',(0.,-1.,0.));
#1821=CARTESIAN_POINT('',(-60.,-40.,18.5));
#1822=VECTOR('',#1823,1.);
#1823=DIRECTION('',(0.,0.,-1.));
#1824=CARTESIAN_POINT('',(-60.,-17.1185940931552,13.55));
#1825=AXIS2_PLACEMENT_3D('',#1826,#1827,#1828);
#1826=CARTESIAN_POINT('',(-60.,-17.1185940931552,10.));
#1827=DIRECTION('',(1.,-1.4210854715202E-16,0.));
#1828=DIRECTION('',(-8.7016388700601E-33,-6.12323399573677E-17,1.));
#1829=CARTESIAN_POINT('',(-4.95099614711672E-15,-40.,18.5));
#1830=CARTESIAN_POINT('',(1.56946557430541E-16,1.49999999999999,18.5));
#1831=CARTESIAN_POINT('',(-5.00280655493257E-15,-40.,18.5));
#1832=VECTOR('',#1833,1.);
#1833=DIRECTION('',(1.22762772647437E-16,1.,0.));
#1834=CARTESIAN_POINT('',(-4.87698127880838E-15,-40.,1.5));
#1835=CARTESIAN_POINT('',(-4.89858719658941E-15,-40.,1.5));
#1836=VECTOR('',#1837,1.);
#1837=DIRECTION('',(0.,0.,1.));
#1838=CARTESIAN_POINT('',(1.56946557430541E-16,1.5,1.5));
#1839=CARTESIAN_POINT('',(-4.89178425247005E-15,-40.,1.5));
#1840=VECTOR('',#1841,1.);
#1841=DIRECTION('',(1.22762772647437E-16,1.,0.));
#1842=CARTESIAN_POINT('',(2.02870812398567E-16,1.5,18.5));
#1843=VECTOR('',#1844,1.);
#1844=DIRECTION('',(-6.5307236742656E-18,2.089831575765E-16,-1.));
#1845=CARTESIAN_POINT('',(-6.98807715402842E-16,-17.1185940931552,13.55));
#1846=AXIS2_PLACEMENT_3D('',#1847,#1848,#1849);
#1847=CARTESIAN_POINT('',(-2.09642314620853E-15,-17.1185940931552,10.));
#1848=DIRECTION('',(1.,-1.22464679914735E-16,0.));
#1849=DIRECTION('',(4.9696598535419E-31,4.05803522860793E-15,1.));
#1850=CARTESIAN_POINT('',(-52.,-40.,20.));
#1851=VECTOR('',#1852,1.);
#1852=DIRECTION('',(0.,0.,-1.));
#1853=CARTESIAN_POINT('',(-52.,-37.,0.));
#1854=VECTOR('',#1855,1.);
#1855=DIRECTION('',(0.,0.,1.));
#1856=CARTESIAN_POINT('',(-55.,-37.,0.));
#1857=VECTOR('',#1858,1.);
#1858=DIRECTION('',(0.,0.,1.));
#1859=CARTESIAN_POINT('',(-55.,-40.,0.));
#1860=VECTOR('',#1861,1.);
#1861=DIRECTION('',(0.,0.,1.));
#1862=AXIS2_PLACEMENT_3D('',#1863,#1864,#1865);
#1863=CARTESIAN_POINT('',(-58.5,-40.,18.5));
#1864=DIRECTION('',(-1.1842378929335E-16,-1.,0.));
#1865=DIRECTION('',(0.,0.,1.));
#1866=AXIS2_PLACEMENT_3D('',#1867,#1868,#1869);
#1867=CARTESIAN_POINT('',(-58.5,-40.,1.5));
#1868=DIRECTION('',(-1.1842378929335E-16,-1.,0.));
#1869=DIRECTION('',(-1.,1.1842378929335E-16,0.));
#1870=CARTESIAN_POINT('',(-58.5,3.00000000000001,18.5));
#1871=CARTESIAN_POINT('',(-1.5,3.,18.5));
#1872=CARTESIAN_POINT('',(-58.5,3.00000000000001,18.5));
#1873=VECTOR('',#1874,1.);
#1874=DIRECTION('',(1.,-1.2465662030879E-16,0.));
#1875=CARTESIAN_POINT('',(-1.5,3.,1.5));
#1876=CARTESIAN_POINT('',(-1.5,3.,18.5));
#1877=VECTOR('',#1878,1.);
#1878=DIRECTION('',(-1.30614473485313E-17,0.,-1.));
#1879=CARTESIAN_POINT('',(-58.5,3.00000000000001,1.5));
#1880=CARTESIAN_POINT('',(-1.5,3.,1.5));
#1881=VECTOR('',#1882,1.);
#1882=DIRECTION('',(-1.,1.32447659078089E-16,-3.89551938464967E-18));
#1883=CARTESIAN_POINT('',(-58.5,3.00000000000001,1.5));
#1884=VECTOR('',#1885,1.);
#1885=DIRECTION('',(0.,0.,1.));
#1886=AXIS2_PLACEMENT_3D('',#1887,#1888,#1889);
#1887=CARTESIAN_POINT('',(-1.5,-40.,18.5));
#1888=DIRECTION('',(-1.1842378929335E-16,-1.,0.));
#1889=DIRECTION('',(1.,-1.1842378929335E-16,2.368475785867E-15));
#1890=CARTESIAN_POINT('',(-5.00000000000001,-40.,20.));
#1891=VECTOR('',#1892,1.);
#1892=DIRECTION('',(0.,0.,-1.));
#1893=AXIS2_PLACEMENT_3D('',#1894,#1895,#1896);
#1894=CARTESIAN_POINT('',(-1.5,-40.,1.5));
#1895=DIRECTION('',(-1.1842378929335E-16,-1.,0.));
#1896=DIRECTION('',(0.,0.,-1.));
#1897=CARTESIAN_POINT('',(-5.,-37.,0.));
#1898=VECTOR('',#1899,1.);
#1899=DIRECTION('',(0.,0.,1.));
#1900=CARTESIAN_POINT('',(-8.,-37.,0.));
#1901=VECTOR('',#1902,1.);
#1902=DIRECTION('',(0.,0.,1.));
#1903=CARTESIAN_POINT('',(-8.00000000000001,-40.,0.));
#1904=VECTOR('',#1905,1.);
#1905=DIRECTION('',(0.,0.,1.));
#1906=CARTESIAN_POINT('',(-25.,-40.,10.));
#1907=CARTESIAN_POINT('',(-25.,-40.,20.));
#1908=VECTOR('',#1909,1.);
#1909=DIRECTION('',(0.,0.,-1.));
#1910=CARTESIAN_POINT('',(-35.,-40.,10.));
#1911=CARTESIAN_POINT('',(-35.,-40.,10.));
#1912=VECTOR('',#1913,1.);
#1913=DIRECTION('',(1.,0.,0.));
#1914=CARTESIAN_POINT('',(-35.,-40.,10.));
#1915=VECTOR('',#1916,1.);
#1916=DIRECTION('',(0.,0.,1.));
#1917=CARTESIAN_POINT('',(-22.65,-40.,10.));
#1918=AXIS2_PLACEMENT_3D('',#1919,#1920,#1921);
#1919=CARTESIAN_POINT('',(-18.,-40.,10.));
#1920=DIRECTION('',(-1.1842378929335E-16,-1.,0.));
#1921=DIRECTION('',(-1.,1.1842378929335E-16,-6.12323399573677E-17));
#1922=CARTESIAN_POINT('',(-46.65,-40.,10.));
#1923=AXIS2_PLACEMENT_3D('',#1924,#1925,#1926);
#1924=CARTESIAN_POINT('',(-42.,-40.,10.));
#1925=DIRECTION('',(-1.1842378929335E-16,-1.,0.));
#1926=DIRECTION('',(-1.,1.1842378929335E-16,-6.12323399573677E-17));
#1927=CARTESIAN_POINT('',(-10.9999999999545,-10.1185940931552,1.));
#1928=CARTESIAN_POINT('',(-11.9999999999545,-9.11859409315522,0.));
#1929=CARTESIAN_POINT('',(-11.4142135623276,-9.70438053078213,-2.22044604925031E-16));
#1930=CARTESIAN_POINT('',(-10.9999999999545,-10.1185940931552,0.414213562373095));
#1931=CARTESIAN_POINT('',(-10.9999999999545,-10.1185940931552,1.));
#1932=CARTESIAN_POINT('',(-10.9999999999545,-22.1185940931552,1.));
#1933=CARTESIAN_POINT('',(-10.9999999999545,-10.1185940931552,1.));
#1934=VECTOR('',#1935,1.);
#1935=DIRECTION('',(-1.48029736616688E-16,-1.,0.));
#1936=CARTESIAN_POINT('',(-11.9999999998718,-21.4782816691724,0.));
#1937=CARTESIAN_POINT('',(-11.9617294404689,-21.500554981582,-1.41862958807069E-6));
#1938=CARTESIAN_POINT('',(-11.8863803498121,-21.5448401015053,0.00433554941846199));
#1939=CARTESIAN_POINT('',(-11.7764563501858,-21.6106965446791,0.0232401608270921));
#1940=CARTESIAN_POINT('',(-11.660695510694,-21.6813956593592,0.0565436693645537));
#1941=CARTESIAN_POINT('',(-11.5309868603463,-21.7623786793777,0.112119015047546));
#1942=CARTESIAN_POINT('',(-11.3926535499632,-21.8511693771626,0.199187964027053));
#1943=CARTESIAN_POINT('',(-11.2715713658791,-21.9311802188272,0.308813512068455));
#1944=CARTESIAN_POINT('',(-11.1772627766408,-21.9949661237065,0.426079295186253));
#1945=CARTESIAN_POINT('',(-11.1079535666363,-22.042689261646,0.541639811064255));
#1946=CARTESIAN_POINT('',(-11.0566771997689,-22.0784996189409,0.660261618512597));
#1947=CARTESIAN_POINT('',(-11.025886369933,-22.1002224380591,0.766461632899381));
#1948=CARTESIAN_POINT('',(-11.0093419256447,-22.1119522779247,0.856714038792151));
#1949=CARTESIAN_POINT('',(-11.0016227388652,-22.1174387930707,0.929871197286547));
#1950=CARTESIAN_POINT('',(-10.9999962697246,-22.1185976995609,0.977217156819773));
#1951=CARTESIAN_POINT('',(-10.9999999999545,-22.1185940931552,1.));
#1952=CARTESIAN_POINT('',(-8.99999999995436,-22.1185940931552,1.));
#1953=AXIS2_PLACEMENT_3D('',#1954,#1955,#1956);
#1954=CARTESIAN_POINT('',(-9.99999999995446,-25.,1.));
#1955=DIRECTION('',(0.,0.,1.));
#1956=DIRECTION('',(-0.327868852459046,0.94472324814582,0.));
#1957=CARTESIAN_POINT('',(-8.00000000003707,-21.4782816691724,0.));
#1958=CARTESIAN_POINT('',(-8.03827055944004,-21.500554981582,-1.41862958766173E-6));
#1959=CARTESIAN_POINT('',(-8.11361965009682,-21.5448401015053,0.00433554941846239));
#1960=CARTESIAN_POINT('',(-8.22354364972313,-21.610696544679,0.0232401608270917));
#1961=CARTESIAN_POINT('',(-8.3393044892149,-21.6813956593592,0.0565436693645543));
#1962=CARTESIAN_POINT('',(-8.46901313956258,-21.7623786793777,0.112119015047546));
#1963=CARTESIAN_POINT('',(-8.60734644994572,-21.8511693771626,0.199187964027053));
#1964=CARTESIAN_POINT('',(-8.72842863402978,-21.9311802188272,0.308813512068451));
#1965=CARTESIAN_POINT('',(-8.82273722326812,-21.9949661237065,0.426079295186254));
#1966=CARTESIAN_POINT('',(-8.89204643327258,-22.042689261646,0.54163981106425));
#1967=CARTESIAN_POINT('',(-8.94332280014,-22.0784996189409,0.660261618512597));
#1968=CARTESIAN_POINT('',(-8.97411362997595,-22.1002224380591,0.766461632899377));
#1969=CARTESIAN_POINT('',(-8.99065807426418,-22.1119522779247,0.856714038792151));
#1970=CARTESIAN_POINT('',(-8.99837726104371,-22.1174387930707,0.929871197286545));
#1971=CARTESIAN_POINT('',(-9.0000037301843,-22.1185976995609,0.977217156819773));
#1972=CARTESIAN_POINT('',(-8.99999999995436,-22.1185940931552,1.));
#1973=CARTESIAN_POINT('',(-8.99999999995436,-10.1185940931552,1.));
#1974=CARTESIAN_POINT('',(-8.99999999995437,-22.1185940931552,1.));
#1975=VECTOR('',#1976,1.);
#1976=DIRECTION('',(2.96059473233375E-16,1.,0.));
#1977=CARTESIAN_POINT('',(-7.99999999995436,-9.11859409315522,0.));
#1978=CARTESIAN_POINT('',(-8.58578643758127,-9.70438053078213,-2.22044604925031E-16));
#1979=CARTESIAN_POINT('',(-8.99999999995436,-10.1185940931552,0.414213562373095));
#1980=CARTESIAN_POINT('',(-8.99999999995436,-10.1185940931552,1.));
#1981=CARTESIAN_POINT('',(-8.99999999995436,-10.1185940931552,1.));
#1982=VECTOR('',#1983,1.);
#1983=DIRECTION('',(-1.,0.,0.));
#1984=CARTESIAN_POINT('',(-34.5,-25.,1.));
#1985=AXIS2_PLACEMENT_3D('',#1986,#1987,#1988);
#1986=CARTESIAN_POINT('',(-30.,-25.,1.));
#1987=DIRECTION('',(0.,0.,1.));
#1988=DIRECTION('',(-1.,0.,0.));
#1989=CARTESIAN_POINT('',(-51.,-10.1185940931552,1.));
#1990=CARTESIAN_POINT('',(-52.,-9.11859409315521,0.));
#1991=CARTESIAN_POINT('',(-51.4142135623731,-9.70438053078212,-2.22044604925031E-16));
#1992=CARTESIAN_POINT('',(-51.,-10.1185940931552,0.414213562373095));
#1993=CARTESIAN_POINT('',(-51.,-10.1185940931552,1.));
#1994=CARTESIAN_POINT('',(-51.,-22.1185940931552,1.));
#1995=CARTESIAN_POINT('',(-51.,-10.1185940931552,1.));
#1996=VECTOR('',#1997,1.);
#1997=DIRECTION('',(5.9211894646675E-16,-1.,0.));
#1998=CARTESIAN_POINT('',(-51.9999999999173,-21.4782816691723,0.));
#1999=CARTESIAN_POINT('',(-51.9617294405143,-21.5005549815819,-1.4186295876858E-6));
#2000=CARTESIAN_POINT('',(-51.8863803498576,-21.5448401015053,0.0043355494184627));
#2001=CARTESIAN_POINT('',(-51.7764563502312,-21.610696544679,0.0232401608270925));
#2002=CARTESIAN_POINT('',(-51.6606955107394,-21.6813956593592,0.0565436693645552));
#2003=CARTESIAN_POINT('',(-51.5309868603918,-21.7623786793776,0.112119015047546));
#2004=CARTESIAN_POINT('',(-51.3926535500086,-21.8511693771626,0.199187964027057));
#2005=CARTESIAN_POINT('',(-51.2715713659246,-21.9311802188271,0.308813512068458));
#2006=CARTESIAN_POINT('',(-51.1772627766862,-21.9949661237064,0.426079295186252));
#2007=CARTESIAN_POINT('',(-51.1079535666818,-22.042689261646,0.541639811064259));
#2008=CARTESIAN_POINT('',(-51.0566771998144,-22.0784996189409,0.660261618512599));
#2009=CARTESIAN_POINT('',(-51.0258863699784,-22.1002224380591,0.766461632899378));
#2010=CARTESIAN_POINT('',(-51.0093419256902,-22.1119522779247,0.856714038792153));
#2011=CARTESIAN_POINT('',(-51.0016227389106,-22.1174387930706,0.929871197286547));
#2012=CARTESIAN_POINT('',(-50.9999962697701,-22.1185976995609,0.977217156819774));
#2013=CARTESIAN_POINT('',(-51.,-22.1185940931552,1.));
#2014=CARTESIAN_POINT('',(-49.,-22.1185940931552,1.));
#2015=AXIS2_PLACEMENT_3D('',#2016,#2017,#2018);
#2016=CARTESIAN_POINT('',(-50.,-25.,1.));
#2017=DIRECTION('',(0.,0.,1.));
#2018=DIRECTION('',(-0.327868852459021,0.944723248145829,0.));
#2019=CARTESIAN_POINT('',(-48.0000000000827,-21.4782816691723,0.));
#2020=CARTESIAN_POINT('',(-48.0382705594857,-21.5005549815819,-1.4186295875622E-6));
#2021=CARTESIAN_POINT('',(-48.1136196501425,-21.5448401015053,0.0043355494184629));
#2022=CARTESIAN_POINT('',(-48.2235436497688,-21.610696544679,0.0232401608270933));
#2023=CARTESIAN_POINT('',(-48.3393044892606,-21.6813956593592,0.0565436693645522));
#2024=CARTESIAN_POINT('',(-48.4690131396082,-21.7623786793776,0.11211901504755));
#2025=CARTESIAN_POINT('',(-48.6073464499914,-21.8511693771626,0.199187964027057));
#2026=CARTESIAN_POINT('',(-48.7284286340754,-21.9311802188271,0.308813512068453));
#2027=CARTESIAN_POINT('',(-48.8227372233138,-21.9949661237064,0.426079295186255));
#2028=CARTESIAN_POINT('',(-48.8920464333182,-22.042689261646,0.541639811064253));
#2029=CARTESIAN_POINT('',(-48.9433228001856,-22.0784996189409,0.660261618512599));
#2030=CARTESIAN_POINT('',(-48.9741136300216,-22.1002224380591,0.766461632899383));
#2031=CARTESIAN_POINT('',(-48.9906580743098,-22.1119522779247,0.856714038792153));
#2032=CARTESIAN_POINT('',(-48.9983772610893,-22.1174387930706,0.929871197286549));
#2033=CARTESIAN_POINT('',(-49.0000037302299,-22.1185976995609,0.977217156819775));
#2034=CARTESIAN_POINT('',(-49.,-22.1185940931552,1.));
#2035=CARTESIAN_POINT('',(-49.,-10.1185940931552,1.));
#2036=CARTESIAN_POINT('',(-49.,-22.1185940931552,1.));
#2037=VECTOR('',#2038,1.);
#2038=DIRECTION('',(0.,1.,0.));
#2039=CARTESIAN_POINT('',(-48.,-9.11859409315522,0.));
#2040=CARTESIAN_POINT('',(-48.5857864376269,-9.70438053078212,-2.22044604925031E-16));
#2041=CARTESIAN_POINT('',(-49.,-10.1185940931552,0.414213562373095));
#2042=CARTESIAN_POINT('',(-49.,-10.1185940931552,1.));
#2043=CARTESIAN_POINT('',(-49.,-10.1185940931552,1.));
#2044=VECTOR('',#2045,1.);
#2045=DIRECTION('',(-1.,8.88178419700125E-16,0.));
#2046=CARTESIAN_POINT('',(-36.5,-37.,10.));
#2047=CARTESIAN_POINT('',(-36.5,-37.,10.));
#2048=VECTOR('',#2049,1.);
#2049=DIRECTION('',(0.447213595499958,-0.894427190999916,0.));
#2050=CARTESIAN_POINT('',(-36.5,-37.,10.));
#2051=VECTOR('',#2052,1.);
#2052=DIRECTION('',(0.,0.,1.));
#2053=CARTESIAN_POINT('',(-23.5,-37.,10.));
#2054=CARTESIAN_POINT('',(-23.5,-37.,10.));
#2055=VECTOR('',#2056,1.);
#2056=DIRECTION('',(-1.,5.46571335200077E-16,0.));
#2057=CARTESIAN_POINT('',(-23.5,-37.,10.));
#2058=VECTOR('',#2059,1.);
#2059=DIRECTION('',(0.,0.,1.));
#2060=CARTESIAN_POINT('',(-25.,-40.,10.));
#2061=VECTOR('',#2062,1.);
#2062=DIRECTION('',(0.447213595499958,0.894427190999916,0.));
#2063=CARTESIAN_POINT('',(-8.99999999995436,-10.1185940931552,19.));
#2064=CARTESIAN_POINT('',(-7.99999999995436,-9.11859409315522,20.));
#2065=CARTESIAN_POINT('',(-8.58578643758127,-9.70438053078213,20.));
#2066=CARTESIAN_POINT('',(-8.99999999995436,-10.1185940931552,19.5857864376269));
#2067=CARTESIAN_POINT('',(-8.99999999995436,-10.1185940931552,19.));
#2068=CARTESIAN_POINT('',(-8.99999999995436,-22.1185940931552,19.));
#2069=CARTESIAN_POINT('',(-8.99999999995437,-22.1185940931552,19.));
#2070=VECTOR('',#2071,1.);
#2071=DIRECTION('',(2.96059473233375E-16,1.,0.));
#2072=CARTESIAN_POINT('',(-8.00000000003707,-21.4782816691724,20.));
#2073=CARTESIAN_POINT('',(-8.03827055944003,-21.500554981582,20.0000014186296));
#2074=CARTESIAN_POINT('',(-8.11361965009681,-21.5448401015053,19.9956644505815));
#2075=CARTESIAN_POINT('',(-8.22354364972313,-21.610696544679,19.9767598391729));
#2076=CARTESIAN_POINT('',(-8.3393044892149,-21.6813956593592,19.9434563306354));
#2077=CARTESIAN_POINT('',(-8.46901313956258,-21.7623786793777,19.8878809849525));
#2078=CARTESIAN_POINT('',(-8.60734644994572,-21.8511693771626,19.8008120359729));
#2079=CARTESIAN_POINT('',(-8.72842863402978,-21.9311802188272,19.6911864879316));
#2080=CARTESIAN_POINT('',(-8.82273722326812,-21.9949661237065,19.5739207048137));
#2081=CARTESIAN_POINT('',(-8.89204643327258,-22.042689261646,19.4583601889357));
#2082=CARTESIAN_POINT('',(-8.94332280014,-22.0784996189409,19.3397383814874));
#2083=CARTESIAN_POINT('',(-8.97411362997595,-22.1002224380592,19.2335383671006));
#2084=CARTESIAN_POINT('',(-8.99065807426418,-22.1119522779247,19.1432859612078));
#2085=CARTESIAN_POINT('',(-8.99837726104371,-22.1174387930707,19.0701288027134));
#2086=CARTESIAN_POINT('',(-9.0000037301843,-22.1185976995609,19.0227828431802));
#2087=CARTESIAN_POINT('',(-8.99999999995436,-22.1185940931552,19.));
#2088=CARTESIAN_POINT('',(-10.9999999999545,-22.1185940931552,19.));
#2089=AXIS2_PLACEMENT_3D('',#2090,#2091,#2092);
#2090=CARTESIAN_POINT('',(-9.99999999995446,-25.,19.));
#2091=DIRECTION('',(0.,0.,1.));
#2092=DIRECTION('',(-0.327868852459046,0.94472324814582,0.));
#2093=CARTESIAN_POINT('',(-11.9999999998718,-21.4782816691724,20.));
#2094=CARTESIAN_POINT('',(-11.9617294404689,-21.500554981582,20.0000014186296));
#2095=CARTESIAN_POINT('',(-11.8863803498121,-21.5448401015053,19.9956644505815));
#2096=CARTESIAN_POINT('',(-11.7764563501858,-21.610696544679,19.9767598391729));
#2097=CARTESIAN_POINT('',(-11.660695510694,-21.6813956593592,19.9434563306354));
#2098=CARTESIAN_POINT('',(-11.5309868603463,-21.7623786793777,19.8878809849525));
#2099=CARTESIAN_POINT('',(-11.3926535499632,-21.8511693771626,19.8008120359729));
#2100=CARTESIAN_POINT('',(-11.2715713658791,-21.9311802188272,19.6911864879315));
#2101=CARTESIAN_POINT('',(-11.1772627766408,-21.9949661237065,19.5739207048138));
#2102=CARTESIAN_POINT('',(-11.1079535666363,-22.042689261646,19.4583601889357));
#2103=CARTESIAN_POINT('',(-11.0566771997689,-22.0784996189409,19.3397383814874));
#2104=CARTESIAN_POINT('',(-11.025886369933,-22.1002224380591,19.2335383671006));
#2105=CARTESIAN_POINT('',(-11.0093419256447,-22.1119522779247,19.1432859612079));
#2106=CARTESIAN_POINT('',(-11.0016227388652,-22.1174387930707,19.0701288027134));
#2107=CARTESIAN_POINT('',(-10.9999962697246,-22.1185976995609,19.0227828431802));
#2108=CARTESIAN_POINT('',(-10.9999999999545,-22.1185940931552,19.));
#2109=CARTESIAN_POINT('',(-10.9999999999545,-10.1185940931552,19.));
#2110=CARTESIAN_POINT('',(-10.9999999999545,-10.1185940931552,19.));
#2111=VECTOR('',#2112,1.);
#2112=DIRECTION('',(-1.48029736616688E-16,-1.,0.));
#2113=CARTESIAN_POINT('',(-11.9999999999545,-9.11859409315523,20.));
#2114=CARTESIAN_POINT('',(-11.4142135623276,-9.70438053078213,20.));
#2115=CARTESIAN_POINT('',(-10.9999999999545,-10.1185940931552,19.5857864376269));
#2116=CARTESIAN_POINT('',(-10.9999999999545,-10.1185940931552,19.));
#2117=CARTESIAN_POINT('',(-8.99999999995436,-10.1185940931552,19.));
#2118=VECTOR('',#2119,1.);
#2119=DIRECTION('',(-1.,0.,0.));
#2120=CARTESIAN_POINT('',(-38.05,-25.,15.));
#2121=AXIS2_PLACEMENT_3D('',#2122,#2123,#2124);
#2122=CARTESIAN_POINT('',(-30.,-25.,15.));
#2123=DIRECTION('',(0.,0.,1.));
#2124=DIRECTION('',(-1.,1.22464679914735E-16,0.));
#2125=CARTESIAN_POINT('',(-13.,-14.1185940931552,7.2));
#2126=CARTESIAN_POINT('',(-13.,-14.1185940931552,7.2));
#2127=VECTOR('',#2128,1.);
#2128=DIRECTION('',(0.,0.,1.));
#2129=CARTESIAN_POINT('',(-13.,-20.1185940931552,7.2));
#2130=CARTESIAN_POINT('',(-13.,-20.1185940931552,7.2));
#2131=VECTOR('',#2132,1.);
#2132=DIRECTION('',(0.,1.,0.));
#2133=CARTESIAN_POINT('',(-13.,-20.1185940931552,7.2));
#2134=VECTOR('',#2135,1.);
#2135=DIRECTION('',(0.,0.,1.));
#2136=CARTESIAN_POINT('',(-13.,-17.1185940931552,11.75));
#2137=AXIS2_PLACEMENT_3D('',#2138,#2139,#2140);
#2138=CARTESIAN_POINT('',(-13.,-17.1185940931552,10.));
#2139=DIRECTION('',(1.,0.,0.));
#2140=DIRECTION('',(0.,0.,1.));
#2141=CARTESIAN_POINT('',(-15.,-20.1185940931552,7.2));
#2142=CARTESIAN_POINT('',(-15.,-20.1185940931552,7.2));
#2143=VECTOR('',#2144,1.);
#2144=DIRECTION('',(1.,0.,0.));
#2145=CARTESIAN_POINT('',(-15.,-20.1185940931552,7.2));
#2146=VECTOR('',#2147,1.);
#2147=DIRECTION('',(0.,0.,1.));
#2148=CARTESIAN_POINT('',(-15.,-14.1185940931552,7.2));
#2149=CARTESIAN_POINT('',(-15.,-14.1185940931552,7.2));
#2150=VECTOR('',#2151,1.);
#2151=DIRECTION('',(0.,-1.,0.));
#2152=CARTESIAN_POINT('',(-15.,-14.1185940931552,7.2));
#2153=VECTOR('',#2154,1.);
#2154=DIRECTION('',(0.,0.,1.));
#2155=CARTESIAN_POINT('',(-15.,-17.1185940931552,11.75));
#2156=AXIS2_PLACEMENT_3D('',#2157,#2158,#2159);
#2157=CARTESIAN_POINT('',(-15.,-17.1185940931552,10.));
#2158=DIRECTION('',(1.,0.,0.));
#2159=DIRECTION('',(0.,0.,1.));
#2160=CARTESIAN_POINT('',(-13.,-14.1185940931552,7.2));
#2161=VECTOR('',#2162,1.);
#2162=DIRECTION('',(-1.,0.,0.));
#2163=CARTESIAN_POINT('',(-47.,-20.1185940931552,7.2));
#2164=CARTESIAN_POINT('',(-47.,-20.1185940931552,7.2));
#2165=VECTOR('',#2166,1.);
#2166=DIRECTION('',(0.,0.,1.));
#2167=CARTESIAN_POINT('',(-47.,-14.1185940931552,7.2));
#2168=CARTESIAN_POINT('',(-47.,-14.1185940931552,7.2));
#2169=VECTOR('',#2170,1.);
#2170=DIRECTION('',(0.,-1.,0.));
#2171=CARTESIAN_POINT('',(-47.,-14.1185940931552,7.2));
#2172=VECTOR('',#2173,1.);
#2173=DIRECTION('',(0.,0.,1.));
#2174=CARTESIAN_POINT('',(-47.,-17.1185940931552,11.75));
#2175=AXIS2_PLACEMENT_3D('',#2176,#2177,#2178);
#2176=CARTESIAN_POINT('',(-47.,-17.1185940931552,10.));
#2177=DIRECTION('',(1.,0.,0.));
#2178=DIRECTION('',(0.,0.,1.));
#2179=CARTESIAN_POINT('',(-45.,-14.1185940931552,7.2));
#2180=CARTESIAN_POINT('',(-45.,-14.1185940931552,7.2));
#2181=VECTOR('',#2182,1.);
#2182=DIRECTION('',(-1.,0.,0.));
#2183=CARTESIAN_POINT('',(-45.,-14.1185940931552,7.2));
#2184=VECTOR('',#2185,1.);
#2185=DIRECTION('',(0.,0.,1.));
#2186=CARTESIAN_POINT('',(-45.,-20.1185940931552,7.2));
#2187=CARTESIAN_POINT('',(-45.,-20.1185940931552,7.2));
#2188=VECTOR('',#2189,1.);
#2189=DIRECTION('',(0.,1.,0.));
#2190=CARTESIAN_POINT('',(-45.,-20.1185940931552,7.2));
#2191=VECTOR('',#2192,1.);
#2192=DIRECTION('',(0.,0.,1.));
#2193=CARTESIAN_POINT('',(-45.,-17.1185940931552,11.75));
#2194=AXIS2_PLACEMENT_3D('',#2195,#2196,#2197);
#2195=CARTESIAN_POINT('',(-45.,-17.1185940931552,10.));
#2196=DIRECTION('',(1.,0.,0.));
#2197=DIRECTION('',(0.,0.,1.));
#2198=CARTESIAN_POINT('',(-47.,-20.1185940931552,7.2));
#2199=VECTOR('',#2200,1.);
#2200=DIRECTION('',(1.,0.,0.));
#2201=CARTESIAN_POINT('',(-49.,-10.1185940931552,19.));
#2202=CARTESIAN_POINT('',(-48.,-9.11859409315521,20.));
#2203=CARTESIAN_POINT('',(-48.5857864376269,-9.70438053078212,20.));
#2204=CARTESIAN_POINT('',(-49.,-10.1185940931552,19.5857864376269));
#2205=CARTESIAN_POINT('',(-49.,-10.1185940931552,19.));
#2206=CARTESIAN_POINT('',(-49.,-22.1185940931552,19.));
#2207=CARTESIAN_POINT('',(-49.,-22.1185940931552,19.));
#2208=VECTOR('',#2209,1.);
#2209=DIRECTION('',(0.,1.,0.));
#2210=CARTESIAN_POINT('',(-48.0000000000827,-21.4782816691723,20.));
#2211=CARTESIAN_POINT('',(-48.0382705594857,-21.5005549815819,20.0000014186296));
#2212=CARTESIAN_POINT('',(-48.1136196501424,-21.5448401015053,19.9956644505815));
#2213=CARTESIAN_POINT('',(-48.2235436497688,-21.610696544679,19.9767598391729));
#2214=CARTESIAN_POINT('',(-48.3393044892605,-21.6813956593592,19.9434563306354));
#2215=CARTESIAN_POINT('',(-48.4690131396082,-21.7623786793776,19.8878809849524));
#2216=CARTESIAN_POINT('',(-48.6073464499914,-21.8511693771626,19.800812035973));
#2217=CARTESIAN_POINT('',(-48.7284286340754,-21.9311802188271,19.6911864879315));
#2218=CARTESIAN_POINT('',(-48.8227372233138,-21.9949661237065,19.5739207048138));
#2219=CARTESIAN_POINT('',(-48.8920464333182,-22.042689261646,19.4583601889357));
#2220=CARTESIAN_POINT('',(-48.9433228001857,-22.0784996189409,19.3397383814874));
#2221=CARTESIAN_POINT('',(-48.9741136300216,-22.1002224380591,19.2335383671006));
#2222=CARTESIAN_POINT('',(-48.9906580743098,-22.1119522779247,19.1432859612078));
#2223=CARTESIAN_POINT('',(-48.9983772610893,-22.1174387930706,19.0701288027135));
#2224=CARTESIAN_POINT('',(-49.0000037302299,-22.1185976995609,19.0227828431802));
#2225=CARTESIAN_POINT('',(-49.,-22.1185940931552,19.));
#2226=CARTESIAN_POINT('',(-51.,-22.1185940931552,19.));
#2227=AXIS2_PLACEMENT_3D('',#2228,#2229,#2230);
#2228=CARTESIAN_POINT('',(-50.,-25.,19.));
#2229=DIRECTION('',(0.,0.,1.));
#2230=DIRECTION('',(-0.327868852459021,0.944723248145829,0.));
#2231=CARTESIAN_POINT('',(-51.9999999999173,-21.4782816691723,20.));
#2232=CARTESIAN_POINT('',(-51.9617294405143,-21.5005549815819,20.0000014186296));
#2233=CARTESIAN_POINT('',(-51.8863803498575,-21.5448401015053,19.9956644505815));
#2234=CARTESIAN_POINT('',(-51.7764563502312,-21.610696544679,19.9767598391729));
#2235=CARTESIAN_POINT('',(-51.6606955107395,-21.6813956593592,19.9434563306354));
#2236=CARTESIAN_POINT('',(-51.5309868603918,-21.7623786793776,19.8878809849524));
#2237=CARTESIAN_POINT('',(-51.3926535500086,-21.8511693771626,19.8008120359729));
#2238=CARTESIAN_POINT('',(-51.2715713659246,-21.9311802188271,19.6911864879315));
#2239=CARTESIAN_POINT('',(-51.1772627766862,-21.9949661237064,19.5739207048137));
#2240=CARTESIAN_POINT('',(-51.1079535666818,-22.042689261646,19.4583601889357));
#2241=CARTESIAN_POINT('',(-51.0566771998143,-22.0784996189409,19.3397383814874));
#2242=CARTESIAN_POINT('',(-51.0258863699784,-22.1002224380591,19.2335383671006));
#2243=CARTESIAN_POINT('',(-51.0093419256902,-22.1119522779247,19.1432859612079));
#2244=CARTESIAN_POINT('',(-51.0016227389106,-22.1174387930706,19.0701288027135));
#2245=CARTESIAN_POINT('',(-50.9999962697701,-22.1185976995609,19.0227828431802));
#2246=CARTESIAN_POINT('',(-51.,-22.1185940931552,19.));
#2247=CARTESIAN_POINT('',(-51.,-10.1185940931552,19.));
#2248=CARTESIAN_POINT('',(-51.,-10.1185940931552,19.));
#2249=VECTOR('',#2250,1.);
#2250=DIRECTION('',(5.9211894646675E-16,-1.,0.));
#2251=CARTESIAN_POINT('',(-52.,-9.11859409315521,20.));
#2252=CARTESIAN_POINT('',(-51.4142135623731,-9.70438053078212,20.));
#2253=CARTESIAN_POINT('',(-51.,-10.1185940931552,19.5857864376269));
#2254=CARTESIAN_POINT('',(-51.,-10.1185940931552,19.));
#2255=CARTESIAN_POINT('',(-49.,-10.1185940931552,19.));
#2256=VECTOR('',#2257,1.);
#2257=DIRECTION('',(-1.,8.88178419700125E-16,0.));
#2258=CARTESIAN_POINT('',(-58.2,-17.1185940931552,11.75));
#2259=AXIS2_PLACEMENT_3D('',#2260,#2261,#2262);
#2260=CARTESIAN_POINT('',(-58.2,-17.1185940931552,10.));
#2261=DIRECTION('',(1.,0.,0.));
#2262=DIRECTION('',(0.,0.,1.));
#2263=CARTESIAN_POINT('',(-1.8,-17.1185940931552,11.75));
#2264=AXIS2_PLACEMENT_3D('',#2265,#2266,#2267);
#2265=CARTESIAN_POINT('',(-1.8,-17.1185940931552,10.));
#2266=DIRECTION('',(1.,0.,0.));
#2267=DIRECTION('',(0.,0.,1.));
#2268=CARTESIAN_POINT('',(-22.15,-39.5,10.));
#2269=AXIS2_PLACEMENT_3D('',#2270,#2271,#2272);
#2270=CARTESIAN_POINT('',(-18.,-39.5,10.));
#2271=DIRECTION('',(-1.1842378929335E-16,-1.,0.));
#2272=DIRECTION('',(-1.,1.1842378929335E-16,0.));
#2273=CARTESIAN_POINT('',(-46.15,-39.5,10.));
#2274=AXIS2_PLACEMENT_3D('',#2275,#2276,#2277);
#2275=CARTESIAN_POINT('',(-42.,-39.5,10.));
#2276=DIRECTION('',(-1.1842378929335E-16,-1.,0.));
#2277=DIRECTION('',(-1.,1.1842378929335E-16,0.));
#2278=CARTESIAN_POINT('',(-10.9999999999545,-10.1185940931552,1.));
#2279=VECTOR('',#2280,1.);
#2280=DIRECTION('',(0.,0.,1.));
#2281=CARTESIAN_POINT('',(-10.9999999999545,-22.1185940931552,1.));
#2282=VECTOR('',#2283,1.);
#2283=DIRECTION('',(0.,0.,1.));
#2284=CARTESIAN_POINT('',(-10.9999999999546,-17.1185940931552,11.75));
#2285=AXIS2_PLACEMENT_3D('',#2286,#2287,#2288);
#2286=CARTESIAN_POINT('',(-10.9999999999545,-17.1185940931552,10.));
#2287=DIRECTION('',(1.,-1.48029736616688E-16,0.));
#2288=DIRECTION('',(0.,0.,1.));
#2289=CARTESIAN_POINT('',(-8.99999999995437,-22.1185940931552,1.));
#2290=VECTOR('',#2291,1.);
#2291=DIRECTION('',(1.97372982155583E-16,0.,1.));
#2292=CARTESIAN_POINT('',(-8.99999999995436,-10.1185940931552,1.));
#2293=VECTOR('',#2294,1.);
#2294=DIRECTION('',(0.,0.,1.));
#2295=CARTESIAN_POINT('',(-8.99999999995438,-17.1185940931552,11.75));
#2296=AXIS2_PLACEMENT_3D('',#2297,#2298,#2299);
#2297=CARTESIAN_POINT('',(-8.99999999995436,-17.1185940931552,10.));
#2298=DIRECTION('',(1.,-1.48029736616688E-16,0.));
#2299=DIRECTION('',(0.,0.,1.));
#2300=CARTESIAN_POINT('',(-34.5,-25.,15.));
#2301=AXIS2_PLACEMENT_3D('',#2302,#2303,#2304);
#2302=CARTESIAN_POINT('',(-30.,-25.,15.));
#2303=DIRECTION('',(0.,0.,1.));
#2304=DIRECTION('',(-1.,1.22464679914735E-16,0.));
#2305=CARTESIAN_POINT('',(-51.,-10.1185940931552,1.));
#2306=VECTOR('',#2307,1.);
#2307=DIRECTION('',(0.,0.,1.));
#2308=CARTESIAN_POINT('',(-51.,-22.1185940931552,1.));
#2309=VECTOR('',#2310,1.);
#2310=DIRECTION('',(0.,0.,1.));
#2311=CARTESIAN_POINT('',(-51.,-17.1185940931552,11.75));
#2312=AXIS2_PLACEMENT_3D('',#2313,#2314,#2315);
#2313=CARTESIAN_POINT('',(-51.,-17.1185940931552,10.));
#2314=DIRECTION('',(1.,0.,0.));
#2315=DIRECTION('',(0.,0.,1.));
#2316=CARTESIAN_POINT('',(-49.,-22.1185940931552,1.));
#2317=VECTOR('',#2318,1.);
#2318=DIRECTION('',(0.,0.,1.));
#2319=CARTESIAN_POINT('',(-49.,-10.1185940931552,1.));
#2320=VECTOR('',#2321,1.);
#2321=DIRECTION('',(0.,-9.86864910777917E-17,1.));
#2322=CARTESIAN_POINT('',(-49.,-17.1185940931552,11.75));
#2323=AXIS2_PLACEMENT_3D('',#2324,#2325,#2326);
#2324=CARTESIAN_POINT('',(-49.,-17.1185940931552,10.));
#2325=DIRECTION('',(1.,0.,0.));
#2326=DIRECTION('',(0.,0.,1.));
#2327=CARTESIAN_POINT('',(-22.15,-31.5,10.));
#2328=AXIS2_PLACEMENT_3D('',#2329,#2330,#2331);
#2329=CARTESIAN_POINT('',(-18.,-31.5,10.));
#2330=DIRECTION('',(-1.1842378929335E-16,-1.,0.));
#2331=DIRECTION('',(-1.,1.1842378929335E-16,1.22464679914735E-16));
#2332=CARTESIAN_POINT('',(-46.15,-31.5,10.));
#2333=AXIS2_PLACEMENT_3D('',#2334,#2335,#2336);
#2334=CARTESIAN_POINT('',(-42.,-31.5,10.));
#2335=DIRECTION('',(-1.1842378929335E-16,-1.,0.));
#2336=DIRECTION('',(-1.,1.1842378929335E-16,1.22464679914735E-16));
#2337=AXIS2_PLACEMENT_3D('',#2338,#2339,#2340);
#2338=CARTESIAN_POINT('',(-1.5,1.5,18.5));
#2339=DIRECTION('',(6.93889390390723E-18,-1.02716263700653E-33,1.));
#2340=DIRECTION('',(1.,-8.67973966593199E-17,-6.93889390390723E-18));
#2341=AXIS2_PLACEMENT_3D('',#2342,#2343,#2344);
#2342=CARTESIAN_POINT('',(-1.5,1.5,1.5));
#2343=DIRECTION('',(-6.93889390390723E-18,1.02716263700653E-33,-1.));
#2344=DIRECTION('',(1.48029736616688E-16,1.,-2.28075921927867E-49));
#2345=AXIS2_PLACEMENT_3D('',#2346,#2347,#2348);
#2346=CARTESIAN_POINT('',(-58.5,1.50000000000001,18.5));
#2347=DIRECTION('',(0.,0.,1.));
#2348=DIRECTION('',(0.,1.,0.));
#2349=AXIS2_PLACEMENT_3D('',#2350,#2351,#2352);
#2350=CARTESIAN_POINT('',(-58.5,1.50000000000001,1.5));
#2351=DIRECTION('',(0.,0.,-1.));
#2352=DIRECTION('',(-1.,6.12323399573677E-17,0.));
#2353=AXIS2_PLACEMENT_3D('',#2354,#2355,#2356);
#2354=CARTESIAN_POINT('',(-1.5,1.5,1.5));
#2355=DIRECTION('',(1.20360626968709E-16,1.,0.));
#2356=DIRECTION('',(1.,-1.20360626968709E-16,-6.12323399573677E-17));
#2357=AXIS2_PLACEMENT_3D('',#2358,#2359,#2360);
#2358=CARTESIAN_POINT('',(-1.5,1.5,1.5));
#2359=DIRECTION('',(1.,-1.48029736616688E-16,0.));
#2360=DIRECTION('',(0.,0.,-1.));
#2361=AXIS2_PLACEMENT_3D('',#2362,#2363,#2364);
#2362=CARTESIAN_POINT('',(-58.5,1.50000000000001,1.5));
#2363=DIRECTION('',(1.,-1.28721510101467E-16,0.));
#2364=DIRECTION('',(2.69365305035813E-32,2.09262076574055E-16,-1.));
#2365=AXIS2_PLACEMENT_3D('',#2366,#2367,#2368);
#2366=CARTESIAN_POINT('',(-58.5,1.50000000000001,1.5));
#2367=DIRECTION('',(0.,1.,0.));
#2368=DIRECTION('',(0.,0.,-1.));
#2369=AXIS2_PLACEMENT_3D('',#2370,#2371,#2372);
#2370=CARTESIAN_POINT('',(-58.5,1.50000000000001,18.5));
#2371=DIRECTION('',(0.,1.,0.));
#2372=DIRECTION('',(-1.,0.,4.79818391169137E-15));
#2373=AXIS2_PLACEMENT_3D('',#2374,#2375,#2376);
#2374=CARTESIAN_POINT('',(-58.5,1.50000000000001,18.5));
#2375=DIRECTION('',(-1.,0.,0.));
#2376=DIRECTION('',(0.,0.,1.));
#2377=AXIS2_PLACEMENT_3D('',#2378,#2379,#2380);
#2378=CARTESIAN_POINT('',(-1.49999999999999,1.5,18.5));
#2379=DIRECTION('',(-1.,1.28721510101467E-16,0.));
#2380=DIRECTION('',(7.88191926635879E-33,6.12323399573676E-17,1.));
#2381=AXIS2_PLACEMENT_3D('',#2382,#2383,#2384);
#2382=CARTESIAN_POINT('',(-1.5,1.5,18.5));
#2383=DIRECTION('',(1.48029736616688E-16,1.,0.));
#2384=DIRECTION('',(0.,0.,1.));
ENDSEC;
END-ISO-10303-21;
