ISO-10303-21;
HEADER;
FILE_DESCRIPTION(('STEP AP242'),
    '1');
FILE_NAME('BoltCap',
    '',
    ('UNSPECIFIED'),
    ('UNSPECIFIED'),
    'C3D Converter',
    'C3D Toolkit',
    '');
FILE_SCHEMA(('AP242_MANAGED_MODEL_BASED_3D_ENGINEERING_MIM_LF { 1 0 10303 442 1 1 4 }'));
ENDSEC;

DATA;
#1=PRODUCT_DEFINITION('','UNSPECIFIED',#38,#41);
#2=SHAPE_DEFINITION_REPRESENTATION(#36,#3);
#3=SHAPE_REPRESENTATION('NONE',(#4),#8);
#4=AXIS2_PLACEMENT_3D('',#5,#6,#7);
#5=CARTESIAN_POINT('',(0.,0.,0.));
#6=DIRECTION('',(0.,0.,1.));
#7=DIRECTION('',(1.,0.,0.));
#8=(GEOMETRIC_REPRESENTATION_CONTEXT(3)GLOBAL_UNCERTAINTY_ASSIGNED_CONTEXT((#10))
GLOBAL_UNIT_ASSIGNED_CONTEXT((#9,#11,#12))REPRESENTATION_CONTEXT('NONE','NONE'));
#9=(LENGTH_UNIT()NAMED_UNIT(*)SI_UNIT(.MILLI.,.METRE.));
#10=UNCERTAINTY_MEASURE_WITH_UNIT(LENGTH_MEASURE(1.E-5),#9,'NONE','NONE');
#11=(NAMED_UNIT(*)PLANE_ANGLE_UNIT()SI_UNIT($,.RADIAN.));
#12=(NAMED_UNIT(*)SI_UNIT($,.STERADIAN.)SOLID_ANGLE_UNIT());
#13=MANIFOLD_SOLID_BREP('',#14);
#14=CLOSED_SHELL('',(#63,#64,#65,#66,#67,#68,#69,#70,#71,#72,#73,#74,#75,#76,#77,
#78,#79,#80,#81,#82,#83,#84,#85,#86,#87,#88,#89,#90,#91,#92,#93,#94,#95,#96,#97,
#98,#99,#100,#101,#102,#103,#104,#105,#106,#107,#108));
#15=COLOUR_RGB('',0.564705882352941,0.564705882352941,0.564705882352941);
#16=FILL_AREA_STYLE_COLOUR('',#15);
#17=FILL_AREA_STYLE($,(#16));
#18=SURFACE_STYLE_FILL_AREA(#17);
#19=SURFACE_SIDE_STYLE('',(#18));
#20=SURFACE_STYLE_USAGE(.BOTH.,#19);
#21=PRESENTATION_STYLE_ASSIGNMENT((#20));
#22=MECHANICAL_DESIGN_GEOMETRIC_PRESENTATION_REPRESENTATION('NONE',(#23,#33),#8);
#23=STYLED_ITEM('',(#21),#13);
#24=MANIFOLD_SOLID_BREP('',#25);
#25=CLOSED_SHELL('',(#109,#110,#111,#112,#113,#114,#115,#116,#117,#118,#119,#120,
#121,#122,#123,#124,#125,#126,#127,#128,#129,#130,#131,#132,#133,#134,#135,#136,
#137,#138));
#26=COLOUR_RGB('',0.564705882352941,0.564705882352941,0.564705882352941);
#27=FILL_AREA_STYLE_COLOUR('',#26);
#28=FILL_AREA_STYLE($,(#27));
#29=SURFACE_STYLE_FILL_AREA(#28);
#30=SURFACE_SIDE_STYLE('',(#29));
#31=SURFACE_STYLE_USAGE(.BOTH.,#30);
#32=PRESENTATION_STYLE_ASSIGNMENT((#31));
#33=STYLED_ITEM('',(#32),#24);
#34=ADVANCED_BREP_SHAPE_REPRESENTATION('NONE',(#13,#24),#8);
#35=SHAPE_REPRESENTATION_RELATIONSHIP('','',#3,#34);
#36=PRODUCT_DEFINITION_SHAPE('NONE','NONE',#1);
#37=MECHANICAL_CONTEXT('NONE',#42,'mechanical');
#38=PRODUCT_DEFINITION_FORMATION_WITH_SPECIFIED_SOURCE('ANY','UNSPECIFIED',#39,.NOT_KNOWN.);
#39=PRODUCT('','\X2\0414043504420430043B044C\X0\','NONE',(#37));
#40=PRODUCT_RELATED_PRODUCT_CATEGORY('detail','',(#39));
#41=DESIGN_CONTEXT('detailed design',#42,'design');
#42=APPLICATION_CONTEXT('configuration controlled 3d designs of mechanical parts and assemblies');
#43=APPLICATION_PROTOCOL_DEFINITION('international standard','config_control_design',
1994,#42);
#44=CC_DESIGN_DATE_AND_TIME_ASSIGNMENT(#45,#49,(#1));
#45=DATE_AND_TIME(#46,#47);
#46=CALENDAR_DATE(0,1,1);
#47=LOCAL_TIME(0,0,0.,#48);
#48=COORDINATED_UNIVERSAL_TIME_OFFSET(0,0,.AHEAD.);
#49=DATE_TIME_ROLE('creation_date');
#50=CC_DESIGN_APPROVAL(#51,(#1));
#51=APPROVAL(#52,'UNSPECIFIED');
#52=APPROVAL_STATUS('not_yet_approved');
#53=APPROVAL_DATE_TIME(#54,#51);
#54=DATE_AND_TIME(#55,#56);
#55=CALENDAR_DATE(0,1,1);
#56=LOCAL_TIME(0,0,0.,#57);
#57=COORDINATED_UNIVERSAL_TIME_OFFSET(0,0,.AHEAD.);
#58=PERSON('UNSPECIFIED','Cybermeatball','UNSPECIFIED',('UNSPECIFIED'),('UNSPECIFIED'),
('UNSPECIFIED'));
#59=ORGANIZATION('UNSPECIFIED','UNSPECIFIED','UNSPECIFIED');
#60=PERSON_AND_ORGANIZATION(#58,#59);
#61=PERSON_AND_ORGANIZATION_ROLE('creator');
#62=CC_DESIGN_PERSON_AND_ORGANIZATION_ASSIGNMENT(#60,#61,(#38,#1));
#63=ADVANCED_FACE('',(#139,#141,#143,#145),#147,.F.);
#64=ADVANCED_FACE('',(#152,#154),#156,.F.);
#65=ADVANCED_FACE('',(#161,#163),#165,.F.);
#66=ADVANCED_FACE('',(#170),#172,.F.);
#67=ADVANCED_FACE('',(#177),#179,.T.);
#68=ADVANCED_FACE('',(#184),#186,.F.);
#69=ADVANCED_FACE('',(#191),#193,.T.);
#70=ADVANCED_FACE('',(#198),#200,.F.);
#71=ADVANCED_FACE('',(#205),#207,.T.);
#72=ADVANCED_FACE('',(#212),#214,.F.);
#73=ADVANCED_FACE('',(#219),#221,.T.);
#74=ADVANCED_FACE('',(#226),#228,.F.);
#75=ADVANCED_FACE('',(#233),#235,.T.);
#76=ADVANCED_FACE('',(#240),#242,.F.);
#77=ADVANCED_FACE('',(#247),#249,.T.);
#78=ADVANCED_FACE('',(#254),#256,.F.);
#79=ADVANCED_FACE('',(#261),#263,.F.);
#80=ADVANCED_FACE('',(#268),#270,.F.);
#81=ADVANCED_FACE('',(#275),#277,.F.);
#82=ADVANCED_FACE('',(#282),#284,.F.);
#83=ADVANCED_FACE('',(#289),#291,.F.);
#84=ADVANCED_FACE('',(#296),#298,.T.);
#85=ADVANCED_FACE('',(#303),#305,.T.);
#86=ADVANCED_FACE('',(#310),#312,.T.);
#87=ADVANCED_FACE('',(#317,#319),#321,.T.);
#88=ADVANCED_FACE('',(#326,#328),#330,.T.);
#89=ADVANCED_FACE('',(#335,#337),#339,.F.);
#90=ADVANCED_FACE('',(#344,#346),#348,.T.);
#91=ADVANCED_FACE('',(#353),#355,.T.);
#92=ADVANCED_FACE('',(#360),#362,.T.);
#93=ADVANCED_FACE('',(#367),#369,.T.);
#94=ADVANCED_FACE('',(#374),#376,.T.);
#95=ADVANCED_FACE('',(#381),#383,.T.);
#96=ADVANCED_FACE('',(#388),#390,.T.);
#97=ADVANCED_FACE('',(#395),#397,.T.);
#98=ADVANCED_FACE('',(#402),#404,.T.);
#99=ADVANCED_FACE('',(#409),#411,.T.);
#100=ADVANCED_FACE('',(#416),#418,.T.);
#101=ADVANCED_FACE('',(#423),#425,.T.);
#102=ADVANCED_FACE('',(#430),#432,.T.);
#103=ADVANCED_FACE('',(#437),#439,.T.);
#104=ADVANCED_FACE('',(#444),#446,.T.);
#105=ADVANCED_FACE('',(#451),#453,.T.);
#106=ADVANCED_FACE('',(#458),#460,.T.);
#107=ADVANCED_FACE('',(#465),#467,.T.);
#108=ADVANCED_FACE('',(#472,#474),#476,.F.);
#109=ADVANCED_FACE('',(#481,#483,#485),#487,.F.);
#110=ADVANCED_FACE('',(#492,#494),#496,.T.);
#111=ADVANCED_FACE('',(#501,#503),#505,.T.);
#112=ADVANCED_FACE('',(#510),#512,.F.);
#113=ADVANCED_FACE('',(#517),#519,.T.);
#114=ADVANCED_FACE('',(#524),#526,.F.);
#115=ADVANCED_FACE('',(#531),#533,.T.);
#116=ADVANCED_FACE('',(#538),#540,.F.);
#117=ADVANCED_FACE('',(#545),#547,.T.);
#118=ADVANCED_FACE('',(#552),#554,.F.);
#119=ADVANCED_FACE('',(#559),#561,.T.);
#120=ADVANCED_FACE('',(#566),#568,.F.);
#121=ADVANCED_FACE('',(#573),#575,.T.);
#122=ADVANCED_FACE('',(#580),#582,.F.);
#123=ADVANCED_FACE('',(#587),#589,.T.);
#124=ADVANCED_FACE('',(#594),#596,.F.);
#125=ADVANCED_FACE('',(#601),#603,.F.);
#126=ADVANCED_FACE('',(#608),#610,.T.);
#127=ADVANCED_FACE('',(#615),#617,.T.);
#128=ADVANCED_FACE('',(#622),#624,.T.);
#129=ADVANCED_FACE('',(#629),#631,.T.);
#130=ADVANCED_FACE('',(#636),#638,.T.);
#131=ADVANCED_FACE('',(#643),#645,.T.);
#132=ADVANCED_FACE('',(#650),#652,.T.);
#133=ADVANCED_FACE('',(#657),#659,.T.);
#134=ADVANCED_FACE('',(#664),#666,.T.);
#135=ADVANCED_FACE('',(#671),#673,.T.);
#136=ADVANCED_FACE('',(#678),#680,.T.);
#137=ADVANCED_FACE('',(#685),#687,.T.);
#138=ADVANCED_FACE('',(#692),#694,.T.);
#139=FACE_BOUND('',#140,.T.);
#140=EDGE_LOOP('',(#699,#700,#701,#702,#703,#704,#705,#706,#707,#708,#709,#710));
#141=FACE_BOUND('',#142,.T.);
#142=EDGE_LOOP('',(#711));
#143=FACE_BOUND('',#144,.T.);
#144=EDGE_LOOP('',(#712));
#145=FACE_BOUND('',#146,.T.);
#146=EDGE_LOOP('',(#713,#714,#715,#716,#717,#718));
#147=PLANE('',#148);
#148=AXIS2_PLACEMENT_3D('',#149,#150,#151);
#149=CARTESIAN_POINT('',(0.,0.,0.));
#150=DIRECTION('',(0.,0.,1.));
#151=DIRECTION('',(1.,0.,0.));
#152=FACE_OUTER_BOUND('',#153,.T.);
#153=EDGE_LOOP('',(#719));
#154=FACE_OUTER_BOUND('',#155,.T.);
#155=EDGE_LOOP('',(#720));
#156=CYLINDRICAL_SURFACE('',#157,1.);
#157=AXIS2_PLACEMENT_3D('',#158,#159,#160);
#158=CARTESIAN_POINT('',(0.,-5.,1.));
#159=DIRECTION('',(0.,0.,-1.));
#160=DIRECTION('',(-1.,0.,0.));
#161=FACE_OUTER_BOUND('',#162,.T.);
#162=EDGE_LOOP('',(#721));
#163=FACE_OUTER_BOUND('',#164,.T.);
#164=EDGE_LOOP('',(#722));
#165=CYLINDRICAL_SURFACE('',#166,1.);
#166=AXIS2_PLACEMENT_3D('',#167,#168,#169);
#167=CARTESIAN_POINT('',(0.,5.,1.));
#168=DIRECTION('',(0.,0.,-1.));
#169=DIRECTION('',(-1.,0.,0.));
#170=FACE_BOUND('',#171,.T.);
#171=EDGE_LOOP('',(#723,#724,#725,#726));
#172=CYLINDRICAL_SURFACE('',#173,5.);
#173=AXIS2_PLACEMENT_3D('',#174,#175,#176);
#174=CARTESIAN_POINT('',(11.,-2.14313189850787E-16,0.));
#175=DIRECTION('',(0.,0.,1.));
#176=DIRECTION('',(1.,0.,0.));
#177=FACE_BOUND('',#178,.T.);
#178=EDGE_LOOP('',(#727,#728,#729,#730));
#179=CYLINDRICAL_SURFACE('',#180,7.5);
#180=AXIS2_PLACEMENT_3D('',#181,#182,#183);
#181=CARTESIAN_POINT('',(0.,0.,0.));
#182=DIRECTION('',(0.,0.,1.));
#183=DIRECTION('',(1.,0.,0.));
#184=FACE_BOUND('',#185,.T.);
#185=EDGE_LOOP('',(#731,#732,#733,#734));
#186=CYLINDRICAL_SURFACE('',#187,5.);
#187=AXIS2_PLACEMENT_3D('',#188,#189,#190);
#188=CARTESIAN_POINT('',(5.49999999999999,-9.52627944162883,0.));
#189=DIRECTION('',(0.,0.,1.));
#190=DIRECTION('',(1.,0.,0.));
#191=FACE_BOUND('',#192,.T.);
#192=EDGE_LOOP('',(#735,#736,#737,#738));
#193=CYLINDRICAL_SURFACE('',#194,7.5);
#194=AXIS2_PLACEMENT_3D('',#195,#196,#197);
#195=CARTESIAN_POINT('',(0.,0.,0.));
#196=DIRECTION('',(0.,0.,1.));
#197=DIRECTION('',(1.,0.,0.));
#198=FACE_BOUND('',#199,.T.);
#199=EDGE_LOOP('',(#739,#740,#741,#742));
#200=CYLINDRICAL_SURFACE('',#201,5.);
#201=AXIS2_PLACEMENT_3D('',#202,#203,#204);
#202=CARTESIAN_POINT('',(-5.50000000000001,-9.52627944162882,0.));
#203=DIRECTION('',(0.,0.,1.));
#204=DIRECTION('',(1.,0.,0.));
#205=FACE_BOUND('',#206,.T.);
#206=EDGE_LOOP('',(#743,#744,#745,#746));
#207=CYLINDRICAL_SURFACE('',#208,7.5);
#208=AXIS2_PLACEMENT_3D('',#209,#210,#211);
#209=CARTESIAN_POINT('',(0.,0.,0.));
#210=DIRECTION('',(0.,0.,1.));
#211=DIRECTION('',(1.,0.,0.));
#212=FACE_BOUND('',#213,.T.);
#213=EDGE_LOOP('',(#747,#748,#749,#750));
#214=CYLINDRICAL_SURFACE('',#215,5.);
#215=AXIS2_PLACEMENT_3D('',#216,#217,#218);
#216=CARTESIAN_POINT('',(-11.,1.56142466891288E-15,0.));
#217=DIRECTION('',(0.,0.,1.));
#218=DIRECTION('',(1.,0.,0.));
#219=FACE_BOUND('',#220,.T.);
#220=EDGE_LOOP('',(#751,#752,#753,#754));
#221=CYLINDRICAL_SURFACE('',#222,7.5);
#222=AXIS2_PLACEMENT_3D('',#223,#224,#225);
#223=CARTESIAN_POINT('',(0.,0.,0.));
#224=DIRECTION('',(0.,0.,1.));
#225=DIRECTION('',(1.,0.,0.));
#226=FACE_BOUND('',#227,.T.);
#227=EDGE_LOOP('',(#755,#756,#757,#758));
#228=CYLINDRICAL_SURFACE('',#229,5.);
#229=AXIS2_PLACEMENT_3D('',#230,#231,#232);
#230=CARTESIAN_POINT('',(-5.5,9.52627944162883,0.));
#231=DIRECTION('',(0.,0.,1.));
#232=DIRECTION('',(1.,0.,0.));
#233=FACE_BOUND('',#234,.T.);
#234=EDGE_LOOP('',(#759,#760,#761,#762));
#235=CYLINDRICAL_SURFACE('',#236,7.5);
#236=AXIS2_PLACEMENT_3D('',#237,#238,#239);
#237=CARTESIAN_POINT('',(0.,0.,0.));
#238=DIRECTION('',(0.,0.,1.));
#239=DIRECTION('',(1.,0.,0.));
#240=FACE_BOUND('',#241,.T.);
#241=EDGE_LOOP('',(#763,#764,#765,#766));
#242=CYLINDRICAL_SURFACE('',#243,5.);
#243=AXIS2_PLACEMENT_3D('',#244,#245,#246);
#244=CARTESIAN_POINT('',(5.5,9.52627944162882,0.));
#245=DIRECTION('',(0.,0.,1.));
#246=DIRECTION('',(1.,0.,0.));
#247=FACE_BOUND('',#248,.T.);
#248=EDGE_LOOP('',(#767,#768,#769,#770));
#249=CYLINDRICAL_SURFACE('',#250,7.5);
#250=AXIS2_PLACEMENT_3D('',#251,#252,#253);
#251=CARTESIAN_POINT('',(0.,0.,0.));
#252=DIRECTION('',(0.,0.,1.));
#253=DIRECTION('',(1.,0.,0.));
#254=FACE_BOUND('',#255,.T.);
#255=EDGE_LOOP('',(#771,#772,#773,#774));
#256=PLANE('',#257);
#257=AXIS2_PLACEMENT_3D('',#258,#259,#260);
#258=CARTESIAN_POINT('',(-1.6165807553182,2.80000000075481,2.));
#259=DIRECTION('',(4.66918141016372E-10,1.,0.));
#260=DIRECTION('',(1.,-4.66918141016372E-10,0.));
#261=FACE_BOUND('',#262,.T.);
#262=EDGE_LOOP('',(#775,#776,#777,#778));
#263=PLANE('',#264);
#264=AXIS2_PLACEMENT_3D('',#265,#266,#267);
#265=CARTESIAN_POINT('',(-3.23316150886132,4.95779249329631E-16,2.));
#266=DIRECTION('',(-0.86602540386796,0.499999999855336,0.));
#267=DIRECTION('',(0.499999999855336,0.86602540386796,0.));
#268=FACE_BOUND('',#269,.T.);
#269=EDGE_LOOP('',(#779,#780,#781,#782));
#270=PLANE('',#271);
#271=AXIS2_PLACEMENT_3D('',#272,#273,#274);
#272=CARTESIAN_POINT('',(-1.61658075270346,-2.79999999924519,2.));
#273=DIRECTION('',(-0.866025403401042,-0.500000000664062,0.));
#274=DIRECTION('',(-0.500000000664062,0.866025403401042,0.));
#275=FACE_BOUND('',#276,.T.);
#276=EDGE_LOOP('',(#783,#784,#785,#786));
#277=PLANE('',#278);
#278=AXIS2_PLACEMENT_3D('',#279,#280,#281);
#279=CARTESIAN_POINT('',(1.6165807553182,-2.80000000075481,2.));
#280=DIRECTION('',(-4.66916767471597E-10,-1.,0.));
#281=DIRECTION('',(-1.,4.66916767471597E-10,0.));
#282=FACE_BOUND('',#283,.T.);
#283=EDGE_LOOP('',(#787,#788,#789,#790));
#284=PLANE('',#285);
#285=AXIS2_PLACEMENT_3D('',#286,#287,#288);
#286=CARTESIAN_POINT('',(3.23316150886132,8.07250515171056E-16,2.));
#287=DIRECTION('',(0.86602540386796,-0.499999999855337,0.));
#288=DIRECTION('',(-0.499999999855337,-0.86602540386796,0.));
#289=FACE_BOUND('',#290,.T.);
#290=EDGE_LOOP('',(#791,#792,#793,#794));
#291=PLANE('',#292);
#292=AXIS2_PLACEMENT_3D('',#293,#294,#295);
#293=CARTESIAN_POINT('',(1.61658075270346,2.79999999924519,2.));
#294=DIRECTION('',(0.866025403401042,0.500000000664062,0.));
#295=DIRECTION('',(0.500000000664062,-0.866025403401042,0.));
#296=FACE_BOUND('',#297,.T.);
#297=EDGE_LOOP('',(#795));
#298=PLANE('',#299);
#299=AXIS2_PLACEMENT_3D('',#300,#301,#302);
#300=CARTESIAN_POINT('',(0.,0.,1.));
#301=DIRECTION('',(0.,0.,-1.));
#302=DIRECTION('',(-1.,0.,0.));
#303=FACE_BOUND('',#304,.T.);
#304=EDGE_LOOP('',(#796));
#305=PLANE('',#306);
#306=AXIS2_PLACEMENT_3D('',#307,#308,#309);
#307=CARTESIAN_POINT('',(0.,0.,1.));
#308=DIRECTION('',(0.,0.,-1.));
#309=DIRECTION('',(-1.,0.,0.));
#310=FACE_BOUND('',#311,.T.);
#311=EDGE_LOOP('',(#797,#798,#799,#800));
#312=PLANE('',#313);
#313=AXIS2_PLACEMENT_3D('',#314,#315,#316);
#314=CARTESIAN_POINT('',(0.,0.,2.5));
#315=DIRECTION('',(0.,0.,1.));
#316=DIRECTION('',(1.,0.,0.));
#317=FACE_BOUND('',#318,.T.);
#318=EDGE_LOOP('',(#801,#802,#803,#804,#805,#806));
#319=FACE_BOUND('',#320,.T.);
#320=EDGE_LOOP('',(#807));
#321=PLANE('',#322);
#322=AXIS2_PLACEMENT_3D('',#323,#324,#325);
#323=CARTESIAN_POINT('',(0.,0.,2.));
#324=DIRECTION('',(0.,0.,-1.));
#325=DIRECTION('',(-1.,0.,0.));
#326=FACE_OUTER_BOUND('',#327,.T.);
#327=EDGE_LOOP('',(#808));
#328=FACE_OUTER_BOUND('',#329,.T.);
#329=EDGE_LOOP('',(#809));
#330=CYLINDRICAL_SURFACE('',#331,3.5);
#331=AXIS2_PLACEMENT_3D('',#332,#333,#334);
#332=CARTESIAN_POINT('',(0.,0.,2.5));
#333=DIRECTION('',(0.,0.,1.));
#334=DIRECTION('',(1.,0.,0.));
#335=FACE_OUTER_BOUND('',#336,.T.);
#336=EDGE_LOOP('',(#810));
#337=FACE_OUTER_BOUND('',#338,.T.);
#338=EDGE_LOOP('',(#811));
#339=CYLINDRICAL_SURFACE('',#340,1.5);
#340=AXIS2_PLACEMENT_3D('',#341,#342,#343);
#341=CARTESIAN_POINT('',(0.,0.,0.));
#342=DIRECTION('',(0.,0.,1.));
#343=DIRECTION('',(1.,0.,0.));
#344=FACE_BOUND('',#345,.T.);
#345=EDGE_LOOP('',(#812));
#346=FACE_BOUND('',#347,.T.);
#347=EDGE_LOOP('',(#813));
#348=PLANE('',#349);
#349=AXIS2_PLACEMENT_3D('',#350,#351,#352);
#350=CARTESIAN_POINT('',(0.,0.,7.));
#351=DIRECTION('',(0.,0.,1.));
#352=DIRECTION('',(1.,0.,0.));
#353=FACE_BOUND('',#354,.T.);
#354=EDGE_LOOP('',(#814,#815,#816,#817,#818));
#355=TOROIDAL_SURFACE('',#356,5.5,0.5);
#356=AXIS2_PLACEMENT_3D('',#357,#358,#359);
#357=CARTESIAN_POINT('',(5.5,9.52627944162882,2.));
#358=DIRECTION('',(0.,0.,1.));
#359=DIRECTION('',(-0.969188209525776,-0.246321364311381,0.));
#360=FACE_BOUND('',#361,.T.);
#361=EDGE_LOOP('',(#819,#820,#821,#822));
#362=TOROIDAL_SURFACE('',#363,7.,0.5);
#363=AXIS2_PLACEMENT_3D('',#364,#365,#366);
#364=CARTESIAN_POINT('',(0.,0.,2.));
#365=DIRECTION('',(0.,0.,1.));
#366=DIRECTION('',(0.267460643089983,0.963568785504124,0.));
#367=FACE_BOUND('',#368,.T.);
#368=EDGE_LOOP('',(#823,#824,#825,#826,#827));
#369=TOROIDAL_SURFACE('',#370,5.5,0.5);
#370=AXIS2_PLACEMENT_3D('',#371,#372,#373);
#371=CARTESIAN_POINT('',(-5.5,9.52627944162883,2.));
#372=DIRECTION('',(0.,0.,1.));
#373=DIRECTION('',(-0.271273545774391,-0.962502292653368,0.));
#374=FACE_BOUND('',#375,.T.);
#375=EDGE_LOOP('',(#828,#829,#830,#831));
#376=TOROIDAL_SURFACE('',#377,7.,0.5);
#377=AXIS2_PLACEMENT_3D('',#378,#379,#380);
#378=CARTESIAN_POINT('',(0.,0.,2.));
#379=DIRECTION('',(0.,0.,1.));
#380=DIRECTION('',(-0.700744724995299,0.71341210418051,0.));
#381=FACE_BOUND('',#382,.T.);
#382=EDGE_LOOP('',(#832,#833,#834,#835,#836));
#383=TOROIDAL_SURFACE('',#384,5.5,0.5);
#384=AXIS2_PLACEMENT_3D('',#385,#386,#387);
#385=CARTESIAN_POINT('',(-11.,1.56142466891288E-15,2.));
#386=DIRECTION('',(0.,0.,1.));
#387=DIRECTION('',(0.697914663751385,-0.716180928341988,0.));
#388=FACE_BOUND('',#389,.T.);
#389=EDGE_LOOP('',(#837,#838,#839,#840));
#390=TOROIDAL_SURFACE('',#391,7.,0.5);
#391=AXIS2_PLACEMENT_3D('',#392,#393,#394);
#392=CARTESIAN_POINT('',(0.,0.,2.));
#393=DIRECTION('',(0.,0.,1.));
#394=DIRECTION('',(-0.968205368085282,-0.250156681323613,0.));
#395=FACE_BOUND('',#396,.T.);
#396=EDGE_LOOP('',(#841,#842,#843,#844,#845));
#397=TOROIDAL_SURFACE('',#398,5.5,0.5);
#398=AXIS2_PLACEMENT_3D('',#399,#400,#401);
#399=CARTESIAN_POINT('',(-5.50000000000001,-9.52627944162882,2.));
#400=DIRECTION('',(0.,0.,1.));
#401=DIRECTION('',(0.969188209525777,0.246321364311379,0.));
#402=FACE_BOUND('',#403,.T.);
#403=EDGE_LOOP('',(#846,#847,#848,#849));
#404=TOROIDAL_SURFACE('',#405,7.,0.5);
#405=AXIS2_PLACEMENT_3D('',#406,#407,#408);
#406=CARTESIAN_POINT('',(0.,0.,2.));
#407=DIRECTION('',(0.,0.,1.));
#408=DIRECTION('',(-0.267460643089984,-0.963568785504124,0.));
#409=FACE_BOUND('',#410,.T.);
#410=EDGE_LOOP('',(#850,#851,#852,#853,#854));
#411=TOROIDAL_SURFACE('',#412,5.5,0.5);
#412=AXIS2_PLACEMENT_3D('',#413,#414,#415);
#413=CARTESIAN_POINT('',(5.49999999999999,-9.52627944162883,2.));
#414=DIRECTION('',(0.,0.,1.));
#415=DIRECTION('',(0.271273545774392,0.962502292653368,0.));
#416=FACE_BOUND('',#417,.T.);
#417=EDGE_LOOP('',(#855,#856,#857,#858));
#418=TOROIDAL_SURFACE('',#419,7.,0.5);
#419=AXIS2_PLACEMENT_3D('',#420,#421,#422);
#420=CARTESIAN_POINT('',(0.,0.,2.));
#421=DIRECTION('',(0.,0.,1.));
#422=DIRECTION('',(0.700744724995298,-0.713412104180511,0.));
#423=FACE_BOUND('',#424,.T.);
#424=EDGE_LOOP('',(#859,#860,#861,#862,#863));
#425=TOROIDAL_SURFACE('',#426,5.5,0.5);
#426=AXIS2_PLACEMENT_3D('',#427,#428,#429);
#427=CARTESIAN_POINT('',(11.,-2.14313189850787E-16,2.));
#428=DIRECTION('',(0.,0.,1.));
#429=DIRECTION('',(-0.697914663751385,0.716180928341988,0.));
#430=FACE_BOUND('',#431,.T.);
#431=EDGE_LOOP('',(#864,#865,#866,#867));
#432=TOROIDAL_SURFACE('',#433,7.,0.5);
#433=AXIS2_PLACEMENT_3D('',#434,#435,#436);
#434=CARTESIAN_POINT('',(0.,0.,2.));
#435=DIRECTION('',(0.,0.,1.));
#436=DIRECTION('',(0.968205368085282,0.250156681323614,0.));
#437=FACE_BOUND('',#438,.T.);
#438=EDGE_LOOP('',(#868,#869,#870,#871));
#439=PLANE('',#440);
#440=AXIS2_PLACEMENT_3D('',#441,#442,#443);
#441=CARTESIAN_POINT('',(0.,0.,2.5));
#442=DIRECTION('',(0.,0.,1.));
#443=DIRECTION('',(1.,0.,0.));
#444=FACE_BOUND('',#445,.T.);
#445=EDGE_LOOP('',(#872,#873,#874,#875));
#446=PLANE('',#447);
#447=AXIS2_PLACEMENT_3D('',#448,#449,#450);
#448=CARTESIAN_POINT('',(0.,0.,2.5));
#449=DIRECTION('',(0.,0.,1.));
#450=DIRECTION('',(1.,0.,0.));
#451=FACE_BOUND('',#452,.T.);
#452=EDGE_LOOP('',(#876,#877,#878,#879));
#453=PLANE('',#454);
#454=AXIS2_PLACEMENT_3D('',#455,#456,#457);
#455=CARTESIAN_POINT('',(0.,0.,2.5));
#456=DIRECTION('',(0.,0.,1.));
#457=DIRECTION('',(1.,0.,0.));
#458=FACE_BOUND('',#459,.T.);
#459=EDGE_LOOP('',(#880,#881,#882,#883));
#460=PLANE('',#461);
#461=AXIS2_PLACEMENT_3D('',#462,#463,#464);
#462=CARTESIAN_POINT('',(0.,0.,2.5));
#463=DIRECTION('',(0.,0.,1.));
#464=DIRECTION('',(1.,0.,0.));
#465=FACE_BOUND('',#466,.T.);
#466=EDGE_LOOP('',(#884,#885,#886,#887));
#467=PLANE('',#468);
#468=AXIS2_PLACEMENT_3D('',#469,#470,#471);
#469=CARTESIAN_POINT('',(0.,0.,2.5));
#470=DIRECTION('',(0.,0.,1.));
#471=DIRECTION('',(1.,0.,0.));
#472=FACE_BOUND('',#473,.T.);
#473=EDGE_LOOP('',(#888,#889,#890,#891,#892,#893));
#474=FACE_OUTER_BOUND('',#475,.T.);
#475=EDGE_LOOP('',(#894));
#476=TOROIDAL_SURFACE('',#477,5.5,2.);
#477=AXIS2_PLACEMENT_3D('',#478,#479,#480);
#478=CARTESIAN_POINT('',(0.,0.,4.5));
#479=DIRECTION('',(0.,0.,1.));
#480=DIRECTION('',(1.,0.,0.));
#481=FACE_BOUND('',#482,.T.);
#482=EDGE_LOOP('',(#895,#896,#897,#898,#899,#900,#901,#902,#903,#904,#905,#906));
#483=FACE_BOUND('',#484,.T.);
#484=EDGE_LOOP('',(#907));
#485=FACE_BOUND('',#486,.T.);
#486=EDGE_LOOP('',(#908));
#487=PLANE('',#488);
#488=AXIS2_PLACEMENT_3D('',#489,#490,#491);
#489=CARTESIAN_POINT('',(0.,0.,-10.));
#490=DIRECTION('',(1.22464679914735E-16,0.,-1.));
#491=DIRECTION('',(-1.,0.,-1.22464679914735E-16));
#492=FACE_OUTER_BOUND('',#493,.T.);
#493=EDGE_LOOP('',(#909));
#494=FACE_OUTER_BOUND('',#495,.T.);
#495=EDGE_LOOP('',(#910));
#496=CYLINDRICAL_SURFACE('',#497,1.);
#497=AXIS2_PLACEMENT_3D('',#498,#499,#500);
#498=CARTESIAN_POINT('',(1.16341445918999E-15,5.,-9.5));
#499=DIRECTION('',(1.22464679914735E-16,0.,-1.));
#500=DIRECTION('',(-1.,0.,-1.22464679914735E-16));
#501=FACE_OUTER_BOUND('',#502,.T.);
#502=EDGE_LOOP('',(#911));
#503=FACE_OUTER_BOUND('',#504,.T.);
#504=EDGE_LOOP('',(#912));
#505=CYLINDRICAL_SURFACE('',#506,1.);
#506=AXIS2_PLACEMENT_3D('',#507,#508,#509);
#507=CARTESIAN_POINT('',(1.16341445918999E-15,-5.,-9.5));
#508=DIRECTION('',(1.22464679914735E-16,0.,-1.));
#509=DIRECTION('',(-1.,0.,-1.22464679914735E-16));
#510=FACE_BOUND('',#511,.T.);
#511=EDGE_LOOP('',(#913,#914,#915,#916));
#512=CYLINDRICAL_SURFACE('',#513,5.);
#513=AXIS2_PLACEMENT_3D('',#514,#515,#516);
#514=CARTESIAN_POINT('',(-5.50000000000001,-9.52627944162882,-10.));
#515=DIRECTION('',(-1.22464679914735E-16,0.,1.));
#516=DIRECTION('',(0.908673295382014,0.417507894847021,1.11280384266026E-16));
#517=FACE_BOUND('',#518,.T.);
#518=EDGE_LOOP('',(#917,#918,#919,#920));
#519=CYLINDRICAL_SURFACE('',#520,7.5);
#520=AXIS2_PLACEMENT_3D('',#521,#522,#523);
#521=CARTESIAN_POINT('',(1.22464679914735E-15,0.,-10.));
#522=DIRECTION('',(1.22464679914735E-16,0.,-1.));
#523=DIRECTION('',(0.127551136411992,-0.991831995652494,1.56205090934553E-17));
#524=FACE_BOUND('',#525,.T.);
#525=EDGE_LOOP('',(#921,#922,#923,#924));
#526=CYLINDRICAL_SURFACE('',#527,5.);
#527=AXIS2_PLACEMENT_3D('',#528,#529,#530);
#528=CARTESIAN_POINT('',(5.49999999999999,-9.52627944162883,-10.));
#529=DIRECTION('',(-1.22464679914735E-16,0.,1.));
#530=DIRECTION('',(0.092764204472922,0.995688104964856,1.13603386083214E-17));
#531=FACE_BOUND('',#532,.T.);
#532=EDGE_LOOP('',(#925,#926,#927,#928));
#533=CYLINDRICAL_SURFACE('',#534,7.5);
#534=AXIS2_PLACEMENT_3D('',#535,#536,#537);
#535=CARTESIAN_POINT('',(1.22464679914735E-15,0.,-10.));
#536=DIRECTION('',(1.22464679914735E-16,0.,-1.));
#537=DIRECTION('',(0.922727272727272,-0.385453473411889,1.13001500103142E-16));
#538=FACE_BOUND('',#539,.T.);
#539=EDGE_LOOP('',(#929,#930,#931,#932));
#540=CYLINDRICAL_SURFACE('',#541,5.);
#541=AXIS2_PLACEMENT_3D('',#542,#543,#544);
#542=CARTESIAN_POINT('',(11.,-2.14313189850787E-16,-10.));
#543=DIRECTION('',(-1.22464679914735E-16,0.,1.));
#544=DIRECTION('',(-0.815909090909091,0.578180210117833,-9.99200456577045E-17));
#545=FACE_BOUND('',#546,.T.);
#546=EDGE_LOOP('',(#933,#934,#935,#936));
#547=CYLINDRICAL_SURFACE('',#548,7.5);
#548=AXIS2_PLACEMENT_3D('',#549,#550,#551);
#549=CARTESIAN_POINT('',(1.22464679914735E-15,0.,-10.));
#550=DIRECTION('',(1.22464679914735E-16,0.,-1.));
#551=DIRECTION('',(0.795176136315281,0.606378522240606,9.73809910096869E-17));
#552=FACE_BOUND('',#553,.T.);
#553=EDGE_LOOP('',(#937,#938,#939,#940));
#554=CYLINDRICAL_SURFACE('',#555,5.);
#555=AXIS2_PLACEMENT_3D('',#556,#557,#558);
#556=CARTESIAN_POINT('',(5.5,9.52627944162882,-10.));
#557=DIRECTION('',(-1.22464679914735E-16,0.,1.));
#558=DIRECTION('',(-0.908673295382012,-0.417507894847025,-1.11280384266026E-16));
#559=FACE_BOUND('',#560,.T.);
#560=EDGE_LOOP('',(#941,#942,#943,#944));
#561=CYLINDRICAL_SURFACE('',#562,7.5);
#562=AXIS2_PLACEMENT_3D('',#563,#564,#565);
#563=CARTESIAN_POINT('',(1.22464679914735E-15,0.,-10.));
#564=DIRECTION('',(1.22464679914735E-16,0.,-1.));
#565=DIRECTION('',(-0.127551136411991,0.991831995652494,-1.56205090934552E-17));
#566=FACE_BOUND('',#567,.T.);
#567=EDGE_LOOP('',(#945,#946,#947,#948));
#568=CYLINDRICAL_SURFACE('',#569,5.);
#569=AXIS2_PLACEMENT_3D('',#570,#571,#572);
#570=CARTESIAN_POINT('',(-5.5,9.52627944162883,-10.));
#571=DIRECTION('',(-1.22464679914735E-16,0.,1.));
#572=DIRECTION('',(-0.0927642044729218,-0.995688104964856,-1.13603386083214E-17));
#573=FACE_BOUND('',#574,.T.);
#574=EDGE_LOOP('',(#949,#950,#951,#952));
#575=CYLINDRICAL_SURFACE('',#576,7.5);
#576=AXIS2_PLACEMENT_3D('',#577,#578,#579);
#577=CARTESIAN_POINT('',(1.22464679914735E-15,0.,-10.));
#578=DIRECTION('',(1.22464679914735E-16,0.,-1.));
#579=DIRECTION('',(-0.922727272727273,0.385453473411888,-1.13001500103142E-16));
#580=FACE_BOUND('',#581,.T.);
#581=EDGE_LOOP('',(#953,#954,#955,#956));
#582=CYLINDRICAL_SURFACE('',#583,5.);
#583=AXIS2_PLACEMENT_3D('',#584,#585,#586);
#584=CARTESIAN_POINT('',(-11.,1.56142466891288E-15,-10.));
#585=DIRECTION('',(-1.22464679914735E-16,0.,1.));
#586=DIRECTION('',(0.81590909090909,-0.578180210117833,9.99200456577044E-17));
#587=FACE_BOUND('',#588,.T.);
#588=EDGE_LOOP('',(#957,#958,#959,#960));
#589=CYLINDRICAL_SURFACE('',#590,7.5);
#590=AXIS2_PLACEMENT_3D('',#591,#592,#593);
#591=CARTESIAN_POINT('',(1.22464679914735E-15,0.,-10.));
#592=DIRECTION('',(1.22464679914735E-16,0.,-1.));
#593=DIRECTION('',(-0.795176136315282,-0.606378522240605,-9.7380991009687E-17));
#594=FACE_BOUND('',#595,.T.);
#595=EDGE_LOOP('',(#961));
#596=PLANE('',#597);
#597=AXIS2_PLACEMENT_3D('',#598,#599,#600);
#598=CARTESIAN_POINT('',(-6.12323399573677E-17,0.,-9.5));
#599=DIRECTION('',(1.22464679914735E-16,0.,-1.));
#600=DIRECTION('',(-1.,0.,-1.22464679914735E-16));
#601=FACE_BOUND('',#602,.T.);
#602=EDGE_LOOP('',(#962));
#603=PLANE('',#604);
#604=AXIS2_PLACEMENT_3D('',#605,#606,#607);
#605=CARTESIAN_POINT('',(-6.12323399573677E-17,0.,-9.5));
#606=DIRECTION('',(1.22464679914735E-16,0.,-1.));
#607=DIRECTION('',(-1.,0.,-1.22464679914735E-16));
#608=FACE_BOUND('',#609,.T.);
#609=EDGE_LOOP('',(#963,#964,#965,#966,#967,#968,#969,#970,#971,#972,#973,#974));
#610=PLANE('',#611);
#611=AXIS2_PLACEMENT_3D('',#612,#613,#614);
#612=CARTESIAN_POINT('',(1.22464679914735E-16,0.,-11.));
#613=DIRECTION('',(1.22464679914735E-16,0.,-1.));
#614=DIRECTION('',(-1.,0.,-1.22464679914735E-16));
#615=FACE_BOUND('',#616,.T.);
#616=EDGE_LOOP('',(#975,#976,#977,#978));
#617=TOROIDAL_SURFACE('',#618,5.5,0.5);
#618=AXIS2_PLACEMENT_3D('',#619,#620,#621);
#619=CARTESIAN_POINT('',(-11.,1.56142466891288E-15,-10.5));
#620=DIRECTION('',(-1.22464679914735E-16,0.,1.));
#621=DIRECTION('',(0.697914663751385,-0.716180928341988,8.54698959041134E-17));
#622=FACE_BOUND('',#623,.T.);
#623=EDGE_LOOP('',(#979,#980,#981,#982));
#624=TOROIDAL_SURFACE('',#625,7.,0.5);
#625=AXIS2_PLACEMENT_3D('',#626,#627,#628);
#626=CARTESIAN_POINT('',(1.28587913910472E-15,0.,-10.5));
#627=DIRECTION('',(1.22464679914735E-16,0.,-1.));
#628=DIRECTION('',(-0.968205368085282,0.250156681323614,-1.18570960494293E-16));
#629=FACE_BOUND('',#630,.T.);
#630=EDGE_LOOP('',(#983,#984,#985,#986));
#631=TOROIDAL_SURFACE('',#632,5.5,0.5);
#632=AXIS2_PLACEMENT_3D('',#633,#634,#635);
#633=CARTESIAN_POINT('',(-5.5,9.52627944162883,-10.5));
#634=DIRECTION('',(-1.22464679914735E-16,0.,1.));
#635=DIRECTION('',(-0.271273545774391,-0.962502292653368,-3.32214279525961E-17));
#636=FACE_BOUND('',#637,.T.);
#637=EDGE_LOOP('',(#987,#988,#989,#990));
#638=TOROIDAL_SURFACE('',#639,7.,0.5);
#639=AXIS2_PLACEMENT_3D('',#640,#641,#642);
#640=CARTESIAN_POINT('',(1.28587913910472E-15,0.,-10.5));
#641=DIRECTION('',(1.22464679914735E-16,0.,-1.));
#642=DIRECTION('',(-0.267460643089983,0.963568785504124,-3.2754482045804E-17));
#643=FACE_BOUND('',#644,.T.);
#644=EDGE_LOOP('',(#991,#992,#993,#994));
#645=TOROIDAL_SURFACE('',#646,5.5,0.5);
#646=AXIS2_PLACEMENT_3D('',#647,#648,#649);
#647=CARTESIAN_POINT('',(5.5,9.52627944162882,-10.5));
#648=DIRECTION('',(-1.22464679914735E-16,0.,1.));
#649=DIRECTION('',(-0.969188209525776,-0.246321364311382,-1.1869132385671E-16));
#650=FACE_BOUND('',#651,.T.);
#651=EDGE_LOOP('',(#995,#996,#997,#998));
#652=TOROIDAL_SURFACE('',#653,7.,0.5);
#653=AXIS2_PLACEMENT_3D('',#654,#655,#656);
#654=CARTESIAN_POINT('',(1.28587913910472E-15,0.,-10.5));
#655=DIRECTION('',(1.22464679914735E-16,0.,-1.));
#656=DIRECTION('',(0.700744724995299,0.71341210418051,8.58164784484885E-17));
#657=FACE_BOUND('',#658,.T.);
#658=EDGE_LOOP('',(#999,#1000,#1001,#1002));
#659=TOROIDAL_SURFACE('',#660,5.5,0.5);
#660=AXIS2_PLACEMENT_3D('',#661,#662,#663);
#661=CARTESIAN_POINT('',(11.,-2.14313189850787E-16,-10.5));
#662=DIRECTION('',(-1.22464679914735E-16,0.,1.));
#663=DIRECTION('',(-0.697914663751385,0.716180928341988,-8.54698959041135E-17));
#664=FACE_BOUND('',#665,.T.);
#665=EDGE_LOOP('',(#1003,#1004,#1005,#1006));
#666=TOROIDAL_SURFACE('',#667,7.,0.5);
#667=AXIS2_PLACEMENT_3D('',#668,#669,#670);
#668=CARTESIAN_POINT('',(1.28587913910472E-15,0.,-10.5));
#669=DIRECTION('',(1.22464679914735E-16,0.,-1.));
#670=DIRECTION('',(0.968205368085281,-0.250156681323614,1.18570960494292E-16));
#671=FACE_BOUND('',#672,.T.);
#672=EDGE_LOOP('',(#1007,#1008,#1009,#1010));
#673=TOROIDAL_SURFACE('',#674,5.5,0.5);
#674=AXIS2_PLACEMENT_3D('',#675,#676,#677);
#675=CARTESIAN_POINT('',(5.49999999999999,-9.52627944162883,-10.5));
#676=DIRECTION('',(-1.22464679914735E-16,0.,1.));
#677=DIRECTION('',(0.271273545774391,0.962502292653368,3.32214279525961E-17));
#678=FACE_BOUND('',#679,.T.);
#679=EDGE_LOOP('',(#1011,#1012,#1013,#1014));
#680=TOROIDAL_SURFACE('',#681,7.,0.5);
#681=AXIS2_PLACEMENT_3D('',#682,#683,#684);
#682=CARTESIAN_POINT('',(1.28587913910472E-15,0.,-10.5));
#683=DIRECTION('',(1.22464679914735E-16,0.,-1.));
#684=DIRECTION('',(0.267460643089983,-0.963568785504124,3.27544820458041E-17));
#685=FACE_BOUND('',#686,.T.);
#686=EDGE_LOOP('',(#1015,#1016,#1017,#1018));
#687=TOROIDAL_SURFACE('',#688,5.5,0.5);
#688=AXIS2_PLACEMENT_3D('',#689,#690,#691);
#689=CARTESIAN_POINT('',(-5.50000000000001,-9.52627944162882,-10.5));
#690=DIRECTION('',(-1.22464679914735E-16,0.,1.));
#691=DIRECTION('',(0.969188209525777,0.246321364311378,1.1869132385671E-16));
#692=FACE_BOUND('',#693,.T.);
#693=EDGE_LOOP('',(#1019,#1020,#1021,#1022));
#694=TOROIDAL_SURFACE('',#695,7.,0.5);
#695=AXIS2_PLACEMENT_3D('',#696,#697,#698);
#696=CARTESIAN_POINT('',(1.28587913910472E-15,0.,-10.5));
#697=DIRECTION('',(1.22464679914735E-16,0.,-1.));
#698=DIRECTION('',(-0.7007447249953,-0.713412104180509,-8.58164784484886E-17));
#699=ORIENTED_EDGE('',*,*,#1023,.T.);
#700=ORIENTED_EDGE('',*,*,#1024,.F.);
#701=ORIENTED_EDGE('',*,*,#1025,.T.);
#702=ORIENTED_EDGE('',*,*,#1026,.F.);
#703=ORIENTED_EDGE('',*,*,#1027,.T.);
#704=ORIENTED_EDGE('',*,*,#1028,.F.);
#705=ORIENTED_EDGE('',*,*,#1029,.T.);
#706=ORIENTED_EDGE('',*,*,#1030,.F.);
#707=ORIENTED_EDGE('',*,*,#1031,.T.);
#708=ORIENTED_EDGE('',*,*,#1032,.F.);
#709=ORIENTED_EDGE('',*,*,#1033,.T.);
#710=ORIENTED_EDGE('',*,*,#1034,.F.);
#711=ORIENTED_EDGE('',*,*,#1035,.T.);
#712=ORIENTED_EDGE('',*,*,#1036,.T.);
#713=ORIENTED_EDGE('',*,*,#1037,.T.);
#714=ORIENTED_EDGE('',*,*,#1038,.T.);
#715=ORIENTED_EDGE('',*,*,#1039,.T.);
#716=ORIENTED_EDGE('',*,*,#1040,.T.);
#717=ORIENTED_EDGE('',*,*,#1041,.T.);
#718=ORIENTED_EDGE('',*,*,#1042,.T.);
#719=ORIENTED_EDGE('',*,*,#1043,.F.);
#720=ORIENTED_EDGE('',*,*,#1036,.F.);
#721=ORIENTED_EDGE('',*,*,#1044,.F.);
#722=ORIENTED_EDGE('',*,*,#1035,.F.);
#723=ORIENTED_EDGE('',*,*,#1045,.F.);
#724=ORIENTED_EDGE('',*,*,#1046,.F.);
#725=ORIENTED_EDGE('',*,*,#1023,.F.);
#726=ORIENTED_EDGE('',*,*,#1047,.F.);
#727=ORIENTED_EDGE('',*,*,#1048,.F.);
#728=ORIENTED_EDGE('',*,*,#1049,.T.);
#729=ORIENTED_EDGE('',*,*,#1024,.T.);
#730=ORIENTED_EDGE('',*,*,#1046,.T.);
#731=ORIENTED_EDGE('',*,*,#1050,.F.);
#732=ORIENTED_EDGE('',*,*,#1051,.F.);
#733=ORIENTED_EDGE('',*,*,#1025,.F.);
#734=ORIENTED_EDGE('',*,*,#1049,.F.);
#735=ORIENTED_EDGE('',*,*,#1052,.F.);
#736=ORIENTED_EDGE('',*,*,#1053,.T.);
#737=ORIENTED_EDGE('',*,*,#1026,.T.);
#738=ORIENTED_EDGE('',*,*,#1051,.T.);
#739=ORIENTED_EDGE('',*,*,#1054,.F.);
#740=ORIENTED_EDGE('',*,*,#1055,.F.);
#741=ORIENTED_EDGE('',*,*,#1027,.F.);
#742=ORIENTED_EDGE('',*,*,#1053,.F.);
#743=ORIENTED_EDGE('',*,*,#1056,.F.);
#744=ORIENTED_EDGE('',*,*,#1057,.T.);
#745=ORIENTED_EDGE('',*,*,#1028,.T.);
#746=ORIENTED_EDGE('',*,*,#1055,.T.);
#747=ORIENTED_EDGE('',*,*,#1058,.F.);
#748=ORIENTED_EDGE('',*,*,#1059,.F.);
#749=ORIENTED_EDGE('',*,*,#1029,.F.);
#750=ORIENTED_EDGE('',*,*,#1057,.F.);
#751=ORIENTED_EDGE('',*,*,#1060,.F.);
#752=ORIENTED_EDGE('',*,*,#1061,.T.);
#753=ORIENTED_EDGE('',*,*,#1030,.T.);
#754=ORIENTED_EDGE('',*,*,#1059,.T.);
#755=ORIENTED_EDGE('',*,*,#1062,.F.);
#756=ORIENTED_EDGE('',*,*,#1063,.F.);
#757=ORIENTED_EDGE('',*,*,#1031,.F.);
#758=ORIENTED_EDGE('',*,*,#1061,.F.);
#759=ORIENTED_EDGE('',*,*,#1064,.F.);
#760=ORIENTED_EDGE('',*,*,#1065,.T.);
#761=ORIENTED_EDGE('',*,*,#1032,.T.);
#762=ORIENTED_EDGE('',*,*,#1063,.T.);
#763=ORIENTED_EDGE('',*,*,#1066,.F.);
#764=ORIENTED_EDGE('',*,*,#1067,.F.);
#765=ORIENTED_EDGE('',*,*,#1033,.F.);
#766=ORIENTED_EDGE('',*,*,#1065,.F.);
#767=ORIENTED_EDGE('',*,*,#1068,.F.);
#768=ORIENTED_EDGE('',*,*,#1047,.T.);
#769=ORIENTED_EDGE('',*,*,#1034,.T.);
#770=ORIENTED_EDGE('',*,*,#1067,.T.);
#771=ORIENTED_EDGE('',*,*,#1037,.F.);
#772=ORIENTED_EDGE('',*,*,#1069,.F.);
#773=ORIENTED_EDGE('',*,*,#1070,.F.);
#774=ORIENTED_EDGE('',*,*,#1071,.T.);
#775=ORIENTED_EDGE('',*,*,#1038,.F.);
#776=ORIENTED_EDGE('',*,*,#1071,.F.);
#777=ORIENTED_EDGE('',*,*,#1072,.F.);
#778=ORIENTED_EDGE('',*,*,#1073,.T.);
#779=ORIENTED_EDGE('',*,*,#1039,.F.);
#780=ORIENTED_EDGE('',*,*,#1073,.F.);
#781=ORIENTED_EDGE('',*,*,#1074,.F.);
#782=ORIENTED_EDGE('',*,*,#1075,.T.);
#783=ORIENTED_EDGE('',*,*,#1040,.F.);
#784=ORIENTED_EDGE('',*,*,#1075,.F.);
#785=ORIENTED_EDGE('',*,*,#1076,.F.);
#786=ORIENTED_EDGE('',*,*,#1077,.T.);
#787=ORIENTED_EDGE('',*,*,#1041,.F.);
#788=ORIENTED_EDGE('',*,*,#1077,.F.);
#789=ORIENTED_EDGE('',*,*,#1078,.F.);
#790=ORIENTED_EDGE('',*,*,#1079,.T.);
#791=ORIENTED_EDGE('',*,*,#1042,.F.);
#792=ORIENTED_EDGE('',*,*,#1079,.F.);
#793=ORIENTED_EDGE('',*,*,#1080,.F.);
#794=ORIENTED_EDGE('',*,*,#1069,.T.);
#795=ORIENTED_EDGE('',*,*,#1043,.T.);
#796=ORIENTED_EDGE('',*,*,#1044,.T.);
#797=ORIENTED_EDGE('',*,*,#1081,.F.);
#798=ORIENTED_EDGE('',*,*,#1082,.T.);
#799=ORIENTED_EDGE('',*,*,#1083,.T.);
#800=ORIENTED_EDGE('',*,*,#1084,.T.);
#801=ORIENTED_EDGE('',*,*,#1070,.T.);
#802=ORIENTED_EDGE('',*,*,#1080,.T.);
#803=ORIENTED_EDGE('',*,*,#1078,.T.);
#804=ORIENTED_EDGE('',*,*,#1076,.T.);
#805=ORIENTED_EDGE('',*,*,#1074,.T.);
#806=ORIENTED_EDGE('',*,*,#1072,.T.);
#807=ORIENTED_EDGE('',*,*,#1085,.F.);
#808=ORIENTED_EDGE('',*,*,#1086,.F.);
#809=ORIENTED_EDGE('',*,*,#1087,.T.);
#810=ORIENTED_EDGE('',*,*,#1088,.F.);
#811=ORIENTED_EDGE('',*,*,#1085,.T.);
#812=ORIENTED_EDGE('',*,*,#1086,.T.);
#813=ORIENTED_EDGE('',*,*,#1088,.T.);
#814=ORIENTED_EDGE('',*,*,#1089,.F.);
#815=ORIENTED_EDGE('',*,*,#1084,.F.);
#816=ORIENTED_EDGE('',*,*,#1090,.F.);
#817=ORIENTED_EDGE('',*,*,#1066,.T.);
#818=ORIENTED_EDGE('',*,*,#1091,.T.);
#819=ORIENTED_EDGE('',*,*,#1064,.T.);
#820=ORIENTED_EDGE('',*,*,#1092,.T.);
#821=ORIENTED_EDGE('',*,*,#1093,.F.);
#822=ORIENTED_EDGE('',*,*,#1091,.F.);
#823=ORIENTED_EDGE('',*,*,#1094,.F.);
#824=ORIENTED_EDGE('',*,*,#1095,.F.);
#825=ORIENTED_EDGE('',*,*,#1092,.F.);
#826=ORIENTED_EDGE('',*,*,#1062,.T.);
#827=ORIENTED_EDGE('',*,*,#1096,.T.);
#828=ORIENTED_EDGE('',*,*,#1060,.T.);
#829=ORIENTED_EDGE('',*,*,#1097,.T.);
#830=ORIENTED_EDGE('',*,*,#1098,.F.);
#831=ORIENTED_EDGE('',*,*,#1096,.F.);
#832=ORIENTED_EDGE('',*,*,#1099,.F.);
#833=ORIENTED_EDGE('',*,*,#1100,.F.);
#834=ORIENTED_EDGE('',*,*,#1097,.F.);
#835=ORIENTED_EDGE('',*,*,#1058,.T.);
#836=ORIENTED_EDGE('',*,*,#1101,.T.);
#837=ORIENTED_EDGE('',*,*,#1056,.T.);
#838=ORIENTED_EDGE('',*,*,#1102,.T.);
#839=ORIENTED_EDGE('',*,*,#1103,.F.);
#840=ORIENTED_EDGE('',*,*,#1101,.F.);
#841=ORIENTED_EDGE('',*,*,#1104,.F.);
#842=ORIENTED_EDGE('',*,*,#1105,.F.);
#843=ORIENTED_EDGE('',*,*,#1102,.F.);
#844=ORIENTED_EDGE('',*,*,#1054,.T.);
#845=ORIENTED_EDGE('',*,*,#1106,.T.);
#846=ORIENTED_EDGE('',*,*,#1052,.T.);
#847=ORIENTED_EDGE('',*,*,#1107,.T.);
#848=ORIENTED_EDGE('',*,*,#1108,.F.);
#849=ORIENTED_EDGE('',*,*,#1106,.F.);
#850=ORIENTED_EDGE('',*,*,#1109,.F.);
#851=ORIENTED_EDGE('',*,*,#1110,.F.);
#852=ORIENTED_EDGE('',*,*,#1107,.F.);
#853=ORIENTED_EDGE('',*,*,#1050,.T.);
#854=ORIENTED_EDGE('',*,*,#1111,.T.);
#855=ORIENTED_EDGE('',*,*,#1048,.T.);
#856=ORIENTED_EDGE('',*,*,#1112,.T.);
#857=ORIENTED_EDGE('',*,*,#1113,.F.);
#858=ORIENTED_EDGE('',*,*,#1111,.F.);
#859=ORIENTED_EDGE('',*,*,#1082,.F.);
#860=ORIENTED_EDGE('',*,*,#1114,.F.);
#861=ORIENTED_EDGE('',*,*,#1112,.F.);
#862=ORIENTED_EDGE('',*,*,#1045,.T.);
#863=ORIENTED_EDGE('',*,*,#1115,.T.);
#864=ORIENTED_EDGE('',*,*,#1068,.T.);
#865=ORIENTED_EDGE('',*,*,#1090,.T.);
#866=ORIENTED_EDGE('',*,*,#1083,.F.);
#867=ORIENTED_EDGE('',*,*,#1115,.F.);
#868=ORIENTED_EDGE('',*,*,#1116,.F.);
#869=ORIENTED_EDGE('',*,*,#1089,.T.);
#870=ORIENTED_EDGE('',*,*,#1093,.T.);
#871=ORIENTED_EDGE('',*,*,#1095,.T.);
#872=ORIENTED_EDGE('',*,*,#1117,.F.);
#873=ORIENTED_EDGE('',*,*,#1094,.T.);
#874=ORIENTED_EDGE('',*,*,#1098,.T.);
#875=ORIENTED_EDGE('',*,*,#1100,.T.);
#876=ORIENTED_EDGE('',*,*,#1118,.F.);
#877=ORIENTED_EDGE('',*,*,#1099,.T.);
#878=ORIENTED_EDGE('',*,*,#1103,.T.);
#879=ORIENTED_EDGE('',*,*,#1105,.T.);
#880=ORIENTED_EDGE('',*,*,#1119,.F.);
#881=ORIENTED_EDGE('',*,*,#1104,.T.);
#882=ORIENTED_EDGE('',*,*,#1108,.T.);
#883=ORIENTED_EDGE('',*,*,#1110,.T.);
#884=ORIENTED_EDGE('',*,*,#1120,.F.);
#885=ORIENTED_EDGE('',*,*,#1109,.T.);
#886=ORIENTED_EDGE('',*,*,#1113,.T.);
#887=ORIENTED_EDGE('',*,*,#1114,.T.);
#888=ORIENTED_EDGE('',*,*,#1081,.T.);
#889=ORIENTED_EDGE('',*,*,#1116,.T.);
#890=ORIENTED_EDGE('',*,*,#1117,.T.);
#891=ORIENTED_EDGE('',*,*,#1118,.T.);
#892=ORIENTED_EDGE('',*,*,#1119,.T.);
#893=ORIENTED_EDGE('',*,*,#1120,.T.);
#894=ORIENTED_EDGE('',*,*,#1087,.F.);
#895=ORIENTED_EDGE('',*,*,#1121,.F.);
#896=ORIENTED_EDGE('',*,*,#1122,.F.);
#897=ORIENTED_EDGE('',*,*,#1123,.F.);
#898=ORIENTED_EDGE('',*,*,#1124,.F.);
#899=ORIENTED_EDGE('',*,*,#1125,.F.);
#900=ORIENTED_EDGE('',*,*,#1126,.F.);
#901=ORIENTED_EDGE('',*,*,#1127,.F.);
#902=ORIENTED_EDGE('',*,*,#1128,.F.);
#903=ORIENTED_EDGE('',*,*,#1129,.F.);
#904=ORIENTED_EDGE('',*,*,#1130,.F.);
#905=ORIENTED_EDGE('',*,*,#1131,.F.);
#906=ORIENTED_EDGE('',*,*,#1132,.F.);
#907=ORIENTED_EDGE('',*,*,#1133,.F.);
#908=ORIENTED_EDGE('',*,*,#1134,.F.);
#909=ORIENTED_EDGE('',*,*,#1135,.T.);
#910=ORIENTED_EDGE('',*,*,#1134,.T.);
#911=ORIENTED_EDGE('',*,*,#1136,.T.);
#912=ORIENTED_EDGE('',*,*,#1133,.T.);
#913=ORIENTED_EDGE('',*,*,#1137,.F.);
#914=ORIENTED_EDGE('',*,*,#1138,.F.);
#915=ORIENTED_EDGE('',*,*,#1121,.T.);
#916=ORIENTED_EDGE('',*,*,#1139,.T.);
#917=ORIENTED_EDGE('',*,*,#1140,.F.);
#918=ORIENTED_EDGE('',*,*,#1141,.F.);
#919=ORIENTED_EDGE('',*,*,#1122,.T.);
#920=ORIENTED_EDGE('',*,*,#1138,.T.);
#921=ORIENTED_EDGE('',*,*,#1142,.F.);
#922=ORIENTED_EDGE('',*,*,#1143,.F.);
#923=ORIENTED_EDGE('',*,*,#1123,.T.);
#924=ORIENTED_EDGE('',*,*,#1141,.T.);
#925=ORIENTED_EDGE('',*,*,#1144,.F.);
#926=ORIENTED_EDGE('',*,*,#1145,.F.);
#927=ORIENTED_EDGE('',*,*,#1124,.T.);
#928=ORIENTED_EDGE('',*,*,#1143,.T.);
#929=ORIENTED_EDGE('',*,*,#1146,.F.);
#930=ORIENTED_EDGE('',*,*,#1147,.F.);
#931=ORIENTED_EDGE('',*,*,#1125,.T.);
#932=ORIENTED_EDGE('',*,*,#1145,.T.);
#933=ORIENTED_EDGE('',*,*,#1148,.F.);
#934=ORIENTED_EDGE('',*,*,#1149,.F.);
#935=ORIENTED_EDGE('',*,*,#1126,.T.);
#936=ORIENTED_EDGE('',*,*,#1147,.T.);
#937=ORIENTED_EDGE('',*,*,#1150,.F.);
#938=ORIENTED_EDGE('',*,*,#1151,.F.);
#939=ORIENTED_EDGE('',*,*,#1127,.T.);
#940=ORIENTED_EDGE('',*,*,#1149,.T.);
#941=ORIENTED_EDGE('',*,*,#1152,.F.);
#942=ORIENTED_EDGE('',*,*,#1153,.F.);
#943=ORIENTED_EDGE('',*,*,#1128,.T.);
#944=ORIENTED_EDGE('',*,*,#1151,.T.);
#945=ORIENTED_EDGE('',*,*,#1154,.F.);
#946=ORIENTED_EDGE('',*,*,#1155,.F.);
#947=ORIENTED_EDGE('',*,*,#1129,.T.);
#948=ORIENTED_EDGE('',*,*,#1153,.T.);
#949=ORIENTED_EDGE('',*,*,#1156,.F.);
#950=ORIENTED_EDGE('',*,*,#1157,.F.);
#951=ORIENTED_EDGE('',*,*,#1130,.T.);
#952=ORIENTED_EDGE('',*,*,#1155,.T.);
#953=ORIENTED_EDGE('',*,*,#1158,.F.);
#954=ORIENTED_EDGE('',*,*,#1159,.F.);
#955=ORIENTED_EDGE('',*,*,#1131,.T.);
#956=ORIENTED_EDGE('',*,*,#1157,.T.);
#957=ORIENTED_EDGE('',*,*,#1160,.F.);
#958=ORIENTED_EDGE('',*,*,#1139,.F.);
#959=ORIENTED_EDGE('',*,*,#1132,.T.);
#960=ORIENTED_EDGE('',*,*,#1159,.T.);
#961=ORIENTED_EDGE('',*,*,#1135,.F.);
#962=ORIENTED_EDGE('',*,*,#1136,.F.);
#963=ORIENTED_EDGE('',*,*,#1161,.T.);
#964=ORIENTED_EDGE('',*,*,#1162,.T.);
#965=ORIENTED_EDGE('',*,*,#1163,.T.);
#966=ORIENTED_EDGE('',*,*,#1164,.T.);
#967=ORIENTED_EDGE('',*,*,#1165,.T.);
#968=ORIENTED_EDGE('',*,*,#1166,.T.);
#969=ORIENTED_EDGE('',*,*,#1167,.T.);
#970=ORIENTED_EDGE('',*,*,#1168,.T.);
#971=ORIENTED_EDGE('',*,*,#1169,.T.);
#972=ORIENTED_EDGE('',*,*,#1170,.T.);
#973=ORIENTED_EDGE('',*,*,#1171,.T.);
#974=ORIENTED_EDGE('',*,*,#1172,.T.);
#975=ORIENTED_EDGE('',*,*,#1158,.T.);
#976=ORIENTED_EDGE('',*,*,#1173,.T.);
#977=ORIENTED_EDGE('',*,*,#1161,.F.);
#978=ORIENTED_EDGE('',*,*,#1174,.F.);
#979=ORIENTED_EDGE('',*,*,#1156,.T.);
#980=ORIENTED_EDGE('',*,*,#1175,.T.);
#981=ORIENTED_EDGE('',*,*,#1162,.F.);
#982=ORIENTED_EDGE('',*,*,#1173,.F.);
#983=ORIENTED_EDGE('',*,*,#1154,.T.);
#984=ORIENTED_EDGE('',*,*,#1176,.T.);
#985=ORIENTED_EDGE('',*,*,#1163,.F.);
#986=ORIENTED_EDGE('',*,*,#1175,.F.);
#987=ORIENTED_EDGE('',*,*,#1152,.T.);
#988=ORIENTED_EDGE('',*,*,#1177,.T.);
#989=ORIENTED_EDGE('',*,*,#1164,.F.);
#990=ORIENTED_EDGE('',*,*,#1176,.F.);
#991=ORIENTED_EDGE('',*,*,#1150,.T.);
#992=ORIENTED_EDGE('',*,*,#1178,.T.);
#993=ORIENTED_EDGE('',*,*,#1165,.F.);
#994=ORIENTED_EDGE('',*,*,#1177,.F.);
#995=ORIENTED_EDGE('',*,*,#1148,.T.);
#996=ORIENTED_EDGE('',*,*,#1179,.T.);
#997=ORIENTED_EDGE('',*,*,#1166,.F.);
#998=ORIENTED_EDGE('',*,*,#1178,.F.);
#999=ORIENTED_EDGE('',*,*,#1146,.T.);
#1000=ORIENTED_EDGE('',*,*,#1180,.T.);
#1001=ORIENTED_EDGE('',*,*,#1167,.F.);
#1002=ORIENTED_EDGE('',*,*,#1179,.F.);
#1003=ORIENTED_EDGE('',*,*,#1144,.T.);
#1004=ORIENTED_EDGE('',*,*,#1181,.T.);
#1005=ORIENTED_EDGE('',*,*,#1168,.F.);
#1006=ORIENTED_EDGE('',*,*,#1180,.F.);
#1007=ORIENTED_EDGE('',*,*,#1142,.T.);
#1008=ORIENTED_EDGE('',*,*,#1182,.T.);
#1009=ORIENTED_EDGE('',*,*,#1169,.F.);
#1010=ORIENTED_EDGE('',*,*,#1181,.F.);
#1011=ORIENTED_EDGE('',*,*,#1140,.T.);
#1012=ORIENTED_EDGE('',*,*,#1183,.T.);
#1013=ORIENTED_EDGE('',*,*,#1170,.F.);
#1014=ORIENTED_EDGE('',*,*,#1182,.F.);
#1015=ORIENTED_EDGE('',*,*,#1137,.T.);
#1016=ORIENTED_EDGE('',*,*,#1184,.T.);
#1017=ORIENTED_EDGE('',*,*,#1171,.F.);
#1018=ORIENTED_EDGE('',*,*,#1183,.F.);
#1019=ORIENTED_EDGE('',*,*,#1160,.T.);
#1020=ORIENTED_EDGE('',*,*,#1174,.T.);
#1021=ORIENTED_EDGE('',*,*,#1172,.F.);
#1022=ORIENTED_EDGE('',*,*,#1184,.F.);
#1023=EDGE_CURVE('',#1185,#1186,#1187,.T.);
#1024=EDGE_CURVE('',#1188,#1186,#1189,.T.);
#1025=EDGE_CURVE('',#1188,#1190,#1191,.T.);
#1026=EDGE_CURVE('',#1192,#1190,#1193,.T.);
#1027=EDGE_CURVE('',#1192,#1194,#1195,.T.);
#1028=EDGE_CURVE('',#1196,#1194,#1197,.T.);
#1029=EDGE_CURVE('',#1196,#1198,#1199,.T.);
#1030=EDGE_CURVE('',#1200,#1198,#1201,.T.);
#1031=EDGE_CURVE('',#1200,#1202,#1203,.T.);
#1032=EDGE_CURVE('',#1204,#1202,#1205,.T.);
#1033=EDGE_CURVE('',#1204,#1206,#1207,.T.);
#1034=EDGE_CURVE('',#1185,#1206,#1208,.T.);
#1035=EDGE_CURVE('',#1209,#1209,#1210,.F.);
#1036=EDGE_CURVE('',#1211,#1211,#1212,.F.);
#1037=EDGE_CURVE('',#1213,#1214,#1215,.T.);
#1038=EDGE_CURVE('',#1214,#1216,#1217,.T.);
#1039=EDGE_CURVE('',#1216,#1218,#1219,.T.);
#1040=EDGE_CURVE('',#1218,#1220,#1221,.T.);
#1041=EDGE_CURVE('',#1220,#1222,#1223,.T.);
#1042=EDGE_CURVE('',#1222,#1213,#1224,.T.);
#1043=EDGE_CURVE('',#1225,#1225,#1226,.T.);
#1044=EDGE_CURVE('',#1227,#1227,#1228,.T.);
#1045=EDGE_CURVE('',#1229,#1230,#1231,.F.);
#1046=EDGE_CURVE('',#1186,#1229,#1232,.T.);
#1047=EDGE_CURVE('',#1230,#1185,#1233,.F.);
#1048=EDGE_CURVE('',#1234,#1229,#1235,.T.);
#1049=EDGE_CURVE('',#1234,#1188,#1236,.F.);
#1050=EDGE_CURVE('',#1237,#1234,#1238,.F.);
#1051=EDGE_CURVE('',#1190,#1237,#1239,.T.);
#1052=EDGE_CURVE('',#1240,#1237,#1241,.T.);
#1053=EDGE_CURVE('',#1240,#1192,#1242,.F.);
#1054=EDGE_CURVE('',#1243,#1240,#1244,.F.);
#1055=EDGE_CURVE('',#1194,#1243,#1245,.T.);
#1056=EDGE_CURVE('',#1246,#1243,#1247,.T.);
#1057=EDGE_CURVE('',#1246,#1196,#1248,.F.);
#1058=EDGE_CURVE('',#1249,#1246,#1250,.F.);
#1059=EDGE_CURVE('',#1198,#1249,#1251,.T.);
#1060=EDGE_CURVE('',#1252,#1249,#1253,.T.);
#1061=EDGE_CURVE('',#1252,#1200,#1254,.F.);
#1062=EDGE_CURVE('',#1255,#1252,#1256,.F.);
#1063=EDGE_CURVE('',#1202,#1255,#1257,.T.);
#1064=EDGE_CURVE('',#1258,#1255,#1259,.T.);
#1065=EDGE_CURVE('',#1258,#1204,#1260,.F.);
#1066=EDGE_CURVE('',#1261,#1258,#1262,.F.);
#1067=EDGE_CURVE('',#1206,#1261,#1263,.T.);
#1068=EDGE_CURVE('',#1230,#1261,#1264,.T.);
#1069=EDGE_CURVE('',#1265,#1213,#1266,.T.);
#1070=EDGE_CURVE('',#1267,#1265,#1268,.T.);
#1071=EDGE_CURVE('',#1267,#1214,#1269,.T.);
#1072=EDGE_CURVE('',#1270,#1267,#1271,.T.);
#1073=EDGE_CURVE('',#1270,#1216,#1272,.T.);
#1074=EDGE_CURVE('',#1273,#1270,#1274,.T.);
#1075=EDGE_CURVE('',#1273,#1218,#1275,.T.);
#1076=EDGE_CURVE('',#1276,#1273,#1277,.T.);
#1077=EDGE_CURVE('',#1276,#1220,#1278,.T.);
#1078=EDGE_CURVE('',#1279,#1276,#1280,.T.);
#1079=EDGE_CURVE('',#1279,#1222,#1281,.T.);
#1080=EDGE_CURVE('',#1265,#1279,#1282,.T.);
#1081=EDGE_CURVE('',#1283,#1284,#1285,.T.);
#1082=EDGE_CURVE('',#1283,#1286,#1287,.F.);
#1083=EDGE_CURVE('',#1286,#1288,#1289,.T.);
#1084=EDGE_CURVE('',#1288,#1284,#1290,.F.);
#1085=EDGE_CURVE('',#1291,#1291,#1292,.F.);
#1086=EDGE_CURVE('',#1293,#1293,#1294,.T.);
#1087=EDGE_CURVE('',#1295,#1295,#1296,.T.);
#1088=EDGE_CURVE('',#1297,#1297,#1298,.F.);
#1089=EDGE_CURVE('',#1284,#1299,#1300,.F.);
#1090=EDGE_CURVE('',#1261,#1288,#1301,.T.);
#1091=EDGE_CURVE('',#1258,#1299,#1302,.F.);
#1092=EDGE_CURVE('',#1255,#1303,#1304,.T.);
#1093=EDGE_CURVE('',#1299,#1303,#1305,.T.);
#1094=EDGE_CURVE('',#1306,#1307,#1308,.F.);
#1095=EDGE_CURVE('',#1303,#1306,#1309,.F.);
#1096=EDGE_CURVE('',#1252,#1307,#1310,.F.);
#1097=EDGE_CURVE('',#1249,#1311,#1312,.T.);
#1098=EDGE_CURVE('',#1307,#1311,#1313,.T.);
#1099=EDGE_CURVE('',#1314,#1315,#1316,.F.);
#1100=EDGE_CURVE('',#1311,#1314,#1317,.F.);
#1101=EDGE_CURVE('',#1246,#1315,#1318,.F.);
#1102=EDGE_CURVE('',#1243,#1319,#1320,.T.);
#1103=EDGE_CURVE('',#1315,#1319,#1321,.T.);
#1104=EDGE_CURVE('',#1322,#1323,#1324,.F.);
#1105=EDGE_CURVE('',#1319,#1322,#1325,.F.);
#1106=EDGE_CURVE('',#1240,#1323,#1326,.F.);
#1107=EDGE_CURVE('',#1237,#1327,#1328,.T.);
#1108=EDGE_CURVE('',#1323,#1327,#1329,.T.);
#1109=EDGE_CURVE('',#1330,#1331,#1332,.F.);
#1110=EDGE_CURVE('',#1327,#1330,#1333,.F.);
#1111=EDGE_CURVE('',#1234,#1331,#1334,.F.);
#1112=EDGE_CURVE('',#1229,#1335,#1336,.T.);
#1113=EDGE_CURVE('',#1331,#1335,#1337,.T.);
#1114=EDGE_CURVE('',#1335,#1283,#1338,.F.);
#1115=EDGE_CURVE('',#1230,#1286,#1339,.F.);
#1116=EDGE_CURVE('',#1284,#1306,#1340,.T.);
#1117=EDGE_CURVE('',#1306,#1314,#1341,.T.);
#1118=EDGE_CURVE('',#1314,#1322,#1342,.T.);
#1119=EDGE_CURVE('',#1322,#1330,#1343,.T.);
#1120=EDGE_CURVE('',#1330,#1283,#1344,.T.);
#1121=EDGE_CURVE('',#1345,#1346,#1347,.T.);
#1122=EDGE_CURVE('',#1348,#1345,#1349,.T.);
#1123=EDGE_CURVE('',#1350,#1348,#1351,.T.);
#1124=EDGE_CURVE('',#1352,#1350,#1353,.T.);
#1125=EDGE_CURVE('',#1354,#1352,#1355,.T.);
#1126=EDGE_CURVE('',#1356,#1354,#1357,.T.);
#1127=EDGE_CURVE('',#1358,#1356,#1359,.T.);
#1128=EDGE_CURVE('',#1360,#1358,#1361,.T.);
#1129=EDGE_CURVE('',#1362,#1360,#1363,.T.);
#1130=EDGE_CURVE('',#1364,#1362,#1365,.T.);
#1131=EDGE_CURVE('',#1366,#1364,#1367,.T.);
#1132=EDGE_CURVE('',#1346,#1366,#1368,.T.);
#1133=EDGE_CURVE('',#1369,#1369,#1370,.F.);
#1134=EDGE_CURVE('',#1371,#1371,#1372,.F.);
#1135=EDGE_CURVE('',#1373,#1373,#1374,.T.);
#1136=EDGE_CURVE('',#1375,#1375,#1376,.T.);
#1137=EDGE_CURVE('',#1377,#1378,#1379,.T.);
#1138=EDGE_CURVE('',#1345,#1377,#1380,.T.);
#1139=EDGE_CURVE('',#1346,#1378,#1381,.T.);
#1140=EDGE_CURVE('',#1382,#1377,#1383,.T.);
#1141=EDGE_CURVE('',#1348,#1382,#1384,.T.);
#1142=EDGE_CURVE('',#1385,#1382,#1386,.T.);
#1143=EDGE_CURVE('',#1350,#1385,#1387,.T.);
#1144=EDGE_CURVE('',#1388,#1385,#1389,.T.);
#1145=EDGE_CURVE('',#1352,#1388,#1390,.T.);
#1146=EDGE_CURVE('',#1391,#1388,#1392,.T.);
#1147=EDGE_CURVE('',#1354,#1391,#1393,.T.);
#1148=EDGE_CURVE('',#1394,#1391,#1395,.T.);
#1149=EDGE_CURVE('',#1356,#1394,#1396,.T.);
#1150=EDGE_CURVE('',#1397,#1394,#1398,.T.);
#1151=EDGE_CURVE('',#1358,#1397,#1399,.T.);
#1152=EDGE_CURVE('',#1400,#1397,#1401,.T.);
#1153=EDGE_CURVE('',#1360,#1400,#1402,.T.);
#1154=EDGE_CURVE('',#1403,#1400,#1404,.T.);
#1155=EDGE_CURVE('',#1362,#1403,#1405,.T.);
#1156=EDGE_CURVE('',#1406,#1403,#1407,.T.);
#1157=EDGE_CURVE('',#1364,#1406,#1408,.T.);
#1158=EDGE_CURVE('',#1409,#1406,#1410,.T.);
#1159=EDGE_CURVE('',#1366,#1409,#1411,.T.);
#1160=EDGE_CURVE('',#1378,#1409,#1412,.T.);
#1161=EDGE_CURVE('',#1413,#1414,#1415,.T.);
#1162=EDGE_CURVE('',#1414,#1416,#1417,.T.);
#1163=EDGE_CURVE('',#1416,#1418,#1419,.T.);
#1164=EDGE_CURVE('',#1418,#1420,#1421,.T.);
#1165=EDGE_CURVE('',#1420,#1422,#1423,.T.);
#1166=EDGE_CURVE('',#1422,#1424,#1425,.T.);
#1167=EDGE_CURVE('',#1424,#1426,#1427,.T.);
#1168=EDGE_CURVE('',#1426,#1428,#1429,.T.);
#1169=EDGE_CURVE('',#1428,#1430,#1431,.T.);
#1170=EDGE_CURVE('',#1430,#1432,#1433,.T.);
#1171=EDGE_CURVE('',#1432,#1434,#1435,.T.);
#1172=EDGE_CURVE('',#1434,#1413,#1436,.T.);
#1173=EDGE_CURVE('',#1406,#1414,#1437,.T.);
#1174=EDGE_CURVE('',#1409,#1413,#1438,.T.);
#1175=EDGE_CURVE('',#1403,#1416,#1439,.T.);
#1176=EDGE_CURVE('',#1400,#1418,#1440,.T.);
#1177=EDGE_CURVE('',#1397,#1420,#1441,.T.);
#1178=EDGE_CURVE('',#1394,#1422,#1442,.T.);
#1179=EDGE_CURVE('',#1391,#1424,#1443,.T.);
#1180=EDGE_CURVE('',#1388,#1426,#1444,.T.);
#1181=EDGE_CURVE('',#1385,#1428,#1445,.T.);
#1182=EDGE_CURVE('',#1382,#1430,#1446,.T.);
#1183=EDGE_CURVE('',#1377,#1432,#1447,.T.);
#1184=EDGE_CURVE('',#1378,#1434,#1448,.T.);
#1185=VERTEX_POINT('',#1449);
#1186=VERTEX_POINT('',#1450);
#1187=CIRCLE('',#1451,5.);
#1188=VERTEX_POINT('',#1455);
#1189=CIRCLE('',#1456,7.5);
#1190=VERTEX_POINT('',#1460);
#1191=CIRCLE('',#1461,5.);
#1192=VERTEX_POINT('',#1465);
#1193=CIRCLE('',#1466,7.5);
#1194=VERTEX_POINT('',#1470);
#1195=CIRCLE('',#1471,5.);
#1196=VERTEX_POINT('',#1475);
#1197=CIRCLE('',#1476,7.5);
#1198=VERTEX_POINT('',#1480);
#1199=CIRCLE('',#1481,5.);
#1200=VERTEX_POINT('',#1485);
#1201=CIRCLE('',#1486,7.5);
#1202=VERTEX_POINT('',#1490);
#1203=CIRCLE('',#1491,5.);
#1204=VERTEX_POINT('',#1495);
#1205=CIRCLE('',#1496,7.5);
#1206=VERTEX_POINT('',#1500);
#1207=CIRCLE('',#1501,5.);
#1208=CIRCLE('',#1505,7.5);
#1209=VERTEX_POINT('',#1509);
#1210=CIRCLE('',#1510,1.);
#1211=VERTEX_POINT('',#1514);
#1212=CIRCLE('',#1515,1.);
#1213=VERTEX_POINT('',#1519);
#1214=VERTEX_POINT('',#1520);
#1215=LINE('',#1521,#1522);
#1216=VERTEX_POINT('',#1524);
#1217=LINE('',#1525,#1526);
#1218=VERTEX_POINT('',#1528);
#1219=LINE('',#1529,#1530);
#1220=VERTEX_POINT('',#1532);
#1221=LINE('',#1533,#1534);
#1222=VERTEX_POINT('',#1536);
#1223=LINE('',#1537,#1538);
#1224=LINE('',#1540,#1541);
#1225=VERTEX_POINT('',#1543);
#1226=CIRCLE('',#1544,1.);
#1227=VERTEX_POINT('',#1548);
#1228=CIRCLE('',#1549,1.);
#1229=VERTEX_POINT('',#1553);
#1230=VERTEX_POINT('',#1554);
#1231=CIRCLE('',#1555,5.);
#1232=LINE('',#1559,#1560);
#1233=LINE('',#1562,#1563);
#1234=VERTEX_POINT('',#1565);
#1235=CIRCLE('',#1566,7.5);
#1236=LINE('',#1570,#1571);
#1237=VERTEX_POINT('',#1573);
#1238=CIRCLE('',#1574,5.);
#1239=LINE('',#1578,#1579);
#1240=VERTEX_POINT('',#1581);
#1241=CIRCLE('',#1582,7.5);
#1242=LINE('',#1586,#1587);
#1243=VERTEX_POINT('',#1589);
#1244=CIRCLE('',#1590,5.);
#1245=LINE('',#1594,#1595);
#1246=VERTEX_POINT('',#1597);
#1247=CIRCLE('',#1598,7.5);
#1248=LINE('',#1602,#1603);
#1249=VERTEX_POINT('',#1605);
#1250=CIRCLE('',#1606,5.);
#1251=LINE('',#1610,#1611);
#1252=VERTEX_POINT('',#1613);
#1253=CIRCLE('',#1614,7.5);
#1254=LINE('',#1618,#1619);
#1255=VERTEX_POINT('',#1621);
#1256=CIRCLE('',#1622,5.);
#1257=LINE('',#1626,#1627);
#1258=VERTEX_POINT('',#1629);
#1259=CIRCLE('',#1630,7.5);
#1260=LINE('',#1634,#1635);
#1261=VERTEX_POINT('',#1637);
#1262=CIRCLE('',#1638,5.);
#1263=LINE('',#1642,#1643);
#1264=CIRCLE('',#1645,7.5);
#1265=VERTEX_POINT('',#1649);
#1266=LINE('',#1650,#1651);
#1267=VERTEX_POINT('',#1653);
#1268=LINE('',#1654,#1655);
#1269=LINE('',#1657,#1658);
#1270=VERTEX_POINT('',#1660);
#1271=LINE('',#1661,#1662);
#1272=LINE('',#1664,#1665);
#1273=VERTEX_POINT('',#1667);
#1274=LINE('',#1668,#1669);
#1275=LINE('',#1671,#1672);
#1276=VERTEX_POINT('',#1674);
#1277=LINE('',#1675,#1676);
#1278=LINE('',#1678,#1679);
#1279=VERTEX_POINT('',#1681);
#1280=LINE('',#1682,#1683);
#1281=LINE('',#1685,#1686);
#1282=LINE('',#1688,#1689);
#1283=VERTEX_POINT('',#1691);
#1284=VERTEX_POINT('',#1692);
#1285=CIRCLE('',#1693,5.5);
#1286=VERTEX_POINT('',#1697);
#1287=CIRCLE('',#1698,5.5);
#1288=VERTEX_POINT('',#1702);
#1289=CIRCLE('',#1703,7.);
#1290=CIRCLE('',#1707,5.5);
#1291=VERTEX_POINT('',#1711);
#1292=CIRCLE('',#1712,1.5);
#1293=VERTEX_POINT('',#1716);
#1294=CIRCLE('',#1717,3.5);
#1295=VERTEX_POINT('',#1721);
#1296=CIRCLE('',#1722,3.5);
#1297=VERTEX_POINT('',#1726);
#1298=CIRCLE('',#1727,1.5);
#1299=VERTEX_POINT('',#1731);
#1300=CIRCLE('',#1732,5.5);
#1301=B_SPLINE_CURVE_WITH_KNOTS('',3,
(#1736,#1737,#1738,#1739,#1740,#1741,#1742,#1743,#1744,#1745,#1746,#1747,#1748,#1749,
#1750),
.UNSPECIFIED.,.F.,.F.,
(4,1,1,1,1,1,1,1,1,1,1,1,4),
(0.,0.0386297599021837,0.0902963769735645,0.155217889956336,0.233242958832266,0.310849611194875,
0.38949914849604,0.478372783889044,0.587025424371858,0.717843311045701,0.835495822408395,
0.930873785825407,1.),
.UNSPECIFIED.);
#1302=B_SPLINE_CURVE_WITH_KNOTS('',3,
(#1751,#1752,#1753,#1754,#1755,#1756,#1757,#1758,#1759,#1760,#1761,#1762,#1763,#1764),
.UNSPECIFIED.,.F.,.F.,
(4,1,1,1,1,1,1,1,1,1,1,4),
(0.,0.0775273102864131,0.181061670040497,0.302785843100109,0.434232269674922,0.540908008663733,
0.630387344829381,0.710946893470678,0.790716195575975,0.866884051388453,0.936548706200016,
1.),
.UNSPECIFIED.);
#1303=VERTEX_POINT('',#1765);
#1304=B_SPLINE_CURVE_WITH_KNOTS('',3,
(#1766,#1767,#1768,#1769,#1770,#1771,#1772,#1773,#1774,#1775,#1776,#1777,#1778,#1779,
#1780),
.UNSPECIFIED.,.F.,.F.,
(4,1,1,1,1,1,1,1,1,1,1,1,4),
(0.,0.0386297599021838,0.0902963769735637,0.155217889956338,0.233242958832268,0.310849611194879,
0.389499148496042,0.478372783889047,0.587025424371859,0.717843311045701,0.835495822408394,
0.930873785825407,1.),
.UNSPECIFIED.);
#1305=CIRCLE('',#1781,7.);
#1306=VERTEX_POINT('',#1785);
#1307=VERTEX_POINT('',#1786);
#1308=CIRCLE('',#1787,5.5);
#1309=CIRCLE('',#1791,5.5);
#1310=B_SPLINE_CURVE_WITH_KNOTS('',3,
(#1795,#1796,#1797,#1798,#1799,#1800,#1801,#1802,#1803,#1804,#1805,#1806,#1807,#1808),
.UNSPECIFIED.,.F.,.F.,
(4,1,1,1,1,1,1,1,1,1,1,4),
(0.,0.0775273102864157,0.181061670040497,0.302785843100111,0.434232269674922,0.540908008663732,
0.630387344829382,0.71094689347068,0.790716195575976,0.866884051388451,0.936548706200016,
1.),
.UNSPECIFIED.);
#1311=VERTEX_POINT('',#1809);
#1312=B_SPLINE_CURVE_WITH_KNOTS('',3,
(#1810,#1811,#1812,#1813,#1814,#1815,#1816,#1817,#1818,#1819,#1820,#1821,#1822,#1823,
#1824),
.UNSPECIFIED.,.F.,.F.,
(4,1,1,1,1,1,1,1,1,1,1,1,4),
(0.,0.038629759902184,0.0902963769735642,0.155217889956337,0.233242958832268,0.310849611194878,
0.389499148496043,0.478372783889049,0.587025424371861,0.717843311045702,0.835495822408396,
0.930873785825407,1.),
.UNSPECIFIED.);
#1313=CIRCLE('',#1825,7.);
#1314=VERTEX_POINT('',#1829);
#1315=VERTEX_POINT('',#1830);
#1316=CIRCLE('',#1831,5.5);
#1317=CIRCLE('',#1835,5.5);
#1318=B_SPLINE_CURVE_WITH_KNOTS('',3,
(#1839,#1840,#1841,#1842,#1843,#1844,#1845,#1846,#1847,#1848,#1849,#1850,#1851,#1852),
.UNSPECIFIED.,.F.,.F.,
(4,1,1,1,1,1,1,1,1,1,1,4),
(0.,0.0775273102864142,0.181061670040498,0.302785843100111,0.434232269674922,0.540908008663733,
0.630387344829383,0.71094689347068,0.790716195575976,0.866884051388453,0.936548706200016,
1.),
.UNSPECIFIED.);
#1319=VERTEX_POINT('',#1853);
#1320=B_SPLINE_CURVE_WITH_KNOTS('',3,
(#1854,#1855,#1856,#1857,#1858,#1859,#1860,#1861,#1862,#1863,#1864,#1865,#1866,#1867,
#1868),
.UNSPECIFIED.,.F.,.F.,
(4,1,1,1,1,1,1,1,1,1,1,1,4),
(0.,0.0386297599021851,0.0902963769735645,0.155217889956337,0.233242958832267,0.310849611194877,
0.389499148496044,0.478372783889047,0.58702542437186,0.7178433110457,0.835495822408393,
0.930873785825405,1.),
.UNSPECIFIED.);
#1321=CIRCLE('',#1869,7.);
#1322=VERTEX_POINT('',#1873);
#1323=VERTEX_POINT('',#1874);
#1324=CIRCLE('',#1875,5.5);
#1325=CIRCLE('',#1879,5.5);
#1326=B_SPLINE_CURVE_WITH_KNOTS('',3,
(#1883,#1884,#1885,#1886,#1887,#1888,#1889,#1890,#1891,#1892,#1893,#1894,#1895,#1896),
.UNSPECIFIED.,.F.,.F.,
(4,1,1,1,1,1,1,1,1,1,1,4),
(0.,0.0775273102864163,0.181061670040498,0.302785843100113,0.434232269674923,0.540908008663733,
0.63038734482938,0.710946893470678,0.790716195575976,0.866884051388453,0.936548706200016,
1.),
.UNSPECIFIED.);
#1327=VERTEX_POINT('',#1897);
#1328=B_SPLINE_CURVE_WITH_KNOTS('',3,
(#1898,#1899,#1900,#1901,#1902,#1903,#1904,#1905,#1906,#1907,#1908,#1909,#1910,#1911,
#1912),
.UNSPECIFIED.,.F.,.F.,
(4,1,1,1,1,1,1,1,1,1,1,1,4),
(0.,0.0386297599021837,0.090296376973564,0.155217889956337,0.233242958832266,0.310849611194877,
0.389499148496041,0.478372783889045,0.587025424371858,0.717843311045699,0.835495822408394,
0.930873785825406,1.),
.UNSPECIFIED.);
#1329=CIRCLE('',#1913,7.);
#1330=VERTEX_POINT('',#1917);
#1331=VERTEX_POINT('',#1918);
#1332=CIRCLE('',#1919,5.5);
#1333=CIRCLE('',#1923,5.5);
#1334=B_SPLINE_CURVE_WITH_KNOTS('',3,
(#1927,#1928,#1929,#1930,#1931,#1932,#1933,#1934,#1935,#1936,#1937,#1938,#1939,#1940),
.UNSPECIFIED.,.F.,.F.,
(4,1,1,1,1,1,1,1,1,1,1,4),
(0.,0.0775273102864159,0.181061670040499,0.302785843100113,0.434232269674921,0.540908008663734,
0.630387344829382,0.71094689347068,0.790716195575977,0.866884051388453,0.936548706200016,
1.),
.UNSPECIFIED.);
#1335=VERTEX_POINT('',#1941);
#1336=B_SPLINE_CURVE_WITH_KNOTS('',3,
(#1942,#1943,#1944,#1945,#1946,#1947,#1948,#1949,#1950,#1951,#1952,#1953,#1954,#1955,
#1956),
.UNSPECIFIED.,.F.,.F.,
(4,1,1,1,1,1,1,1,1,1,1,1,4),
(0.,0.0386297599021867,0.0902963769735651,0.155217889956337,0.233242958832266,0.310849611194874,
0.389499148496039,0.478372783889042,0.587025424371857,0.717843311045701,0.835495822408395,
0.930873785825409,1.),
.UNSPECIFIED.);
#1337=CIRCLE('',#1957,7.);
#1338=CIRCLE('',#1961,5.5);
#1339=B_SPLINE_CURVE_WITH_KNOTS('',3,
(#1965,#1966,#1967,#1968,#1969,#1970,#1971,#1972,#1973,#1974,#1975,#1976,#1977,#1978),
.UNSPECIFIED.,.F.,.F.,
(4,1,1,1,1,1,1,1,1,1,1,4),
(0.,0.0775273102864146,0.181061670040497,0.302785843100114,0.434232269674923,0.54090800866373,
0.630387344829382,0.71094689347068,0.790716195575976,0.866884051388452,0.936548706200016,
1.),
.UNSPECIFIED.);
#1340=CIRCLE('',#1979,5.5);
#1341=CIRCLE('',#1983,5.5);
#1342=CIRCLE('',#1987,5.5);
#1343=CIRCLE('',#1991,5.5);
#1344=CIRCLE('',#1995,5.5);
#1345=VERTEX_POINT('',#1999);
#1346=VERTEX_POINT('',#2000);
#1347=CIRCLE('',#2001,5.);
#1348=VERTEX_POINT('',#2005);
#1349=CIRCLE('',#2006,7.5);
#1350=VERTEX_POINT('',#2010);
#1351=CIRCLE('',#2011,5.);
#1352=VERTEX_POINT('',#2015);
#1353=CIRCLE('',#2016,7.5);
#1354=VERTEX_POINT('',#2020);
#1355=CIRCLE('',#2021,5.);
#1356=VERTEX_POINT('',#2025);
#1357=CIRCLE('',#2026,7.5);
#1358=VERTEX_POINT('',#2030);
#1359=CIRCLE('',#2031,5.);
#1360=VERTEX_POINT('',#2035);
#1361=CIRCLE('',#2036,7.5);
#1362=VERTEX_POINT('',#2040);
#1363=CIRCLE('',#2041,5.);
#1364=VERTEX_POINT('',#2045);
#1365=CIRCLE('',#2046,7.5);
#1366=VERTEX_POINT('',#2050);
#1367=CIRCLE('',#2051,5.);
#1368=CIRCLE('',#2055,7.5);
#1369=VERTEX_POINT('',#2059);
#1370=CIRCLE('',#2060,1.);
#1371=VERTEX_POINT('',#2064);
#1372=CIRCLE('',#2065,1.);
#1373=VERTEX_POINT('',#2069);
#1374=CIRCLE('',#2070,1.);
#1375=VERTEX_POINT('',#2074);
#1376=CIRCLE('',#2075,1.);
#1377=VERTEX_POINT('',#2079);
#1378=VERTEX_POINT('',#2080);
#1379=CIRCLE('',#2081,5.);
#1380=LINE('',#2085,#2086);
#1381=LINE('',#2088,#2089);
#1382=VERTEX_POINT('',#2091);
#1383=CIRCLE('',#2092,7.5);
#1384=LINE('',#2096,#2097);
#1385=VERTEX_POINT('',#2099);
#1386=CIRCLE('',#2100,5.);
#1387=LINE('',#2104,#2105);
#1388=VERTEX_POINT('',#2107);
#1389=CIRCLE('',#2108,7.5);
#1390=LINE('',#2112,#2113);
#1391=VERTEX_POINT('',#2115);
#1392=CIRCLE('',#2116,5.);
#1393=LINE('',#2120,#2121);
#1394=VERTEX_POINT('',#2123);
#1395=CIRCLE('',#2124,7.5);
#1396=LINE('',#2128,#2129);
#1397=VERTEX_POINT('',#2131);
#1398=CIRCLE('',#2132,5.);
#1399=LINE('',#2136,#2137);
#1400=VERTEX_POINT('',#2139);
#1401=CIRCLE('',#2140,7.5);
#1402=LINE('',#2144,#2145);
#1403=VERTEX_POINT('',#2147);
#1404=CIRCLE('',#2148,5.);
#1405=LINE('',#2152,#2153);
#1406=VERTEX_POINT('',#2155);
#1407=CIRCLE('',#2156,7.5);
#1408=LINE('',#2160,#2161);
#1409=VERTEX_POINT('',#2163);
#1410=CIRCLE('',#2164,5.);
#1411=LINE('',#2168,#2169);
#1412=CIRCLE('',#2171,7.5);
#1413=VERTEX_POINT('',#2175);
#1414=VERTEX_POINT('',#2176);
#1415=CIRCLE('',#2177,5.5);
#1416=VERTEX_POINT('',#2181);
#1417=CIRCLE('',#2182,7.);
#1418=VERTEX_POINT('',#2186);
#1419=CIRCLE('',#2187,5.5);
#1420=VERTEX_POINT('',#2191);
#1421=CIRCLE('',#2192,7.);
#1422=VERTEX_POINT('',#2196);
#1423=CIRCLE('',#2197,5.5);
#1424=VERTEX_POINT('',#2201);
#1425=CIRCLE('',#2202,7.);
#1426=VERTEX_POINT('',#2206);
#1427=CIRCLE('',#2207,5.5);
#1428=VERTEX_POINT('',#2211);
#1429=CIRCLE('',#2212,7.);
#1430=VERTEX_POINT('',#2216);
#1431=CIRCLE('',#2217,5.5);
#1432=VERTEX_POINT('',#2221);
#1433=CIRCLE('',#2222,7.);
#1434=VERTEX_POINT('',#2226);
#1435=CIRCLE('',#2227,5.5);
#1436=CIRCLE('',#2231,7.);
#1437=B_SPLINE_CURVE_WITH_KNOTS('',3,
(#2235,#2236,#2237,#2238,#2239,#2240,#2241,#2242,#2243,#2244,#2245,#2246,#2247,#2248,
#2249),
.UNSPECIFIED.,.F.,.F.,
(4,1,1,1,1,1,1,1,1,1,1,1,4),
(0.,0.038629759902183,0.0902963769735614,0.155217889956338,0.233242958832262,0.310849611194868,
0.389499148496034,0.478372783889039,0.587025424371859,0.7178433110457,0.835495822408395,
0.930873785825408,1.),
.UNSPECIFIED.);
#1438=B_SPLINE_CURVE_WITH_KNOTS('',3,
(#2250,#2251,#2252,#2253,#2254,#2255,#2256,#2257,#2258,#2259,#2260,#2261,#2262,#2263,
#2264),
.UNSPECIFIED.,.F.,.F.,
(4,1,1,1,1,1,1,1,1,1,1,1,4),
(0.,0.0386297599021797,0.090296376973562,0.155217889956338,0.233242958832263,0.310849611194866,
0.389499148496035,0.478372783889039,0.58702542437186,0.717843311045698,0.835495822408393,
0.930873785825406,1.),
.UNSPECIFIED.);
#1439=B_SPLINE_CURVE_WITH_KNOTS('',3,
(#2265,#2266,#2267,#2268,#2269,#2270,#2271,#2272,#2273,#2274,#2275,#2276,#2277,#2278,
#2279),
.UNSPECIFIED.,.F.,.F.,
(4,1,1,1,1,1,1,1,1,1,1,1,4),
(0.,0.0386297599021886,0.090296376973569,0.155217889956339,0.233242958832262,0.310849611194865,
0.389499148496022,0.478372783889026,0.587025424371847,0.717843311045697,0.835495822408395,
0.93087378582541,1.),
.UNSPECIFIED.);
#1440=B_SPLINE_CURVE_WITH_KNOTS('',3,
(#2280,#2281,#2282,#2283,#2284,#2285,#2286,#2287,#2288,#2289,#2290,#2291,#2292,#2293,
#2294),
.UNSPECIFIED.,.F.,.F.,
(4,1,1,1,1,1,1,1,1,1,1,1,4),
(0.,0.038629759902176,0.0902963769735635,0.155217889956338,0.233242958832266,0.310849611194881,
0.389499148496044,0.478372783889048,0.58702542437186,0.7178433110457,0.835495822408394,
0.930873785825405,1.),
.UNSPECIFIED.);
#1441=B_SPLINE_CURVE_WITH_KNOTS('',3,
(#2295,#2296,#2297,#2298,#2299,#2300,#2301,#2302,#2303,#2304,#2305,#2306,#2307,#2308,
#2309),
.UNSPECIFIED.,.F.,.F.,
(4,1,1,1,1,1,1,1,1,1,1,1,4),
(0.,0.0386297599021836,0.0902963769735664,0.155217889956336,0.233242958832269,0.31084961119488,
0.389499148496044,0.478372783889047,0.587025424371861,0.717843311045701,0.835495822408393,
0.930873785825407,1.),
.UNSPECIFIED.);
#1442=B_SPLINE_CURVE_WITH_KNOTS('',3,
(#2310,#2311,#2312,#2313,#2314,#2315,#2316,#2317,#2318,#2319,#2320,#2321,#2322,#2323,
#2324),
.UNSPECIFIED.,.F.,.F.,
(4,1,1,1,1,1,1,1,1,1,1,1,4),
(0.,0.0386297599021837,0.0902963769735644,0.155217889956338,0.233242958832264,0.310849611194874,
0.389499148496045,0.478372783889045,0.587025424371859,0.7178433110457,0.835495822408395,
0.930873785825409,1.),
.UNSPECIFIED.);
#1443=B_SPLINE_CURVE_WITH_KNOTS('',3,
(#2325,#2326,#2327,#2328,#2329,#2330,#2331,#2332,#2333,#2334,#2335,#2336,#2337,#2338,
#2339),
.UNSPECIFIED.,.F.,.F.,
(4,1,1,1,1,1,1,1,1,1,1,1,4),
(0.,0.0386297599021833,0.0902963769735668,0.155217889956339,0.233242958832267,0.310849611194885,
0.389499148496042,0.478372783889052,0.587025424371863,0.717843311045703,0.835495822408394,
0.930873785825407,1.),
.UNSPECIFIED.);
#1444=B_SPLINE_CURVE_WITH_KNOTS('',3,
(#2340,#2341,#2342,#2343,#2344,#2345,#2346,#2347,#2348,#2349,#2350,#2351,#2352,#2353,
#2354),
.UNSPECIFIED.,.F.,.F.,
(4,1,1,1,1,1,1,1,1,1,1,1,4),
(0.,0.0386297599021883,0.0902963769735666,0.155217889956339,0.233242958832266,0.31084961119487,
0.389499148496033,0.478372783889035,0.587025424371858,0.717843311045701,0.835495822408395,
0.930873785825407,1.),
.UNSPECIFIED.);
#1445=B_SPLINE_CURVE_WITH_KNOTS('',3,
(#2355,#2356,#2357,#2358,#2359,#2360,#2361,#2362,#2363,#2364,#2365,#2366,#2367,#2368,
#2369),
.UNSPECIFIED.,.F.,.F.,
(4,1,1,1,1,1,1,1,1,1,1,1,4),
(0.,0.0386297599021821,0.0902963769735668,0.155217889956339,0.233242958832264,0.310849611194873,
0.389499148496036,0.478372783889041,0.587025424371857,0.717843311045702,0.835495822408396,
0.930873785825407,1.),
.UNSPECIFIED.);
#1446=B_SPLINE_CURVE_WITH_KNOTS('',3,
(#2370,#2371,#2372,#2373,#2374,#2375,#2376,#2377,#2378,#2379,#2380,#2381,#2382,#2383,
#2384),
.UNSPECIFIED.,.F.,.F.,
(4,1,1,1,1,1,1,1,1,1,1,1,4),
(0.,0.0386297599021812,0.0902963769735596,0.155217889956335,0.233242958832257,0.310849611194862,
0.389499148496024,0.478372783889024,0.587025424371846,0.717843311045694,0.835495822408394,
0.930873785825408,1.),
.UNSPECIFIED.);
#1447=B_SPLINE_CURVE_WITH_KNOTS('',3,
(#2385,#2386,#2387,#2388,#2389,#2390,#2391,#2392,#2393,#2394,#2395,#2396,#2397,#2398,
#2399),
.UNSPECIFIED.,.F.,.F.,
(4,1,1,1,1,1,1,1,1,1,1,1,4),
(0.,0.0386297599021883,0.0902963769735666,0.155217889956336,0.233242958832266,0.310849611194867,
0.389499148496031,0.478372783889038,0.587025424371854,0.717843311045698,0.835495822408394,
0.930873785825408,1.),
.UNSPECIFIED.);
#1448=B_SPLINE_CURVE_WITH_KNOTS('',3,
(#2400,#2401,#2402,#2403,#2404,#2405,#2406,#2407,#2408,#2409,#2410,#2411,#2412,#2413,
#2414),
.UNSPECIFIED.,.F.,.F.,
(4,1,1,1,1,1,1,1,1,1,1,1,4),
(0.,0.0386297599021819,0.0902963769735589,0.155217889956339,0.23324295883227,0.31084961119488,
0.389499148496044,0.478372783889046,0.587025424371859,0.717843311045701,0.835495822408395,
0.930873785825405,1.),
.UNSPECIFIED.);
#1449=CARTESIAN_POINT('',(6.92045454545455,2.89090105058916,0.));
#1450=CARTESIAN_POINT('',(6.92045454545454,-2.89090105058916,0.));
#1451=AXIS2_PLACEMENT_3D('',#1452,#1453,#1454);
#1452=CARTESIAN_POINT('',(11.,-2.14313189850787E-16,0.));
#1453=DIRECTION('',(0.,0.,1.));
#1454=DIRECTION('',(-0.815909090909091,0.578180210117832,0.));
#1455=CARTESIAN_POINT('',(5.9638210223646,-4.54783891680456,0.));
#1456=AXIS2_PLACEMENT_3D('',#1457,#1458,#1459);
#1457=CARTESIAN_POINT('',(0.,0.,0.));
#1458=DIRECTION('',(0.,0.,1.));
#1459=DIRECTION('',(0.795176136315281,-0.606378522240607,0.));
#1460=CARTESIAN_POINT('',(0.956633523089934,-7.43873996739371,0.));
#1461=AXIS2_PLACEMENT_3D('',#1462,#1463,#1464);
#1462=CARTESIAN_POINT('',(5.49999999999999,-9.52627944162883,0.));
#1463=DIRECTION('',(0.,0.,1.));
#1464=DIRECTION('',(0.0927642044729224,0.995688104964856,0.));
#1465=CARTESIAN_POINT('',(-0.956633523089943,-7.43873996739371,0.));
#1466=AXIS2_PLACEMENT_3D('',#1467,#1468,#1469);
#1467=CARTESIAN_POINT('',(0.,0.,0.));
#1468=DIRECTION('',(0.,0.,1.));
#1469=DIRECTION('',(-0.127551136411992,-0.991831995652494,0.));
#1470=CARTESIAN_POINT('',(-5.96382102236462,-4.54783891680454,0.));
#1471=AXIS2_PLACEMENT_3D('',#1472,#1473,#1474);
#1472=CARTESIAN_POINT('',(-5.50000000000001,-9.52627944162882,0.));
#1473=DIRECTION('',(0.,0.,1.));
#1474=DIRECTION('',(0.908673295382014,0.417507894847022,0.));
#1475=CARTESIAN_POINT('',(-6.92045454545455,-2.89090105058916,0.));
#1476=AXIS2_PLACEMENT_3D('',#1477,#1478,#1479);
#1477=CARTESIAN_POINT('',(0.,0.,0.));
#1478=DIRECTION('',(0.,0.,1.));
#1479=DIRECTION('',(-0.922727272727273,-0.385453473411888,0.));
#1480=CARTESIAN_POINT('',(-6.92045454545455,2.89090105058916,0.));
#1481=AXIS2_PLACEMENT_3D('',#1482,#1483,#1484);
#1482=CARTESIAN_POINT('',(-11.,1.56142466891288E-15,0.));
#1483=DIRECTION('',(0.,0.,1.));
#1484=DIRECTION('',(0.81590909090909,-0.578180210117833,0.));
#1485=CARTESIAN_POINT('',(-5.96382102236461,4.54783891680455,0.));
#1486=AXIS2_PLACEMENT_3D('',#1487,#1488,#1489);
#1487=CARTESIAN_POINT('',(0.,0.,0.));
#1488=DIRECTION('',(0.,0.,1.));
#1489=DIRECTION('',(-0.795176136315281,0.606378522240606,0.));
#1490=CARTESIAN_POINT('',(-0.956633523089933,7.43873996739371,0.));
#1491=AXIS2_PLACEMENT_3D('',#1492,#1493,#1494);
#1492=CARTESIAN_POINT('',(-5.5,9.52627944162883,0.));
#1493=DIRECTION('',(0.,0.,1.));
#1494=DIRECTION('',(-0.0927642044729221,-0.995688104964856,0.));
#1495=CARTESIAN_POINT('',(0.956633523089936,7.43873996739371,0.));
#1496=AXIS2_PLACEMENT_3D('',#1497,#1498,#1499);
#1497=CARTESIAN_POINT('',(0.,0.,0.));
#1498=DIRECTION('',(0.,0.,1.));
#1499=DIRECTION('',(0.127551136411991,0.991831995652494,0.));
#1500=CARTESIAN_POINT('',(5.96382102236461,4.54783891680455,0.));
#1501=AXIS2_PLACEMENT_3D('',#1502,#1503,#1504);
#1502=CARTESIAN_POINT('',(5.5,9.52627944162882,0.));
#1503=DIRECTION('',(0.,0.,1.));
#1504=DIRECTION('',(-0.908673295382013,-0.417507894847024,0.));
#1505=AXIS2_PLACEMENT_3D('',#1506,#1507,#1508);
#1506=CARTESIAN_POINT('',(0.,0.,0.));
#1507=DIRECTION('',(0.,0.,1.));
#1508=DIRECTION('',(0.922727272727273,0.385453473411888,0.));
#1509=CARTESIAN_POINT('',(-1.,5.,0.));
#1510=AXIS2_PLACEMENT_3D('',#1511,#1512,#1513);
#1511=CARTESIAN_POINT('',(0.,5.,0.));
#1512=DIRECTION('',(0.,0.,-1.));
#1513=DIRECTION('',(-1.,0.,0.));
#1514=CARTESIAN_POINT('',(-1.,-5.,0.));
#1515=AXIS2_PLACEMENT_3D('',#1516,#1517,#1518);
#1516=CARTESIAN_POINT('',(0.,-5.,0.));
#1517=DIRECTION('',(0.,0.,-1.));
#1518=DIRECTION('',(-1.,0.,0.));
#1519=CARTESIAN_POINT('',(1.61658075270346,2.79999999924519,0.));
#1520=CARTESIAN_POINT('',(-1.6165807553182,2.80000000075481,0.));
#1521=CARTESIAN_POINT('',(1.61658075270346,2.79999999924519,0.));
#1522=VECTOR('',#1523,1.);
#1523=DIRECTION('',(-1.,4.66918141016372E-10,0.));
#1524=CARTESIAN_POINT('',(-3.23316150886132,4.95779249329631E-16,0.));
#1525=CARTESIAN_POINT('',(-1.6165807553182,2.80000000075481,0.));
#1526=VECTOR('',#1527,1.);
#1527=DIRECTION('',(-0.499999999855336,-0.86602540386796,0.));
#1528=CARTESIAN_POINT('',(-1.61658075270346,-2.79999999924519,0.));
#1529=CARTESIAN_POINT('',(-3.23316150886132,4.44089209850063E-16,0.));
#1530=VECTOR('',#1531,1.);
#1531=DIRECTION('',(0.500000000664062,-0.866025403401042,0.));
#1532=CARTESIAN_POINT('',(1.6165807553182,-2.80000000075481,0.));
#1533=CARTESIAN_POINT('',(-1.61658075270346,-2.79999999924519,0.));
#1534=VECTOR('',#1535,1.);
#1535=DIRECTION('',(1.,-4.66916767471597E-10,0.));
#1536=CARTESIAN_POINT('',(3.23316150886132,8.07250515171056E-16,0.));
#1537=CARTESIAN_POINT('',(1.6165807553182,-2.80000000075481,0.));
#1538=VECTOR('',#1539,1.);
#1539=DIRECTION('',(0.499999999855337,0.86602540386796,0.));
#1540=CARTESIAN_POINT('',(3.23316150886132,8.88178419700125E-16,0.));
#1541=VECTOR('',#1542,1.);
#1542=DIRECTION('',(-0.500000000664062,0.866025403401042,0.));
#1543=CARTESIAN_POINT('',(-1.,-5.,1.));
#1544=AXIS2_PLACEMENT_3D('',#1545,#1546,#1547);
#1545=CARTESIAN_POINT('',(0.,-5.,1.));
#1546=DIRECTION('',(0.,0.,-1.));
#1547=DIRECTION('',(-1.,0.,0.));
#1548=CARTESIAN_POINT('',(-1.,5.,1.));
#1549=AXIS2_PLACEMENT_3D('',#1550,#1551,#1552);
#1550=CARTESIAN_POINT('',(0.,5.,1.));
#1551=DIRECTION('',(0.,0.,-1.));
#1552=DIRECTION('',(-1.,0.,0.));
#1553=CARTESIAN_POINT('',(6.92045454545454,-2.89090105058916,2.));
#1554=CARTESIAN_POINT('',(6.92045454545455,2.89090105058916,2.));
#1555=AXIS2_PLACEMENT_3D('',#1556,#1557,#1558);
#1556=CARTESIAN_POINT('',(11.,-2.14313189850787E-16,2.));
#1557=DIRECTION('',(0.,0.,1.));
#1558=DIRECTION('',(-0.815909090909091,0.578180210117832,0.));
#1559=CARTESIAN_POINT('',(6.92045454545454,-2.89090105058916,0.));
#1560=VECTOR('',#1561,1.);
#1561=DIRECTION('',(0.,0.,1.));
#1562=CARTESIAN_POINT('',(6.92045454545455,2.89090105058916,0.));
#1563=VECTOR('',#1564,1.);
#1564=DIRECTION('',(0.,0.,1.));
#1565=CARTESIAN_POINT('',(5.9638210223646,-4.54783891680455,2.));
#1566=AXIS2_PLACEMENT_3D('',#1567,#1568,#1569);
#1567=CARTESIAN_POINT('',(0.,0.,2.));
#1568=DIRECTION('',(0.,0.,1.));
#1569=DIRECTION('',(0.79517613631528,-0.606378522240607,0.));
#1570=CARTESIAN_POINT('',(5.9638210223646,-4.54783891680456,0.));
#1571=VECTOR('',#1572,1.);
#1572=DIRECTION('',(0.,0.,1.));
#1573=CARTESIAN_POINT('',(0.956633523089933,-7.43873996739371,2.));
#1574=AXIS2_PLACEMENT_3D('',#1575,#1576,#1577);
#1575=CARTESIAN_POINT('',(5.49999999999999,-9.52627944162883,2.));
#1576=DIRECTION('',(0.,0.,1.));
#1577=DIRECTION('',(0.0927642044729224,0.995688104964856,0.));
#1578=CARTESIAN_POINT('',(0.95663352308993,-7.43873996739371,0.));
#1579=VECTOR('',#1580,1.);
#1580=DIRECTION('',(0.,0.,1.));
#1581=CARTESIAN_POINT('',(-0.956633523089945,-7.43873996739371,2.));
#1582=AXIS2_PLACEMENT_3D('',#1583,#1584,#1585);
#1583=CARTESIAN_POINT('',(0.,0.,2.));
#1584=DIRECTION('',(0.,0.,1.));
#1585=DIRECTION('',(-0.127551136411993,-0.991831995652494,0.));
#1586=CARTESIAN_POINT('',(-0.956633523089946,-7.43873996739371,0.));
#1587=VECTOR('',#1588,1.);
#1588=DIRECTION('',(0.,0.,1.));
#1589=CARTESIAN_POINT('',(-5.96382102236462,-4.54783891680454,2.));
#1590=AXIS2_PLACEMENT_3D('',#1591,#1592,#1593);
#1591=CARTESIAN_POINT('',(-5.50000000000001,-9.52627944162882,2.));
#1592=DIRECTION('',(0.,0.,1.));
#1593=DIRECTION('',(0.908673295382013,0.417507894847022,0.));
#1594=CARTESIAN_POINT('',(-5.96382102236462,-4.54783891680454,0.));
#1595=VECTOR('',#1596,1.);
#1596=DIRECTION('',(0.,0.,1.));
#1597=CARTESIAN_POINT('',(-6.92045454545455,-2.89090105058916,2.));
#1598=AXIS2_PLACEMENT_3D('',#1599,#1600,#1601);
#1599=CARTESIAN_POINT('',(0.,0.,2.));
#1600=DIRECTION('',(0.,0.,1.));
#1601=DIRECTION('',(-0.922727272727273,-0.385453473411888,0.));
#1602=CARTESIAN_POINT('',(-6.92045454545455,-2.89090105058916,0.));
#1603=VECTOR('',#1604,1.);
#1604=DIRECTION('',(0.,0.,1.));
#1605=CARTESIAN_POINT('',(-6.92045454545454,2.89090105058916,2.));
#1606=AXIS2_PLACEMENT_3D('',#1607,#1608,#1609);
#1607=CARTESIAN_POINT('',(-11.,1.56142466891288E-15,2.));
#1608=DIRECTION('',(0.,0.,1.));
#1609=DIRECTION('',(0.815909090909091,-0.578180210117833,0.));
#1610=CARTESIAN_POINT('',(-6.92045454545455,2.89090105058916,0.));
#1611=VECTOR('',#1612,1.);
#1612=DIRECTION('',(0.,0.,1.));
#1613=CARTESIAN_POINT('',(-5.96382102236461,4.54783891680455,2.));
#1614=AXIS2_PLACEMENT_3D('',#1615,#1616,#1617);
#1615=CARTESIAN_POINT('',(0.,0.,2.));
#1616=DIRECTION('',(0.,0.,1.));
#1617=DIRECTION('',(-0.795176136315281,0.606378522240606,0.));
#1618=CARTESIAN_POINT('',(-5.96382102236461,4.54783891680455,0.));
#1619=VECTOR('',#1620,1.);
#1620=DIRECTION('',(0.,0.,1.));
#1621=CARTESIAN_POINT('',(-0.956633523089933,7.43873996739371,2.));
#1622=AXIS2_PLACEMENT_3D('',#1623,#1624,#1625);
#1623=CARTESIAN_POINT('',(-5.5,9.52627944162883,2.));
#1624=DIRECTION('',(0.,0.,1.));
#1625=DIRECTION('',(-0.0927642044729221,-0.995688104964856,0.));
#1626=CARTESIAN_POINT('',(-0.956633523089933,7.43873996739371,0.));
#1627=VECTOR('',#1628,1.);
#1628=DIRECTION('',(0.,0.,1.));
#1629=CARTESIAN_POINT('',(0.956633523089936,7.43873996739371,2.));
#1630=AXIS2_PLACEMENT_3D('',#1631,#1632,#1633);
#1631=CARTESIAN_POINT('',(0.,0.,2.));
#1632=DIRECTION('',(0.,0.,1.));
#1633=DIRECTION('',(0.127551136411991,0.991831995652494,0.));
#1634=CARTESIAN_POINT('',(0.956633523089936,7.43873996739371,0.));
#1635=VECTOR('',#1636,1.);
#1636=DIRECTION('',(0.,0.,1.));
#1637=CARTESIAN_POINT('',(5.96382102236461,4.54783891680455,2.));
#1638=AXIS2_PLACEMENT_3D('',#1639,#1640,#1641);
#1639=CARTESIAN_POINT('',(5.5,9.52627944162882,2.));
#1640=DIRECTION('',(0.,0.,1.));
#1641=DIRECTION('',(-0.908673295382013,-0.417507894847023,0.));
#1642=CARTESIAN_POINT('',(5.96382102236461,4.54783891680455,0.));
#1643=VECTOR('',#1644,1.);
#1644=DIRECTION('',(0.,0.,1.));
#1645=AXIS2_PLACEMENT_3D('',#1646,#1647,#1648);
#1646=CARTESIAN_POINT('',(0.,0.,2.));
#1647=DIRECTION('',(0.,0.,1.));
#1648=DIRECTION('',(0.922727272727273,0.385453473411888,0.));
#1649=CARTESIAN_POINT('',(1.61658075270346,2.79999999924519,2.));
#1650=CARTESIAN_POINT('',(1.61658075270346,2.79999999924519,2.));
#1651=VECTOR('',#1652,1.);
#1652=DIRECTION('',(0.,0.,-1.));
#1653=CARTESIAN_POINT('',(-1.6165807553182,2.80000000075481,2.));
#1654=CARTESIAN_POINT('',(-1.6165807553182,2.80000000075481,2.));
#1655=VECTOR('',#1656,1.);
#1656=DIRECTION('',(1.,-4.66918141016372E-10,0.));
#1657=CARTESIAN_POINT('',(-1.6165807553182,2.80000000075481,2.));
#1658=VECTOR('',#1659,1.);
#1659=DIRECTION('',(0.,0.,-1.));
#1660=CARTESIAN_POINT('',(-3.23316150886132,4.95779249329631E-16,2.));
#1661=CARTESIAN_POINT('',(-3.23316150886132,4.95779249329631E-16,2.));
#1662=VECTOR('',#1663,1.);
#1663=DIRECTION('',(0.499999999855336,0.86602540386796,0.));
#1664=CARTESIAN_POINT('',(-3.23316150886132,4.69934229589847E-16,2.));
#1665=VECTOR('',#1666,1.);
#1666=DIRECTION('',(0.,0.,-1.));
#1667=CARTESIAN_POINT('',(-1.61658075270346,-2.79999999924519,2.));
#1668=CARTESIAN_POINT('',(-1.61658075270346,-2.79999999924519,2.));
#1669=VECTOR('',#1670,1.);
#1670=DIRECTION('',(-0.500000000664062,0.866025403401042,0.));
#1671=CARTESIAN_POINT('',(-1.61658075270346,-2.79999999924519,2.));
#1672=VECTOR('',#1673,1.);
#1673=DIRECTION('',(0.,0.,-1.));
#1674=CARTESIAN_POINT('',(1.6165807553182,-2.80000000075481,2.));
#1675=CARTESIAN_POINT('',(1.6165807553182,-2.80000000075481,2.));
#1676=VECTOR('',#1677,1.);
#1677=DIRECTION('',(-1.,4.66916767471597E-10,0.));
#1678=CARTESIAN_POINT('',(1.6165807553182,-2.80000000075481,2.));
#1679=VECTOR('',#1680,1.);
#1680=DIRECTION('',(0.,0.,-1.));
#1681=CARTESIAN_POINT('',(3.23316150886132,8.07250515171056E-16,2.));
#1682=CARTESIAN_POINT('',(3.23316150886132,8.07250515171056E-16,2.));
#1683=VECTOR('',#1684,1.);
#1684=DIRECTION('',(-0.499999999855337,-0.86602540386796,0.));
#1685=CARTESIAN_POINT('',(3.23316150886132,1.06975907236062E-15,2.));
#1686=VECTOR('',#1687,1.);
#1687=DIRECTION('',(0.,0.,-1.));
#1688=CARTESIAN_POINT('',(1.61658075270346,2.79999999924519,2.));
#1689=VECTOR('',#1690,1.);
#1690=DIRECTION('',(0.500000000664062,-0.866025403401042,0.));
#1691=CARTESIAN_POINT('',(5.5,-8.91085291538847E-16,2.5));
#1692=CARTESIAN_POINT('',(2.75,4.76313972081441,2.5));
#1693=AXIS2_PLACEMENT_3D('',#1694,#1695,#1696);
#1694=CARTESIAN_POINT('',(0.,0.,2.5));
#1695=DIRECTION('',(0.,0.,1.));
#1696=DIRECTION('',(1.,0.,0.));
#1697=CARTESIAN_POINT('',(6.3522727272727,2.94085552150255,2.5));
#1698=AXIS2_PLACEMENT_3D('',#1699,#1700,#1701);
#1699=CARTESIAN_POINT('',(11.,-2.14313189850787E-16,2.5));
#1700=DIRECTION('',(0.,0.,1.));
#1701=DIRECTION('',(-0.845041322313974,0.534701003909522,0.));
#1702=CARTESIAN_POINT('',(5.72299195411729,4.03080179283394,2.5));
#1703=AXIS2_PLACEMENT_3D('',#1704,#1705,#1706);
#1704=CARTESIAN_POINT('',(0.,0.,2.5));
#1705=DIRECTION('',(0.,0.,1.));
#1706=DIRECTION('',(0.907467532467465,0.420122217357534,0.));
#1707=AXIS2_PLACEMENT_3D('',#1708,#1709,#1710);
#1708=CARTESIAN_POINT('',(5.5,9.52627944162882,2.5));
#1709=DIRECTION('',(0.,0.,1.));
#1710=DIRECTION('',(-0.5,-0.866025403784439,0.));
#1711=CARTESIAN_POINT('',(1.5,-1.83697019872103E-16,2.));
#1712=AXIS2_PLACEMENT_3D('',#1713,#1714,#1715);
#1713=CARTESIAN_POINT('',(0.,0.,2.));
#1714=DIRECTION('',(0.,0.,1.));
#1715=DIRECTION('',(1.,0.,0.));
#1716=CARTESIAN_POINT('',(3.5,-4.28626379701574E-16,7.));
#1717=AXIS2_PLACEMENT_3D('',#1718,#1719,#1720);
#1718=CARTESIAN_POINT('',(0.,0.,7.));
#1719=DIRECTION('',(0.,0.,1.));
#1720=DIRECTION('',(1.,0.,0.));
#1721=CARTESIAN_POINT('',(3.5,-4.28626379701574E-16,4.5));
#1722=AXIS2_PLACEMENT_3D('',#1723,#1724,#1725);
#1723=CARTESIAN_POINT('',(0.,0.,4.5));
#1724=DIRECTION('',(0.,0.,1.));
#1725=DIRECTION('',(1.,0.,0.));
#1726=CARTESIAN_POINT('',(1.5,-1.83697019872103E-16,7.));
#1727=AXIS2_PLACEMENT_3D('',#1728,#1729,#1730);
#1728=CARTESIAN_POINT('',(0.,0.,7.));
#1729=DIRECTION('',(0.,0.,1.));
#1730=DIRECTION('',(1.,0.,0.));
#1731=CARTESIAN_POINT('',(0.629280773155404,6.97165731433649,2.5));
#1732=AXIS2_PLACEMENT_3D('',#1733,#1734,#1735);
#1733=CARTESIAN_POINT('',(5.5,9.52627944162882,2.5));
#1734=DIRECTION('',(0.,0.,1.));
#1735=DIRECTION('',(-0.885585313971675,-0.464476750416735,0.));
#1736=CARTESIAN_POINT('',(5.96382102236461,4.54783891680455,2.));
#1737=CARTESIAN_POINT('',(5.96382183436201,4.54784117619331,2.01084224978761));
#1738=CARTESIAN_POINT('',(5.96344188626322,4.54697383152966,2.03617795850363));
#1739=CARTESIAN_POINT('',(5.96127781842834,4.54204033775466,2.07943793038698));
#1740=CARTESIAN_POINT('',(5.95615281966064,4.5303759500162,2.13264526497614));
#1741=CARTESIAN_POINT('',(5.94713430486182,4.50992637143756,2.19051712405755));
#1742=CARTESIAN_POINT('',(5.93411638830204,4.4805881938387,2.24805255953452));
#1743=CARTESIAN_POINT('',(5.91723264176566,4.44283326776628,2.30318109231691));
#1744=CARTESIAN_POINT('',(5.89472479556591,4.39299325096744,2.3583299690286));
#1745=CARTESIAN_POINT('',(5.86380157170185,4.32541457043006,2.41324272489186));
#1746=CARTESIAN_POINT('',(5.82578012415671,4.24379593951211,2.45808895219698));
#1747=CARTESIAN_POINT('',(5.78602161577826,4.1601532718733,2.48594908664489));
#1748=CARTESIAN_POINT('',(5.75187278988644,4.08957955363379,2.49793305860396));
#1749=CARTESIAN_POINT('',(5.73156233582665,4.04817108457099,2.50000221883393));
#1750=CARTESIAN_POINT('',(5.72299195411703,4.03080179283416,2.5));
#1751=CARTESIAN_POINT('',(0.629280773155405,6.97165731433649,2.5));
#1752=CARTESIAN_POINT('',(0.641343347330562,6.98971970584084,2.50000363588373));
#1753=CARTESIAN_POINT('',(0.66965093053271,7.03186314348343,2.49744844258123));
#1754=CARTESIAN_POINT('',(0.71687504775366,7.10128416824366,2.48321219017611));
#1755=CARTESIAN_POINT('',(0.771076686490837,7.17972186093546,2.45191663213204));
#1756=CARTESIAN_POINT('',(0.822454636456406,7.25284150421865,2.40405585811974));
#1757=CARTESIAN_POINT('',(0.864490040186772,7.3118300410751,2.34701965520078));
#1758=CARTESIAN_POINT('',(0.895474657622411,7.35487200443802,2.29005932296055));
#1759=CARTESIAN_POINT('',(0.919046003066328,7.38736942979308,2.23241404053106));
#1760=CARTESIAN_POINT('',(0.936739420008804,7.41161983949505,2.1730513207259));
#1761=CARTESIAN_POINT('',(0.948749902633446,7.42801049316634,2.11293940020026));
#1762=CARTESIAN_POINT('',(0.95527684300935,7.43689599789835,2.05512032496286));
#1763=CARTESIAN_POINT('',(0.956643054403703,7.43875151206665,2.01779269668613));
#1764=CARTESIAN_POINT('',(0.956633523089937,7.43873996739371,2.));
#1765=CARTESIAN_POINT('',(-0.629280773155399,6.97165731433649,2.5));
#1766=CARTESIAN_POINT('',(-0.956633523089933,7.43873996739371,2.));
#1767=CARTESIAN_POINT('',(-0.956635073779302,7.43874180029846,2.01084224978761));
#1768=CARTESIAN_POINT('',(-0.956073905316134,7.43797908326097,2.03617795850363));
#1769=CARTESIAN_POINT('',(-0.95288340829502,7.43363819865295,2.07943793038699));
#1770=CARTESIAN_POINT('',(-0.945344251577767,7.42336762565652,2.13264526497614));
#1771=CARTESIAN_POINT('',(-0.932143654431391,7.40533257344703,2.19051712405756));
#1772=CARTESIAN_POINT('',(-0.913245005609921,7.37938963820248,2.24805255953453));
#1773=CARTESIAN_POINT('',(-0.888990153781397,7.34589042175469,2.30318109231691));
#1774=CARTESIAN_POINT('',(-0.857081356208434,7.30147804676183,2.3583299690286));
#1775=CARTESIAN_POINT('',(-0.814018114040858,7.24090840905994,2.41324272489186));
#1776=CARTESIAN_POINT('',(-0.762345030016378,7.16717155413822,2.45808895219698));
#1777=CARTESIAN_POINT('',(-0.709787609190098,7.09091834204651,2.48594908664489));
#1778=CARTESIAN_POINT('',(-0.665743389301068,7.02605773219503,2.49793305860396));
#1779=CARTESIAN_POINT('',(-0.640037830190759,6.98776412848544,2.50000221883393));
#1780=CARTESIAN_POINT('',(-0.629280773155728,6.97165731433637,2.5));
#1781=AXIS2_PLACEMENT_3D('',#1782,#1783,#1784);
#1782=CARTESIAN_POINT('',(0.,0.,2.5));
#1783=DIRECTION('',(0.,0.,1.));
#1784=DIRECTION('',(0.08989725330786,0.995951044905171,0.));
#1785=CARTESIAN_POINT('',(-2.75,4.76313972081441,2.5));
#1786=CARTESIAN_POINT('',(-5.72299195411729,4.03080179283394,2.5));
#1787=AXIS2_PLACEMENT_3D('',#1788,#1789,#1790);
#1788=CARTESIAN_POINT('',(-5.5,9.52627944162883,2.5));
#1789=DIRECTION('',(0.,0.,1.));
#1790=DIRECTION('',(-0.0405439916577006,-0.999177754326256,0.));
#1791=AXIS2_PLACEMENT_3D('',#1792,#1793,#1794);
#1792=CARTESIAN_POINT('',(-5.5,9.52627944162883,2.5));
#1793=DIRECTION('',(0.,0.,1.));
#1794=DIRECTION('',(0.499999999999999,-0.866025403784439,0.));
#1795=CARTESIAN_POINT('',(-5.72299195411729,4.03080179283394,2.5));
#1796=CARTESIAN_POINT('',(-5.73260315692558,4.05027948425683,2.50000363588373));
#1797=CARTESIAN_POINT('',(-5.7549466529258,4.09586628925093,2.49744844258123));
#1798=CARTESIAN_POINT('',(-5.79145496531443,4.17147408681568,2.48321219017611));
#1799=CARTESIAN_POINT('',(-5.83228318043117,4.25763292923472,2.45191663213204));
#1800=CARTESIAN_POINT('',(-5.8699176740473,4.33868736074087,2.40405585811974));
#1801=CARTESIAN_POINT('',(-5.89998554363186,4.40458535665792,2.34701965520078));
#1802=CARTESIAN_POINT('',(-5.9217686686151,4.45293980416519,2.29005932296055));
#1803=CARTESIAN_POINT('',(-5.93812659180821,4.48960190079853,2.23241404053107));
#1804=CARTESIAN_POINT('',(-5.95028135419106,4.51705005420145,2.1730513207259));
#1805=CARTESIAN_POINT('',(-5.95847083534271,4.53564676410175,2.11293940020026));
#1806=CARTESIAN_POINT('',(-5.96290243797812,4.54574201264227,2.05512032496286));
#1807=CARTESIAN_POINT('',(-5.96382625468778,4.54785294350087,2.01779269668613));
#1808=CARTESIAN_POINT('',(-5.96382102236461,4.54783891680455,2.));
#1809=CARTESIAN_POINT('',(-6.3522727272727,2.94085552150256,2.5));
#1810=CARTESIAN_POINT('',(-6.92045454545454,2.89090105058916,2.));
#1811=CARTESIAN_POINT('',(-6.92045690814131,2.89090062410516,2.01084224978761));
#1812=CARTESIAN_POINT('',(-6.91951579157936,2.89100525173132,2.03617795850363));
#1813=CARTESIAN_POINT('',(-6.91416122672336,2.89159786089829,2.07943793038699));
#1814=CARTESIAN_POINT('',(-6.9014970712384,2.89299167564033,2.13264526497614));
#1815=CARTESIAN_POINT('',(-6.87927795929321,2.89540620200946,2.19051712405756));
#1816=CARTESIAN_POINT('',(-6.84736139391197,2.89880144436379,2.24805255953453));
#1817=CARTESIAN_POINT('',(-6.80622279554705,2.90305715398842,2.30318109231691));
#1818=CARTESIAN_POINT('',(-6.75180615177435,2.9084847957944,2.35832996902861));
#1819=CARTESIAN_POINT('',(-6.6778196857427,2.91549383862989,2.41324272489186));
#1820=CARTESIAN_POINT('',(-6.58812515417309,2.92337561462612,2.45808895219698));
#1821=CARTESIAN_POINT('',(-6.49580922496835,2.93076507017321,2.48594908664489));
#1822=CARTESIAN_POINT('',(-6.41761617918751,2.93647817856124,2.49793305860396));
#1823=CARTESIAN_POINT('',(-6.37160016601741,2.93959304391446,2.50000221883393));
#1824=CARTESIAN_POINT('',(-6.35227272727276,2.94085552150221,2.5));
#1825=AXIS2_PLACEMENT_3D('',#1826,#1827,#1828);
#1826=CARTESIAN_POINT('',(0.,0.,2.5));
#1827=DIRECTION('',(0.,0.,1.));
#1828=DIRECTION('',(-0.817570279159604,0.575828827547638,0.));
#1829=CARTESIAN_POINT('',(-5.5,6.16111734531225E-16,2.5));
#1830=CARTESIAN_POINT('',(-6.3522727272727,-2.94085552150255,2.5));
#1831=AXIS2_PLACEMENT_3D('',#1832,#1833,#1834);
#1832=CARTESIAN_POINT('',(-11.,1.56142466891288E-15,2.5));
#1833=DIRECTION('',(0.,0.,1.));
#1834=DIRECTION('',(0.845041322313974,-0.534701003909522,0.));
#1835=AXIS2_PLACEMENT_3D('',#1836,#1837,#1838);
#1836=CARTESIAN_POINT('',(-11.,1.56142466891288E-15,2.5));
#1837=DIRECTION('',(0.,0.,1.));
#1838=DIRECTION('',(1.,-2.83895394347796E-16,0.));
#1839=CARTESIAN_POINT('',(-6.3522727272727,-2.94085552150255,2.5));
#1840=CARTESIAN_POINT('',(-6.37394650425614,-2.93944022158401,2.50000363588373));
#1841=CARTESIAN_POINT('',(-6.4245975834585,-2.9359968542325,2.49744844258123));
#1842=CARTESIAN_POINT('',(-6.50833001306809,-2.92981008142798,2.48321219017611));
#1843=CARTESIAN_POINT('',(-6.60335986692201,-2.92208893170073,2.45191663213203));
#1844=CARTESIAN_POINT('',(-6.6923723105037,-2.91415414347779,2.40405585811974));
#1845=CARTESIAN_POINT('',(-6.76447558381864,-2.90724468441717,2.34701965520078));
#1846=CARTESIAN_POINT('',(-6.81724332623751,-2.90193220027284,2.29005932296056));
#1847=CARTESIAN_POINT('',(-6.85717259487453,-2.89776752899455,2.23241404053106));
#1848=CARTESIAN_POINT('',(-6.88702077419986,-2.8945697852936,2.1730513207259));
#1849=CARTESIAN_POINT('',(-6.90722073797615,-2.89236372906459,2.11293940020026));
#1850=CARTESIAN_POINT('',(-6.91817928098747,-2.89115398525608,2.05512032496286));
#1851=CARTESIAN_POINT('',(-6.92046930909148,-2.89089856856578,2.01779269668613));
#1852=CARTESIAN_POINT('',(-6.92045454545455,-2.89090105058916,2.));
#1853=CARTESIAN_POINT('',(-5.7229919541173,-4.03080179283393,2.5));
#1854=CARTESIAN_POINT('',(-5.96382102236461,-4.54783891680454,2.));
#1855=CARTESIAN_POINT('',(-5.96382183436201,-4.5478411761933,2.01084224978761));
#1856=CARTESIAN_POINT('',(-5.96344188626323,-4.54697383152965,2.03617795850363));
#1857=CARTESIAN_POINT('',(-5.96127781842835,-4.54204033775465,2.07943793038699));
#1858=CARTESIAN_POINT('',(-5.95615281966064,-4.53037595001619,2.13264526497614));
#1859=CARTESIAN_POINT('',(-5.94713430486183,-4.50992637143755,2.19051712405755));
#1860=CARTESIAN_POINT('',(-5.93411638830205,-4.48058819383869,2.24805255953453));
#1861=CARTESIAN_POINT('',(-5.91723264176566,-4.44283326776626,2.30318109231691));
#1862=CARTESIAN_POINT('',(-5.89472479556592,-4.39299325096743,2.3583299690286));
#1863=CARTESIAN_POINT('',(-5.86380157170185,-4.32541457043005,2.41324272489186));
#1864=CARTESIAN_POINT('',(-5.82578012415672,-4.2437959395121,2.45808895219698));
#1865=CARTESIAN_POINT('',(-5.78602161577826,-4.16015327187329,2.48594908664489));
#1866=CARTESIAN_POINT('',(-5.75187278988645,-4.08957955363378,2.49793305860396));
#1867=CARTESIAN_POINT('',(-5.73156233582665,-4.04817108457098,2.50000221883393));
#1868=CARTESIAN_POINT('',(-5.72299195411703,-4.03080179283415,2.5));
#1869=AXIS2_PLACEMENT_3D('',#1870,#1871,#1872);
#1870=CARTESIAN_POINT('',(0.,0.,2.5));
#1871=DIRECTION('',(0.,0.,1.));
#1872=DIRECTION('',(-0.907467532467465,-0.420122217357534,0.));
#1873=CARTESIAN_POINT('',(-2.75000000000001,-4.76313972081441,2.5));
#1874=CARTESIAN_POINT('',(-0.629280773155413,-6.97165731433649,2.5));
#1875=AXIS2_PLACEMENT_3D('',#1876,#1877,#1878);
#1876=CARTESIAN_POINT('',(-5.50000000000001,-9.52627944162882,2.5));
#1877=DIRECTION('',(0.,0.,1.));
#1878=DIRECTION('',(0.885585313971676,0.464476750416734,0.));
#1879=AXIS2_PLACEMENT_3D('',#1880,#1881,#1882);
#1880=CARTESIAN_POINT('',(-5.50000000000001,-9.52627944162882,2.5));
#1881=DIRECTION('',(0.,0.,1.));
#1882=DIRECTION('',(0.500000000000001,0.866025403784438,0.));
#1883=CARTESIAN_POINT('',(-0.629280773155413,-6.97165731433649,2.5));
#1884=CARTESIAN_POINT('',(-0.641343347330567,-6.98971970584084,2.50000363588373));
#1885=CARTESIAN_POINT('',(-0.669650930532712,-7.03186314348343,2.49744844258123));
#1886=CARTESIAN_POINT('',(-0.716875047753665,-7.10128416824366,2.48321219017611));
#1887=CARTESIAN_POINT('',(-0.771076686490842,-7.17972186093546,2.45191663213203));
#1888=CARTESIAN_POINT('',(-0.822454636456411,-7.25284150421865,2.40405585811974));
#1889=CARTESIAN_POINT('',(-0.864490040186777,-7.3118300410751,2.34701965520078));
#1890=CARTESIAN_POINT('',(-0.895474657622417,-7.35487200443803,2.29005932296055));
#1891=CARTESIAN_POINT('',(-0.919046003066334,-7.38736942979308,2.23241404053107));
#1892=CARTESIAN_POINT('',(-0.936739420008811,-7.41161983949505,2.1730513207259));
#1893=CARTESIAN_POINT('',(-0.948749902633454,-7.42801049316635,2.11293940020026));
#1894=CARTESIAN_POINT('',(-0.955276843009354,-7.43689599789835,2.05512032496286));
#1895=CARTESIAN_POINT('',(-0.956643054403709,-7.43875151206665,2.01779269668613));
#1896=CARTESIAN_POINT('',(-0.956633523089944,-7.43873996739371,2.));
#1897=CARTESIAN_POINT('',(0.629280773155399,-6.97165731433649,2.5));
#1898=CARTESIAN_POINT('',(0.956633523089934,-7.4387399673937,2.));
#1899=CARTESIAN_POINT('',(0.9566350737793,-7.43874180029846,2.01084224978761));
#1900=CARTESIAN_POINT('',(0.956073905316129,-7.43797908326097,2.03617795850363));
#1901=CARTESIAN_POINT('',(0.952883408295017,-7.43363819865295,2.07943793038699));
#1902=CARTESIAN_POINT('',(0.945344251577764,-7.42336762565653,2.13264526497614));
#1903=CARTESIAN_POINT('',(0.932143654431387,-7.40533257344703,2.19051712405756));
#1904=CARTESIAN_POINT('',(0.91324500560992,-7.37938963820248,2.24805255953452));
#1905=CARTESIAN_POINT('',(0.888990153781395,-7.34589042175469,2.30318109231691));
#1906=CARTESIAN_POINT('',(0.857081356208429,-7.30147804676183,2.3583299690286));
#1907=CARTESIAN_POINT('',(0.814018114040855,-7.24090840905994,2.41324272489186));
#1908=CARTESIAN_POINT('',(0.762345030016374,-7.16717155413823,2.45808895219698));
#1909=CARTESIAN_POINT('',(0.709787609190097,-7.09091834204651,2.48594908664489));
#1910=CARTESIAN_POINT('',(0.665743389301059,-7.02605773219503,2.49793305860396));
#1911=CARTESIAN_POINT('',(0.640037830190755,-6.98776412848545,2.50000221883393));
#1912=CARTESIAN_POINT('',(0.629280773155727,-6.97165731433637,2.5));
#1913=AXIS2_PLACEMENT_3D('',#1914,#1915,#1916);
#1914=CARTESIAN_POINT('',(0.,0.,2.5));
#1915=DIRECTION('',(0.,0.,1.));
#1916=DIRECTION('',(-0.0898972533078615,-0.995951044905171,0.));
#1917=CARTESIAN_POINT('',(2.75,-4.76313972081442,2.5));
#1918=CARTESIAN_POINT('',(5.72299195411729,-4.03080179283394,2.5));
#1919=AXIS2_PLACEMENT_3D('',#1920,#1921,#1922);
#1920=CARTESIAN_POINT('',(5.49999999999999,-9.52627944162883,2.5));
#1921=DIRECTION('',(0.,0.,1.));
#1922=DIRECTION('',(0.0405439916577016,0.999177754326256,0.));
#1923=AXIS2_PLACEMENT_3D('',#1924,#1925,#1926);
#1924=CARTESIAN_POINT('',(5.49999999999999,-9.52627944162883,2.5));
#1925=DIRECTION('',(0.,0.,1.));
#1926=DIRECTION('',(-0.499999999999999,0.866025403784439,0.));
#1927=CARTESIAN_POINT('',(5.72299195411729,-4.03080179283394,2.5));
#1928=CARTESIAN_POINT('',(5.73260315692558,-4.05027948425684,2.50000363588373));
#1929=CARTESIAN_POINT('',(5.7549466529258,-4.09586628925093,2.49744844258123));
#1930=CARTESIAN_POINT('',(5.79145496531443,-4.17147408681569,2.48321219017611));
#1931=CARTESIAN_POINT('',(5.83228318043117,-4.25763292923473,2.45191663213204));
#1932=CARTESIAN_POINT('',(5.86991767404729,-4.33868736074087,2.40405585811974));
#1933=CARTESIAN_POINT('',(5.89998554363186,-4.40458535665793,2.34701965520079));
#1934=CARTESIAN_POINT('',(5.9217686686151,-4.45293980416519,2.29005932296055));
#1935=CARTESIAN_POINT('',(5.9381265918082,-4.48960190079853,2.23241404053106));
#1936=CARTESIAN_POINT('',(5.95028135419105,-4.51705005420145,2.1730513207259));
#1937=CARTESIAN_POINT('',(5.95847083534271,-4.53564676410176,2.11293940020026));
#1938=CARTESIAN_POINT('',(5.96290243797811,-4.54574201264227,2.05512032496286));
#1939=CARTESIAN_POINT('',(5.96382625468778,-4.54785294350088,2.01779269668613));
#1940=CARTESIAN_POINT('',(5.9638210223646,-4.54783891680455,2.));
#1941=CARTESIAN_POINT('',(6.3522727272727,-2.94085552150255,2.5));
#1942=CARTESIAN_POINT('',(6.92045454545454,-2.89090105058916,2.));
#1943=CARTESIAN_POINT('',(6.92045690814131,-2.89090062410516,2.01084224978761));
#1944=CARTESIAN_POINT('',(6.91951579157935,-2.89100525173131,2.03617795850363));
#1945=CARTESIAN_POINT('',(6.91416122672336,-2.89159786089829,2.07943793038699));
#1946=CARTESIAN_POINT('',(6.90149707123841,-2.89299167564033,2.13264526497614));
#1947=CARTESIAN_POINT('',(6.87927795929321,-2.89540620200946,2.19051712405755));
#1948=CARTESIAN_POINT('',(6.84736139391197,-2.89880144436378,2.24805255953452));
#1949=CARTESIAN_POINT('',(6.80622279554705,-2.90305715398842,2.30318109231691));
#1950=CARTESIAN_POINT('',(6.75180615177435,-2.90848479579439,2.3583299690286));
#1951=CARTESIAN_POINT('',(6.67781968574271,-2.91549383862989,2.41324272489186));
#1952=CARTESIAN_POINT('',(6.58812515417309,-2.92337561462612,2.45808895219698));
#1953=CARTESIAN_POINT('',(6.49580922496836,-2.93076507017321,2.48594908664489));
#1954=CARTESIAN_POINT('',(6.41761617918751,-2.93647817856125,2.49793305860396));
#1955=CARTESIAN_POINT('',(6.37160016601741,-2.93959304391446,2.50000221883393));
#1956=CARTESIAN_POINT('',(6.35227272727276,-2.94085552150221,2.5));
#1957=AXIS2_PLACEMENT_3D('',#1958,#1959,#1960);
#1958=CARTESIAN_POINT('',(0.,0.,2.5));
#1959=DIRECTION('',(0.,0.,1.));
#1960=DIRECTION('',(0.817570279159604,-0.575828827547638,0.));
#1961=AXIS2_PLACEMENT_3D('',#1962,#1963,#1964);
#1962=CARTESIAN_POINT('',(11.,-2.14313189850787E-16,2.5));
#1963=DIRECTION('',(0.,0.,1.));
#1964=DIRECTION('',(-1.,-2.84007936281721E-16,0.));
#1965=CARTESIAN_POINT('',(6.3522727272727,2.94085552150255,2.5));
#1966=CARTESIAN_POINT('',(6.37394650425614,2.93944022158401,2.50000363588373));
#1967=CARTESIAN_POINT('',(6.4245975834585,2.93599685423251,2.49744844258123));
#1968=CARTESIAN_POINT('',(6.50833001306809,2.92981008142798,2.48321219017611));
#1969=CARTESIAN_POINT('',(6.60335986692201,2.92208893170074,2.45191663213203));
#1970=CARTESIAN_POINT('',(6.6923723105037,2.91415414347779,2.40405585811974));
#1971=CARTESIAN_POINT('',(6.76447558381864,2.90724468441718,2.34701965520078));
#1972=CARTESIAN_POINT('',(6.81724332623751,2.90193220027284,2.29005932296056));
#1973=CARTESIAN_POINT('',(6.85717259487454,2.89776752899455,2.23241404053107));
#1974=CARTESIAN_POINT('',(6.88702077419986,2.8945697852936,2.1730513207259));
#1975=CARTESIAN_POINT('',(6.90722073797615,2.8923637290646,2.11293940020026));
#1976=CARTESIAN_POINT('',(6.91817928098747,2.89115398525608,2.05512032496286));
#1977=CARTESIAN_POINT('',(6.92046930909148,2.89089856856578,2.01779269668613));
#1978=CARTESIAN_POINT('',(6.92045454545455,2.89090105058916,2.));
#1979=AXIS2_PLACEMENT_3D('',#1980,#1981,#1982);
#1980=CARTESIAN_POINT('',(0.,0.,2.5));
#1981=DIRECTION('',(0.,0.,1.));
#1982=DIRECTION('',(0.5,0.866025403784439,0.));
#1983=AXIS2_PLACEMENT_3D('',#1984,#1985,#1986);
#1984=CARTESIAN_POINT('',(0.,0.,2.5));
#1985=DIRECTION('',(0.,0.,1.));
#1986=DIRECTION('',(-0.5,0.866025403784439,0.));
#1987=AXIS2_PLACEMENT_3D('',#1988,#1989,#1990);
#1988=CARTESIAN_POINT('',(0.,0.,2.5));
#1989=DIRECTION('',(0.,0.,1.));
#1990=DIRECTION('',(-1.,1.22464679914735E-16,0.));
#1991=AXIS2_PLACEMENT_3D('',#1992,#1993,#1994);
#1992=CARTESIAN_POINT('',(0.,0.,2.5));
#1993=DIRECTION('',(0.,0.,1.));
#1994=DIRECTION('',(-0.500000000000001,-0.866025403784438,0.));
#1995=AXIS2_PLACEMENT_3D('',#1996,#1997,#1998);
#1996=CARTESIAN_POINT('',(0.,0.,2.5));
#1997=DIRECTION('',(0.,0.,1.));
#1998=DIRECTION('',(0.499999999999999,-0.866025403784439,0.));
#1999=CARTESIAN_POINT('',(-0.956633523089939,-7.43873996739371,-10.));
#2000=CARTESIAN_POINT('',(-5.96382102236461,-4.54783891680454,-10.));
#2001=AXIS2_PLACEMENT_3D('',#2002,#2003,#2004);
#2002=CARTESIAN_POINT('',(-5.50000000000001,-9.52627944162882,-10.));
#2003=DIRECTION('',(-1.22464679914735E-16,0.,1.));
#2004=DIRECTION('',(0.908673295382014,0.417507894847021,1.11280384266026E-16));
#2005=CARTESIAN_POINT('',(0.956633523089937,-7.43873996739371,-10.));
#2006=AXIS2_PLACEMENT_3D('',#2007,#2008,#2009);
#2007=CARTESIAN_POINT('',(1.22464679914735E-15,0.,-10.));
#2008=DIRECTION('',(1.22464679914735E-16,0.,-1.));
#2009=DIRECTION('',(0.127551136411992,-0.991831995652494,1.56205090934553E-17));
#2010=CARTESIAN_POINT('',(5.96382102236461,-4.54783891680455,-10.));
#2011=AXIS2_PLACEMENT_3D('',#2012,#2013,#2014);
#2012=CARTESIAN_POINT('',(5.49999999999999,-9.52627944162883,-10.));
#2013=DIRECTION('',(-1.22464679914735E-16,0.,1.));
#2014=DIRECTION('',(0.092764204472922,0.995688104964856,1.13603386083215E-17));
#2015=CARTESIAN_POINT('',(6.92045454545455,-2.89090105058916,-10.));
#2016=AXIS2_PLACEMENT_3D('',#2017,#2018,#2019);
#2017=CARTESIAN_POINT('',(1.22464679914735E-15,0.,-10.));
#2018=DIRECTION('',(1.22464679914735E-16,0.,-1.));
#2019=DIRECTION('',(0.922727272727272,-0.385453473411889,1.13001500103142E-16));
#2020=CARTESIAN_POINT('',(6.92045454545455,2.89090105058917,-10.));
#2021=AXIS2_PLACEMENT_3D('',#2022,#2023,#2024);
#2022=CARTESIAN_POINT('',(11.,-2.14313189850787E-16,-10.));
#2023=DIRECTION('',(-1.22464679914735E-16,0.,1.));
#2024=DIRECTION('',(-0.815909090909091,0.578180210117833,-9.99200456577045E-17));
#2025=CARTESIAN_POINT('',(5.96382102236461,4.54783891680454,-10.));
#2026=AXIS2_PLACEMENT_3D('',#2027,#2028,#2029);
#2027=CARTESIAN_POINT('',(1.22464679914735E-15,0.,-10.));
#2028=DIRECTION('',(1.22464679914735E-16,0.,-1.));
#2029=DIRECTION('',(0.795176136315281,0.606378522240606,9.73809910096869E-17));
#2030=CARTESIAN_POINT('',(0.95663352308994,7.4387399673937,-10.));
#2031=AXIS2_PLACEMENT_3D('',#2032,#2033,#2034);
#2032=CARTESIAN_POINT('',(5.5,9.52627944162882,-10.));
#2033=DIRECTION('',(-1.22464679914735E-16,-6.16297582203916E-33,1.));
#2034=DIRECTION('',(-0.908673295382012,-0.417507894847025,-1.11280384266026E-16));
#2035=CARTESIAN_POINT('',(-0.956633523089933,7.43873996739371,-10.));
#2036=AXIS2_PLACEMENT_3D('',#2037,#2038,#2039);
#2037=CARTESIAN_POINT('',(1.22464679914735E-15,0.,-10.));
#2038=DIRECTION('',(1.22464679914735E-16,0.,-1.));
#2039=DIRECTION('',(-0.127551136411991,0.991831995652494,-1.56205090934552E-17));
#2040=CARTESIAN_POINT('',(-5.96382102236461,4.54783891680455,-10.));
#2041=AXIS2_PLACEMENT_3D('',#2042,#2043,#2044);
#2042=CARTESIAN_POINT('',(-5.5,9.52627944162883,-10.));
#2043=DIRECTION('',(-1.22464679914735E-16,-6.16297582203915E-33,1.));
#2044=DIRECTION('',(-0.0927642044729218,-0.995688104964856,-1.13603386083214E-17));
#2045=CARTESIAN_POINT('',(-6.92045454545454,2.89090105058916,-10.));
#2046=AXIS2_PLACEMENT_3D('',#2047,#2048,#2049);
#2047=CARTESIAN_POINT('',(1.22464679914735E-15,0.,-10.));
#2048=DIRECTION('',(1.22464679914735E-16,0.,-1.));
#2049=DIRECTION('',(-0.922727272727273,0.385453473411888,-1.13001500103142E-16));
#2050=CARTESIAN_POINT('',(-6.92045454545454,-2.89090105058917,-10.));
#2051=AXIS2_PLACEMENT_3D('',#2052,#2053,#2054);
#2052=CARTESIAN_POINT('',(-11.,1.56142466891288E-15,-10.));
#2053=DIRECTION('',(-1.22464679914735E-16,0.,1.));
#2054=DIRECTION('',(0.81590909090909,-0.578180210117833,9.99200456577044E-17));
#2055=AXIS2_PLACEMENT_3D('',#2056,#2057,#2058);
#2056=CARTESIAN_POINT('',(1.22464679914735E-15,0.,-10.));
#2057=DIRECTION('',(1.22464679914735E-16,0.,-1.));
#2058=DIRECTION('',(-0.795176136315282,-0.606378522240605,-9.7380991009687E-17));
#2059=CARTESIAN_POINT('',(-0.999999999999999,-5.,-10.));
#2060=AXIS2_PLACEMENT_3D('',#2061,#2062,#2063);
#2061=CARTESIAN_POINT('',(1.22464679914735E-15,-5.,-10.));
#2062=DIRECTION('',(1.22464679914735E-16,0.,-1.));
#2063=DIRECTION('',(-1.,0.,-1.22464679914735E-16));
#2064=CARTESIAN_POINT('',(-0.999999999999999,5.,-10.));
#2065=AXIS2_PLACEMENT_3D('',#2066,#2067,#2068);
#2066=CARTESIAN_POINT('',(1.22464679914735E-15,5.,-10.));
#2067=DIRECTION('',(1.22464679914735E-16,0.,-1.));
#2068=DIRECTION('',(-1.,0.,-1.22464679914735E-16));
#2069=CARTESIAN_POINT('',(-0.999999999999999,5.,-9.5));
#2070=AXIS2_PLACEMENT_3D('',#2071,#2072,#2073);
#2071=CARTESIAN_POINT('',(1.16341445918999E-15,5.,-9.5));
#2072=DIRECTION('',(1.22464679914735E-16,0.,-1.));
#2073=DIRECTION('',(-1.,0.,-1.22464679914735E-16));
#2074=CARTESIAN_POINT('',(-0.999999999999999,-5.,-9.5));
#2075=AXIS2_PLACEMENT_3D('',#2076,#2077,#2078);
#2076=CARTESIAN_POINT('',(1.16341445918999E-15,-5.,-9.5));
#2077=DIRECTION('',(1.22464679914735E-16,0.,-1.));
#2078=DIRECTION('',(-1.,0.,-1.22464679914735E-16));
#2079=CARTESIAN_POINT('',(-0.956633523089939,-7.43873996739371,-10.5));
#2080=CARTESIAN_POINT('',(-5.96382102236461,-4.54783891680454,-10.5));
#2081=AXIS2_PLACEMENT_3D('',#2082,#2083,#2084);
#2082=CARTESIAN_POINT('',(-5.50000000000001,-9.52627944162882,-10.5));
#2083=DIRECTION('',(-1.22464679914735E-16,0.,1.));
#2084=DIRECTION('',(0.908673295382014,0.417507894847021,1.11280384266026E-16));
#2085=CARTESIAN_POINT('',(-0.956633523089936,-7.43873996739371,-10.));
#2086=VECTOR('',#2087,1.);
#2087=DIRECTION('',(2.22044604925031E-16,0.,-1.));
#2088=CARTESIAN_POINT('',(-5.96382102236461,-4.54783891680454,-10.));
#2089=VECTOR('',#2090,1.);
#2090=DIRECTION('',(1.77635683940025E-15,0.,-1.));
#2091=CARTESIAN_POINT('',(0.956633523089937,-7.43873996739371,-10.5));
#2092=AXIS2_PLACEMENT_3D('',#2093,#2094,#2095);
#2093=CARTESIAN_POINT('',(1.28587913910472E-15,0.,-10.5));
#2094=DIRECTION('',(1.22464679914735E-16,0.,-1.));
#2095=DIRECTION('',(0.127551136411992,-0.991831995652494,1.56205090934553E-17));
#2096=CARTESIAN_POINT('',(0.956633523089932,-7.43873996739371,-10.));
#2097=VECTOR('',#2098,1.);
#2098=DIRECTION('',(0.,0.,-1.));
#2099=CARTESIAN_POINT('',(5.9638210223646,-4.54783891680455,-10.5));
#2100=AXIS2_PLACEMENT_3D('',#2101,#2102,#2103);
#2101=CARTESIAN_POINT('',(5.49999999999999,-9.52627944162883,-10.5));
#2102=DIRECTION('',(-1.22464679914735E-16,0.,1.));
#2103=DIRECTION('',(0.092764204472922,0.995688104964856,1.13603386083215E-17));
#2104=CARTESIAN_POINT('',(5.96382102236461,-4.54783891680455,-10.));
#2105=VECTOR('',#2106,1.);
#2106=DIRECTION('',(0.,0.,-1.));
#2107=CARTESIAN_POINT('',(6.92045454545455,-2.89090105058916,-10.5));
#2108=AXIS2_PLACEMENT_3D('',#2109,#2110,#2111);
#2109=CARTESIAN_POINT('',(1.28587913910472E-15,0.,-10.5));
#2110=DIRECTION('',(1.22464679914735E-16,0.,-1.));
#2111=DIRECTION('',(0.922727272727272,-0.385453473411889,1.13001500103142E-16));
#2112=CARTESIAN_POINT('',(6.92045454545455,-2.89090105058916,-10.));
#2113=VECTOR('',#2114,1.);
#2114=DIRECTION('',(0.,0.,-1.));
#2115=CARTESIAN_POINT('',(6.92045454545455,2.89090105058917,-10.5));
#2116=AXIS2_PLACEMENT_3D('',#2117,#2118,#2119);
#2117=CARTESIAN_POINT('',(11.,-2.14313189850787E-16,-10.5));
#2118=DIRECTION('',(-1.22464679914735E-16,1.23259516440783E-32,1.));
#2119=DIRECTION('',(-0.815909090909091,0.578180210117833,-9.99200456577045E-17));
#2120=CARTESIAN_POINT('',(6.92045454545454,2.89090105058917,-10.));
#2121=VECTOR('',#2122,1.);
#2122=DIRECTION('',(0.,0.,-1.));
#2123=CARTESIAN_POINT('',(5.96382102236461,4.54783891680455,-10.5));
#2124=AXIS2_PLACEMENT_3D('',#2125,#2126,#2127);
#2125=CARTESIAN_POINT('',(1.28587913910472E-15,0.,-10.5));
#2126=DIRECTION('',(1.22464679914735E-16,0.,-1.));
#2127=DIRECTION('',(0.795176136315281,0.606378522240606,9.73809910096869E-17));
#2128=CARTESIAN_POINT('',(5.96382102236461,4.54783891680455,-10.));
#2129=VECTOR('',#2130,1.);
#2130=DIRECTION('',(0.,0.,-1.));
#2131=CARTESIAN_POINT('',(0.95663352308994,7.4387399673937,-10.5));
#2132=AXIS2_PLACEMENT_3D('',#2133,#2134,#2135);
#2133=CARTESIAN_POINT('',(5.5,9.52627944162882,-10.5));
#2134=DIRECTION('',(-1.22464679914735E-16,6.16297582203915E-33,1.));
#2135=DIRECTION('',(-0.908673295382012,-0.417507894847025,-1.11280384266026E-16));
#2136=CARTESIAN_POINT('',(0.956633523089939,7.43873996739371,-10.));
#2137=VECTOR('',#2138,1.);
#2138=DIRECTION('',(2.22044604925031E-16,0.,-1.));
#2139=CARTESIAN_POINT('',(-0.956633523089932,7.43873996739371,-10.5));
#2140=AXIS2_PLACEMENT_3D('',#2141,#2142,#2143);
#2141=CARTESIAN_POINT('',(1.28587913910472E-15,0.,-10.5));
#2142=DIRECTION('',(1.22464679914735E-16,3.08148791101958E-33,-1.));
#2143=DIRECTION('',(-0.127551136411991,0.991831995652494,-1.56205090934552E-17));
#2144=CARTESIAN_POINT('',(-0.956633523089934,7.4387399673937,-10.));
#2145=VECTOR('',#2146,1.);
#2146=DIRECTION('',(0.,0.,-1.));
#2147=CARTESIAN_POINT('',(-5.96382102236461,4.54783891680455,-10.5));
#2148=AXIS2_PLACEMENT_3D('',#2149,#2150,#2151);
#2149=CARTESIAN_POINT('',(-5.5,9.52627944162883,-10.5));
#2150=DIRECTION('',(-1.22464679914735E-16,3.08148791101958E-33,1.));
#2151=DIRECTION('',(-0.0927642044729218,-0.995688104964856,-1.13603386083214E-17));
#2152=CARTESIAN_POINT('',(-5.96382102236461,4.54783891680455,-10.));
#2153=VECTOR('',#2154,1.);
#2154=DIRECTION('',(0.,0.,-1.));
#2155=CARTESIAN_POINT('',(-6.92045454545454,2.89090105058916,-10.5));
#2156=AXIS2_PLACEMENT_3D('',#2157,#2158,#2159);
#2157=CARTESIAN_POINT('',(1.28587913910472E-15,0.,-10.5));
#2158=DIRECTION('',(1.22464679914735E-16,0.,-1.));
#2159=DIRECTION('',(-0.922727272727273,0.385453473411888,-1.13001500103142E-16));
#2160=CARTESIAN_POINT('',(-6.92045454545454,2.89090105058916,-10.));
#2161=VECTOR('',#2162,1.);
#2162=DIRECTION('',(0.,0.,-1.));
#2163=CARTESIAN_POINT('',(-6.92045454545454,-2.89090105058917,-10.5));
#2164=AXIS2_PLACEMENT_3D('',#2165,#2166,#2167);
#2165=CARTESIAN_POINT('',(-11.,1.56142466891288E-15,-10.5));
#2166=DIRECTION('',(-1.22464679914735E-16,0.,1.));
#2167=DIRECTION('',(0.81590909090909,-0.578180210117833,9.99200456577044E-17));
#2168=CARTESIAN_POINT('',(-6.92045454545454,-2.89090105058917,-10.));
#2169=VECTOR('',#2170,1.);
#2170=DIRECTION('',(0.,0.,-1.));
#2171=AXIS2_PLACEMENT_3D('',#2172,#2173,#2174);
#2172=CARTESIAN_POINT('',(1.28587913910472E-15,0.,-10.5));
#2173=DIRECTION('',(1.22464679914735E-16,0.,-1.));
#2174=DIRECTION('',(-0.795176136315282,-0.606378522240605,-9.7380991009687E-17));
#2175=CARTESIAN_POINT('',(-6.3522727272727,-2.94085552150255,-11.));
#2176=CARTESIAN_POINT('',(-6.3522727272727,2.94085552150255,-11.));
#2177=AXIS2_PLACEMENT_3D('',#2178,#2179,#2180);
#2178=CARTESIAN_POINT('',(-11.,1.56142466891288E-15,-11.));
#2179=DIRECTION('',(-1.22464679914735E-16,0.,1.));
#2180=DIRECTION('',(0.845041322313975,-0.534701003909521,1.03487715051906E-16));
#2181=CARTESIAN_POINT('',(-5.72299195411729,4.03080179283394,-11.));
#2182=AXIS2_PLACEMENT_3D('',#2183,#2184,#2185);
#2183=CARTESIAN_POINT('',(1.34711147906209E-15,0.,-11.));
#2184=DIRECTION('',(1.22464679914735E-16,0.,-1.));
#2185=DIRECTION('',(-0.907467532467465,0.420122217357534,-1.11132720896643E-16));
#2186=CARTESIAN_POINT('',(-0.629280773155402,6.97165731433649,-11.));
#2187=AXIS2_PLACEMENT_3D('',#2188,#2189,#2190);
#2188=CARTESIAN_POINT('',(-5.5,9.52627944162883,-11.));
#2189=DIRECTION('',(-1.22464679914735E-16,0.,1.));
#2190=DIRECTION('',(-0.0405439916577021,-0.999177754326256,-4.96520696082619E-18));
#2191=CARTESIAN_POINT('',(0.629280773155409,6.97165731433649,-11.));
#2192=AXIS2_PLACEMENT_3D('',#2193,#2194,#2195);
#2193=CARTESIAN_POINT('',(1.34711147906209E-15,0.,-11.));
#2194=DIRECTION('',(1.22464679914735E-16,3.08148791101958E-33,-1.));
#2195=DIRECTION('',(-0.0898972533078605,0.995951044905171,-1.1009238351561E-17));
#2196=CARTESIAN_POINT('',(5.72299195411729,4.03080179283394,-11.));
#2197=AXIS2_PLACEMENT_3D('',#2198,#2199,#2200);
#2198=CARTESIAN_POINT('',(5.5,9.52627944162882,-11.));
#2199=DIRECTION('',(-1.22464679914735E-16,0.,1.));
#2200=DIRECTION('',(-0.885585313971675,-0.464476750416736,-1.08452922012732E-16));
#2201=CARTESIAN_POINT('',(6.3522727272727,2.94085552150255,-11.));
#2202=AXIS2_PLACEMENT_3D('',#2203,#2204,#2205);
#2203=CARTESIAN_POINT('',(1.34711147906209E-15,0.,-11.));
#2204=DIRECTION('',(1.22464679914735E-16,0.,-1.));
#2205=DIRECTION('',(0.817570279159604,0.575828827547637,1.00123482545082E-16));
#2206=CARTESIAN_POINT('',(6.3522727272727,-2.94085552150255,-11.));
#2207=AXIS2_PLACEMENT_3D('',#2208,#2209,#2210);
#2208=CARTESIAN_POINT('',(11.,-2.14313189850787E-16,-11.));
#2209=DIRECTION('',(-1.22464679914735E-16,0.,1.));
#2210=DIRECTION('',(-0.845041322313974,0.534701003909521,-1.03487715051906E-16));
#2211=CARTESIAN_POINT('',(5.72299195411729,-4.03080179283394,-11.));
#2212=AXIS2_PLACEMENT_3D('',#2213,#2214,#2215);
#2213=CARTESIAN_POINT('',(1.34711147906209E-15,0.,-11.));
#2214=DIRECTION('',(1.22464679914735E-16,0.,-1.));
#2215=DIRECTION('',(0.907467532467465,-0.420122217357534,1.11132720896643E-16));
#2216=CARTESIAN_POINT('',(0.629280773155401,-6.97165731433649,-11.));
#2217=AXIS2_PLACEMENT_3D('',#2218,#2219,#2220);
#2218=CARTESIAN_POINT('',(5.49999999999999,-9.52627944162883,-11.));
#2219=DIRECTION('',(-1.22464679914735E-16,0.,1.));
#2220=DIRECTION('',(0.0405439916577023,0.999177754326256,4.96520696082621E-18));
#2221=CARTESIAN_POINT('',(-0.62928077315541,-6.97165731433649,-11.));
#2222=AXIS2_PLACEMENT_3D('',#2223,#2224,#2225);
#2223=CARTESIAN_POINT('',(1.34711147906209E-15,0.,-11.));
#2224=DIRECTION('',(1.22464679914735E-16,3.08148791101958E-33,-1.));
#2225=DIRECTION('',(0.0898972533078597,-0.995951044905171,1.10092383515609E-17));
#2226=CARTESIAN_POINT('',(-5.7229919541173,-4.03080179283393,-11.));
#2227=AXIS2_PLACEMENT_3D('',#2228,#2229,#2230);
#2228=CARTESIAN_POINT('',(-5.50000000000001,-9.52627944162882,-11.));
#2229=DIRECTION('',(-1.22464679914735E-16,0.,1.));
#2230=DIRECTION('',(0.885585313971676,0.464476750416733,1.08452922012732E-16));
#2231=AXIS2_PLACEMENT_3D('',#2232,#2233,#2234);
#2232=CARTESIAN_POINT('',(1.34711147906209E-15,0.,-11.));
#2233=DIRECTION('',(1.22464679914735E-16,0.,-1.));
#2234=DIRECTION('',(-0.817570279159606,-0.575828827547636,-1.00123482545082E-16));
#2235=CARTESIAN_POINT('',(-6.92045454545454,2.89090105058916,-10.5));
#2236=CARTESIAN_POINT('',(-6.92045690814131,2.89090062410515,-10.5108422497876));
#2237=CARTESIAN_POINT('',(-6.91951579157936,2.89100525173131,-10.5361779585036));
#2238=CARTESIAN_POINT('',(-6.91416122672336,2.89159786089829,-10.579437930387));
#2239=CARTESIAN_POINT('',(-6.90149707123841,2.89299167564033,-10.6326452649761));
#2240=CARTESIAN_POINT('',(-6.87927795929321,2.89540620200947,-10.6905171240575));
#2241=CARTESIAN_POINT('',(-6.84736139391197,2.89880144436379,-10.7480525595345));
#2242=CARTESIAN_POINT('',(-6.80622279554705,2.90305715398842,-10.8031810923169));
#2243=CARTESIAN_POINT('',(-6.75180615177435,2.90848479579439,-10.8583299690286));
#2244=CARTESIAN_POINT('',(-6.67781968574271,2.91549383862989,-10.9132427248919));
#2245=CARTESIAN_POINT('',(-6.58812515417309,2.92337561462612,-10.958088952197));
#2246=CARTESIAN_POINT('',(-6.49580922496836,2.93076507017321,-10.9859490866449));
#2247=CARTESIAN_POINT('',(-6.41761617918751,2.93647817856125,-10.997933058604));
#2248=CARTESIAN_POINT('',(-6.37160016601741,2.93959304391446,-11.0000022188339));
#2249=CARTESIAN_POINT('',(-6.35227272727275,2.94085552150221,-11.));
#2250=CARTESIAN_POINT('',(-6.92045454545454,-2.89090105058917,-10.5));
#2251=CARTESIAN_POINT('',(-6.92045690814131,-2.89090062410515,-10.5108422497876));
#2252=CARTESIAN_POINT('',(-6.91951579157936,-2.89100525173131,-10.5361779585036));
#2253=CARTESIAN_POINT('',(-6.91416122672336,-2.89159786089829,-10.579437930387));
#2254=CARTESIAN_POINT('',(-6.9014970712384,-2.89299167564032,-10.6326452649761));
#2255=CARTESIAN_POINT('',(-6.87927795929322,-2.89540620200946,-10.6905171240575));
#2256=CARTESIAN_POINT('',(-6.84736139391196,-2.89880144436378,-10.7480525595345));
#2257=CARTESIAN_POINT('',(-6.80622279554705,-2.90305715398842,-10.8031810923169));
#2258=CARTESIAN_POINT('',(-6.75180615177435,-2.90848479579439,-10.8583299690286));
#2259=CARTESIAN_POINT('',(-6.67781968574271,-2.91549383862989,-10.9132427248919));
#2260=CARTESIAN_POINT('',(-6.58812515417309,-2.92337561462612,-10.958088952197));
#2261=CARTESIAN_POINT('',(-6.49580922496836,-2.9307650701732,-10.9859490866449));
#2262=CARTESIAN_POINT('',(-6.41761617918751,-2.93647817856125,-10.997933058604));
#2263=CARTESIAN_POINT('',(-6.37160016601741,-2.93959304391446,-11.0000022188339));
#2264=CARTESIAN_POINT('',(-6.35227272727275,-2.94085552150221,-11.));
#2265=CARTESIAN_POINT('',(-5.96382102236461,4.54783891680455,-10.5));
#2266=CARTESIAN_POINT('',(-5.96382183436201,4.54784117619331,-10.5108422497876));
#2267=CARTESIAN_POINT('',(-5.96344188626322,4.54697383152966,-10.5361779585036));
#2268=CARTESIAN_POINT('',(-5.96127781842834,4.54204033775466,-10.579437930387));
#2269=CARTESIAN_POINT('',(-5.95615281966064,4.5303759500162,-10.6326452649761));
#2270=CARTESIAN_POINT('',(-5.94713430486182,4.50992637143757,-10.6905171240576));
#2271=CARTESIAN_POINT('',(-5.93411638830205,4.4805881938387,-10.7480525595345));
#2272=CARTESIAN_POINT('',(-5.91723264176565,4.44283326776628,-10.8031810923169));
#2273=CARTESIAN_POINT('',(-5.89472479556591,4.39299325096745,-10.8583299690286));
#2274=CARTESIAN_POINT('',(-5.86380157170185,4.32541457043006,-10.9132427248919));
#2275=CARTESIAN_POINT('',(-5.82578012415671,4.24379593951211,-10.958088952197));
#2276=CARTESIAN_POINT('',(-5.78602161577825,4.1601532718733,-10.9859490866449));
#2277=CARTESIAN_POINT('',(-5.75187278988647,4.08957955363378,-10.997933058604));
#2278=CARTESIAN_POINT('',(-5.73156233582666,4.04817108457098,-11.0000022188339));
#2279=CARTESIAN_POINT('',(-5.72299195411702,4.03080179283416,-11.));
#2280=CARTESIAN_POINT('',(-0.956633523089932,7.4387399673937,-10.5));
#2281=CARTESIAN_POINT('',(-0.9566350737793,7.43874180029846,-10.5108422497876));
#2282=CARTESIAN_POINT('',(-0.956073905316131,7.43797908326097,-10.5361779585036));
#2283=CARTESIAN_POINT('',(-0.952883408295018,7.43363819865295,-10.579437930387));
#2284=CARTESIAN_POINT('',(-0.945344251577767,7.42336762565652,-10.6326452649761));
#2285=CARTESIAN_POINT('',(-0.932143654431386,7.40533257344703,-10.6905171240576));
#2286=CARTESIAN_POINT('',(-0.913245005609918,7.37938963820248,-10.7480525595345));
#2287=CARTESIAN_POINT('',(-0.888990153781394,7.34589042175469,-10.8031810923169));
#2288=CARTESIAN_POINT('',(-0.857081356208429,7.30147804676183,-10.8583299690286));
#2289=CARTESIAN_POINT('',(-0.814018114040853,7.24090840905995,-10.9132427248919));
#2290=CARTESIAN_POINT('',(-0.762345030016374,7.16717155413822,-10.958088952197));
#2291=CARTESIAN_POINT('',(-0.709787609190098,7.09091834204651,-10.9859490866449));
#2292=CARTESIAN_POINT('',(-0.66574338930105,7.02605773219504,-10.997933058604));
#2293=CARTESIAN_POINT('',(-0.64003783019075,6.98776412848545,-11.0000022188339));
#2294=CARTESIAN_POINT('',(-0.629280773155726,6.97165731433637,-11.));
#2295=CARTESIAN_POINT('',(0.956633523089941,7.4387399673937,-10.5));
#2296=CARTESIAN_POINT('',(0.956635073779307,7.43874180029846,-10.5108422497876));
#2297=CARTESIAN_POINT('',(0.956073905316138,7.43797908326097,-10.5361779585036));
#2298=CARTESIAN_POINT('',(0.952883408295026,7.43363819865295,-10.579437930387));
#2299=CARTESIAN_POINT('',(0.94534425157777,7.42336762565652,-10.6326452649761));
#2300=CARTESIAN_POINT('',(0.932143654431395,7.40533257344703,-10.6905171240576));
#2301=CARTESIAN_POINT('',(0.913245005609925,7.37938963820248,-10.7480525595345));
#2302=CARTESIAN_POINT('',(0.888990153781402,7.34589042175469,-10.8031810923169));
#2303=CARTESIAN_POINT('',(0.857081356208437,7.30147804676183,-10.8583299690286));
#2304=CARTESIAN_POINT('',(0.814018114040863,7.24090840905995,-10.9132427248919));
#2305=CARTESIAN_POINT('',(0.762345030016383,7.16717155413822,-10.958088952197));
#2306=CARTESIAN_POINT('',(0.709787609190104,7.09091834204651,-10.9859490866449));
#2307=CARTESIAN_POINT('',(0.665743389301068,7.02605773219503,-10.997933058604));
#2308=CARTESIAN_POINT('',(0.640037830190763,6.98776412848545,-11.0000022188339));
#2309=CARTESIAN_POINT('',(0.629280773155734,6.97165731433637,-11.));
#2310=CARTESIAN_POINT('',(5.96382102236461,4.54783891680454,-10.5));
#2311=CARTESIAN_POINT('',(5.96382183436201,4.54784117619331,-10.5108422497876));
#2312=CARTESIAN_POINT('',(5.96344188626322,4.54697383152965,-10.5361779585036));
#2313=CARTESIAN_POINT('',(5.96127781842834,4.54204033775467,-10.579437930387));
#2314=CARTESIAN_POINT('',(5.95615281966064,4.5303759500162,-10.6326452649761));
#2315=CARTESIAN_POINT('',(5.94713430486183,4.50992637143756,-10.6905171240576));
#2316=CARTESIAN_POINT('',(5.93411638830204,4.4805881938387,-10.7480525595345));
#2317=CARTESIAN_POINT('',(5.91723264176565,4.44283326776628,-10.8031810923169));
#2318=CARTESIAN_POINT('',(5.89472479556591,4.39299325096744,-10.8583299690286));
#2319=CARTESIAN_POINT('',(5.86380157170185,4.32541457043006,-10.9132427248919));
#2320=CARTESIAN_POINT('',(5.8257801241567,4.24379593951211,-10.958088952197));
#2321=CARTESIAN_POINT('',(5.78602161577827,4.1601532718733,-10.9859490866449));
#2322=CARTESIAN_POINT('',(5.75187278988644,4.08957955363379,-10.997933058604));
#2323=CARTESIAN_POINT('',(5.73156233582665,4.04817108457099,-11.0000022188339));
#2324=CARTESIAN_POINT('',(5.72299195411703,4.03080179283416,-11.));
#2325=CARTESIAN_POINT('',(6.92045454545455,2.89090105058917,-10.5));
#2326=CARTESIAN_POINT('',(6.92045690814131,2.89090062410516,-10.5108422497876));
#2327=CARTESIAN_POINT('',(6.91951579157936,2.89100525173131,-10.5361779585036));
#2328=CARTESIAN_POINT('',(6.91416122672336,2.89159786089829,-10.579437930387));
#2329=CARTESIAN_POINT('',(6.90149707123841,2.89299167564033,-10.6326452649761));
#2330=CARTESIAN_POINT('',(6.87927795929322,2.89540620200946,-10.6905171240576));
#2331=CARTESIAN_POINT('',(6.84736139391197,2.89880144436378,-10.7480525595345));
#2332=CARTESIAN_POINT('',(6.80622279554705,2.90305715398842,-10.8031810923169));
#2333=CARTESIAN_POINT('',(6.75180615177435,2.90848479579439,-10.8583299690286));
#2334=CARTESIAN_POINT('',(6.6778196857427,2.91549383862989,-10.9132427248919));
#2335=CARTESIAN_POINT('',(6.58812515417309,2.92337561462611,-10.958088952197));
#2336=CARTESIAN_POINT('',(6.49580922496836,2.93076507017321,-10.9859490866449));
#2337=CARTESIAN_POINT('',(6.41761617918751,2.93647817856121,-10.997933058604));
#2338=CARTESIAN_POINT('',(6.37160016601741,2.93959304391444,-11.0000022188339));
#2339=CARTESIAN_POINT('',(6.35227272727276,2.94085552150221,-11.));
#2340=CARTESIAN_POINT('',(6.92045454545455,-2.89090105058916,-10.5));
#2341=CARTESIAN_POINT('',(6.92045690814131,-2.89090062410515,-10.5108422497876));
#2342=CARTESIAN_POINT('',(6.91951579157935,-2.89100525173131,-10.5361779585036));
#2343=CARTESIAN_POINT('',(6.91416122672336,-2.89159786089828,-10.579437930387));
#2344=CARTESIAN_POINT('',(6.90149707123841,-2.89299167564033,-10.6326452649761));
#2345=CARTESIAN_POINT('',(6.87927795929322,-2.89540620200946,-10.6905171240576));
#2346=CARTESIAN_POINT('',(6.84736139391197,-2.89880144436378,-10.7480525595345));
#2347=CARTESIAN_POINT('',(6.80622279554705,-2.90305715398842,-10.8031810923169));
#2348=CARTESIAN_POINT('',(6.75180615177435,-2.90848479579439,-10.8583299690286));
#2349=CARTESIAN_POINT('',(6.67781968574271,-2.91549383862988,-10.9132427248919));
#2350=CARTESIAN_POINT('',(6.58812515417309,-2.92337561462612,-10.958088952197));
#2351=CARTESIAN_POINT('',(6.49580922496836,-2.93076507017321,-10.9859490866449));
#2352=CARTESIAN_POINT('',(6.41761617918751,-2.93647817856121,-10.997933058604));
#2353=CARTESIAN_POINT('',(6.37160016601741,-2.93959304391444,-11.0000022188339));
#2354=CARTESIAN_POINT('',(6.35227272727276,-2.94085552150221,-11.));
#2355=CARTESIAN_POINT('',(5.9638210223646,-4.54783891680455,-10.5));
#2356=CARTESIAN_POINT('',(5.963821834362,-4.54784117619332,-10.5108422497876));
#2357=CARTESIAN_POINT('',(5.96344188626322,-4.54697383152966,-10.5361779585036));
#2358=CARTESIAN_POINT('',(5.96127781842833,-4.54204033775467,-10.579437930387));
#2359=CARTESIAN_POINT('',(5.95615281966063,-4.53037595001621,-10.6326452649761));
#2360=CARTESIAN_POINT('',(5.94713430486182,-4.50992637143757,-10.6905171240576));
#2361=CARTESIAN_POINT('',(5.93411638830204,-4.48058819383871,-10.7480525595345));
#2362=CARTESIAN_POINT('',(5.91723264176564,-4.44283326776628,-10.8031810923169));
#2363=CARTESIAN_POINT('',(5.89472479556591,-4.39299325096745,-10.8583299690286));
#2364=CARTESIAN_POINT('',(5.86380157170184,-4.32541457043006,-10.9132427248919));
#2365=CARTESIAN_POINT('',(5.82578012415671,-4.24379593951212,-10.958088952197));
#2366=CARTESIAN_POINT('',(5.78602161577824,-4.16015327187331,-10.9859490866449));
#2367=CARTESIAN_POINT('',(5.75187278988644,-4.0895795536338,-10.997933058604));
#2368=CARTESIAN_POINT('',(5.73156233582664,-4.048171084571,-11.0000022188339));
#2369=CARTESIAN_POINT('',(5.72299195411702,-4.03080179283417,-11.));
#2370=CARTESIAN_POINT('',(0.956633523089937,-7.43873996739371,-10.5));
#2371=CARTESIAN_POINT('',(0.956635073779303,-7.43874180029846,-10.5108422497876));
#2372=CARTESIAN_POINT('',(0.956073905316132,-7.43797908326097,-10.5361779585036));
#2373=CARTESIAN_POINT('',(0.952883408295021,-7.43363819865295,-10.579437930387));
#2374=CARTESIAN_POINT('',(0.945344251577768,-7.42336762565652,-10.6326452649761));
#2375=CARTESIAN_POINT('',(0.932143654431392,-7.40533257344703,-10.6905171240576));
#2376=CARTESIAN_POINT('',(0.913245005609923,-7.37938963820248,-10.7480525595345));
#2377=CARTESIAN_POINT('',(0.888990153781405,-7.3458904217547,-10.8031810923169));
#2378=CARTESIAN_POINT('',(0.857081356208439,-7.30147804676184,-10.8583299690286));
#2379=CARTESIAN_POINT('',(0.81401811404086,-7.24090840905995,-10.9132427248919));
#2380=CARTESIAN_POINT('',(0.762345030016385,-7.16717155413822,-10.958088952197));
#2381=CARTESIAN_POINT('',(0.709787609190102,-7.0909183420465,-10.9859490866449));
#2382=CARTESIAN_POINT('',(0.665743389301062,-7.02605773219503,-10.997933058604));
#2383=CARTESIAN_POINT('',(0.640037830190757,-6.98776412848545,-11.0000022188339));
#2384=CARTESIAN_POINT('',(0.62928077315573,-6.97165731433637,-11.));
#2385=CARTESIAN_POINT('',(-0.95663352308994,-7.43873996739371,-10.5));
#2386=CARTESIAN_POINT('',(-0.95663507377931,-7.43874180029846,-10.5108422497876));
#2387=CARTESIAN_POINT('',(-0.956073905316144,-7.43797908326096,-10.5361779585036));
#2388=CARTESIAN_POINT('',(-0.952883408295029,-7.43363819865295,-10.579437930387));
#2389=CARTESIAN_POINT('',(-0.945344251577779,-7.42336762565652,-10.6326452649761));
#2390=CARTESIAN_POINT('',(-0.932143654431403,-7.40533257344703,-10.6905171240575));
#2391=CARTESIAN_POINT('',(-0.913245005609933,-7.37938963820248,-10.7480525595345));
#2392=CARTESIAN_POINT('',(-0.888990153781411,-7.3458904217547,-10.8031810923169));
#2393=CARTESIAN_POINT('',(-0.857081356208444,-7.30147804676183,-10.8583299690286));
#2394=CARTESIAN_POINT('',(-0.814018114040872,-7.24090840905994,-10.9132427248919));
#2395=CARTESIAN_POINT('',(-0.762345030016385,-7.16717155413823,-10.958088952197));
#2396=CARTESIAN_POINT('',(-0.709787609190112,-7.0909183420465,-10.9859490866449));
#2397=CARTESIAN_POINT('',(-0.665743389301063,-7.02605773219503,-10.997933058604));
#2398=CARTESIAN_POINT('',(-0.640037830190762,-6.98776412848545,-11.0000022188339));
#2399=CARTESIAN_POINT('',(-0.629280773155738,-6.97165731433637,-11.));
#2400=CARTESIAN_POINT('',(-5.96382102236461,-4.54783891680454,-10.5));
#2401=CARTESIAN_POINT('',(-5.96382183436201,-4.5478411761933,-10.5108422497876));
#2402=CARTESIAN_POINT('',(-5.96344188626323,-4.54697383152965,-10.5361779585036));
#2403=CARTESIAN_POINT('',(-5.96127781842834,-4.54204033775465,-10.579437930387));
#2404=CARTESIAN_POINT('',(-5.95615281966064,-4.53037595001619,-10.6326452649761));
#2405=CARTESIAN_POINT('',(-5.94713430486183,-4.50992637143755,-10.6905171240576));
#2406=CARTESIAN_POINT('',(-5.93411638830205,-4.48058819383869,-10.7480525595345));
#2407=CARTESIAN_POINT('',(-5.91723264176566,-4.44283326776626,-10.8031810923169));
#2408=CARTESIAN_POINT('',(-5.89472479556592,-4.39299325096743,-10.8583299690286));
#2409=CARTESIAN_POINT('',(-5.86380157170185,-4.32541457043005,-10.9132427248919));
#2410=CARTESIAN_POINT('',(-5.82578012415671,-4.2437959395121,-10.958088952197));
#2411=CARTESIAN_POINT('',(-5.78602161577826,-4.16015327187329,-10.9859490866449));
#2412=CARTESIAN_POINT('',(-5.75187278988645,-4.08957955363378,-10.997933058604));
#2413=CARTESIAN_POINT('',(-5.73156233582665,-4.04817108457098,-11.0000022188339));
#2414=CARTESIAN_POINT('',(-5.72299195411703,-4.03080179283415,-11.));
ENDSEC;
END-ISO-10303-21;
