ISO-10303-21;
HEADER;
FILE_DESCRIPTION(('STEP AP242'),
    '1');
FILE_NAME('Carriage_magnetic',
    '',
    ('UNSPECIFIED'),
    ('UNSPECIFIED'),
    'C3D Converter',
    'C3D Toolkit',
    '');
FILE_SCHEMA(('AP242_MANAGED_MODEL_BASED_3D_ENGINEERING_MIM_LF { 1 0 10303 442 1 1 4 }'));
ENDSEC;

DATA;
#1=PRODUCT_DEFINITION('','UNSPECIFIED',#28,#31);
#2=SHAPE_DEFINITION_REPRESENTATION(#26,#3);
#3=SHAPE_REPRESENTATION('NONE',(#4),#8);
#4=AXIS2_PLACEMENT_3D('',#5,#6,#7);
#5=CARTESIAN_POINT('',(0.,0.,0.));
#6=DIRECTION('',(0.,0.,1.));
#7=DIRECTION('',(1.,0.,0.));
#8=(GEOMETRIC_REPRESENTATION_CONTEXT(3)GLOBAL_UNCERTAINTY_ASSIGNED_CONTEXT((#10))
GLOBAL_UNIT_ASSIGNED_CONTEXT((#9,#11,#12))REPRESENTATION_CONTEXT('NONE','NONE'));
#9=(LENGTH_UNIT()NAMED_UNIT(*)SI_UNIT(.MILLI.,.METRE.));
#10=UNCERTAINTY_MEASURE_WITH_UNIT(LENGTH_MEASURE(1.E-5),#9,'NONE','NONE');
#11=(NAMED_UNIT(*)PLANE_ANGLE_UNIT()SI_UNIT($,.RADIAN.));
#12=(NAMED_UNIT(*)SI_UNIT($,.STERADIAN.)SOLID_ANGLE_UNIT());
#13=MANIFOLD_SOLID_BREP('',#14);
#14=CLOSED_SHELL('',(#53,#54,#55,#56,#57,#58,#59,#60,#61,#62,#63,#64,#65,#66,#67,
#68,#69,#70,#71,#72,#73,#74,#75,#76,#77,#78,#79,#80,#81,#82,#83,#84,#85,#86,#87,
#88,#89,#90,#91,#92,#93,#94,#95,#96,#97,#98,#99,#100,#101,#102,#103,#104,#105,#106,
#107,#108,#109,#110,#111,#112,#113,#114,#115,#116,#117,#118,#119,#120,#121,#122,
#123,#124,#125,#126,#127,#128,#129,#130,#131,#132,#133,#134,#135,#136,#137,#138,
#139,#140,#141,#142,#143,#144,#145,#146,#147,#148,#149,#150,#151,#152,#153,#154,
#155,#156,#157,#158,#159,#160,#161,#162,#163,#164,#165,#166,#167,#168,#169,#170,
#171,#172,#173,#174,#175,#176,#177,#178,#179,#180,#181,#182,#183,#184,#185,#186,
#187,#188,#189,#190,#191,#192,#193,#194,#195,#196,#197));
#15=COLOUR_RGB('',0.564705882352941,0.564705882352941,0.564705882352941);
#16=FILL_AREA_STYLE_COLOUR('',#15);
#17=FILL_AREA_STYLE($,(#16));
#18=SURFACE_STYLE_FILL_AREA(#17);
#19=SURFACE_SIDE_STYLE('',(#18));
#20=SURFACE_STYLE_USAGE(.BOTH.,#19);
#21=PRESENTATION_STYLE_ASSIGNMENT((#20));
#22=MECHANICAL_DESIGN_GEOMETRIC_PRESENTATION_REPRESENTATION('NONE',(#23),#8);
#23=STYLED_ITEM('',(#21),#13);
#24=ADVANCED_BREP_SHAPE_REPRESENTATION('NONE',(#13),#8);
#25=SHAPE_REPRESENTATION_RELATIONSHIP('','',#3,#24);
#26=PRODUCT_DEFINITION_SHAPE('NONE','NONE',#1);
#27=MECHANICAL_CONTEXT('NONE',#32,'mechanical');
#28=PRODUCT_DEFINITION_FORMATION_WITH_SPECIFIED_SOURCE('ANY','UNSPECIFIED',#29,.NOT_KNOWN.);
#29=PRODUCT('','\X2\0414043504420430043B044C\X0\','NONE',(#27));
#30=PRODUCT_RELATED_PRODUCT_CATEGORY('detail','',(#29));
#31=DESIGN_CONTEXT('detailed design',#32,'design');
#32=APPLICATION_CONTEXT('configuration controlled 3d designs of mechanical parts and assemblies');
#33=APPLICATION_PROTOCOL_DEFINITION('international standard','config_control_design',
1994,#32);
#34=CC_DESIGN_DATE_AND_TIME_ASSIGNMENT(#35,#39,(#1));
#35=DATE_AND_TIME(#36,#37);
#36=CALENDAR_DATE(0,1,1);
#37=LOCAL_TIME(0,0,0.,#38);
#38=COORDINATED_UNIVERSAL_TIME_OFFSET(0,0,.AHEAD.);
#39=DATE_TIME_ROLE('creation_date');
#40=CC_DESIGN_APPROVAL(#41,(#1));
#41=APPROVAL(#42,'UNSPECIFIED');
#42=APPROVAL_STATUS('not_yet_approved');
#43=APPROVAL_DATE_TIME(#44,#41);
#44=DATE_AND_TIME(#45,#46);
#45=CALENDAR_DATE(0,1,1);
#46=LOCAL_TIME(0,0,0.,#47);
#47=COORDINATED_UNIVERSAL_TIME_OFFSET(0,0,.AHEAD.);
#48=PERSON('UNSPECIFIED','Cybermeatball','UNSPECIFIED',('UNSPECIFIED'),('UNSPECIFIED'),
('UNSPECIFIED'));
#49=ORGANIZATION('UNSPECIFIED','UNSPECIFIED','UNSPECIFIED');
#50=PERSON_AND_ORGANIZATION(#48,#49);
#51=PERSON_AND_ORGANIZATION_ROLE('creator');
#52=CC_DESIGN_PERSON_AND_ORGANIZATION_ASSIGNMENT(#50,#51,(#28,#1));
#53=ADVANCED_FACE('',(#198,#200,#202,#204,#206,#208,#210,#212),#214,.T.);
#54=ADVANCED_FACE('',(#219,#221),#223,.F.);
#55=ADVANCED_FACE('',(#228,#230),#232,.F.);
#56=ADVANCED_FACE('',(#237,#239),#241,.F.);
#57=ADVANCED_FACE('',(#246,#248),#250,.F.);
#58=ADVANCED_FACE('',(#255),#257,.T.);
#59=ADVANCED_FACE('',(#262),#264,.F.);
#60=ADVANCED_FACE('',(#269),#271,.T.);
#61=ADVANCED_FACE('',(#276),#278,.T.);
#62=ADVANCED_FACE('',(#283,#285),#287,.F.);
#63=ADVANCED_FACE('',(#292),#294,.T.);
#64=ADVANCED_FACE('',(#299,#301),#303,.F.);
#65=ADVANCED_FACE('',(#308),#310,.T.);
#66=ADVANCED_FACE('',(#315),#317,.T.);
#67=ADVANCED_FACE('',(#322),#324,.T.);
#68=ADVANCED_FACE('',(#329),#331,.F.);
#69=ADVANCED_FACE('',(#336),#338,.T.);
#70=ADVANCED_FACE('',(#343),#345,.T.);
#71=ADVANCED_FACE('',(#350),#352,.T.);
#72=ADVANCED_FACE('',(#357),#359,.F.);
#73=ADVANCED_FACE('',(#364),#366,.T.);
#74=ADVANCED_FACE('',(#371),#373,.T.);
#75=ADVANCED_FACE('',(#378),#380,.T.);
#76=ADVANCED_FACE('',(#385,#387),#389,.F.);
#77=ADVANCED_FACE('',(#394),#396,.T.);
#78=ADVANCED_FACE('',(#401,#403),#405,.F.);
#79=ADVANCED_FACE('',(#410),#412,.T.);
#80=ADVANCED_FACE('',(#417),#419,.T.);
#81=ADVANCED_FACE('',(#424),#426,.F.);
#82=ADVANCED_FACE('',(#431),#433,.T.);
#83=ADVANCED_FACE('',(#438,#440,#442,#444,#446,#448,#450,#452,#454),#456,.T.);
#84=ADVANCED_FACE('',(#461),#463,.F.);
#85=ADVANCED_FACE('',(#468,#470),#472,.F.);
#86=ADVANCED_FACE('',(#477),#479,.F.);
#87=ADVANCED_FACE('',(#484,#486),#488,.F.);
#88=ADVANCED_FACE('',(#493),#495,.F.);
#89=ADVANCED_FACE('',(#500,#502),#504,.F.);
#90=ADVANCED_FACE('',(#509),#511,.F.);
#91=ADVANCED_FACE('',(#516,#518),#520,.F.);
#92=ADVANCED_FACE('',(#525,#527),#529,.F.);
#93=ADVANCED_FACE('',(#534),#536,.T.);
#94=ADVANCED_FACE('',(#541),#543,.T.);
#95=ADVANCED_FACE('',(#548),#550,.T.);
#96=ADVANCED_FACE('',(#555),#557,.T.);
#97=ADVANCED_FACE('',(#562,#564),#566,.F.);
#98=ADVANCED_FACE('',(#571),#573,.T.);
#99=ADVANCED_FACE('',(#578,#580),#582,.F.);
#100=ADVANCED_FACE('',(#587),#589,.T.);
#101=ADVANCED_FACE('',(#594),#596,.T.);
#102=ADVANCED_FACE('',(#601),#603,.T.);
#103=ADVANCED_FACE('',(#608),#610,.F.);
#104=ADVANCED_FACE('',(#615,#617),#619,.F.);
#105=ADVANCED_FACE('',(#624),#626,.T.);
#106=ADVANCED_FACE('',(#631,#633),#635,.F.);
#107=ADVANCED_FACE('',(#640),#642,.T.);
#108=ADVANCED_FACE('',(#647),#649,.T.);
#109=ADVANCED_FACE('',(#654),#656,.T.);
#110=ADVANCED_FACE('',(#661),#663,.F.);
#111=ADVANCED_FACE('',(#668),#670,.T.);
#112=ADVANCED_FACE('',(#675),#677,.T.);
#113=ADVANCED_FACE('',(#682),#684,.F.);
#114=ADVANCED_FACE('',(#689),#691,.T.);
#115=ADVANCED_FACE('',(#696),#698,.F.);
#116=ADVANCED_FACE('',(#703),#705,.F.);
#117=ADVANCED_FACE('',(#710),#712,.T.);
#118=ADVANCED_FACE('',(#717),#719,.F.);
#119=ADVANCED_FACE('',(#724),#726,.F.);
#120=ADVANCED_FACE('',(#731),#733,.T.);
#121=ADVANCED_FACE('',(#738),#740,.T.);
#122=ADVANCED_FACE('',(#745),#747,.T.);
#123=ADVANCED_FACE('',(#752),#754,.T.);
#124=ADVANCED_FACE('',(#759),#761,.T.);
#125=ADVANCED_FACE('',(#766),#768,.F.);
#126=ADVANCED_FACE('',(#773,#775),#777,.F.);
#127=ADVANCED_FACE('',(#782),#784,.T.);
#128=ADVANCED_FACE('',(#789,#791),#793,.F.);
#129=ADVANCED_FACE('',(#798),#800,.T.);
#130=ADVANCED_FACE('',(#805,#807),#809,.F.);
#131=ADVANCED_FACE('',(#814),#816,.T.);
#132=ADVANCED_FACE('',(#821,#823),#825,.F.);
#133=ADVANCED_FACE('',(#830,#832),#834,.F.);
#134=ADVANCED_FACE('',(#839,#841),#843,.F.);
#135=ADVANCED_FACE('',(#848,#850),#852,.F.);
#136=ADVANCED_FACE('',(#857,#859),#861,.F.);
#137=ADVANCED_FACE('',(#866,#868),#870,.F.);
#138=ADVANCED_FACE('',(#875,#877),#879,.F.);
#139=ADVANCED_FACE('',(#884,#886),#888,.F.);
#140=ADVANCED_FACE('',(#893),#895,.T.);
#141=ADVANCED_FACE('',(#900,#902),#904,.F.);
#142=ADVANCED_FACE('',(#909),#911,.T.);
#143=ADVANCED_FACE('',(#916,#918),#920,.F.);
#144=ADVANCED_FACE('',(#925,#927,#929,#931,#933,#935),#937,.T.);
#145=ADVANCED_FACE('',(#942),#944,.T.);
#146=ADVANCED_FACE('',(#949),#951,.F.);
#147=ADVANCED_FACE('',(#956,#958),#960,.T.);
#148=ADVANCED_FACE('',(#965),#967,.F.);
#149=ADVANCED_FACE('',(#972),#974,.F.);
#150=ADVANCED_FACE('',(#979),#981,.F.);
#151=ADVANCED_FACE('',(#986),#988,.F.);
#152=ADVANCED_FACE('',(#993),#995,.F.);
#153=ADVANCED_FACE('',(#1000),#1002,.F.);
#154=ADVANCED_FACE('',(#1007),#1009,.F.);
#155=ADVANCED_FACE('',(#1014),#1016,.F.);
#156=ADVANCED_FACE('',(#1021),#1023,.F.);
#157=ADVANCED_FACE('',(#1028),#1030,.F.);
#158=ADVANCED_FACE('',(#1035),#1037,.F.);
#159=ADVANCED_FACE('',(#1042),#1044,.F.);
#160=ADVANCED_FACE('',(#1049),#1051,.F.);
#161=ADVANCED_FACE('',(#1056),#1058,.F.);
#162=ADVANCED_FACE('',(#1063),#1065,.F.);
#163=ADVANCED_FACE('',(#1070),#1072,.F.);
#164=ADVANCED_FACE('',(#1077),#1079,.F.);
#165=ADVANCED_FACE('',(#1084),#1086,.F.);
#166=ADVANCED_FACE('',(#1091),#1093,.F.);
#167=ADVANCED_FACE('',(#1098),#1100,.T.);
#168=ADVANCED_FACE('',(#1105),#1107,.T.);
#169=ADVANCED_FACE('',(#1112),#1114,.T.);
#170=ADVANCED_FACE('',(#1119),#1121,.T.);
#171=ADVANCED_FACE('',(#1126),#1128,.T.);
#172=ADVANCED_FACE('',(#1133),#1135,.T.);
#173=ADVANCED_FACE('',(#1140),#1142,.T.);
#174=ADVANCED_FACE('',(#1147),#1149,.T.);
#175=ADVANCED_FACE('',(#1154),#1156,.T.);
#176=ADVANCED_FACE('',(#1161),#1163,.T.);
#177=ADVANCED_FACE('',(#1168),#1170,.T.);
#178=ADVANCED_FACE('',(#1175),#1177,.T.);
#179=ADVANCED_FACE('',(#1182),#1184,.T.);
#180=ADVANCED_FACE('',(#1189),#1191,.T.);
#181=ADVANCED_FACE('',(#1196),#1198,.T.);
#182=ADVANCED_FACE('',(#1203),#1205,.T.);
#183=ADVANCED_FACE('',(#1210),#1212,.T.);
#184=ADVANCED_FACE('',(#1217),#1219,.T.);
#185=ADVANCED_FACE('',(#1224,#1226),#1228,.F.);
#186=ADVANCED_FACE('',(#1233,#1235),#1237,.F.);
#187=ADVANCED_FACE('',(#1242,#1244),#1246,.F.);
#188=ADVANCED_FACE('',(#1251,#1253),#1255,.F.);
#189=ADVANCED_FACE('',(#1260,#1262),#1264,.F.);
#190=ADVANCED_FACE('',(#1269,#1271),#1273,.T.);
#191=ADVANCED_FACE('',(#1278),#1280,.F.);
#192=ADVANCED_FACE('',(#1285),#1287,.F.);
#193=ADVANCED_FACE('',(#1292),#1294,.F.);
#194=ADVANCED_FACE('',(#1299),#1301,.F.);
#195=ADVANCED_FACE('',(#1306,#1308),#1310,.T.);
#196=ADVANCED_FACE('',(#1315,#1317),#1319,.T.);
#197=ADVANCED_FACE('',(#1324,#1326),#1328,.T.);
#198=FACE_BOUND('',#199,.T.);
#199=EDGE_LOOP('',(#1333,#1334,#1335,#1336,#1337,#1338,#1339,#1340,#1341,#1342,#1343,
#1344,#1345,#1346,#1347,#1348,#1349,#1350,#1351,#1352,#1353,#1354,#1355,#1356,#1357,
#1358));
#200=FACE_BOUND('',#201,.T.);
#201=EDGE_LOOP('',(#1359));
#202=FACE_BOUND('',#203,.T.);
#203=EDGE_LOOP('',(#1360));
#204=FACE_BOUND('',#205,.T.);
#205=EDGE_LOOP('',(#1361));
#206=FACE_BOUND('',#207,.T.);
#207=EDGE_LOOP('',(#1362));
#208=FACE_BOUND('',#209,.T.);
#209=EDGE_LOOP('',(#1363,#1364,#1365,#1366));
#210=FACE_BOUND('',#211,.T.);
#211=EDGE_LOOP('',(#1367,#1368,#1369,#1370));
#212=FACE_BOUND('',#213,.T.);
#213=EDGE_LOOP('',(#1371));
#214=PLANE('',#215);
#215=AXIS2_PLACEMENT_3D('',#216,#217,#218);
#216=CARTESIAN_POINT('',(0.,0.,19.));
#217=DIRECTION('',(0.,0.,1.));
#218=DIRECTION('',(-1.,1.22464679914735E-16,0.));
#219=FACE_OUTER_BOUND('',#220,.T.);
#220=EDGE_LOOP('',(#1372));
#221=FACE_OUTER_BOUND('',#222,.T.);
#222=EDGE_LOOP('',(#1373));
#223=CYLINDRICAL_SURFACE('',#224,0.9);
#224=AXIS2_PLACEMENT_3D('',#225,#226,#227);
#225=CARTESIAN_POINT('',(-23.0052038200428,-1.49999999999999,11.));
#226=DIRECTION('',(0.,0.,1.));
#227=DIRECTION('',(-1.,1.22464679914735E-16,0.));
#228=FACE_OUTER_BOUND('',#229,.T.);
#229=EDGE_LOOP('',(#1374));
#230=FACE_OUTER_BOUND('',#231,.T.);
#231=EDGE_LOOP('',(#1375));
#232=CYLINDRICAL_SURFACE('',#233,0.9);
#233=AXIS2_PLACEMENT_3D('',#234,#235,#236);
#234=CARTESIAN_POINT('',(-13.0052038200428,-1.5,11.));
#235=DIRECTION('',(0.,0.,1.));
#236=DIRECTION('',(-1.,1.22464679914735E-16,0.));
#237=FACE_OUTER_BOUND('',#238,.T.);
#238=EDGE_LOOP('',(#1376));
#239=FACE_OUTER_BOUND('',#240,.T.);
#240=EDGE_LOOP('',(#1377));
#241=CYLINDRICAL_SURFACE('',#242,1.4);
#242=AXIS2_PLACEMENT_3D('',#243,#244,#245);
#243=CARTESIAN_POINT('',(-21.0104076400857,-21.9895923599143,11.));
#244=DIRECTION('',(0.,0.,1.));
#245=DIRECTION('',(-1.,1.22464679914735E-16,0.));
#246=FACE_OUTER_BOUND('',#247,.T.);
#247=EDGE_LOOP('',(#1378));
#248=FACE_OUTER_BOUND('',#249,.T.);
#249=EDGE_LOOP('',(#1379));
#250=CYLINDRICAL_SURFACE('',#251,1.4);
#251=AXIS2_PLACEMENT_3D('',#252,#253,#254);
#252=CARTESIAN_POINT('',(-15.,-28.,11.));
#253=DIRECTION('',(0.,0.,1.));
#254=DIRECTION('',(-1.,1.22464679914735E-16,0.));
#255=FACE_BOUND('',#256,.T.);
#256=EDGE_LOOP('',(#1380,#1381,#1382,#1383));
#257=CYLINDRICAL_SURFACE('',#258,1.5);
#258=AXIS2_PLACEMENT_3D('',#259,#260,#261);
#259=CARTESIAN_POINT('',(-50.5,-1.49999999999999,25.));
#260=DIRECTION('',(0.,0.,-1.));
#261=DIRECTION('',(-1.,0.,0.));
#262=FACE_BOUND('',#263,.T.);
#263=EDGE_LOOP('',(#1384,#1385,#1386,#1387));
#264=PLANE('',#265);
#265=AXIS2_PLACEMENT_3D('',#266,#267,#268);
#266=CARTESIAN_POINT('',(-52.,-2.20204102886728,0.));
#267=DIRECTION('',(1.,0.,0.));
#268=DIRECTION('',(0.,1.,0.));
#269=FACE_BOUND('',#270,.T.);
#270=EDGE_LOOP('',(#1388,#1389,#1390,#1391));
#271=CYLINDRICAL_SURFACE('',#272,10.);
#272=AXIS2_PLACEMENT_3D('',#273,#274,#275);
#273=CARTESIAN_POINT('',(-50.,-12.,0.));
#274=DIRECTION('',(0.,0.,-1.));
#275=DIRECTION('',(-1.,1.22464679914735E-16,0.));
#276=FACE_BOUND('',#277,.T.);
#277=EDGE_LOOP('',(#1392,#1393,#1394,#1395,#1396,#1397,#1398,#1399));
#278=PLANE('',#279);
#279=AXIS2_PLACEMENT_3D('',#280,#281,#282);
#280=CARTESIAN_POINT('',(-60.,7.34788079488412E-15,0.));
#281=DIRECTION('',(-1.,1.1842378929335E-16,0.));
#282=DIRECTION('',(-1.1842378929335E-16,-1.,0.));
#283=FACE_BOUND('',#284,.T.);
#284=EDGE_LOOP('',(#1400,#1401,#1402,#1403,#1404,#1405,#1406,#1407));
#285=FACE_BOUND('',#286,.T.);
#286=EDGE_LOOP('',(#1408));
#287=PLANE('',#288);
#288=AXIS2_PLACEMENT_3D('',#289,#290,#291);
#289=CARTESIAN_POINT('',(-54.6169147404937,-15.9098079593519,0.));
#290=DIRECTION('',(-0.707106781190427,0.707106781182668,0.));
#291=DIRECTION('',(-0.707106781182668,-0.707106781190427,0.));
#292=FACE_BOUND('',#293,.T.);
#293=EDGE_LOOP('',(#1409,#1410,#1411,#1412));
#294=TOROIDAL_SURFACE('',#295,7.05,1.);
#295=AXIS2_PLACEMENT_3D('',#296,#297,#298);
#296=CARTESIAN_POINT('',(-50.,-12.,18.));
#297=DIRECTION('',(0.,0.,1.));
#298=DIRECTION('',(-0.703562423191911,-0.710633461548445,0.));
#299=FACE_BOUND('',#300,.T.);
#300=EDGE_LOOP('',(#1413,#1414,#1415,#1416,#1417,#1418,#1419));
#301=FACE_BOUND('',#302,.T.);
#302=EDGE_LOOP('',(#1420));
#303=PLANE('',#304);
#304=AXIS2_PLACEMENT_3D('',#305,#306,#307);
#305=CARTESIAN_POINT('',(-60.,-22.7071067812981,0.));
#306=DIRECTION('',(0.707106781190427,-0.707106781182668,0.));
#307=DIRECTION('',(0.707106781182668,0.707106781190427,0.));
#308=FACE_BOUND('',#309,.T.);
#309=EDGE_LOOP('',(#1421,#1422,#1423,#1424,#1425,#1426));
#310=PLANE('',#311);
#311=AXIS2_PLACEMENT_3D('',#312,#313,#314);
#312=CARTESIAN_POINT('',(-60.,7.34788079488412E-15,0.));
#313=DIRECTION('',(-1.,1.1842378929335E-16,0.));
#314=DIRECTION('',(-1.1842378929335E-16,-1.,0.));
#315=FACE_BOUND('',#316,.T.);
#316=EDGE_LOOP('',(#1427,#1428,#1429,#1430));
#317=CYLINDRICAL_SURFACE('',#318,1.5);
#318=AXIS2_PLACEMENT_3D('',#319,#320,#321);
#319=CARTESIAN_POINT('',(-33.,-30.5,17.5));
#320=DIRECTION('',(-1.,2.15315980533364E-16,0.));
#321=DIRECTION('',(-2.15315980533364E-16,-1.,0.));
#322=FACE_BOUND('',#323,.T.);
#323=EDGE_LOOP('',(#1431,#1432,#1433,#1434,#1435,#1436,#1437));
#324=PLANE('',#325);
#325=AXIS2_PLACEMENT_3D('',#326,#327,#328);
#326=CARTESIAN_POINT('',(-45.,-32.,5.));
#327=DIRECTION('',(-1.,0.,0.));
#328=DIRECTION('',(0.,-1.,0.));
#329=FACE_BOUND('',#330,.T.);
#330=EDGE_LOOP('',(#1438,#1439,#1440,#1441));
#331=PLANE('',#332);
#332=AXIS2_PLACEMENT_3D('',#333,#334,#335);
#333=CARTESIAN_POINT('',(-46.,-60.,5.));
#334=DIRECTION('',(1.02504636005049E-16,0.447213595499958,-0.894427190999916));
#335=DIRECTION('',(0.,0.894427190999916,0.447213595499958));
#336=FACE_BOUND('',#337,.T.);
#337=EDGE_LOOP('',(#1442,#1443,#1444,#1445,#1446,#1447,#1448));
#338=PLANE('',#339);
#339=AXIS2_PLACEMENT_3D('',#340,#341,#342);
#340=CARTESIAN_POINT('',(-42.,-60.,5.));
#341=DIRECTION('',(1.,0.,0.));
#342=DIRECTION('',(0.,1.,0.));
#343=FACE_BOUND('',#344,.T.);
#344=EDGE_LOOP('',(#1449,#1450,#1451,#1452));
#345=CYLINDRICAL_SURFACE('',#346,1.5);
#346=AXIS2_PLACEMENT_3D('',#347,#348,#349);
#347=CARTESIAN_POINT('',(-5.99999999999999,-30.5,17.5));
#348=DIRECTION('',(-1.,1.48029736616687E-16,0.));
#349=DIRECTION('',(-1.48029736616687E-16,-1.,0.));
#350=FACE_BOUND('',#351,.T.);
#351=EDGE_LOOP('',(#1453,#1454,#1455,#1456,#1457,#1458,#1459));
#352=PLANE('',#353);
#353=AXIS2_PLACEMENT_3D('',#354,#355,#356);
#354=CARTESIAN_POINT('',(-18.,-32.,5.));
#355=DIRECTION('',(-1.,1.26882631385732E-16,0.));
#356=DIRECTION('',(-1.26882631385732E-16,-1.,0.));
#357=FACE_BOUND('',#358,.T.);
#358=EDGE_LOOP('',(#1460,#1461,#1462,#1463));
#359=PLANE('',#360);
#360=AXIS2_PLACEMENT_3D('',#361,#362,#363);
#361=CARTESIAN_POINT('',(-46.,-60.,5.));
#362=DIRECTION('',(1.02504636005049E-16,0.447213595499958,-0.894427190999916));
#363=DIRECTION('',(0.,0.894427190999916,0.447213595499958));
#364=FACE_BOUND('',#365,.T.);
#365=EDGE_LOOP('',(#1464,#1465,#1466,#1467,#1468,#1469,#1470));
#366=PLANE('',#367);
#367=AXIS2_PLACEMENT_3D('',#368,#369,#370);
#368=CARTESIAN_POINT('',(-15.,-60.,5.));
#369=DIRECTION('',(1.,-1.26882631385732E-16,0.));
#370=DIRECTION('',(1.26882631385732E-16,1.,0.));
#371=FACE_BOUND('',#372,.T.);
#372=EDGE_LOOP('',(#1471,#1472,#1473,#1474));
#373=CYLINDRICAL_SURFACE('',#374,1.5);
#374=AXIS2_PLACEMENT_3D('',#375,#376,#377);
#375=CARTESIAN_POINT('',(6.,-30.5,17.5));
#376=DIRECTION('',(-1.,0.,0.));
#377=DIRECTION('',(0.,-1.,0.));
#378=FACE_BOUND('',#379,.T.);
#379=EDGE_LOOP('',(#1475,#1476,#1477,#1478,#1479,#1480));
#380=PLANE('',#381);
#381=AXIS2_PLACEMENT_3D('',#382,#383,#384);
#382=CARTESIAN_POINT('',(-7.34788079488412E-15,-60.,0.));
#383=DIRECTION('',(1.,-1.22464679914735E-16,0.));
#384=DIRECTION('',(1.22464679914735E-16,1.,0.));
#385=FACE_BOUND('',#386,.T.);
#386=EDGE_LOOP('',(#1481,#1482,#1483,#1484,#1485,#1486,#1487));
#387=FACE_BOUND('',#388,.T.);
#388=EDGE_LOOP('',(#1488));
#389=PLANE('',#390);
#390=AXIS2_PLACEMENT_3D('',#391,#392,#393);
#391=CARTESIAN_POINT('',(-6.09019204069655,-16.6169147405347,0.));
#392=DIRECTION('',(-0.707106781190427,-0.707106781182668,0.));
#393=DIRECTION('',(0.707106781182668,-0.707106781190427,0.));
#394=FACE_BOUND('',#395,.T.);
#395=EDGE_LOOP('',(#1489,#1490,#1491,#1492));
#396=TOROIDAL_SURFACE('',#397,7.05,1.);
#397=AXIS2_PLACEMENT_3D('',#398,#399,#400);
#398=CARTESIAN_POINT('',(-10.,-12.,18.));
#399=DIRECTION('',(0.,0.,1.));
#400=DIRECTION('',(0.710633461541067,-0.703562423199363,0.));
#401=FACE_BOUND('',#402,.T.);
#402=EDGE_LOOP('',(#1493,#1494,#1495,#1496,#1497,#1498,#1499,#1500));
#403=FACE_BOUND('',#404,.T.);
#404=EDGE_LOOP('',(#1501));
#405=PLANE('',#406);
#406=AXIS2_PLACEMENT_3D('',#407,#408,#409);
#407=CARTESIAN_POINT('',(0.707106781190252,-22.0000000001152,0.));
#408=DIRECTION('',(0.707106781190427,0.707106781182668,0.));
#409=DIRECTION('',(-0.707106781182668,0.707106781190427,0.));
#410=FACE_BOUND('',#411,.T.);
#411=EDGE_LOOP('',(#1502,#1503,#1504,#1505,#1506,#1507,#1508,#1509));
#412=PLANE('',#413);
#413=AXIS2_PLACEMENT_3D('',#414,#415,#416);
#414=CARTESIAN_POINT('',(-7.34788079488412E-15,-60.,0.));
#415=DIRECTION('',(1.,-1.22464679914735E-16,0.));
#416=DIRECTION('',(1.22464679914735E-16,1.,0.));
#417=FACE_BOUND('',#418,.T.);
#418=EDGE_LOOP('',(#1510,#1511,#1512,#1513));
#419=CYLINDRICAL_SURFACE('',#420,10.);
#420=AXIS2_PLACEMENT_3D('',#421,#422,#423);
#421=CARTESIAN_POINT('',(-10.,-12.,0.));
#422=DIRECTION('',(0.,0.,-1.));
#423=DIRECTION('',(0.200000000000006,0.97979589711327,0.));
#424=FACE_BOUND('',#425,.T.);
#425=EDGE_LOOP('',(#1514,#1515,#1516,#1517));
#426=PLANE('',#427);
#427=AXIS2_PLACEMENT_3D('',#428,#429,#430);
#428=CARTESIAN_POINT('',(-8.,9.79717439317883E-16,0.));
#429=DIRECTION('',(-1.,0.,0.));
#430=DIRECTION('',(0.,-1.,0.));
#431=FACE_BOUND('',#432,.T.);
#432=EDGE_LOOP('',(#1518,#1519,#1520,#1521));
#433=CYLINDRICAL_SURFACE('',#434,1.5);
#434=AXIS2_PLACEMENT_3D('',#435,#436,#437);
#435=CARTESIAN_POINT('',(-9.5,-1.5,-6.));
#436=DIRECTION('',(0.,7.16272919113004E-18,1.));
#437=DIRECTION('',(1.,0.,0.));
#438=FACE_BOUND('',#439,.T.);
#439=EDGE_LOOP('',(#1522,#1523,#1524,#1525));
#440=FACE_BOUND('',#441,.T.);
#441=EDGE_LOOP('',(#1526));
#442=FACE_BOUND('',#443,.T.);
#443=EDGE_LOOP('',(#1527));
#444=FACE_BOUND('',#445,.T.);
#445=EDGE_LOOP('',(#1528));
#446=FACE_BOUND('',#447,.T.);
#447=EDGE_LOOP('',(#1529));
#448=FACE_BOUND('',#449,.T.);
#449=EDGE_LOOP('',(#1530));
#450=FACE_BOUND('',#451,.T.);
#451=EDGE_LOOP('',(#1531));
#452=FACE_BOUND('',#453,.T.);
#453=EDGE_LOOP('',(#1532));
#454=FACE_BOUND('',#455,.T.);
#455=EDGE_LOOP('',(#1533));
#456=PLANE('',#457);
#457=AXIS2_PLACEMENT_3D('',#458,#459,#460);
#458=CARTESIAN_POINT('',(0.,0.,0.));
#459=DIRECTION('',(1.22464679914735E-16,1.,0.));
#460=DIRECTION('',(-1.,1.22464679914735E-16,0.));
#461=FACE_BOUND('',#462,.T.);
#462=EDGE_LOOP('',(#1534,#1535,#1536,#1537));
#463=PLANE('',#464);
#464=AXIS2_PLACEMENT_3D('',#465,#466,#467);
#465=CARTESIAN_POINT('',(-52.005156511342,-20.3691175420758,5.7));
#466=DIRECTION('',(0.707106781182666,0.707106781190429,0.));
#467=DIRECTION('',(-0.707106781190429,0.707106781182666,0.));
#468=FACE_BOUND('',#469,.T.);
#469=EDGE_LOOP('',(#1538,#1539,#1540,#1541));
#470=FACE_BOUND('',#471,.T.);
#471=EDGE_LOOP('',(#1542));
#472=PLANE('',#473);
#473=AXIS2_PLACEMENT_3D('',#474,#475,#476);
#474=CARTESIAN_POINT('',(-56.247797198438,-24.6117582292183,5.7));
#475=DIRECTION('',(0.707106781190426,-0.707106781182669,0.));
#476=DIRECTION('',(0.707106781182669,0.707106781190426,0.));
#477=FACE_BOUND('',#478,.T.);
#478=EDGE_LOOP('',(#1543,#1544,#1545,#1546));
#479=PLANE('',#480);
#480=AXIS2_PLACEMENT_3D('',#481,#482,#483);
#481=CARTESIAN_POINT('',(-57.6620107608189,-23.197544666853,5.7));
#482=DIRECTION('',(-0.707106781182669,-0.707106781190426,0.));
#483=DIRECTION('',(0.707106781190426,-0.707106781182669,0.));
#484=FACE_BOUND('',#485,.T.);
#485=EDGE_LOOP('',(#1547,#1548,#1549,#1550));
#486=FACE_BOUND('',#487,.T.);
#487=EDGE_LOOP('',(#1551));
#488=PLANE('',#489);
#489=AXIS2_PLACEMENT_3D('',#490,#491,#492);
#490=CARTESIAN_POINT('',(-53.4193700737229,-18.9549039797104,5.7));
#491=DIRECTION('',(-0.707106781190427,0.707106781182668,0.));
#492=DIRECTION('',(-0.707106781182668,-0.707106781190427,0.));
#493=FACE_BOUND('',#494,.T.);
#494=EDGE_LOOP('',(#1552,#1553,#1554,#1555));
#495=PLANE('',#496);
#496=AXIS2_PLACEMENT_3D('',#497,#498,#499);
#497=CARTESIAN_POINT('',(-6.58062992627713,-18.9549039797105,5.7));
#498=DIRECTION('',(-0.707106781182667,0.707106781190428,0.));
#499=DIRECTION('',(-0.707106781190428,-0.707106781182667,0.));
#500=FACE_BOUND('',#501,.T.);
#501=EDGE_LOOP('',(#1556,#1557,#1558,#1559));
#502=FACE_BOUND('',#503,.T.);
#503=EDGE_LOOP('',(#1560));
#504=PLANE('',#505);
#505=AXIS2_PLACEMENT_3D('',#506,#507,#508);
#506=CARTESIAN_POINT('',(-2.33798923918112,-23.197544666853,5.7));
#507=DIRECTION('',(0.707106781190426,0.707106781182669,0.));
#508=DIRECTION('',(-0.707106781182669,0.707106781190426,0.));
#509=FACE_BOUND('',#510,.T.);
#510=EDGE_LOOP('',(#1561,#1562,#1563,#1564));
#511=PLANE('',#512);
#512=AXIS2_PLACEMENT_3D('',#513,#514,#515);
#513=CARTESIAN_POINT('',(-3.75220280156198,-24.6117582292183,5.7));
#514=DIRECTION('',(0.707106781182668,-0.707106781190427,0.));
#515=DIRECTION('',(0.707106781190427,0.707106781182668,0.));
#516=FACE_BOUND('',#517,.T.);
#517=EDGE_LOOP('',(#1565,#1566,#1567,#1568));
#518=FACE_BOUND('',#519,.T.);
#519=EDGE_LOOP('',(#1569));
#520=PLANE('',#521);
#521=AXIS2_PLACEMENT_3D('',#522,#523,#524);
#522=CARTESIAN_POINT('',(-7.99484348865799,-20.3691175420758,5.7));
#523=DIRECTION('',(-0.707106781190427,-0.707106781182668,0.));
#524=DIRECTION('',(0.707106781182668,-0.707106781190427,0.));
#525=FACE_OUTER_BOUND('',#526,.T.);
#526=EDGE_LOOP('',(#1570));
#527=FACE_OUTER_BOUND('',#528,.T.);
#528=EDGE_LOOP('',(#1571));
#529=CYLINDRICAL_SURFACE('',#530,11.1);
#530=AXIS2_PLACEMENT_3D('',#531,#532,#533);
#531=CARTESIAN_POINT('',(-30.,-12.,7.));
#532=DIRECTION('',(0.,0.,1.));
#533=DIRECTION('',(-1.,1.22464679914735E-16,0.));
#534=FACE_BOUND('',#535,.T.);
#535=EDGE_LOOP('',(#1572));
#536=PLANE('',#537);
#537=AXIS2_PLACEMENT_3D('',#538,#539,#540);
#538=CARTESIAN_POINT('',(0.,0.,11.));
#539=DIRECTION('',(0.,0.,1.));
#540=DIRECTION('',(-1.,1.22464679914735E-16,0.));
#541=FACE_BOUND('',#542,.T.);
#542=EDGE_LOOP('',(#1573));
#543=PLANE('',#544);
#544=AXIS2_PLACEMENT_3D('',#545,#546,#547);
#545=CARTESIAN_POINT('',(0.,0.,11.));
#546=DIRECTION('',(0.,0.,1.));
#547=DIRECTION('',(-1.,1.22464679914735E-16,0.));
#548=FACE_BOUND('',#549,.T.);
#549=EDGE_LOOP('',(#1574));
#550=PLANE('',#551);
#551=AXIS2_PLACEMENT_3D('',#552,#553,#554);
#552=CARTESIAN_POINT('',(0.,0.,11.));
#553=DIRECTION('',(0.,0.,1.));
#554=DIRECTION('',(-1.,1.22464679914735E-16,0.));
#555=FACE_BOUND('',#556,.T.);
#556=EDGE_LOOP('',(#1575));
#557=PLANE('',#558);
#558=AXIS2_PLACEMENT_3D('',#559,#560,#561);
#559=CARTESIAN_POINT('',(0.,0.,11.));
#560=DIRECTION('',(0.,0.,1.));
#561=DIRECTION('',(-1.,1.22464679914735E-16,0.));
#562=FACE_BOUND('',#563,.T.);
#563=EDGE_LOOP('',(#1576,#1577,#1578,#1579,#1580,#1581,#1582,#1583,#1584,#1585,#1586,
#1587,#1588,#1589,#1590,#1591,#1592,#1593));
#564=FACE_BOUND('',#565,.T.);
#565=EDGE_LOOP('',(#1594,#1595,#1596,#1597,#1598,#1599,#1600,#1601,#1602,#1603,#1604,
#1605,#1606,#1607,#1608,#1609,#1610,#1611,#1612,#1613,#1614,#1615,#1616,#1617));
#566=PLANE('',#567);
#567=AXIS2_PLACEMENT_3D('',#568,#569,#570);
#568=CARTESIAN_POINT('',(0.,0.,0.));
#569=DIRECTION('',(0.,0.,1.));
#570=DIRECTION('',(-1.,1.22464679914735E-16,0.));
#571=FACE_BOUND('',#572,.T.);
#572=EDGE_LOOP('',(#1618,#1619,#1620,#1621));
#573=PLANE('',#574);
#574=AXIS2_PLACEMENT_3D('',#575,#576,#577);
#575=CARTESIAN_POINT('',(-60.,-0.807611844632081,3.19358390928249));
#576=DIRECTION('',(-0.707106781186548,7.73318816281711E-17,-0.707106781186547));
#577=DIRECTION('',(-2.1872759160478E-16,-1.,1.0936379580239E-16));
#578=FACE_BOUND('',#579,.T.);
#579=EDGE_LOOP('',(#1622,#1623,#1624,#1625,#1626,#1627));
#580=FACE_BOUND('',#581,.T.);
#581=EDGE_LOOP('',(#1628));
#582=PLANE('',#583);
#583=AXIS2_PLACEMENT_3D('',#584,#585,#586);
#584=CARTESIAN_POINT('',(-23.5961940780131,23.5961940777542,-6.32918641993656E-43));
#585=DIRECTION('',(0.707106781190427,-0.707106781182668,0.));
#586=DIRECTION('',(-0.707106781182668,-0.707106781190427,1.22464679914735E-16));
#587=FACE_BOUND('',#588,.T.);
#588=EDGE_LOOP('',(#1629,#1630,#1631,#1632));
#589=PLANE('',#590);
#590=AXIS2_PLACEMENT_3D('',#591,#592,#593);
#591=CARTESIAN_POINT('',(-60.,-33.2928932189172,15.8064160907175));
#592=DIRECTION('',(-0.707106781186546,1.54663763256341E-16,0.707106781186549));
#593=DIRECTION('',(2.1872759160478E-16,1.,0.));
#594=FACE_BOUND('',#595,.T.);
#595=EDGE_LOOP('',(#1633,#1634,#1635,#1636,#1637,#1638));
#596=PLANE('',#597);
#597=AXIS2_PLACEMENT_3D('',#598,#599,#600);
#598=CARTESIAN_POINT('',(-64.2426406871426,-17.0502525318212,12.8064160907175));
#599=DIRECTION('',(-0.707106781182668,-0.707106781190427,0.));
#600=DIRECTION('',(0.,0.,-1.));
#601=FACE_BOUND('',#602,.T.);
#602=EDGE_LOOP('',(#1639,#1640,#1641,#1642));
#603=TOROIDAL_SURFACE('',#604,7.05,1.);
#604=AXIS2_PLACEMENT_3D('',#605,#606,#607);
#605=CARTESIAN_POINT('',(-50.,-12.,1.));
#606=DIRECTION('',(0.,0.,1.));
#607=DIRECTION('',(-0.703562423191911,-0.710633461548445,0.));
#608=FACE_BOUND('',#609,.T.);
#609=EDGE_LOOP('',(#1643,#1644,#1645,#1646));
#610=CYLINDRICAL_SURFACE('',#611,6.05);
#611=AXIS2_PLACEMENT_3D('',#612,#613,#614);
#612=CARTESIAN_POINT('',(-50.,-12.,0.));
#613=DIRECTION('',(0.,0.,1.));
#614=DIRECTION('',(-0.646249249471652,-0.763126403394173,0.));
#615=FACE_OUTER_BOUND('',#616,.T.);
#616=EDGE_LOOP('',(#1647));
#617=FACE_OUTER_BOUND('',#618,.T.);
#618=EDGE_LOOP('',(#1648));
#619=CYLINDRICAL_SURFACE('',#620,1.75);
#620=AXIS2_PLACEMENT_3D('',#621,#622,#623);
#621=CARTESIAN_POINT('',(-49.8838361677475,-26.7330785727431,9.5));
#622=DIRECTION('',(-0.707106781190427,0.707106781182668,1.05486440332276E-43));
#623=DIRECTION('',(-0.707106781182668,-0.707106781190427,-1.22464679914735E-16));
#624=FACE_BOUND('',#625,.T.);
#625=EDGE_LOOP('',(#1649,#1650,#1651,#1652));
#626=CYLINDRICAL_SURFACE('',#627,1.5);
#627=AXIS2_PLACEMENT_3D('',#628,#629,#630);
#628=CARTESIAN_POINT('',(-58.5,-10.7071067812981,1.5));
#629=DIRECTION('',(2.64177177781198E-16,1.,0.));
#630=DIRECTION('',(4.736951571734E-15,-1.2513944975069E-30,-1.));
#631=FACE_OUTER_BOUND('',#632,.T.);
#632=EDGE_LOOP('',(#1653));
#633=FACE_OUTER_BOUND('',#634,.T.);
#634=EDGE_LOOP('',(#1654));
#635=CYLINDRICAL_SURFACE('',#636,1.75);
#636=AXIS2_PLACEMENT_3D('',#637,#638,#639);
#637=CARTESIAN_POINT('',(-49.8838361677475,-26.7330785727431,9.5));
#638=DIRECTION('',(-0.707106781190427,0.707106781182668,1.05486440332276E-43));
#639=DIRECTION('',(-0.707106781182668,-0.707106781190427,-1.22464679914735E-16));
#640=FACE_BOUND('',#641,.T.);
#641=EDGE_LOOP('',(#1655,#1656,#1657,#1658));
#642=CYLINDRICAL_SURFACE('',#643,1.5);
#643=AXIS2_PLACEMENT_3D('',#644,#645,#646);
#644=CARTESIAN_POINT('',(-58.5,-58.5,-6.));
#645=DIRECTION('',(0.,-4.17966315153E-16,-1.));
#646=DIRECTION('',(0.,-1.,4.17966315153E-16));
#647=FACE_BOUND('',#648,.T.);
#648=EDGE_LOOP('',(#1659,#1660,#1661,#1662));
#649=CYLINDRICAL_SURFACE('',#650,1.5);
#650=AXIS2_PLACEMENT_3D('',#651,#652,#653);
#651=CARTESIAN_POINT('',(-58.5,-26.,3.5));
#652=DIRECTION('',(-1.84556554742883E-16,-1.,0.));
#653=DIRECTION('',(-4.736951571734E-15,8.74235462063113E-31,1.));
#654=FACE_BOUND('',#655,.T.);
#655=EDGE_LOOP('',(#1663,#1664,#1665,#1666));
#656=CYLINDRICAL_SURFACE('',#657,1.5);
#657=AXIS2_PLACEMENT_3D('',#658,#659,#660);
#658=CARTESIAN_POINT('',(-58.5,-30.5,25.));
#659=DIRECTION('',(0.,-1.36642833800019E-16,-1.));
#660=DIRECTION('',(0.,-1.,1.36642833800018E-16));
#661=FACE_BOUND('',#662,.T.);
#662=EDGE_LOOP('',(#1667,#1668,#1669,#1670));
#663=PLANE('',#664);
#664=AXIS2_PLACEMENT_3D('',#665,#666,#667);
#665=CARTESIAN_POINT('',(-61.,-32.,5.));
#666=DIRECTION('',(1.16482415698377E-16,1.,0.));
#667=DIRECTION('',(0.,0.,1.));
#668=FACE_BOUND('',#669,.T.);
#669=EDGE_LOOP('',(#1671,#1672,#1673,#1674));
#670=CYLINDRICAL_SURFACE('',#671,1.5);
#671=AXIS2_PLACEMENT_3D('',#672,#673,#674);
#672=CARTESIAN_POINT('',(-64.5,-58.5,3.5));
#673=DIRECTION('',(1.,0.,0.));
#674=DIRECTION('',(0.,0.,1.));
#675=FACE_BOUND('',#676,.T.);
#676=EDGE_LOOP('',(#1675,#1676,#1677,#1678,#1679,#1680,#1681,#1682,#1683,#1684,#1685,
#1686));
#677=PLANE('',#678);
#678=AXIS2_PLACEMENT_3D('',#679,#680,#681);
#679=CARTESIAN_POINT('',(-60.,-60.,0.));
#680=DIRECTION('',(-1.1842378929335E-16,-1.,0.));
#681=DIRECTION('',(1.,-1.1842378929335E-16,0.));
#682=FACE_BOUND('',#683,.T.);
#683=EDGE_LOOP('',(#1687,#1688,#1689,#1690));
#684=PLANE('',#685);
#685=AXIS2_PLACEMENT_3D('',#686,#687,#688);
#686=CARTESIAN_POINT('',(-61.,-60.,5.));
#687=DIRECTION('',(0.,0.,-1.));
#688=DIRECTION('',(0.,1.,0.));
#689=FACE_BOUND('',#690,.T.);
#690=EDGE_LOOP('',(#1691,#1692,#1693,#1694));
#691=CYLINDRICAL_SURFACE('',#692,1.5);
#692=AXIS2_PLACEMENT_3D('',#693,#694,#695);
#693=CARTESIAN_POINT('',(-54.,-58.5,3.5));
#694=DIRECTION('',(1.,-1.48029736616688E-16,0.));
#695=DIRECTION('',(0.,7.01209693529788E-31,1.));
#696=FACE_BOUND('',#697,.T.);
#697=EDGE_LOOP('',(#1695,#1696,#1697,#1698));
#698=PLANE('',#699);
#699=AXIS2_PLACEMENT_3D('',#700,#701,#702);
#700=CARTESIAN_POINT('',(-61.,-60.,5.));
#701=DIRECTION('',(0.,0.,-1.));
#702=DIRECTION('',(0.,1.,0.));
#703=FACE_BOUND('',#704,.T.);
#704=EDGE_LOOP('',(#1699,#1700,#1701,#1702));
#705=PLANE('',#706);
#706=AXIS2_PLACEMENT_3D('',#707,#708,#709);
#707=CARTESIAN_POINT('',(-61.,-32.,5.));
#708=DIRECTION('',(1.16482415698377E-16,1.,0.));
#709=DIRECTION('',(0.,0.,1.));
#710=FACE_BOUND('',#711,.T.);
#711=EDGE_LOOP('',(#1703,#1704,#1705,#1706));
#712=CYLINDRICAL_SURFACE('',#713,1.5);
#713=AXIS2_PLACEMENT_3D('',#714,#715,#716);
#714=CARTESIAN_POINT('',(-27.,-58.5,3.5));
#715=DIRECTION('',(1.,0.,0.));
#716=DIRECTION('',(0.,0.,1.));
#717=FACE_BOUND('',#718,.T.);
#718=EDGE_LOOP('',(#1707,#1708,#1709,#1710));
#719=PLANE('',#720);
#720=AXIS2_PLACEMENT_3D('',#721,#722,#723);
#721=CARTESIAN_POINT('',(-61.,-60.,5.));
#722=DIRECTION('',(0.,0.,-1.));
#723=DIRECTION('',(0.,1.,0.));
#724=FACE_BOUND('',#725,.T.);
#725=EDGE_LOOP('',(#1711,#1712,#1713,#1714));
#726=PLANE('',#727);
#727=AXIS2_PLACEMENT_3D('',#728,#729,#730);
#728=CARTESIAN_POINT('',(-61.,-32.,5.));
#729=DIRECTION('',(1.16482415698377E-16,1.,0.));
#730=DIRECTION('',(0.,0.,1.));
#731=FACE_BOUND('',#732,.T.);
#732=EDGE_LOOP('',(#1715,#1716,#1717,#1718));
#733=CYLINDRICAL_SURFACE('',#734,1.5);
#734=AXIS2_PLACEMENT_3D('',#735,#736,#737);
#735=CARTESIAN_POINT('',(-1.5,-30.5,-1.));
#736=DIRECTION('',(0.,0.,1.));
#737=DIRECTION('',(1.1842378929335E-15,-1.,0.));
#738=FACE_BOUND('',#739,.T.);
#739=EDGE_LOOP('',(#1719,#1720,#1721,#1722));
#740=CYLINDRICAL_SURFACE('',#741,1.5);
#741=AXIS2_PLACEMENT_3D('',#742,#743,#744);
#742=CARTESIAN_POINT('',(-1.50000000000001,-64.5,3.5));
#743=DIRECTION('',(6.34413156928661E-17,1.,0.));
#744=DIRECTION('',(2.96059473233375E-16,-1.87824025052622E-32,1.));
#745=FACE_BOUND('',#746,.T.);
#746=EDGE_LOOP('',(#1723,#1724,#1725,#1726));
#747=CYLINDRICAL_SURFACE('',#748,1.5);
#748=AXIS2_PLACEMENT_3D('',#749,#750,#751);
#749=CARTESIAN_POINT('',(-1.5,-58.5,-6.));
#750=DIRECTION('',(4.17966315153E-16,0.,-1.));
#751=DIRECTION('',(1.,0.,4.17966315153E-16));
#752=FACE_BOUND('',#753,.T.);
#753=EDGE_LOOP('',(#1727,#1728,#1729,#1730));
#754=CYLINDRICAL_SURFACE('',#755,1.5);
#755=AXIS2_PLACEMENT_3D('',#756,#757,#758);
#756=CARTESIAN_POINT('',(-1.50000000000001,-64.5,1.5));
#757=DIRECTION('',(-1.23833052084936E-16,-1.,0.));
#758=DIRECTION('',(0.,0.,-1.));
#759=FACE_BOUND('',#760,.T.);
#760=EDGE_LOOP('',(#1731,#1732,#1733,#1734));
#761=TOROIDAL_SURFACE('',#762,7.05,1.);
#762=AXIS2_PLACEMENT_3D('',#763,#764,#765);
#763=CARTESIAN_POINT('',(-10.,-12.,1.));
#764=DIRECTION('',(0.,0.,1.));
#765=DIRECTION('',(0.710633461541067,-0.703562423199363,0.));
#766=FACE_BOUND('',#767,.T.);
#767=EDGE_LOOP('',(#1735,#1736,#1737,#1738));
#768=CYLINDRICAL_SURFACE('',#769,6.05);
#769=AXIS2_PLACEMENT_3D('',#770,#771,#772);
#770=CARTESIAN_POINT('',(-10.,-12.,0.));
#771=DIRECTION('',(0.,0.,1.));
#772=DIRECTION('',(0.763126403387396,-0.646249249479654,0.));
#773=FACE_OUTER_BOUND('',#774,.T.);
#774=EDGE_LOOP('',(#1739));
#775=FACE_OUTER_BOUND('',#776,.T.);
#776=EDGE_LOOP('',(#1740));
#777=CYLINDRICAL_SURFACE('',#778,1.75);
#778=AXIS2_PLACEMENT_3D('',#779,#780,#781);
#779=CARTESIAN_POINT('',(-10.1161638322525,-26.7330785727431,9.5));
#780=DIRECTION('',(0.707106781190427,0.707106781182668,0.));
#781=DIRECTION('',(4.32978028115371E-17,-4.32978028120122E-17,1.));
#782=FACE_BOUND('',#783,.T.);
#783=EDGE_LOOP('',(#1741,#1742,#1743,#1744,#1745,#1746));
#784=PLANE('',#785);
#785=AXIS2_PLACEMENT_3D('',#786,#787,#788);
#786=CARTESIAN_POINT('',(4.24264068714256,-17.0502525318212,6.19358390928247));
#787=DIRECTION('',(0.707106781182668,-0.707106781190427,0.));
#788=DIRECTION('',(0.,0.,1.));
#789=FACE_OUTER_BOUND('',#790,.T.);
#790=EDGE_LOOP('',(#1747));
#791=FACE_OUTER_BOUND('',#792,.T.);
#792=EDGE_LOOP('',(#1748));
#793=CYLINDRICAL_SURFACE('',#794,1.75);
#794=AXIS2_PLACEMENT_3D('',#795,#796,#797);
#795=CARTESIAN_POINT('',(-10.1161638322525,-26.7330785727431,9.5));
#796=DIRECTION('',(0.707106781190427,0.707106781182668,0.));
#797=DIRECTION('',(4.32978028115371E-17,-4.32978028120122E-17,1.));
#798=FACE_BOUND('',#799,.T.);
#799=EDGE_LOOP('',(#1749,#1750,#1751,#1752));
#800=PLANE('',#801);
#801=AXIS2_PLACEMENT_3D('',#802,#803,#804);
#802=CARTESIAN_POINT('',(-9.8903926048218E-17,-0.807611844632092,15.8064160907175));
#803=DIRECTION('',(0.707106781186548,-1.6392748725172E-16,0.707106781186547));
#804=DIRECTION('',(-1.22464679914735E-16,-1.,-1.0936379580239E-16));
#805=FACE_BOUND('',#806,.T.);
#806=EDGE_LOOP('',(#1753,#1754,#1755,#1756,#1757,#1758));
#807=FACE_BOUND('',#808,.T.);
#808=EDGE_LOOP('',(#1759));
#809=PLANE('',#810);
#810=AXIS2_PLACEMENT_3D('',#811,#812,#813);
#811=CARTESIAN_POINT('',(-6.40380592231605,-6.40380592224578,0.));
#812=DIRECTION('',(-0.707106781190427,-0.707106781182668,1.23259516440783E-32));
#813=DIRECTION('',(-0.707106781182668,0.707106781190427,1.22464679914735E-16));
#814=FACE_BOUND('',#815,.T.);
#815=EDGE_LOOP('',(#1760,#1761,#1762,#1763));
#816=PLANE('',#817);
#817=AXIS2_PLACEMENT_3D('',#818,#819,#820);
#818=CARTESIAN_POINT('',(-4.07720351149016E-15,-33.2928932189172,3.19358390928247));
#819=DIRECTION('',(0.707106781186548,1.45400039260963E-16,-0.707106781186547));
#820=DIRECTION('',(1.22464679914735E-16,1.,3.2809138740717E-16));
#821=FACE_OUTER_BOUND('',#822,.T.);
#822=EDGE_LOOP('',(#1764));
#823=FACE_OUTER_BOUND('',#824,.T.);
#824=EDGE_LOOP('',(#1765));
#825=CYLINDRICAL_SURFACE('',#826,0.9);
#826=AXIS2_PLACEMENT_3D('',#827,#828,#829);
#827=CARTESIAN_POINT('',(-11.15,-5.,7.));
#828=DIRECTION('',(1.22464679914735E-16,1.,0.));
#829=DIRECTION('',(6.12323399573677E-17,-7.49879891330929E-33,-1.));
#830=FACE_OUTER_BOUND('',#831,.T.);
#831=EDGE_LOOP('',(#1766));
#832=FACE_OUTER_BOUND('',#833,.T.);
#833=EDGE_LOOP('',(#1767));
#834=CYLINDRICAL_SURFACE('',#835,0.9);
#835=AXIS2_PLACEMENT_3D('',#836,#837,#838);
#836=CARTESIAN_POINT('',(-11.15,-5.,12.));
#837=DIRECTION('',(1.22464679914735E-16,1.,0.));
#838=DIRECTION('',(6.12323399573677E-17,-7.49879891330929E-33,-1.));
#839=FACE_OUTER_BOUND('',#840,.T.);
#840=EDGE_LOOP('',(#1768));
#841=FACE_OUTER_BOUND('',#842,.T.);
#842=EDGE_LOOP('',(#1769));
#843=CYLINDRICAL_SURFACE('',#844,0.9);
#844=AXIS2_PLACEMENT_3D('',#845,#846,#847);
#845=CARTESIAN_POINT('',(-17.65,-5.,7.));
#846=DIRECTION('',(1.22464679914735E-16,1.,0.));
#847=DIRECTION('',(6.12323399573677E-17,-7.49879891330929E-33,-1.));
#848=FACE_OUTER_BOUND('',#849,.T.);
#849=EDGE_LOOP('',(#1770));
#850=FACE_OUTER_BOUND('',#851,.T.);
#851=EDGE_LOOP('',(#1771));
#852=CYLINDRICAL_SURFACE('',#853,0.9);
#853=AXIS2_PLACEMENT_3D('',#854,#855,#856);
#854=CARTESIAN_POINT('',(-17.65,-5.,12.));
#855=DIRECTION('',(1.22464679914735E-16,1.,0.));
#856=DIRECTION('',(6.12323399573677E-17,-7.49879891330929E-33,-1.));
#857=FACE_OUTER_BOUND('',#858,.T.);
#858=EDGE_LOOP('',(#1772));
#859=FACE_OUTER_BOUND('',#860,.T.);
#860=EDGE_LOOP('',(#1773));
#861=CYLINDRICAL_SURFACE('',#862,0.9);
#862=AXIS2_PLACEMENT_3D('',#863,#864,#865);
#863=CARTESIAN_POINT('',(-48.85,-4.99999999999999,6.99999999999999));
#864=DIRECTION('',(1.22464679914735E-16,1.,0.));
#865=DIRECTION('',(6.12323399573677E-17,-7.49879891330929E-33,-1.));
#866=FACE_OUTER_BOUND('',#867,.T.);
#867=EDGE_LOOP('',(#1774));
#868=FACE_OUTER_BOUND('',#869,.T.);
#869=EDGE_LOOP('',(#1775));
#870=CYLINDRICAL_SURFACE('',#871,0.9);
#871=AXIS2_PLACEMENT_3D('',#872,#873,#874);
#872=CARTESIAN_POINT('',(-42.35,-4.99999999999999,6.99999999999999));
#873=DIRECTION('',(1.22464679914735E-16,1.,0.));
#874=DIRECTION('',(6.12323399573677E-17,-7.49879891330929E-33,-1.));
#875=FACE_OUTER_BOUND('',#876,.T.);
#876=EDGE_LOOP('',(#1776));
#877=FACE_OUTER_BOUND('',#878,.T.);
#878=EDGE_LOOP('',(#1777));
#879=CYLINDRICAL_SURFACE('',#880,0.9);
#880=AXIS2_PLACEMENT_3D('',#881,#882,#883);
#881=CARTESIAN_POINT('',(-48.85,-4.99999999999999,12.));
#882=DIRECTION('',(1.22464679914735E-16,1.,0.));
#883=DIRECTION('',(6.12323399573677E-17,-7.49879891330929E-33,-1.));
#884=FACE_OUTER_BOUND('',#885,.T.);
#885=EDGE_LOOP('',(#1778));
#886=FACE_OUTER_BOUND('',#887,.T.);
#887=EDGE_LOOP('',(#1779));
#888=CYLINDRICAL_SURFACE('',#889,0.9);
#889=AXIS2_PLACEMENT_3D('',#890,#891,#892);
#890=CARTESIAN_POINT('',(-42.35,-4.99999999999999,12.));
#891=DIRECTION('',(1.22464679914735E-16,1.,0.));
#892=DIRECTION('',(6.12323399573677E-17,-7.49879891330929E-33,-1.));
#893=FACE_BOUND('',#894,.T.);
#894=EDGE_LOOP('',(#1780,#1781,#1782,#1783));
#895=PLANE('',#896);
#896=AXIS2_PLACEMENT_3D('',#897,#898,#899);
#897=CARTESIAN_POINT('',(0.,0.,6.7));
#898=DIRECTION('',(0.,0.,1.));
#899=DIRECTION('',(1.,0.,0.));
#900=FACE_OUTER_BOUND('',#901,.T.);
#901=EDGE_LOOP('',(#1784));
#902=FACE_OUTER_BOUND('',#903,.T.);
#903=EDGE_LOOP('',(#1785));
#904=CYLINDRICAL_SURFACE('',#905,1.75);
#905=AXIS2_PLACEMENT_3D('',#906,#907,#908);
#906=CARTESIAN_POINT('',(-49.8838361677475,-26.7330785727431,9.5));
#907=DIRECTION('',(-0.707106781190427,0.707106781182668,1.05486440332276E-43));
#908=DIRECTION('',(-0.707106781182668,-0.707106781190427,-1.22464679914735E-16));
#909=FACE_BOUND('',#910,.T.);
#910=EDGE_LOOP('',(#1786,#1787,#1788,#1789));
#911=PLANE('',#912);
#912=AXIS2_PLACEMENT_3D('',#913,#914,#915);
#913=CARTESIAN_POINT('',(0.,0.,6.7));
#914=DIRECTION('',(0.,0.,1.));
#915=DIRECTION('',(1.,0.,0.));
#916=FACE_OUTER_BOUND('',#917,.T.);
#917=EDGE_LOOP('',(#1790));
#918=FACE_OUTER_BOUND('',#919,.T.);
#919=EDGE_LOOP('',(#1791));
#920=CYLINDRICAL_SURFACE('',#921,1.75);
#921=AXIS2_PLACEMENT_3D('',#922,#923,#924);
#922=CARTESIAN_POINT('',(-10.1161638322525,-26.7330785727431,9.5));
#923=DIRECTION('',(0.707106781190427,0.707106781182668,0.));
#924=DIRECTION('',(4.32978028115371E-17,-4.32978028120122E-17,1.));
#925=FACE_BOUND('',#926,.T.);
#926=EDGE_LOOP('',(#1792));
#927=FACE_BOUND('',#928,.T.);
#928=EDGE_LOOP('',(#1793));
#929=FACE_BOUND('',#930,.T.);
#930=EDGE_LOOP('',(#1794));
#931=FACE_BOUND('',#932,.T.);
#932=EDGE_LOOP('',(#1795));
#933=FACE_BOUND('',#934,.T.);
#934=EDGE_LOOP('',(#1796));
#935=FACE_BOUND('',#936,.T.);
#936=EDGE_LOOP('',(#1797));
#937=PLANE('',#938);
#938=AXIS2_PLACEMENT_3D('',#939,#940,#941);
#939=CARTESIAN_POINT('',(0.,0.,7.));
#940=DIRECTION('',(0.,0.,1.));
#941=DIRECTION('',(-1.,1.22464679914735E-16,0.));
#942=FACE_BOUND('',#943,.T.);
#943=EDGE_LOOP('',(#1798,#1799,#1800,#1801));
#944=CYLINDRICAL_SURFACE('',#945,1.5);
#945=AXIS2_PLACEMENT_3D('',#946,#947,#948);
#946=CARTESIAN_POINT('',(-64.5,-58.5,1.5));
#947=DIRECTION('',(-1.,2.05954416162348E-16,0.));
#948=DIRECTION('',(0.,0.,-1.));
#949=FACE_BOUND('',#950,.T.);
#950=EDGE_LOOP('',(#1802,#1803,#1804,#1805,#1806));
#951=PLANE('',#952);
#952=AXIS2_PLACEMENT_3D('',#953,#954,#955);
#953=CARTESIAN_POINT('',(-35.2,-13.6165807537309,2.6));
#954=DIRECTION('',(0.500000000000004,-0.866025403784436,0.));
#955=DIRECTION('',(-0.866025403784436,-0.500000000000004,0.));
#956=FACE_BOUND('',#957,.T.);
#957=EDGE_LOOP('',(#1807,#1808,#1809,#1810,#1811,#1812,#1813,#1814,#1815,#1816,#1817,
#1818,#1819,#1820,#1821,#1822,#1823));
#958=FACE_OUTER_BOUND('',#959,.T.);
#959=EDGE_LOOP('',(#1824));
#960=TOROIDAL_SURFACE('',#961,5.5,1.);
#961=AXIS2_PLACEMENT_3D('',#962,#963,#964);
#962=CARTESIAN_POINT('',(-30.,-12.,1.));
#963=DIRECTION('',(0.,0.,1.));
#964=DIRECTION('',(-1.,0.,0.));
#965=FACE_BOUND('',#966,.T.);
#966=EDGE_LOOP('',(#1825,#1826,#1827,#1828,#1829));
#967=PLANE('',#968);
#968=AXIS2_PLACEMENT_3D('',#969,#970,#971);
#969=CARTESIAN_POINT('',(-33.2331615074619,-20.,2.6));
#970=DIRECTION('',(-0.86602540378444,0.499999999999997,0.));
#971=DIRECTION('',(0.499999999999997,0.86602540378444,0.));
#972=FACE_BOUND('',#973,.T.);
#973=EDGE_LOOP('',(#1830,#1831,#1832,#1833));
#974=PLANE('',#975);
#975=AXIS2_PLACEMENT_3D('',#976,#977,#978);
#976=CARTESIAN_POINT('',(-31.616580753731,-22.8,2.6));
#977=DIRECTION('',(-0.866025403784436,-0.500000000000004,0.));
#978=DIRECTION('',(-0.500000000000004,0.866025403784436,0.));
#979=FACE_BOUND('',#980,.T.);
#980=EDGE_LOOP('',(#1834,#1835,#1836,#1837));
#981=PLANE('',#982);
#982=AXIS2_PLACEMENT_3D('',#983,#984,#985);
#983=CARTESIAN_POINT('',(-28.383419246269,-22.8,2.6));
#984=DIRECTION('',(4.39534328316244E-15,-1.,0.));
#985=DIRECTION('',(-1.,-4.39534328316244E-15,0.));
#986=FACE_BOUND('',#987,.T.);
#987=EDGE_LOOP('',(#1838,#1839,#1840,#1841));
#988=PLANE('',#989);
#989=AXIS2_PLACEMENT_3D('',#990,#991,#992);
#990=CARTESIAN_POINT('',(-26.7668384925381,-20.,2.6));
#991=DIRECTION('',(0.866025403784441,-0.499999999999996,0.));
#992=DIRECTION('',(-0.499999999999996,-0.866025403784441,0.));
#993=FACE_BOUND('',#994,.T.);
#994=EDGE_LOOP('',(#1842,#1843,#1844,#1845,#1846));
#995=PLANE('',#996);
#996=AXIS2_PLACEMENT_3D('',#997,#998,#999);
#997=CARTESIAN_POINT('',(-28.3834192462691,-17.2,2.6));
#998=DIRECTION('',(0.866025403784437,0.500000000000003,0.));
#999=DIRECTION('',(0.500000000000003,-0.866025403784437,0.));
#1000=FACE_BOUND('',#1001,.T.);
#1001=EDGE_LOOP('',(#1847,#1848,#1849,#1850,#1851));
#1002=PLANE('',#1003);
#1003=AXIS2_PLACEMENT_3D('',#1004,#1005,#1006);
#1004=CARTESIAN_POINT('',(-22.,-15.2331615074619,2.6));
#1005=DIRECTION('',(-0.499999999999997,-0.86602540378444,0.));
#1006=DIRECTION('',(-0.86602540378444,0.499999999999997,0.));
#1007=FACE_BOUND('',#1008,.T.);
#1008=EDGE_LOOP('',(#1852,#1853,#1854,#1855));
#1009=PLANE('',#1010);
#1010=AXIS2_PLACEMENT_3D('',#1011,#1012,#1013);
#1011=CARTESIAN_POINT('',(-19.2,-13.6165807537309,2.6));
#1012=DIRECTION('',(0.500000000000005,-0.866025403784436,0.));
#1013=DIRECTION('',(-0.866025403784436,-0.500000000000005,0.));
#1014=FACE_BOUND('',#1015,.T.);
#1015=EDGE_LOOP('',(#1856,#1857,#1858,#1859));
#1016=PLANE('',#1017);
#1017=AXIS2_PLACEMENT_3D('',#1018,#1019,#1020);
#1018=CARTESIAN_POINT('',(-19.2,-10.383419246269,2.6));
#1019=DIRECTION('',(1.,4.39534328316244E-15,0.));
#1020=DIRECTION('',(4.39534328316244E-15,-1.,0.));
#1021=FACE_BOUND('',#1022,.T.);
#1022=EDGE_LOOP('',(#1860,#1861,#1862,#1863));
#1023=PLANE('',#1024);
#1024=AXIS2_PLACEMENT_3D('',#1025,#1026,#1027);
#1025=CARTESIAN_POINT('',(-22.,-8.7668384925381,2.6));
#1026=DIRECTION('',(0.499999999999996,0.866025403784441,0.));
#1027=DIRECTION('',(0.866025403784441,-0.499999999999996,0.));
#1028=FACE_BOUND('',#1029,.T.);
#1029=EDGE_LOOP('',(#1864,#1865,#1866,#1867,#1868));
#1030=PLANE('',#1031);
#1031=AXIS2_PLACEMENT_3D('',#1032,#1033,#1034);
#1032=CARTESIAN_POINT('',(-24.8,-10.3834192462691,2.6));
#1033=DIRECTION('',(-0.500000000000003,0.866025403784437,0.));
#1034=DIRECTION('',(0.866025403784437,0.500000000000003,0.));
#1035=FACE_BOUND('',#1036,.T.);
#1036=EDGE_LOOP('',(#1869,#1870,#1871,#1872,#1873));
#1037=PLANE('',#1038);
#1038=AXIS2_PLACEMENT_3D('',#1039,#1040,#1041);
#1039=CARTESIAN_POINT('',(-26.7668384925381,-3.99999999999998,2.6));
#1040=DIRECTION('',(0.86602540378444,-0.499999999999997,0.));
#1041=DIRECTION('',(-0.499999999999997,-0.86602540378444,0.));
#1042=FACE_BOUND('',#1043,.T.);
#1043=EDGE_LOOP('',(#1874,#1875,#1876,#1877));
#1044=PLANE('',#1045);
#1045=AXIS2_PLACEMENT_3D('',#1046,#1047,#1048);
#1046=CARTESIAN_POINT('',(-28.3834192462691,-1.19999999999999,2.6));
#1047=DIRECTION('',(0.866025403784436,0.500000000000004,0.));
#1048=DIRECTION('',(0.500000000000004,-0.866025403784436,0.));
#1049=FACE_BOUND('',#1050,.T.);
#1050=EDGE_LOOP('',(#1878,#1879,#1880,#1881));
#1051=PLANE('',#1052);
#1052=AXIS2_PLACEMENT_3D('',#1053,#1054,#1055);
#1053=CARTESIAN_POINT('',(-31.616580753731,-1.2,2.6));
#1054=DIRECTION('',(-4.46402052196185E-15,1.,0.));
#1055=DIRECTION('',(1.,4.46402052196185E-15,0.));
#1056=FACE_BOUND('',#1057,.T.);
#1057=EDGE_LOOP('',(#1882,#1883,#1884,#1885));
#1058=PLANE('',#1059);
#1059=AXIS2_PLACEMENT_3D('',#1060,#1061,#1062);
#1060=CARTESIAN_POINT('',(-33.2331615074619,-4.00000000000001,2.6));
#1061=DIRECTION('',(-0.866025403784441,0.499999999999996,0.));
#1062=DIRECTION('',(0.499999999999996,0.866025403784441,0.));
#1063=FACE_BOUND('',#1064,.T.);
#1064=EDGE_LOOP('',(#1886,#1887,#1888,#1889,#1890));
#1065=PLANE('',#1066);
#1066=AXIS2_PLACEMENT_3D('',#1067,#1068,#1069);
#1067=CARTESIAN_POINT('',(-31.6165807537309,-6.8,2.6));
#1068=DIRECTION('',(-0.866025403784437,-0.500000000000003,0.));
#1069=DIRECTION('',(-0.500000000000003,0.866025403784437,0.));
#1070=FACE_BOUND('',#1071,.T.);
#1071=EDGE_LOOP('',(#1891,#1892,#1893,#1894,#1895));
#1072=PLANE('',#1073);
#1073=AXIS2_PLACEMENT_3D('',#1074,#1075,#1076);
#1074=CARTESIAN_POINT('',(-38.,-8.76683849253809,2.6));
#1075=DIRECTION('',(0.499999999999997,0.86602540378444,0.));
#1076=DIRECTION('',(0.86602540378444,-0.499999999999997,0.));
#1077=FACE_BOUND('',#1078,.T.);
#1078=EDGE_LOOP('',(#1896,#1897,#1898,#1899));
#1079=PLANE('',#1080);
#1080=AXIS2_PLACEMENT_3D('',#1081,#1082,#1083);
#1081=CARTESIAN_POINT('',(-40.8,-10.3834192462691,2.6));
#1082=DIRECTION('',(-0.500000000000003,0.866025403784437,0.));
#1083=DIRECTION('',(0.866025403784437,0.500000000000003,0.));
#1084=FACE_BOUND('',#1085,.T.);
#1085=EDGE_LOOP('',(#1900,#1901,#1902,#1903));
#1086=PLANE('',#1087);
#1087=AXIS2_PLACEMENT_3D('',#1088,#1089,#1090);
#1088=CARTESIAN_POINT('',(-40.8,-13.616580753731,2.6));
#1089=DIRECTION('',(-1.,-4.39534328316244E-15,0.));
#1090=DIRECTION('',(-4.39534328316244E-15,1.,0.));
#1091=FACE_BOUND('',#1092,.T.);
#1092=EDGE_LOOP('',(#1904,#1905,#1906,#1907));
#1093=PLANE('',#1094);
#1094=AXIS2_PLACEMENT_3D('',#1095,#1096,#1097);
#1095=CARTESIAN_POINT('',(-38.,-15.2331615074619,2.6));
#1096=DIRECTION('',(-0.499999999999996,-0.866025403784441,0.));
#1097=DIRECTION('',(-0.866025403784441,0.499999999999996,0.));
#1098=FACE_BOUND('',#1099,.T.);
#1099=EDGE_LOOP('',(#1908,#1909,#1910));
#1100=PLANE('',#1101);
#1101=AXIS2_PLACEMENT_3D('',#1102,#1103,#1104);
#1102=CARTESIAN_POINT('',(-64.2426406871426,-17.0502525318212,6.19358390928249));
#1103=DIRECTION('',(-9.49724665980825E-17,-9.49724665991247E-17,-1.));
#1104=DIRECTION('',(0.707106781182669,0.707106781190426,-1.34311350315771E-16));
#1105=FACE_BOUND('',#1106,.T.);
#1106=EDGE_LOOP('',(#1911,#1912,#1913));
#1107=PLANE('',#1108);
#1108=AXIS2_PLACEMENT_3D('',#1109,#1110,#1111);
#1109=CARTESIAN_POINT('',(-59.5666622088269,-12.3742740534542,12.8064160907175));
#1110=DIRECTION('',(0.,0.,1.));
#1111=DIRECTION('',(-0.707106781182669,-0.707106781190427,0.));
#1112=FACE_BOUND('',#1113,.T.);
#1113=EDGE_LOOP('',(#1914,#1915,#1916));
#1114=SPHERICAL_SURFACE('',#1115,1.5);
#1115=AXIS2_PLACEMENT_3D('',#1116,#1117,#1118);
#1116=CARTESIAN_POINT('',(-58.5,-58.5,1.5));
#1117=DIRECTION('',(0.,0.,-1.));
#1118=DIRECTION('',(0.,-1.,0.));
#1119=FACE_BOUND('',#1120,.T.);
#1120=EDGE_LOOP('',(#1917,#1918,#1919));
#1121=SPHERICAL_SURFACE('',#1122,1.5);
#1122=AXIS2_PLACEMENT_3D('',#1123,#1124,#1125);
#1123=CARTESIAN_POINT('',(-58.5,-58.5,3.5));
#1124=DIRECTION('',(0.,0.,1.));
#1125=DIRECTION('',(-1.,0.,0.));
#1126=FACE_BOUND('',#1127,.T.);
#1127=EDGE_LOOP('',(#1920,#1921,#1922));
#1128=SPHERICAL_SURFACE('',#1129,1.5);
#1129=AXIS2_PLACEMENT_3D('',#1130,#1131,#1132);
#1130=CARTESIAN_POINT('',(-1.5,-58.5,3.5));
#1131=DIRECTION('',(0.,0.,1.));
#1132=DIRECTION('',(-1.1842378929335E-15,-1.,0.));
#1133=FACE_BOUND('',#1134,.T.);
#1134=EDGE_LOOP('',(#1923,#1924,#1925));
#1135=SPHERICAL_SURFACE('',#1136,1.5);
#1136=AXIS2_PLACEMENT_3D('',#1137,#1138,#1139);
#1137=CARTESIAN_POINT('',(-1.5,-58.5,1.5));
#1138=DIRECTION('',(0.,0.,-1.));
#1139=DIRECTION('',(1.,0.,0.));
#1140=FACE_BOUND('',#1141,.T.);
#1141=EDGE_LOOP('',(#1926,#1927,#1928));
#1142=PLANE('',#1143);
#1143=AXIS2_PLACEMENT_3D('',#1144,#1145,#1146);
#1144=CARTESIAN_POINT('',(-0.433337791173136,-12.3742740534542,6.19358390928248));
#1145=DIRECTION('',(-2.84917399794247E-16,2.84917399797373E-16,-1.));
#1146=DIRECTION('',(0.707106781182668,-0.707106781190427,-4.02934050947312E-16));
#1147=FACE_BOUND('',#1148,.T.);
#1148=EDGE_LOOP('',(#1929,#1930,#1931));
#1149=PLANE('',#1150);
#1150=AXIS2_PLACEMENT_3D('',#1151,#1152,#1153);
#1151=CARTESIAN_POINT('',(4.24264068714256,-17.0502525318212,12.8064160907175));
#1152=DIRECTION('',(1.89944933196165E-16,-1.89944933198249E-16,1.));
#1153=DIRECTION('',(-0.707106781182668,0.707106781190427,2.68622700631542E-16));
#1154=FACE_BOUND('',#1155,.T.);
#1155=EDGE_LOOP('',(#1932));
#1156=PLANE('',#1157);
#1157=AXIS2_PLACEMENT_3D('',#1158,#1159,#1160);
#1158=CARTESIAN_POINT('',(-6.12323399573677E-16,-5.,0.));
#1159=DIRECTION('',(1.22464679914735E-16,1.,0.));
#1160=DIRECTION('',(6.12323399573677E-17,-7.49879891330929E-33,-1.));
#1161=FACE_BOUND('',#1162,.T.);
#1162=EDGE_LOOP('',(#1933));
#1163=PLANE('',#1164);
#1164=AXIS2_PLACEMENT_3D('',#1165,#1166,#1167);
#1165=CARTESIAN_POINT('',(-6.12323399573677E-16,-5.,0.));
#1166=DIRECTION('',(1.22464679914735E-16,1.,0.));
#1167=DIRECTION('',(6.12323399573677E-17,-7.49879891330929E-33,-1.));
#1168=FACE_BOUND('',#1169,.T.);
#1169=EDGE_LOOP('',(#1934));
#1170=PLANE('',#1171);
#1171=AXIS2_PLACEMENT_3D('',#1172,#1173,#1174);
#1172=CARTESIAN_POINT('',(-6.12323399573677E-16,-5.,0.));
#1173=DIRECTION('',(1.22464679914735E-16,1.,0.));
#1174=DIRECTION('',(6.12323399573677E-17,-7.49879891330929E-33,-1.));
#1175=FACE_BOUND('',#1176,.T.);
#1176=EDGE_LOOP('',(#1935));
#1177=PLANE('',#1178);
#1178=AXIS2_PLACEMENT_3D('',#1179,#1180,#1181);
#1179=CARTESIAN_POINT('',(-6.12323399573677E-16,-5.,0.));
#1180=DIRECTION('',(1.22464679914735E-16,1.,0.));
#1181=DIRECTION('',(6.12323399573677E-17,-7.49879891330929E-33,-1.));
#1182=FACE_BOUND('',#1183,.T.);
#1183=EDGE_LOOP('',(#1936));
#1184=PLANE('',#1185);
#1185=AXIS2_PLACEMENT_3D('',#1186,#1187,#1188);
#1186=CARTESIAN_POINT('',(-6.12323399573677E-16,-5.,0.));
#1187=DIRECTION('',(1.22464679914735E-16,1.,0.));
#1188=DIRECTION('',(6.12323399573677E-17,-7.49879891330929E-33,-1.));
#1189=FACE_BOUND('',#1190,.T.);
#1190=EDGE_LOOP('',(#1937));
#1191=PLANE('',#1192);
#1192=AXIS2_PLACEMENT_3D('',#1193,#1194,#1195);
#1193=CARTESIAN_POINT('',(-6.12323399573677E-16,-5.,0.));
#1194=DIRECTION('',(1.22464679914735E-16,1.,0.));
#1195=DIRECTION('',(6.12323399573677E-17,-7.49879891330929E-33,-1.));
#1196=FACE_BOUND('',#1197,.T.);
#1197=EDGE_LOOP('',(#1938));
#1198=PLANE('',#1199);
#1199=AXIS2_PLACEMENT_3D('',#1200,#1201,#1202);
#1200=CARTESIAN_POINT('',(-6.12323399573677E-16,-5.,0.));
#1201=DIRECTION('',(1.22464679914735E-16,1.,0.));
#1202=DIRECTION('',(6.12323399573677E-17,-7.49879891330929E-33,-1.));
#1203=FACE_BOUND('',#1204,.T.);
#1204=EDGE_LOOP('',(#1939));
#1205=PLANE('',#1206);
#1206=AXIS2_PLACEMENT_3D('',#1207,#1208,#1209);
#1207=CARTESIAN_POINT('',(-6.12323399573677E-16,-5.,0.));
#1208=DIRECTION('',(1.22464679914735E-16,1.,0.));
#1209=DIRECTION('',(6.12323399573677E-17,-7.49879891330929E-33,-1.));
#1210=FACE_BOUND('',#1211,.T.);
#1211=EDGE_LOOP('',(#1940));
#1212=PLANE('',#1213);
#1213=AXIS2_PLACEMENT_3D('',#1214,#1215,#1216);
#1214=CARTESIAN_POINT('',(-11.5753787977759,11.5753787976489,-1.05486440332276E-42));
#1215=DIRECTION('',(-0.707106781190427,0.707106781182668,0.));
#1216=DIRECTION('',(-0.707106781182668,-0.707106781190427,-1.22464679914735E-16));
#1217=FACE_BOUND('',#1218,.T.);
#1218=EDGE_LOOP('',(#1941));
#1219=PLANE('',#1220);
#1220=AXIS2_PLACEMENT_3D('',#1221,#1222,#1223);
#1221=CARTESIAN_POINT('',(-18.4246212025533,-18.4246212023511,0.));
#1222=DIRECTION('',(0.707106781190427,0.707106781182668,0.));
#1223=DIRECTION('',(4.32978028115371E-17,-4.32978028120122E-17,1.));
#1224=FACE_OUTER_BOUND('',#1225,.T.);
#1225=EDGE_LOOP('',(#1942));
#1226=FACE_OUTER_BOUND('',#1227,.T.);
#1227=EDGE_LOOP('',(#1943));
#1228=CYLINDRICAL_SURFACE('',#1229,1.75);
#1229=AXIS2_PLACEMENT_3D('',#1230,#1231,#1232);
#1230=CARTESIAN_POINT('',(-38.,-12.,0.));
#1231=DIRECTION('',(0.,0.,1.));
#1232=DIRECTION('',(-1.,1.22464679914735E-16,0.));
#1233=FACE_OUTER_BOUND('',#1234,.T.);
#1234=EDGE_LOOP('',(#1944));
#1235=FACE_OUTER_BOUND('',#1236,.T.);
#1236=EDGE_LOOP('',(#1945));
#1237=CYLINDRICAL_SURFACE('',#1238,1.75);
#1238=AXIS2_PLACEMENT_3D('',#1239,#1240,#1241);
#1239=CARTESIAN_POINT('',(-30.,-20.,0.));
#1240=DIRECTION('',(0.,0.,1.));
#1241=DIRECTION('',(-1.,1.22464679914735E-16,0.));
#1242=FACE_OUTER_BOUND('',#1243,.T.);
#1243=EDGE_LOOP('',(#1946));
#1244=FACE_OUTER_BOUND('',#1245,.T.);
#1245=EDGE_LOOP('',(#1947));
#1246=CYLINDRICAL_SURFACE('',#1247,1.75);
#1247=AXIS2_PLACEMENT_3D('',#1248,#1249,#1250);
#1248=CARTESIAN_POINT('',(-22.,-12.,0.));
#1249=DIRECTION('',(0.,0.,1.));
#1250=DIRECTION('',(-1.,1.22464679914735E-16,0.));
#1251=FACE_OUTER_BOUND('',#1252,.T.);
#1252=EDGE_LOOP('',(#1948));
#1253=FACE_OUTER_BOUND('',#1254,.T.);
#1254=EDGE_LOOP('',(#1949));
#1255=CYLINDRICAL_SURFACE('',#1256,1.75);
#1256=AXIS2_PLACEMENT_3D('',#1257,#1258,#1259);
#1257=CARTESIAN_POINT('',(-30.,-4.,0.));
#1258=DIRECTION('',(0.,0.,1.));
#1259=DIRECTION('',(-1.,1.22464679914735E-16,0.));
#1260=FACE_OUTER_BOUND('',#1261,.T.);
#1261=EDGE_LOOP('',(#1950));
#1262=FACE_OUTER_BOUND('',#1263,.T.);
#1263=EDGE_LOOP('',(#1951));
#1264=CYLINDRICAL_SURFACE('',#1265,4.5);
#1265=AXIS2_PLACEMENT_3D('',#1266,#1267,#1268);
#1266=CARTESIAN_POINT('',(-30.,-12.,0.));
#1267=DIRECTION('',(0.,0.,1.));
#1268=DIRECTION('',(-1.,1.22464679914735E-16,0.));
#1269=FACE_BOUND('',#1270,.T.);
#1270=EDGE_LOOP('',(#1952,#1953,#1954,#1955,#1956,#1957));
#1271=FACE_BOUND('',#1272,.T.);
#1272=EDGE_LOOP('',(#1958));
#1273=PLANE('',#1274);
#1274=AXIS2_PLACEMENT_3D('',#1275,#1276,#1277);
#1275=CARTESIAN_POINT('',(0.,0.,2.6));
#1276=DIRECTION('',(0.,0.,-1.));
#1277=DIRECTION('',(1.,1.22464679914735E-16,0.));
#1278=FACE_BOUND('',#1279,.T.);
#1279=EDGE_LOOP('',(#1959,#1960,#1961,#1962,#1963));
#1280=PLANE('',#1281);
#1281=AXIS2_PLACEMENT_3D('',#1282,#1283,#1284);
#1282=CARTESIAN_POINT('',(-35.2,-10.383419246269,2.6));
#1283=DIRECTION('',(1.,4.39534328316244E-15,0.));
#1284=DIRECTION('',(4.39534328316244E-15,-1.,0.));
#1285=FACE_BOUND('',#1286,.T.);
#1286=EDGE_LOOP('',(#1964,#1965,#1966,#1967));
#1287=PLANE('',#1288);
#1288=AXIS2_PLACEMENT_3D('',#1289,#1290,#1291);
#1289=CARTESIAN_POINT('',(-28.383419246269,-6.79999999999999,2.6));
#1290=DIRECTION('',(3.57121641756948E-15,-1.,0.));
#1291=DIRECTION('',(-1.,-3.57121641756948E-15,0.));
#1292=FACE_BOUND('',#1293,.T.);
#1293=EDGE_LOOP('',(#1968,#1969,#1970,#1971));
#1294=PLANE('',#1295);
#1295=AXIS2_PLACEMENT_3D('',#1296,#1297,#1298);
#1296=CARTESIAN_POINT('',(-24.8,-13.616580753731,2.6));
#1297=DIRECTION('',(-1.,-4.39534328316244E-15,0.));
#1298=DIRECTION('',(-4.39534328316244E-15,1.,0.));
#1299=FACE_BOUND('',#1300,.T.);
#1300=EDGE_LOOP('',(#1972,#1973,#1974,#1975));
#1301=PLANE('',#1302);
#1302=AXIS2_PLACEMENT_3D('',#1303,#1304,#1305);
#1303=CARTESIAN_POINT('',(-31.616580753731,-17.2,2.6));
#1304=DIRECTION('',(-3.29650746237183E-15,1.,0.));
#1305=DIRECTION('',(1.,3.29650746237183E-15,0.));
#1306=FACE_BOUND('',#1307,.T.);
#1307=EDGE_LOOP('',(#1976,#1977,#1978,#1979,#1980,#1981));
#1308=FACE_BOUND('',#1309,.T.);
#1309=EDGE_LOOP('',(#1982));
#1310=PLANE('',#1311);
#1311=AXIS2_PLACEMENT_3D('',#1312,#1313,#1314);
#1312=CARTESIAN_POINT('',(0.,0.,2.6));
#1313=DIRECTION('',(0.,0.,-1.));
#1314=DIRECTION('',(1.,1.22464679914735E-16,0.));
#1315=FACE_BOUND('',#1316,.T.);
#1316=EDGE_LOOP('',(#1983,#1984,#1985,#1986,#1987,#1988));
#1317=FACE_BOUND('',#1318,.T.);
#1318=EDGE_LOOP('',(#1989));
#1319=PLANE('',#1320);
#1320=AXIS2_PLACEMENT_3D('',#1321,#1322,#1323);
#1321=CARTESIAN_POINT('',(0.,0.,2.6));
#1322=DIRECTION('',(0.,0.,-1.));
#1323=DIRECTION('',(1.,1.22464679914735E-16,0.));
#1324=FACE_BOUND('',#1325,.T.);
#1325=EDGE_LOOP('',(#1990,#1991,#1992,#1993,#1994,#1995));
#1326=FACE_BOUND('',#1327,.T.);
#1327=EDGE_LOOP('',(#1996));
#1328=PLANE('',#1329);
#1329=AXIS2_PLACEMENT_3D('',#1330,#1331,#1332);
#1330=CARTESIAN_POINT('',(0.,0.,2.6));
#1331=DIRECTION('',(0.,0.,-1.));
#1332=DIRECTION('',(1.,1.22464679914735E-16,0.));
#1333=ORIENTED_EDGE('',*,*,#1997,.F.);
#1334=ORIENTED_EDGE('',*,*,#1998,.T.);
#1335=ORIENTED_EDGE('',*,*,#1999,.T.);
#1336=ORIENTED_EDGE('',*,*,#2000,.T.);
#1337=ORIENTED_EDGE('',*,*,#2001,.T.);
#1338=ORIENTED_EDGE('',*,*,#2002,.T.);
#1339=ORIENTED_EDGE('',*,*,#2003,.T.);
#1340=ORIENTED_EDGE('',*,*,#2004,.T.);
#1341=ORIENTED_EDGE('',*,*,#2005,.T.);
#1342=ORIENTED_EDGE('',*,*,#2006,.F.);
#1343=ORIENTED_EDGE('',*,*,#2007,.T.);
#1344=ORIENTED_EDGE('',*,*,#2008,.F.);
#1345=ORIENTED_EDGE('',*,*,#2009,.T.);
#1346=ORIENTED_EDGE('',*,*,#2010,.F.);
#1347=ORIENTED_EDGE('',*,*,#2011,.T.);
#1348=ORIENTED_EDGE('',*,*,#2012,.F.);
#1349=ORIENTED_EDGE('',*,*,#2013,.T.);
#1350=ORIENTED_EDGE('',*,*,#2014,.T.);
#1351=ORIENTED_EDGE('',*,*,#2015,.T.);
#1352=ORIENTED_EDGE('',*,*,#2016,.T.);
#1353=ORIENTED_EDGE('',*,*,#2017,.T.);
#1354=ORIENTED_EDGE('',*,*,#2018,.T.);
#1355=ORIENTED_EDGE('',*,*,#2019,.T.);
#1356=ORIENTED_EDGE('',*,*,#2020,.T.);
#1357=ORIENTED_EDGE('',*,*,#2021,.F.);
#1358=ORIENTED_EDGE('',*,*,#2022,.T.);
#1359=ORIENTED_EDGE('',*,*,#2023,.T.);
#1360=ORIENTED_EDGE('',*,*,#2024,.T.);
#1361=ORIENTED_EDGE('',*,*,#2025,.T.);
#1362=ORIENTED_EDGE('',*,*,#2026,.T.);
#1363=ORIENTED_EDGE('',*,*,#2027,.T.);
#1364=ORIENTED_EDGE('',*,*,#2028,.T.);
#1365=ORIENTED_EDGE('',*,*,#2029,.T.);
#1366=ORIENTED_EDGE('',*,*,#2030,.T.);
#1367=ORIENTED_EDGE('',*,*,#2031,.T.);
#1368=ORIENTED_EDGE('',*,*,#2032,.T.);
#1369=ORIENTED_EDGE('',*,*,#2033,.T.);
#1370=ORIENTED_EDGE('',*,*,#2034,.T.);
#1371=ORIENTED_EDGE('',*,*,#2035,.T.);
#1372=ORIENTED_EDGE('',*,*,#2026,.F.);
#1373=ORIENTED_EDGE('',*,*,#2036,.F.);
#1374=ORIENTED_EDGE('',*,*,#2025,.F.);
#1375=ORIENTED_EDGE('',*,*,#2037,.F.);
#1376=ORIENTED_EDGE('',*,*,#2024,.F.);
#1377=ORIENTED_EDGE('',*,*,#2038,.F.);
#1378=ORIENTED_EDGE('',*,*,#2023,.F.);
#1379=ORIENTED_EDGE('',*,*,#2039,.F.);
#1380=ORIENTED_EDGE('',*,*,#2040,.F.);
#1381=ORIENTED_EDGE('',*,*,#2041,.T.);
#1382=ORIENTED_EDGE('',*,*,#2042,.T.);
#1383=ORIENTED_EDGE('',*,*,#1997,.T.);
#1384=ORIENTED_EDGE('',*,*,#2042,.F.);
#1385=ORIENTED_EDGE('',*,*,#2043,.F.);
#1386=ORIENTED_EDGE('',*,*,#2044,.T.);
#1387=ORIENTED_EDGE('',*,*,#1998,.F.);
#1388=ORIENTED_EDGE('',*,*,#2045,.F.);
#1389=ORIENTED_EDGE('',*,*,#2046,.F.);
#1390=ORIENTED_EDGE('',*,*,#1999,.F.);
#1391=ORIENTED_EDGE('',*,*,#2044,.F.);
#1392=ORIENTED_EDGE('',*,*,#2047,.F.);
#1393=ORIENTED_EDGE('',*,*,#2048,.F.);
#1394=ORIENTED_EDGE('',*,*,#2049,.F.);
#1395=ORIENTED_EDGE('',*,*,#2050,.T.);
#1396=ORIENTED_EDGE('',*,*,#2000,.F.);
#1397=ORIENTED_EDGE('',*,*,#2046,.T.);
#1398=ORIENTED_EDGE('',*,*,#2051,.T.);
#1399=ORIENTED_EDGE('',*,*,#2052,.T.);
#1400=ORIENTED_EDGE('',*,*,#2053,.F.);
#1401=ORIENTED_EDGE('',*,*,#2001,.F.);
#1402=ORIENTED_EDGE('',*,*,#2050,.F.);
#1403=ORIENTED_EDGE('',*,*,#2054,.T.);
#1404=ORIENTED_EDGE('',*,*,#2052,.F.);
#1405=ORIENTED_EDGE('',*,*,#2055,.F.);
#1406=ORIENTED_EDGE('',*,*,#2056,.F.);
#1407=ORIENTED_EDGE('',*,*,#2057,.T.);
#1408=ORIENTED_EDGE('',*,*,#2058,.T.);
#1409=ORIENTED_EDGE('',*,*,#2002,.F.);
#1410=ORIENTED_EDGE('',*,*,#2053,.T.);
#1411=ORIENTED_EDGE('',*,*,#2059,.T.);
#1412=ORIENTED_EDGE('',*,*,#2060,.T.);
#1413=ORIENTED_EDGE('',*,*,#2061,.F.);
#1414=ORIENTED_EDGE('',*,*,#2062,.F.);
#1415=ORIENTED_EDGE('',*,*,#2003,.F.);
#1416=ORIENTED_EDGE('',*,*,#2060,.F.);
#1417=ORIENTED_EDGE('',*,*,#2063,.F.);
#1418=ORIENTED_EDGE('',*,*,#2064,.F.);
#1419=ORIENTED_EDGE('',*,*,#2065,.F.);
#1420=ORIENTED_EDGE('',*,*,#2066,.T.);
#1421=ORIENTED_EDGE('',*,*,#2067,.T.);
#1422=ORIENTED_EDGE('',*,*,#2068,.T.);
#1423=ORIENTED_EDGE('',*,*,#2069,.T.);
#1424=ORIENTED_EDGE('',*,*,#2070,.T.);
#1425=ORIENTED_EDGE('',*,*,#2004,.F.);
#1426=ORIENTED_EDGE('',*,*,#2062,.T.);
#1427=ORIENTED_EDGE('',*,*,#2005,.F.);
#1428=ORIENTED_EDGE('',*,*,#2071,.F.);
#1429=ORIENTED_EDGE('',*,*,#2072,.T.);
#1430=ORIENTED_EDGE('',*,*,#2073,.T.);
#1431=ORIENTED_EDGE('',*,*,#2074,.F.);
#1432=ORIENTED_EDGE('',*,*,#2075,.T.);
#1433=ORIENTED_EDGE('',*,*,#2076,.T.);
#1434=ORIENTED_EDGE('',*,*,#2006,.T.);
#1435=ORIENTED_EDGE('',*,*,#2073,.F.);
#1436=ORIENTED_EDGE('',*,*,#2077,.T.);
#1437=ORIENTED_EDGE('',*,*,#2078,.T.);
#1438=ORIENTED_EDGE('',*,*,#2007,.F.);
#1439=ORIENTED_EDGE('',*,*,#2076,.F.);
#1440=ORIENTED_EDGE('',*,*,#2079,.F.);
#1441=ORIENTED_EDGE('',*,*,#2080,.F.);
#1442=ORIENTED_EDGE('',*,*,#2081,.F.);
#1443=ORIENTED_EDGE('',*,*,#2008,.T.);
#1444=ORIENTED_EDGE('',*,*,#2080,.T.);
#1445=ORIENTED_EDGE('',*,*,#2082,.T.);
#1446=ORIENTED_EDGE('',*,*,#2083,.F.);
#1447=ORIENTED_EDGE('',*,*,#2084,.T.);
#1448=ORIENTED_EDGE('',*,*,#2085,.T.);
#1449=ORIENTED_EDGE('',*,*,#2009,.F.);
#1450=ORIENTED_EDGE('',*,*,#2081,.T.);
#1451=ORIENTED_EDGE('',*,*,#2086,.T.);
#1452=ORIENTED_EDGE('',*,*,#2087,.T.);
#1453=ORIENTED_EDGE('',*,*,#2087,.F.);
#1454=ORIENTED_EDGE('',*,*,#2088,.T.);
#1455=ORIENTED_EDGE('',*,*,#2089,.T.);
#1456=ORIENTED_EDGE('',*,*,#2090,.F.);
#1457=ORIENTED_EDGE('',*,*,#2091,.T.);
#1458=ORIENTED_EDGE('',*,*,#2092,.T.);
#1459=ORIENTED_EDGE('',*,*,#2010,.T.);
#1460=ORIENTED_EDGE('',*,*,#2011,.F.);
#1461=ORIENTED_EDGE('',*,*,#2092,.F.);
#1462=ORIENTED_EDGE('',*,*,#2093,.F.);
#1463=ORIENTED_EDGE('',*,*,#2094,.F.);
#1464=ORIENTED_EDGE('',*,*,#2095,.F.);
#1465=ORIENTED_EDGE('',*,*,#2012,.T.);
#1466=ORIENTED_EDGE('',*,*,#2094,.T.);
#1467=ORIENTED_EDGE('',*,*,#2096,.T.);
#1468=ORIENTED_EDGE('',*,*,#2097,.F.);
#1469=ORIENTED_EDGE('',*,*,#2098,.T.);
#1470=ORIENTED_EDGE('',*,*,#2099,.T.);
#1471=ORIENTED_EDGE('',*,*,#2013,.F.);
#1472=ORIENTED_EDGE('',*,*,#2095,.T.);
#1473=ORIENTED_EDGE('',*,*,#2100,.T.);
#1474=ORIENTED_EDGE('',*,*,#2101,.T.);
#1475=ORIENTED_EDGE('',*,*,#2102,.T.);
#1476=ORIENTED_EDGE('',*,*,#2103,.T.);
#1477=ORIENTED_EDGE('',*,*,#2104,.F.);
#1478=ORIENTED_EDGE('',*,*,#2105,.T.);
#1479=ORIENTED_EDGE('',*,*,#2106,.T.);
#1480=ORIENTED_EDGE('',*,*,#2014,.F.);
#1481=ORIENTED_EDGE('',*,*,#2107,.F.);
#1482=ORIENTED_EDGE('',*,*,#2108,.F.);
#1483=ORIENTED_EDGE('',*,*,#2109,.F.);
#1484=ORIENTED_EDGE('',*,*,#2110,.T.);
#1485=ORIENTED_EDGE('',*,*,#2111,.F.);
#1486=ORIENTED_EDGE('',*,*,#2015,.F.);
#1487=ORIENTED_EDGE('',*,*,#2106,.F.);
#1488=ORIENTED_EDGE('',*,*,#2112,.T.);
#1489=ORIENTED_EDGE('',*,*,#2016,.F.);
#1490=ORIENTED_EDGE('',*,*,#2111,.T.);
#1491=ORIENTED_EDGE('',*,*,#2113,.T.);
#1492=ORIENTED_EDGE('',*,*,#2114,.T.);
#1493=ORIENTED_EDGE('',*,*,#2114,.F.);
#1494=ORIENTED_EDGE('',*,*,#2115,.F.);
#1495=ORIENTED_EDGE('',*,*,#2116,.F.);
#1496=ORIENTED_EDGE('',*,*,#2117,.F.);
#1497=ORIENTED_EDGE('',*,*,#2118,.F.);
#1498=ORIENTED_EDGE('',*,*,#2119,.T.);
#1499=ORIENTED_EDGE('',*,*,#2120,.F.);
#1500=ORIENTED_EDGE('',*,*,#2017,.F.);
#1501=ORIENTED_EDGE('',*,*,#2121,.T.);
#1502=ORIENTED_EDGE('',*,*,#2122,.F.);
#1503=ORIENTED_EDGE('',*,*,#2123,.F.);
#1504=ORIENTED_EDGE('',*,*,#2124,.F.);
#1505=ORIENTED_EDGE('',*,*,#2118,.T.);
#1506=ORIENTED_EDGE('',*,*,#2125,.T.);
#1507=ORIENTED_EDGE('',*,*,#2126,.T.);
#1508=ORIENTED_EDGE('',*,*,#2018,.F.);
#1509=ORIENTED_EDGE('',*,*,#2120,.T.);
#1510=ORIENTED_EDGE('',*,*,#2127,.F.);
#1511=ORIENTED_EDGE('',*,*,#2128,.T.);
#1512=ORIENTED_EDGE('',*,*,#2019,.F.);
#1513=ORIENTED_EDGE('',*,*,#2126,.F.);
#1514=ORIENTED_EDGE('',*,*,#2129,.F.);
#1515=ORIENTED_EDGE('',*,*,#2020,.F.);
#1516=ORIENTED_EDGE('',*,*,#2128,.F.);
#1517=ORIENTED_EDGE('',*,*,#2130,.F.);
#1518=ORIENTED_EDGE('',*,*,#2131,.F.);
#1519=ORIENTED_EDGE('',*,*,#2021,.T.);
#1520=ORIENTED_EDGE('',*,*,#2129,.T.);
#1521=ORIENTED_EDGE('',*,*,#2132,.T.);
#1522=ORIENTED_EDGE('',*,*,#2040,.T.);
#1523=ORIENTED_EDGE('',*,*,#2022,.F.);
#1524=ORIENTED_EDGE('',*,*,#2131,.T.);
#1525=ORIENTED_EDGE('',*,*,#2133,.T.);
#1526=ORIENTED_EDGE('',*,*,#2134,.T.);
#1527=ORIENTED_EDGE('',*,*,#2135,.T.);
#1528=ORIENTED_EDGE('',*,*,#2136,.T.);
#1529=ORIENTED_EDGE('',*,*,#2137,.T.);
#1530=ORIENTED_EDGE('',*,*,#2138,.T.);
#1531=ORIENTED_EDGE('',*,*,#2139,.T.);
#1532=ORIENTED_EDGE('',*,*,#2140,.T.);
#1533=ORIENTED_EDGE('',*,*,#2141,.T.);
#1534=ORIENTED_EDGE('',*,*,#2027,.F.);
#1535=ORIENTED_EDGE('',*,*,#2142,.F.);
#1536=ORIENTED_EDGE('',*,*,#2143,.T.);
#1537=ORIENTED_EDGE('',*,*,#2144,.T.);
#1538=ORIENTED_EDGE('',*,*,#2028,.F.);
#1539=ORIENTED_EDGE('',*,*,#2144,.F.);
#1540=ORIENTED_EDGE('',*,*,#2145,.T.);
#1541=ORIENTED_EDGE('',*,*,#2146,.T.);
#1542=ORIENTED_EDGE('',*,*,#2147,.F.);
#1543=ORIENTED_EDGE('',*,*,#2029,.F.);
#1544=ORIENTED_EDGE('',*,*,#2146,.F.);
#1545=ORIENTED_EDGE('',*,*,#2148,.T.);
#1546=ORIENTED_EDGE('',*,*,#2149,.T.);
#1547=ORIENTED_EDGE('',*,*,#2030,.F.);
#1548=ORIENTED_EDGE('',*,*,#2149,.F.);
#1549=ORIENTED_EDGE('',*,*,#2150,.T.);
#1550=ORIENTED_EDGE('',*,*,#2142,.T.);
#1551=ORIENTED_EDGE('',*,*,#2151,.F.);
#1552=ORIENTED_EDGE('',*,*,#2031,.F.);
#1553=ORIENTED_EDGE('',*,*,#2152,.F.);
#1554=ORIENTED_EDGE('',*,*,#2153,.T.);
#1555=ORIENTED_EDGE('',*,*,#2154,.T.);
#1556=ORIENTED_EDGE('',*,*,#2032,.F.);
#1557=ORIENTED_EDGE('',*,*,#2154,.F.);
#1558=ORIENTED_EDGE('',*,*,#2155,.T.);
#1559=ORIENTED_EDGE('',*,*,#2156,.T.);
#1560=ORIENTED_EDGE('',*,*,#2157,.F.);
#1561=ORIENTED_EDGE('',*,*,#2033,.F.);
#1562=ORIENTED_EDGE('',*,*,#2156,.F.);
#1563=ORIENTED_EDGE('',*,*,#2158,.T.);
#1564=ORIENTED_EDGE('',*,*,#2159,.T.);
#1565=ORIENTED_EDGE('',*,*,#2034,.F.);
#1566=ORIENTED_EDGE('',*,*,#2159,.F.);
#1567=ORIENTED_EDGE('',*,*,#2160,.T.);
#1568=ORIENTED_EDGE('',*,*,#2152,.T.);
#1569=ORIENTED_EDGE('',*,*,#2161,.F.);
#1570=ORIENTED_EDGE('',*,*,#2035,.F.);
#1571=ORIENTED_EDGE('',*,*,#2162,.F.);
#1572=ORIENTED_EDGE('',*,*,#2036,.T.);
#1573=ORIENTED_EDGE('',*,*,#2037,.T.);
#1574=ORIENTED_EDGE('',*,*,#2038,.T.);
#1575=ORIENTED_EDGE('',*,*,#2039,.T.);
#1576=ORIENTED_EDGE('',*,*,#2041,.F.);
#1577=ORIENTED_EDGE('',*,*,#2133,.F.);
#1578=ORIENTED_EDGE('',*,*,#2132,.F.);
#1579=ORIENTED_EDGE('',*,*,#2130,.T.);
#1580=ORIENTED_EDGE('',*,*,#2127,.T.);
#1581=ORIENTED_EDGE('',*,*,#2125,.F.);
#1582=ORIENTED_EDGE('',*,*,#2117,.T.);
#1583=ORIENTED_EDGE('',*,*,#2163,.T.);
#1584=ORIENTED_EDGE('',*,*,#2108,.T.);
#1585=ORIENTED_EDGE('',*,*,#2164,.F.);
#1586=ORIENTED_EDGE('',*,*,#2165,.F.);
#1587=ORIENTED_EDGE('',*,*,#2166,.F.);
#1588=ORIENTED_EDGE('',*,*,#2065,.T.);
#1589=ORIENTED_EDGE('',*,*,#2167,.T.);
#1590=ORIENTED_EDGE('',*,*,#2055,.T.);
#1591=ORIENTED_EDGE('',*,*,#2051,.F.);
#1592=ORIENTED_EDGE('',*,*,#2045,.T.);
#1593=ORIENTED_EDGE('',*,*,#2043,.T.);
#1594=ORIENTED_EDGE('',*,*,#2168,.T.);
#1595=ORIENTED_EDGE('',*,*,#2169,.T.);
#1596=ORIENTED_EDGE('',*,*,#2170,.T.);
#1597=ORIENTED_EDGE('',*,*,#2171,.T.);
#1598=ORIENTED_EDGE('',*,*,#2172,.T.);
#1599=ORIENTED_EDGE('',*,*,#2173,.T.);
#1600=ORIENTED_EDGE('',*,*,#2174,.T.);
#1601=ORIENTED_EDGE('',*,*,#2175,.T.);
#1602=ORIENTED_EDGE('',*,*,#2176,.T.);
#1603=ORIENTED_EDGE('',*,*,#2177,.T.);
#1604=ORIENTED_EDGE('',*,*,#2178,.T.);
#1605=ORIENTED_EDGE('',*,*,#2179,.T.);
#1606=ORIENTED_EDGE('',*,*,#2180,.T.);
#1607=ORIENTED_EDGE('',*,*,#2181,.T.);
#1608=ORIENTED_EDGE('',*,*,#2182,.T.);
#1609=ORIENTED_EDGE('',*,*,#2183,.T.);
#1610=ORIENTED_EDGE('',*,*,#2184,.T.);
#1611=ORIENTED_EDGE('',*,*,#2185,.T.);
#1612=ORIENTED_EDGE('',*,*,#2186,.T.);
#1613=ORIENTED_EDGE('',*,*,#2187,.T.);
#1614=ORIENTED_EDGE('',*,*,#2188,.T.);
#1615=ORIENTED_EDGE('',*,*,#2189,.T.);
#1616=ORIENTED_EDGE('',*,*,#2190,.T.);
#1617=ORIENTED_EDGE('',*,*,#2191,.T.);
#1618=ORIENTED_EDGE('',*,*,#2047,.T.);
#1619=ORIENTED_EDGE('',*,*,#2192,.T.);
#1620=ORIENTED_EDGE('',*,*,#2193,.F.);
#1621=ORIENTED_EDGE('',*,*,#2194,.T.);
#1622=ORIENTED_EDGE('',*,*,#2194,.F.);
#1623=ORIENTED_EDGE('',*,*,#2195,.F.);
#1624=ORIENTED_EDGE('',*,*,#2196,.F.);
#1625=ORIENTED_EDGE('',*,*,#2197,.F.);
#1626=ORIENTED_EDGE('',*,*,#2198,.F.);
#1627=ORIENTED_EDGE('',*,*,#2048,.T.);
#1628=ORIENTED_EDGE('',*,*,#2199,.T.);
#1629=ORIENTED_EDGE('',*,*,#2049,.T.);
#1630=ORIENTED_EDGE('',*,*,#2198,.T.);
#1631=ORIENTED_EDGE('',*,*,#2200,.F.);
#1632=ORIENTED_EDGE('',*,*,#2201,.T.);
#1633=ORIENTED_EDGE('',*,*,#2192,.F.);
#1634=ORIENTED_EDGE('',*,*,#2054,.F.);
#1635=ORIENTED_EDGE('',*,*,#2201,.F.);
#1636=ORIENTED_EDGE('',*,*,#2202,.F.);
#1637=ORIENTED_EDGE('',*,*,#2196,.T.);
#1638=ORIENTED_EDGE('',*,*,#2203,.T.);
#1639=ORIENTED_EDGE('',*,*,#2167,.F.);
#1640=ORIENTED_EDGE('',*,*,#2064,.T.);
#1641=ORIENTED_EDGE('',*,*,#2204,.T.);
#1642=ORIENTED_EDGE('',*,*,#2056,.T.);
#1643=ORIENTED_EDGE('',*,*,#2059,.F.);
#1644=ORIENTED_EDGE('',*,*,#2057,.F.);
#1645=ORIENTED_EDGE('',*,*,#2204,.F.);
#1646=ORIENTED_EDGE('',*,*,#2063,.T.);
#1647=ORIENTED_EDGE('',*,*,#2058,.F.);
#1648=ORIENTED_EDGE('',*,*,#2199,.F.);
#1649=ORIENTED_EDGE('',*,*,#2067,.F.);
#1650=ORIENTED_EDGE('',*,*,#2061,.T.);
#1651=ORIENTED_EDGE('',*,*,#2166,.T.);
#1652=ORIENTED_EDGE('',*,*,#2205,.T.);
#1653=ORIENTED_EDGE('',*,*,#2151,.T.);
#1654=ORIENTED_EDGE('',*,*,#2066,.F.);
#1655=ORIENTED_EDGE('',*,*,#2206,.T.);
#1656=ORIENTED_EDGE('',*,*,#2207,.T.);
#1657=ORIENTED_EDGE('',*,*,#2208,.T.);
#1658=ORIENTED_EDGE('',*,*,#2068,.F.);
#1659=ORIENTED_EDGE('',*,*,#2069,.F.);
#1660=ORIENTED_EDGE('',*,*,#2209,.F.);
#1661=ORIENTED_EDGE('',*,*,#2210,.T.);
#1662=ORIENTED_EDGE('',*,*,#2211,.T.);
#1663=ORIENTED_EDGE('',*,*,#2070,.F.);
#1664=ORIENTED_EDGE('',*,*,#2211,.F.);
#1665=ORIENTED_EDGE('',*,*,#2212,.T.);
#1666=ORIENTED_EDGE('',*,*,#2071,.T.);
#1667=ORIENTED_EDGE('',*,*,#2212,.F.);
#1668=ORIENTED_EDGE('',*,*,#2213,.T.);
#1669=ORIENTED_EDGE('',*,*,#2077,.F.);
#1670=ORIENTED_EDGE('',*,*,#2072,.F.);
#1671=ORIENTED_EDGE('',*,*,#2214,.F.);
#1672=ORIENTED_EDGE('',*,*,#2074,.T.);
#1673=ORIENTED_EDGE('',*,*,#2215,.T.);
#1674=ORIENTED_EDGE('',*,*,#2216,.T.);
#1675=ORIENTED_EDGE('',*,*,#2217,.T.);
#1676=ORIENTED_EDGE('',*,*,#2096,.F.);
#1677=ORIENTED_EDGE('',*,*,#2093,.T.);
#1678=ORIENTED_EDGE('',*,*,#2091,.F.);
#1679=ORIENTED_EDGE('',*,*,#2218,.T.);
#1680=ORIENTED_EDGE('',*,*,#2082,.F.);
#1681=ORIENTED_EDGE('',*,*,#2079,.T.);
#1682=ORIENTED_EDGE('',*,*,#2075,.F.);
#1683=ORIENTED_EDGE('',*,*,#2214,.T.);
#1684=ORIENTED_EDGE('',*,*,#2207,.F.);
#1685=ORIENTED_EDGE('',*,*,#2219,.T.);
#1686=ORIENTED_EDGE('',*,*,#2220,.T.);
#1687=ORIENTED_EDGE('',*,*,#2215,.F.);
#1688=ORIENTED_EDGE('',*,*,#2078,.F.);
#1689=ORIENTED_EDGE('',*,*,#2213,.F.);
#1690=ORIENTED_EDGE('',*,*,#2210,.F.);
#1691=ORIENTED_EDGE('',*,*,#2218,.F.);
#1692=ORIENTED_EDGE('',*,*,#2090,.T.);
#1693=ORIENTED_EDGE('',*,*,#2221,.T.);
#1694=ORIENTED_EDGE('',*,*,#2083,.T.);
#1695=ORIENTED_EDGE('',*,*,#2221,.F.);
#1696=ORIENTED_EDGE('',*,*,#2089,.F.);
#1697=ORIENTED_EDGE('',*,*,#2222,.F.);
#1698=ORIENTED_EDGE('',*,*,#2084,.F.);
#1699=ORIENTED_EDGE('',*,*,#2086,.F.);
#1700=ORIENTED_EDGE('',*,*,#2085,.F.);
#1701=ORIENTED_EDGE('',*,*,#2222,.T.);
#1702=ORIENTED_EDGE('',*,*,#2088,.F.);
#1703=ORIENTED_EDGE('',*,*,#2217,.F.);
#1704=ORIENTED_EDGE('',*,*,#2223,.F.);
#1705=ORIENTED_EDGE('',*,*,#2224,.T.);
#1706=ORIENTED_EDGE('',*,*,#2097,.T.);
#1707=ORIENTED_EDGE('',*,*,#2225,.F.);
#1708=ORIENTED_EDGE('',*,*,#2226,.F.);
#1709=ORIENTED_EDGE('',*,*,#2098,.F.);
#1710=ORIENTED_EDGE('',*,*,#2224,.F.);
#1711=ORIENTED_EDGE('',*,*,#2100,.F.);
#1712=ORIENTED_EDGE('',*,*,#2099,.F.);
#1713=ORIENTED_EDGE('',*,*,#2226,.T.);
#1714=ORIENTED_EDGE('',*,*,#2227,.F.);
#1715=ORIENTED_EDGE('',*,*,#2102,.F.);
#1716=ORIENTED_EDGE('',*,*,#2101,.F.);
#1717=ORIENTED_EDGE('',*,*,#2227,.T.);
#1718=ORIENTED_EDGE('',*,*,#2228,.T.);
#1719=ORIENTED_EDGE('',*,*,#2103,.F.);
#1720=ORIENTED_EDGE('',*,*,#2228,.F.);
#1721=ORIENTED_EDGE('',*,*,#2225,.T.);
#1722=ORIENTED_EDGE('',*,*,#2229,.T.);
#1723=ORIENTED_EDGE('',*,*,#2230,.T.);
#1724=ORIENTED_EDGE('',*,*,#2220,.F.);
#1725=ORIENTED_EDGE('',*,*,#2231,.T.);
#1726=ORIENTED_EDGE('',*,*,#2104,.T.);
#1727=ORIENTED_EDGE('',*,*,#2105,.F.);
#1728=ORIENTED_EDGE('',*,*,#2232,.F.);
#1729=ORIENTED_EDGE('',*,*,#2164,.T.);
#1730=ORIENTED_EDGE('',*,*,#2107,.T.);
#1731=ORIENTED_EDGE('',*,*,#2163,.F.);
#1732=ORIENTED_EDGE('',*,*,#2116,.T.);
#1733=ORIENTED_EDGE('',*,*,#2233,.T.);
#1734=ORIENTED_EDGE('',*,*,#2109,.T.);
#1735=ORIENTED_EDGE('',*,*,#2113,.F.);
#1736=ORIENTED_EDGE('',*,*,#2110,.F.);
#1737=ORIENTED_EDGE('',*,*,#2233,.F.);
#1738=ORIENTED_EDGE('',*,*,#2115,.T.);
#1739=ORIENTED_EDGE('',*,*,#2112,.F.);
#1740=ORIENTED_EDGE('',*,*,#2157,.T.);
#1741=ORIENTED_EDGE('',*,*,#2234,.F.);
#1742=ORIENTED_EDGE('',*,*,#2119,.F.);
#1743=ORIENTED_EDGE('',*,*,#2235,.F.);
#1744=ORIENTED_EDGE('',*,*,#2236,.F.);
#1745=ORIENTED_EDGE('',*,*,#2237,.T.);
#1746=ORIENTED_EDGE('',*,*,#2238,.T.);
#1747=ORIENTED_EDGE('',*,*,#2239,.F.);
#1748=ORIENTED_EDGE('',*,*,#2121,.F.);
#1749=ORIENTED_EDGE('',*,*,#2122,.T.);
#1750=ORIENTED_EDGE('',*,*,#2234,.T.);
#1751=ORIENTED_EDGE('',*,*,#2240,.F.);
#1752=ORIENTED_EDGE('',*,*,#2241,.T.);
#1753=ORIENTED_EDGE('',*,*,#2241,.F.);
#1754=ORIENTED_EDGE('',*,*,#2242,.F.);
#1755=ORIENTED_EDGE('',*,*,#2237,.F.);
#1756=ORIENTED_EDGE('',*,*,#2243,.F.);
#1757=ORIENTED_EDGE('',*,*,#2244,.F.);
#1758=ORIENTED_EDGE('',*,*,#2123,.T.);
#1759=ORIENTED_EDGE('',*,*,#2239,.T.);
#1760=ORIENTED_EDGE('',*,*,#2124,.T.);
#1761=ORIENTED_EDGE('',*,*,#2244,.T.);
#1762=ORIENTED_EDGE('',*,*,#2245,.F.);
#1763=ORIENTED_EDGE('',*,*,#2235,.T.);
#1764=ORIENTED_EDGE('',*,*,#2134,.F.);
#1765=ORIENTED_EDGE('',*,*,#2246,.F.);
#1766=ORIENTED_EDGE('',*,*,#2135,.F.);
#1767=ORIENTED_EDGE('',*,*,#2247,.F.);
#1768=ORIENTED_EDGE('',*,*,#2136,.F.);
#1769=ORIENTED_EDGE('',*,*,#2248,.F.);
#1770=ORIENTED_EDGE('',*,*,#2137,.F.);
#1771=ORIENTED_EDGE('',*,*,#2249,.F.);
#1772=ORIENTED_EDGE('',*,*,#2138,.F.);
#1773=ORIENTED_EDGE('',*,*,#2250,.F.);
#1774=ORIENTED_EDGE('',*,*,#2139,.F.);
#1775=ORIENTED_EDGE('',*,*,#2251,.F.);
#1776=ORIENTED_EDGE('',*,*,#2140,.F.);
#1777=ORIENTED_EDGE('',*,*,#2252,.F.);
#1778=ORIENTED_EDGE('',*,*,#2141,.F.);
#1779=ORIENTED_EDGE('',*,*,#2253,.F.);
#1780=ORIENTED_EDGE('',*,*,#2148,.F.);
#1781=ORIENTED_EDGE('',*,*,#2145,.F.);
#1782=ORIENTED_EDGE('',*,*,#2143,.F.);
#1783=ORIENTED_EDGE('',*,*,#2150,.F.);
#1784=ORIENTED_EDGE('',*,*,#2254,.F.);
#1785=ORIENTED_EDGE('',*,*,#2147,.T.);
#1786=ORIENTED_EDGE('',*,*,#2160,.F.);
#1787=ORIENTED_EDGE('',*,*,#2158,.F.);
#1788=ORIENTED_EDGE('',*,*,#2155,.F.);
#1789=ORIENTED_EDGE('',*,*,#2153,.F.);
#1790=ORIENTED_EDGE('',*,*,#2161,.T.);
#1791=ORIENTED_EDGE('',*,*,#2255,.F.);
#1792=ORIENTED_EDGE('',*,*,#2162,.T.);
#1793=ORIENTED_EDGE('',*,*,#2256,.T.);
#1794=ORIENTED_EDGE('',*,*,#2257,.T.);
#1795=ORIENTED_EDGE('',*,*,#2258,.T.);
#1796=ORIENTED_EDGE('',*,*,#2259,.T.);
#1797=ORIENTED_EDGE('',*,*,#2260,.T.);
#1798=ORIENTED_EDGE('',*,*,#2219,.F.);
#1799=ORIENTED_EDGE('',*,*,#2261,.F.);
#1800=ORIENTED_EDGE('',*,*,#2165,.T.);
#1801=ORIENTED_EDGE('',*,*,#2262,.T.);
#1802=ORIENTED_EDGE('',*,*,#2168,.F.);
#1803=ORIENTED_EDGE('',*,*,#2263,.F.);
#1804=ORIENTED_EDGE('',*,*,#2264,.F.);
#1805=ORIENTED_EDGE('',*,*,#2265,.T.);
#1806=ORIENTED_EDGE('',*,*,#2266,.F.);
#1807=ORIENTED_EDGE('',*,*,#2267,.T.);
#1808=ORIENTED_EDGE('',*,*,#2268,.T.);
#1809=ORIENTED_EDGE('',*,*,#2269,.T.);
#1810=ORIENTED_EDGE('',*,*,#2175,.F.);
#1811=ORIENTED_EDGE('',*,*,#2270,.T.);
#1812=ORIENTED_EDGE('',*,*,#2271,.T.);
#1813=ORIENTED_EDGE('',*,*,#2272,.T.);
#1814=ORIENTED_EDGE('',*,*,#2169,.F.);
#1815=ORIENTED_EDGE('',*,*,#2266,.T.);
#1816=ORIENTED_EDGE('',*,*,#2273,.T.);
#1817=ORIENTED_EDGE('',*,*,#2274,.T.);
#1818=ORIENTED_EDGE('',*,*,#2275,.T.);
#1819=ORIENTED_EDGE('',*,*,#2187,.F.);
#1820=ORIENTED_EDGE('',*,*,#2276,.T.);
#1821=ORIENTED_EDGE('',*,*,#2277,.T.);
#1822=ORIENTED_EDGE('',*,*,#2278,.T.);
#1823=ORIENTED_EDGE('',*,*,#2181,.F.);
#1824=ORIENTED_EDGE('',*,*,#2279,.T.);
#1825=ORIENTED_EDGE('',*,*,#2170,.F.);
#1826=ORIENTED_EDGE('',*,*,#2272,.F.);
#1827=ORIENTED_EDGE('',*,*,#2280,.F.);
#1828=ORIENTED_EDGE('',*,*,#2281,.F.);
#1829=ORIENTED_EDGE('',*,*,#2282,.T.);
#1830=ORIENTED_EDGE('',*,*,#2171,.F.);
#1831=ORIENTED_EDGE('',*,*,#2282,.F.);
#1832=ORIENTED_EDGE('',*,*,#2283,.F.);
#1833=ORIENTED_EDGE('',*,*,#2284,.T.);
#1834=ORIENTED_EDGE('',*,*,#2172,.F.);
#1835=ORIENTED_EDGE('',*,*,#2284,.F.);
#1836=ORIENTED_EDGE('',*,*,#2285,.F.);
#1837=ORIENTED_EDGE('',*,*,#2286,.T.);
#1838=ORIENTED_EDGE('',*,*,#2173,.F.);
#1839=ORIENTED_EDGE('',*,*,#2286,.F.);
#1840=ORIENTED_EDGE('',*,*,#2287,.F.);
#1841=ORIENTED_EDGE('',*,*,#2288,.T.);
#1842=ORIENTED_EDGE('',*,*,#2174,.F.);
#1843=ORIENTED_EDGE('',*,*,#2288,.F.);
#1844=ORIENTED_EDGE('',*,*,#2289,.F.);
#1845=ORIENTED_EDGE('',*,*,#2290,.T.);
#1846=ORIENTED_EDGE('',*,*,#2270,.F.);
#1847=ORIENTED_EDGE('',*,*,#2176,.F.);
#1848=ORIENTED_EDGE('',*,*,#2269,.F.);
#1849=ORIENTED_EDGE('',*,*,#2291,.F.);
#1850=ORIENTED_EDGE('',*,*,#2292,.F.);
#1851=ORIENTED_EDGE('',*,*,#2293,.T.);
#1852=ORIENTED_EDGE('',*,*,#2177,.F.);
#1853=ORIENTED_EDGE('',*,*,#2293,.F.);
#1854=ORIENTED_EDGE('',*,*,#2294,.F.);
#1855=ORIENTED_EDGE('',*,*,#2295,.T.);
#1856=ORIENTED_EDGE('',*,*,#2178,.F.);
#1857=ORIENTED_EDGE('',*,*,#2295,.F.);
#1858=ORIENTED_EDGE('',*,*,#2296,.F.);
#1859=ORIENTED_EDGE('',*,*,#2297,.T.);
#1860=ORIENTED_EDGE('',*,*,#2179,.F.);
#1861=ORIENTED_EDGE('',*,*,#2297,.F.);
#1862=ORIENTED_EDGE('',*,*,#2298,.F.);
#1863=ORIENTED_EDGE('',*,*,#2299,.T.);
#1864=ORIENTED_EDGE('',*,*,#2180,.F.);
#1865=ORIENTED_EDGE('',*,*,#2299,.F.);
#1866=ORIENTED_EDGE('',*,*,#2300,.F.);
#1867=ORIENTED_EDGE('',*,*,#2301,.T.);
#1868=ORIENTED_EDGE('',*,*,#2267,.F.);
#1869=ORIENTED_EDGE('',*,*,#2182,.F.);
#1870=ORIENTED_EDGE('',*,*,#2278,.F.);
#1871=ORIENTED_EDGE('',*,*,#2302,.F.);
#1872=ORIENTED_EDGE('',*,*,#2303,.F.);
#1873=ORIENTED_EDGE('',*,*,#2304,.T.);
#1874=ORIENTED_EDGE('',*,*,#2183,.F.);
#1875=ORIENTED_EDGE('',*,*,#2304,.F.);
#1876=ORIENTED_EDGE('',*,*,#2305,.F.);
#1877=ORIENTED_EDGE('',*,*,#2306,.T.);
#1878=ORIENTED_EDGE('',*,*,#2184,.F.);
#1879=ORIENTED_EDGE('',*,*,#2306,.F.);
#1880=ORIENTED_EDGE('',*,*,#2307,.F.);
#1881=ORIENTED_EDGE('',*,*,#2308,.T.);
#1882=ORIENTED_EDGE('',*,*,#2185,.F.);
#1883=ORIENTED_EDGE('',*,*,#2308,.F.);
#1884=ORIENTED_EDGE('',*,*,#2309,.F.);
#1885=ORIENTED_EDGE('',*,*,#2310,.T.);
#1886=ORIENTED_EDGE('',*,*,#2186,.F.);
#1887=ORIENTED_EDGE('',*,*,#2310,.F.);
#1888=ORIENTED_EDGE('',*,*,#2311,.F.);
#1889=ORIENTED_EDGE('',*,*,#2312,.T.);
#1890=ORIENTED_EDGE('',*,*,#2276,.F.);
#1891=ORIENTED_EDGE('',*,*,#2188,.F.);
#1892=ORIENTED_EDGE('',*,*,#2275,.F.);
#1893=ORIENTED_EDGE('',*,*,#2313,.F.);
#1894=ORIENTED_EDGE('',*,*,#2314,.F.);
#1895=ORIENTED_EDGE('',*,*,#2315,.T.);
#1896=ORIENTED_EDGE('',*,*,#2189,.F.);
#1897=ORIENTED_EDGE('',*,*,#2315,.F.);
#1898=ORIENTED_EDGE('',*,*,#2316,.F.);
#1899=ORIENTED_EDGE('',*,*,#2317,.T.);
#1900=ORIENTED_EDGE('',*,*,#2190,.F.);
#1901=ORIENTED_EDGE('',*,*,#2317,.F.);
#1902=ORIENTED_EDGE('',*,*,#2318,.F.);
#1903=ORIENTED_EDGE('',*,*,#2319,.T.);
#1904=ORIENTED_EDGE('',*,*,#2191,.F.);
#1905=ORIENTED_EDGE('',*,*,#2319,.F.);
#1906=ORIENTED_EDGE('',*,*,#2320,.F.);
#1907=ORIENTED_EDGE('',*,*,#2263,.T.);
#1908=ORIENTED_EDGE('',*,*,#2193,.T.);
#1909=ORIENTED_EDGE('',*,*,#2203,.F.);
#1910=ORIENTED_EDGE('',*,*,#2195,.T.);
#1911=ORIENTED_EDGE('',*,*,#2200,.T.);
#1912=ORIENTED_EDGE('',*,*,#2197,.T.);
#1913=ORIENTED_EDGE('',*,*,#2202,.T.);
#1914=ORIENTED_EDGE('',*,*,#2261,.T.);
#1915=ORIENTED_EDGE('',*,*,#2206,.F.);
#1916=ORIENTED_EDGE('',*,*,#2205,.F.);
#1917=ORIENTED_EDGE('',*,*,#2209,.T.);
#1918=ORIENTED_EDGE('',*,*,#2208,.F.);
#1919=ORIENTED_EDGE('',*,*,#2216,.F.);
#1920=ORIENTED_EDGE('',*,*,#2229,.F.);
#1921=ORIENTED_EDGE('',*,*,#2223,.T.);
#1922=ORIENTED_EDGE('',*,*,#2230,.F.);
#1923=ORIENTED_EDGE('',*,*,#2231,.F.);
#1924=ORIENTED_EDGE('',*,*,#2262,.F.);
#1925=ORIENTED_EDGE('',*,*,#2232,.T.);
#1926=ORIENTED_EDGE('',*,*,#2245,.T.);
#1927=ORIENTED_EDGE('',*,*,#2243,.T.);
#1928=ORIENTED_EDGE('',*,*,#2236,.T.);
#1929=ORIENTED_EDGE('',*,*,#2240,.T.);
#1930=ORIENTED_EDGE('',*,*,#2238,.F.);
#1931=ORIENTED_EDGE('',*,*,#2242,.T.);
#1932=ORIENTED_EDGE('',*,*,#2246,.T.);
#1933=ORIENTED_EDGE('',*,*,#2247,.T.);
#1934=ORIENTED_EDGE('',*,*,#2248,.T.);
#1935=ORIENTED_EDGE('',*,*,#2249,.T.);
#1936=ORIENTED_EDGE('',*,*,#2250,.T.);
#1937=ORIENTED_EDGE('',*,*,#2251,.T.);
#1938=ORIENTED_EDGE('',*,*,#2252,.T.);
#1939=ORIENTED_EDGE('',*,*,#2253,.T.);
#1940=ORIENTED_EDGE('',*,*,#2254,.T.);
#1941=ORIENTED_EDGE('',*,*,#2255,.T.);
#1942=ORIENTED_EDGE('',*,*,#2256,.F.);
#1943=ORIENTED_EDGE('',*,*,#2321,.T.);
#1944=ORIENTED_EDGE('',*,*,#2257,.F.);
#1945=ORIENTED_EDGE('',*,*,#2322,.T.);
#1946=ORIENTED_EDGE('',*,*,#2258,.F.);
#1947=ORIENTED_EDGE('',*,*,#2323,.T.);
#1948=ORIENTED_EDGE('',*,*,#2259,.F.);
#1949=ORIENTED_EDGE('',*,*,#2324,.T.);
#1950=ORIENTED_EDGE('',*,*,#2260,.F.);
#1951=ORIENTED_EDGE('',*,*,#2279,.F.);
#1952=ORIENTED_EDGE('',*,*,#2264,.T.);
#1953=ORIENTED_EDGE('',*,*,#2320,.T.);
#1954=ORIENTED_EDGE('',*,*,#2318,.T.);
#1955=ORIENTED_EDGE('',*,*,#2316,.T.);
#1956=ORIENTED_EDGE('',*,*,#2314,.T.);
#1957=ORIENTED_EDGE('',*,*,#2325,.T.);
#1958=ORIENTED_EDGE('',*,*,#2321,.F.);
#1959=ORIENTED_EDGE('',*,*,#2273,.F.);
#1960=ORIENTED_EDGE('',*,*,#2265,.F.);
#1961=ORIENTED_EDGE('',*,*,#2325,.F.);
#1962=ORIENTED_EDGE('',*,*,#2313,.T.);
#1963=ORIENTED_EDGE('',*,*,#2274,.F.);
#1964=ORIENTED_EDGE('',*,*,#2277,.F.);
#1965=ORIENTED_EDGE('',*,*,#2312,.F.);
#1966=ORIENTED_EDGE('',*,*,#2326,.F.);
#1967=ORIENTED_EDGE('',*,*,#2302,.T.);
#1968=ORIENTED_EDGE('',*,*,#2268,.F.);
#1969=ORIENTED_EDGE('',*,*,#2301,.F.);
#1970=ORIENTED_EDGE('',*,*,#2327,.F.);
#1971=ORIENTED_EDGE('',*,*,#2291,.T.);
#1972=ORIENTED_EDGE('',*,*,#2271,.F.);
#1973=ORIENTED_EDGE('',*,*,#2290,.F.);
#1974=ORIENTED_EDGE('',*,*,#2328,.F.);
#1975=ORIENTED_EDGE('',*,*,#2280,.T.);
#1976=ORIENTED_EDGE('',*,*,#2289,.T.);
#1977=ORIENTED_EDGE('',*,*,#2287,.T.);
#1978=ORIENTED_EDGE('',*,*,#2285,.T.);
#1979=ORIENTED_EDGE('',*,*,#2283,.T.);
#1980=ORIENTED_EDGE('',*,*,#2281,.T.);
#1981=ORIENTED_EDGE('',*,*,#2328,.T.);
#1982=ORIENTED_EDGE('',*,*,#2322,.F.);
#1983=ORIENTED_EDGE('',*,*,#2300,.T.);
#1984=ORIENTED_EDGE('',*,*,#2298,.T.);
#1985=ORIENTED_EDGE('',*,*,#2296,.T.);
#1986=ORIENTED_EDGE('',*,*,#2294,.T.);
#1987=ORIENTED_EDGE('',*,*,#2292,.T.);
#1988=ORIENTED_EDGE('',*,*,#2327,.T.);
#1989=ORIENTED_EDGE('',*,*,#2323,.F.);
#1990=ORIENTED_EDGE('',*,*,#2303,.T.);
#1991=ORIENTED_EDGE('',*,*,#2326,.T.);
#1992=ORIENTED_EDGE('',*,*,#2311,.T.);
#1993=ORIENTED_EDGE('',*,*,#2309,.T.);
#1994=ORIENTED_EDGE('',*,*,#2307,.T.);
#1995=ORIENTED_EDGE('',*,*,#2305,.T.);
#1996=ORIENTED_EDGE('',*,*,#2324,.F.);
#1997=EDGE_CURVE('',#2329,#2330,#2331,.F.);
#1998=EDGE_CURVE('',#2329,#2332,#2333,.F.);
#1999=EDGE_CURVE('',#2332,#2334,#2335,.F.);
#2000=EDGE_CURVE('',#2334,#2336,#2337,.T.);
#2001=EDGE_CURVE('',#2336,#2338,#2339,.F.);
#2002=EDGE_CURVE('',#2338,#2340,#2341,.F.);
#2003=EDGE_CURVE('',#2340,#2342,#2343,.F.);
#2004=EDGE_CURVE('',#2342,#2344,#2345,.T.);
#2005=EDGE_CURVE('',#2344,#2346,#2347,.F.);
#2006=EDGE_CURVE('',#2348,#2346,#2349,.F.);
#2007=EDGE_CURVE('',#2348,#2350,#2351,.F.);
#2008=EDGE_CURVE('',#2352,#2350,#2353,.T.);
#2009=EDGE_CURVE('',#2352,#2354,#2355,.F.);
#2010=EDGE_CURVE('',#2356,#2354,#2357,.F.);
#2011=EDGE_CURVE('',#2356,#2358,#2359,.F.);
#2012=EDGE_CURVE('',#2360,#2358,#2361,.T.);
#2013=EDGE_CURVE('',#2360,#2362,#2363,.F.);
#2014=EDGE_CURVE('',#2362,#2364,#2365,.T.);
#2015=EDGE_CURVE('',#2364,#2366,#2367,.F.);
#2016=EDGE_CURVE('',#2366,#2368,#2369,.F.);
#2017=EDGE_CURVE('',#2368,#2370,#2371,.F.);
#2018=EDGE_CURVE('',#2370,#2372,#2373,.T.);
#2019=EDGE_CURVE('',#2372,#2374,#2375,.F.);
#2020=EDGE_CURVE('',#2374,#2376,#2377,.F.);
#2021=EDGE_CURVE('',#2378,#2376,#2379,.F.);
#2022=EDGE_CURVE('',#2378,#2330,#2380,.T.);
#2023=EDGE_CURVE('',#2381,#2381,#2382,.F.);
#2024=EDGE_CURVE('',#2383,#2383,#2384,.F.);
#2025=EDGE_CURVE('',#2385,#2385,#2386,.F.);
#2026=EDGE_CURVE('',#2387,#2387,#2388,.F.);
#2027=EDGE_CURVE('',#2389,#2390,#2391,.F.);
#2028=EDGE_CURVE('',#2390,#2392,#2393,.F.);
#2029=EDGE_CURVE('',#2392,#2394,#2395,.F.);
#2030=EDGE_CURVE('',#2394,#2389,#2396,.F.);
#2031=EDGE_CURVE('',#2397,#2398,#2399,.F.);
#2032=EDGE_CURVE('',#2398,#2400,#2401,.F.);
#2033=EDGE_CURVE('',#2400,#2402,#2403,.F.);
#2034=EDGE_CURVE('',#2402,#2397,#2404,.F.);
#2035=EDGE_CURVE('',#2405,#2405,#2406,.F.);
#2036=EDGE_CURVE('',#2407,#2407,#2408,.T.);
#2037=EDGE_CURVE('',#2409,#2409,#2410,.T.);
#2038=EDGE_CURVE('',#2411,#2411,#2412,.T.);
#2039=EDGE_CURVE('',#2413,#2413,#2414,.T.);
#2040=EDGE_CURVE('',#2415,#2330,#2416,.F.);
#2041=EDGE_CURVE('',#2415,#2417,#2418,.F.);
#2042=EDGE_CURVE('',#2417,#2329,#2419,.F.);
#2043=EDGE_CURVE('',#2420,#2417,#2421,.T.);
#2044=EDGE_CURVE('',#2420,#2332,#2422,.T.);
#2045=EDGE_CURVE('',#2423,#2420,#2424,.T.);
#2046=EDGE_CURVE('',#2334,#2423,#2425,.F.);
#2047=EDGE_CURVE('',#2426,#2427,#2428,.T.);
#2048=EDGE_CURVE('',#2429,#2426,#2430,.F.);
#2049=EDGE_CURVE('',#2431,#2429,#2432,.T.);
#2050=EDGE_CURVE('',#2431,#2336,#2433,.F.);
#2051=EDGE_CURVE('',#2423,#2434,#2435,.T.);
#2052=EDGE_CURVE('',#2434,#2427,#2436,.F.);
#2053=EDGE_CURVE('',#2338,#2437,#2438,.T.);
#2054=EDGE_CURVE('',#2431,#2427,#2439,.T.);
#2055=EDGE_CURVE('',#2440,#2434,#2441,.T.);
#2056=EDGE_CURVE('',#2442,#2440,#2443,.F.);
#2057=EDGE_CURVE('',#2442,#2437,#2444,.T.);
#2058=EDGE_CURVE('',#2445,#2445,#2446,.T.);
#2059=EDGE_CURVE('',#2437,#2447,#2448,.F.);
#2060=EDGE_CURVE('',#2447,#2340,#2449,.F.);
#2061=EDGE_CURVE('',#2450,#2451,#2452,.F.);
#2062=EDGE_CURVE('',#2342,#2450,#2453,.F.);
#2063=EDGE_CURVE('',#2454,#2447,#2455,.T.);
#2064=EDGE_CURVE('',#2456,#2454,#2457,.T.);
#2065=EDGE_CURVE('',#2451,#2456,#2458,.T.);
#2066=EDGE_CURVE('',#2459,#2459,#2460,.F.);
#2067=EDGE_CURVE('',#2450,#2461,#2462,.T.);
#2068=EDGE_CURVE('',#2461,#2463,#2464,.T.);
#2069=EDGE_CURVE('',#2463,#2465,#2466,.F.);
#2070=EDGE_CURVE('',#2465,#2344,#2467,.F.);
#2071=EDGE_CURVE('',#2468,#2344,#2469,.F.);
#2072=EDGE_CURVE('',#2468,#2470,#2471,.F.);
#2073=EDGE_CURVE('',#2470,#2346,#2472,.T.);
#2074=EDGE_CURVE('',#2473,#2474,#2475,.F.);
#2075=EDGE_CURVE('',#2473,#2476,#2477,.T.);
#2076=EDGE_CURVE('',#2476,#2348,#2478,.F.);
#2077=EDGE_CURVE('',#2470,#2479,#2480,.F.);
#2078=EDGE_CURVE('',#2479,#2474,#2481,.F.);
#2079=EDGE_CURVE('',#2482,#2476,#2483,.F.);
#2080=EDGE_CURVE('',#2350,#2482,#2484,.F.);
#2081=EDGE_CURVE('',#2352,#2485,#2486,.F.);
#2082=EDGE_CURVE('',#2482,#2487,#2488,.F.);
#2083=EDGE_CURVE('',#2489,#2487,#2490,.T.);
#2084=EDGE_CURVE('',#2489,#2491,#2492,.F.);
#2085=EDGE_CURVE('',#2491,#2485,#2493,.F.);
#2086=EDGE_CURVE('',#2485,#2494,#2495,.F.);
#2087=EDGE_CURVE('',#2494,#2354,#2496,.T.);
#2088=EDGE_CURVE('',#2494,#2497,#2498,.F.);
#2089=EDGE_CURVE('',#2497,#2499,#2500,.F.);
#2090=EDGE_CURVE('',#2501,#2499,#2502,.F.);
#2091=EDGE_CURVE('',#2501,#2503,#2504,.T.);
#2092=EDGE_CURVE('',#2503,#2356,#2505,.F.);
#2093=EDGE_CURVE('',#2506,#2503,#2507,.F.);
#2094=EDGE_CURVE('',#2358,#2506,#2508,.F.);
#2095=EDGE_CURVE('',#2360,#2509,#2510,.F.);
#2096=EDGE_CURVE('',#2506,#2511,#2512,.F.);
#2097=EDGE_CURVE('',#2513,#2511,#2514,.T.);
#2098=EDGE_CURVE('',#2513,#2515,#2516,.F.);
#2099=EDGE_CURVE('',#2515,#2509,#2517,.F.);
#2100=EDGE_CURVE('',#2509,#2518,#2519,.F.);
#2101=EDGE_CURVE('',#2518,#2362,#2520,.F.);
#2102=EDGE_CURVE('',#2362,#2521,#2522,.F.);
#2103=EDGE_CURVE('',#2521,#2523,#2524,.F.);
#2104=EDGE_CURVE('',#2525,#2523,#2526,.T.);
#2105=EDGE_CURVE('',#2525,#2527,#2528,.T.);
#2106=EDGE_CURVE('',#2527,#2364,#2529,.F.);
#2107=EDGE_CURVE('',#2530,#2527,#2531,.T.);
#2108=EDGE_CURVE('',#2532,#2530,#2533,.T.);
#2109=EDGE_CURVE('',#2534,#2532,#2535,.F.);
#2110=EDGE_CURVE('',#2534,#2536,#2537,.T.);
#2111=EDGE_CURVE('',#2366,#2536,#2538,.T.);
#2112=EDGE_CURVE('',#2539,#2539,#2540,.F.);
#2113=EDGE_CURVE('',#2536,#2541,#2542,.F.);
#2114=EDGE_CURVE('',#2541,#2368,#2543,.F.);
#2115=EDGE_CURVE('',#2544,#2541,#2545,.T.);
#2116=EDGE_CURVE('',#2546,#2544,#2547,.T.);
#2117=EDGE_CURVE('',#2548,#2546,#2549,.T.);
#2118=EDGE_CURVE('',#2550,#2548,#2551,.F.);
#2119=EDGE_CURVE('',#2550,#2552,#2553,.T.);
#2120=EDGE_CURVE('',#2370,#2552,#2554,.F.);
#2121=EDGE_CURVE('',#2555,#2555,#2556,.T.);
#2122=EDGE_CURVE('',#2557,#2552,#2558,.T.);
#2123=EDGE_CURVE('',#2559,#2557,#2560,.F.);
#2124=EDGE_CURVE('',#2550,#2559,#2561,.T.);
#2125=EDGE_CURVE('',#2548,#2562,#2563,.T.);
#2126=EDGE_CURVE('',#2562,#2372,#2564,.T.);
#2127=EDGE_CURVE('',#2565,#2562,#2566,.T.);
#2128=EDGE_CURVE('',#2565,#2374,#2567,.T.);
#2129=EDGE_CURVE('',#2376,#2568,#2569,.F.);
#2130=EDGE_CURVE('',#2568,#2565,#2570,.T.);
#2131=EDGE_CURVE('',#2378,#2571,#2572,.F.);
#2132=EDGE_CURVE('',#2568,#2571,#2573,.F.);
#2133=EDGE_CURVE('',#2571,#2415,#2574,.T.);
#2134=EDGE_CURVE('',#2575,#2575,#2576,.F.);
#2135=EDGE_CURVE('',#2577,#2577,#2578,.F.);
#2136=EDGE_CURVE('',#2579,#2579,#2580,.F.);
#2137=EDGE_CURVE('',#2581,#2581,#2582,.F.);
#2138=EDGE_CURVE('',#2583,#2583,#2584,.F.);
#2139=EDGE_CURVE('',#2585,#2585,#2586,.F.);
#2140=EDGE_CURVE('',#2587,#2587,#2588,.F.);
#2141=EDGE_CURVE('',#2589,#2589,#2590,.F.);
#2142=EDGE_CURVE('',#2591,#2389,#2592,.T.);
#2143=EDGE_CURVE('',#2591,#2593,#2594,.F.);
#2144=EDGE_CURVE('',#2593,#2390,#2595,.T.);
#2145=EDGE_CURVE('',#2593,#2596,#2597,.F.);
#2146=EDGE_CURVE('',#2596,#2392,#2598,.T.);
#2147=EDGE_CURVE('',#2599,#2599,#2600,.T.);
#2148=EDGE_CURVE('',#2596,#2601,#2602,.F.);
#2149=EDGE_CURVE('',#2601,#2394,#2603,.T.);
#2150=EDGE_CURVE('',#2601,#2591,#2604,.F.);
#2151=EDGE_CURVE('',#2605,#2605,#2606,.F.);
#2152=EDGE_CURVE('',#2607,#2397,#2608,.T.);
#2153=EDGE_CURVE('',#2607,#2609,#2610,.F.);
#2154=EDGE_CURVE('',#2609,#2398,#2611,.T.);
#2155=EDGE_CURVE('',#2609,#2612,#2613,.F.);
#2156=EDGE_CURVE('',#2612,#2400,#2614,.T.);
#2157=EDGE_CURVE('',#2615,#2615,#2616,.F.);
#2158=EDGE_CURVE('',#2612,#2617,#2618,.F.);
#2159=EDGE_CURVE('',#2617,#2402,#2619,.T.);
#2160=EDGE_CURVE('',#2617,#2607,#2620,.F.);
#2161=EDGE_CURVE('',#2621,#2621,#2622,.T.);
#2162=EDGE_CURVE('',#2623,#2623,#2624,.T.);
#2163=EDGE_CURVE('',#2546,#2532,#2625,.T.);
#2164=EDGE_CURVE('',#2626,#2530,#2627,.T.);
#2165=EDGE_CURVE('',#2628,#2626,#2629,.T.);
#2166=EDGE_CURVE('',#2451,#2628,#2630,.T.);
#2167=EDGE_CURVE('',#2456,#2440,#2631,.T.);
#2168=EDGE_CURVE('',#2632,#2633,#2634,.T.);
#2169=EDGE_CURVE('',#2633,#2635,#2636,.T.);
#2170=EDGE_CURVE('',#2635,#2637,#2638,.T.);
#2171=EDGE_CURVE('',#2637,#2639,#2640,.T.);
#2172=EDGE_CURVE('',#2639,#2641,#2642,.T.);
#2173=EDGE_CURVE('',#2641,#2643,#2644,.T.);
#2174=EDGE_CURVE('',#2643,#2645,#2646,.T.);
#2175=EDGE_CURVE('',#2645,#2647,#2648,.T.);
#2176=EDGE_CURVE('',#2647,#2649,#2650,.T.);
#2177=EDGE_CURVE('',#2649,#2651,#2652,.T.);
#2178=EDGE_CURVE('',#2651,#2653,#2654,.T.);
#2179=EDGE_CURVE('',#2653,#2655,#2656,.T.);
#2180=EDGE_CURVE('',#2655,#2657,#2658,.T.);
#2181=EDGE_CURVE('',#2657,#2659,#2660,.T.);
#2182=EDGE_CURVE('',#2659,#2661,#2662,.T.);
#2183=EDGE_CURVE('',#2661,#2663,#2664,.T.);
#2184=EDGE_CURVE('',#2663,#2665,#2666,.T.);
#2185=EDGE_CURVE('',#2665,#2667,#2668,.T.);
#2186=EDGE_CURVE('',#2667,#2669,#2670,.T.);
#2187=EDGE_CURVE('',#2669,#2671,#2672,.T.);
#2188=EDGE_CURVE('',#2671,#2673,#2674,.T.);
#2189=EDGE_CURVE('',#2673,#2675,#2676,.T.);
#2190=EDGE_CURVE('',#2675,#2677,#2678,.T.);
#2191=EDGE_CURVE('',#2677,#2632,#2679,.T.);
#2192=EDGE_CURVE('',#2427,#2680,#2681,.T.);
#2193=EDGE_CURVE('',#2682,#2680,#2683,.T.);
#2194=EDGE_CURVE('',#2682,#2426,#2684,.F.);
#2195=EDGE_CURVE('',#2685,#2682,#2686,.T.);
#2196=EDGE_CURVE('',#2687,#2685,#2688,.T.);
#2197=EDGE_CURVE('',#2689,#2687,#2690,.T.);
#2198=EDGE_CURVE('',#2429,#2689,#2691,.F.);
#2199=EDGE_CURVE('',#2692,#2692,#2693,.T.);
#2200=EDGE_CURVE('',#2694,#2689,#2695,.T.);
#2201=EDGE_CURVE('',#2694,#2431,#2696,.F.);
#2202=EDGE_CURVE('',#2687,#2694,#2697,.T.);
#2203=EDGE_CURVE('',#2685,#2680,#2698,.T.);
#2204=EDGE_CURVE('',#2454,#2442,#2699,.T.);
#2205=EDGE_CURVE('',#2628,#2461,#2700,.F.);
#2206=EDGE_CURVE('',#2461,#2701,#2702,.F.);
#2207=EDGE_CURVE('',#2701,#2703,#2704,.T.);
#2208=EDGE_CURVE('',#2703,#2463,#2705,.F.);
#2209=EDGE_CURVE('',#2706,#2463,#2707,.T.);
#2210=EDGE_CURVE('',#2706,#2708,#2709,.F.);
#2211=EDGE_CURVE('',#2708,#2465,#2710,.F.);
#2212=EDGE_CURVE('',#2708,#2468,#2711,.F.);
#2213=EDGE_CURVE('',#2708,#2479,#2712,.T.);
#2214=EDGE_CURVE('',#2473,#2703,#2713,.F.);
#2215=EDGE_CURVE('',#2474,#2706,#2714,.F.);
#2216=EDGE_CURVE('',#2706,#2703,#2715,.F.);
#2217=EDGE_CURVE('',#2716,#2511,#2717,.F.);
#2218=EDGE_CURVE('',#2501,#2487,#2718,.F.);
#2219=EDGE_CURVE('',#2701,#2719,#2720,.T.);
#2220=EDGE_CURVE('',#2719,#2716,#2721,.T.);
#2221=EDGE_CURVE('',#2499,#2489,#2722,.F.);
#2222=EDGE_CURVE('',#2491,#2497,#2723,.T.);
#2223=EDGE_CURVE('',#2724,#2716,#2725,.T.);
#2224=EDGE_CURVE('',#2724,#2513,#2726,.F.);
#2225=EDGE_CURVE('',#2727,#2724,#2728,.F.);
#2226=EDGE_CURVE('',#2515,#2727,#2729,.T.);
#2227=EDGE_CURVE('',#2518,#2727,#2730,.F.);
#2228=EDGE_CURVE('',#2727,#2521,#2731,.F.);
#2229=EDGE_CURVE('',#2724,#2523,#2732,.F.);
#2230=EDGE_CURVE('',#2523,#2716,#2733,.F.);
#2231=EDGE_CURVE('',#2719,#2525,#2734,.F.);
#2232=EDGE_CURVE('',#2626,#2525,#2735,.T.);
#2233=EDGE_CURVE('',#2544,#2534,#2736,.T.);
#2234=EDGE_CURVE('',#2552,#2737,#2738,.T.);
#2235=EDGE_CURVE('',#2739,#2550,#2740,.F.);
#2236=EDGE_CURVE('',#2741,#2739,#2742,.T.);
#2237=EDGE_CURVE('',#2741,#2743,#2744,.T.);
#2238=EDGE_CURVE('',#2743,#2737,#2745,.T.);
#2239=EDGE_CURVE('',#2746,#2746,#2747,.T.);
#2240=EDGE_CURVE('',#2748,#2737,#2749,.T.);
#2241=EDGE_CURVE('',#2748,#2557,#2750,.F.);
#2242=EDGE_CURVE('',#2743,#2748,#2751,.T.);
#2243=EDGE_CURVE('',#2752,#2741,#2753,.T.);
#2244=EDGE_CURVE('',#2559,#2752,#2754,.F.);
#2245=EDGE_CURVE('',#2739,#2752,#2755,.T.);
#2246=EDGE_CURVE('',#2756,#2756,#2757,.T.);
#2247=EDGE_CURVE('',#2758,#2758,#2759,.T.);
#2248=EDGE_CURVE('',#2760,#2760,#2761,.T.);
#2249=EDGE_CURVE('',#2762,#2762,#2763,.T.);
#2250=EDGE_CURVE('',#2764,#2764,#2765,.T.);
#2251=EDGE_CURVE('',#2766,#2766,#2767,.T.);
#2252=EDGE_CURVE('',#2768,#2768,#2769,.T.);
#2253=EDGE_CURVE('',#2770,#2770,#2771,.T.);
#2254=EDGE_CURVE('',#2772,#2772,#2773,.T.);
#2255=EDGE_CURVE('',#2774,#2774,#2775,.T.);
#2256=EDGE_CURVE('',#2776,#2776,#2777,.F.);
#2257=EDGE_CURVE('',#2778,#2778,#2779,.F.);
#2258=EDGE_CURVE('',#2780,#2780,#2781,.F.);
#2259=EDGE_CURVE('',#2782,#2782,#2783,.F.);
#2260=EDGE_CURVE('',#2784,#2784,#2785,.F.);
#2261=EDGE_CURVE('',#2628,#2701,#2786,.T.);
#2262=EDGE_CURVE('',#2626,#2719,#2787,.F.);
#2263=EDGE_CURVE('',#2788,#2632,#2789,.T.);
#2264=EDGE_CURVE('',#2790,#2788,#2791,.T.);
#2265=EDGE_CURVE('',#2790,#2792,#2793,.T.);
#2266=EDGE_CURVE('',#2633,#2792,#2794,.T.);
#2267=EDGE_CURVE('',#2657,#2795,#2796,.T.);
#2268=EDGE_CURVE('',#2795,#2797,#2798,.F.);
#2269=EDGE_CURVE('',#2797,#2647,#2799,.F.);
#2270=EDGE_CURVE('',#2645,#2800,#2801,.T.);
#2271=EDGE_CURVE('',#2800,#2802,#2803,.F.);
#2272=EDGE_CURVE('',#2802,#2635,#2804,.F.);
#2273=EDGE_CURVE('',#2792,#2805,#2806,.F.);
#2274=EDGE_CURVE('',#2805,#2807,#2808,.T.);
#2275=EDGE_CURVE('',#2807,#2671,#2809,.F.);
#2276=EDGE_CURVE('',#2669,#2810,#2811,.T.);
#2277=EDGE_CURVE('',#2810,#2812,#2813,.F.);
#2278=EDGE_CURVE('',#2812,#2659,#2814,.F.);
#2279=EDGE_CURVE('',#2815,#2815,#2816,.T.);
#2280=EDGE_CURVE('',#2817,#2802,#2818,.T.);
#2281=EDGE_CURVE('',#2819,#2817,#2820,.T.);
#2282=EDGE_CURVE('',#2819,#2637,#2821,.T.);
#2283=EDGE_CURVE('',#2822,#2819,#2823,.T.);
#2284=EDGE_CURVE('',#2822,#2639,#2824,.T.);
#2285=EDGE_CURVE('',#2825,#2822,#2826,.T.);
#2286=EDGE_CURVE('',#2825,#2641,#2827,.T.);
#2287=EDGE_CURVE('',#2828,#2825,#2829,.T.);
#2288=EDGE_CURVE('',#2828,#2643,#2830,.T.);
#2289=EDGE_CURVE('',#2831,#2828,#2832,.T.);
#2290=EDGE_CURVE('',#2831,#2800,#2833,.T.);
#2291=EDGE_CURVE('',#2834,#2797,#2835,.T.);
#2292=EDGE_CURVE('',#2836,#2834,#2837,.T.);
#2293=EDGE_CURVE('',#2836,#2649,#2838,.T.);
#2294=EDGE_CURVE('',#2839,#2836,#2840,.T.);
#2295=EDGE_CURVE('',#2839,#2651,#2841,.T.);
#2296=EDGE_CURVE('',#2842,#2839,#2843,.T.);
#2297=EDGE_CURVE('',#2842,#2653,#2844,.T.);
#2298=EDGE_CURVE('',#2845,#2842,#2846,.T.);
#2299=EDGE_CURVE('',#2845,#2655,#2847,.T.);
#2300=EDGE_CURVE('',#2848,#2845,#2849,.T.);
#2301=EDGE_CURVE('',#2848,#2795,#2850,.T.);
#2302=EDGE_CURVE('',#2851,#2812,#2852,.T.);
#2303=EDGE_CURVE('',#2853,#2851,#2854,.T.);
#2304=EDGE_CURVE('',#2853,#2661,#2855,.T.);
#2305=EDGE_CURVE('',#2856,#2853,#2857,.T.);
#2306=EDGE_CURVE('',#2856,#2663,#2858,.T.);
#2307=EDGE_CURVE('',#2859,#2856,#2860,.T.);
#2308=EDGE_CURVE('',#2859,#2665,#2861,.T.);
#2309=EDGE_CURVE('',#2862,#2859,#2863,.T.);
#2310=EDGE_CURVE('',#2862,#2667,#2864,.T.);
#2311=EDGE_CURVE('',#2865,#2862,#2866,.T.);
#2312=EDGE_CURVE('',#2865,#2810,#2867,.T.);
#2313=EDGE_CURVE('',#2868,#2807,#2869,.T.);
#2314=EDGE_CURVE('',#2870,#2868,#2871,.T.);
#2315=EDGE_CURVE('',#2870,#2673,#2872,.T.);
#2316=EDGE_CURVE('',#2873,#2870,#2874,.T.);
#2317=EDGE_CURVE('',#2873,#2675,#2875,.T.);
#2318=EDGE_CURVE('',#2876,#2873,#2877,.T.);
#2319=EDGE_CURVE('',#2876,#2677,#2878,.T.);
#2320=EDGE_CURVE('',#2788,#2876,#2879,.T.);
#2321=EDGE_CURVE('',#2880,#2880,#2881,.F.);
#2322=EDGE_CURVE('',#2882,#2882,#2883,.F.);
#2323=EDGE_CURVE('',#2884,#2884,#2885,.F.);
#2324=EDGE_CURVE('',#2886,#2886,#2887,.F.);
#2325=EDGE_CURVE('',#2868,#2790,#2888,.T.);
#2326=EDGE_CURVE('',#2851,#2865,#2889,.T.);
#2327=EDGE_CURVE('',#2834,#2848,#2890,.T.);
#2328=EDGE_CURVE('',#2817,#2831,#2891,.T.);
#2329=VERTEX_POINT('',#2892);
#2330=VERTEX_POINT('',#2893);
#2331=CIRCLE('',#2894,1.5);
#2332=VERTEX_POINT('',#2898);
#2333=LINE('',#2899,#2900);
#2334=VERTEX_POINT('',#2902);
#2335=CIRCLE('',#2903,10.);
#2336=VERTEX_POINT('',#2907);
#2337=LINE('',#2908,#2909);
#2338=VERTEX_POINT('',#2911);
#2339=LINE('',#2912,#2913);
#2340=VERTEX_POINT('',#2915);
#2341=CIRCLE('',#2916,7.05);
#2342=VERTEX_POINT('',#2920);
#2343=LINE('',#2921,#2922);
#2344=VERTEX_POINT('',#2924);
#2345=LINE('',#2925,#2926);
#2346=VERTEX_POINT('',#2928);
#2347=LINE('',#2929,#2930);
#2348=VERTEX_POINT('',#2932);
#2349=LINE('',#2933,#2934);
#2350=VERTEX_POINT('',#2936);
#2351=LINE('',#2937,#2938);
#2352=VERTEX_POINT('',#2940);
#2353=LINE('',#2941,#2942);
#2354=VERTEX_POINT('',#2944);
#2355=LINE('',#2945,#2946);
#2356=VERTEX_POINT('',#2948);
#2357=LINE('',#2949,#2950);
#2358=VERTEX_POINT('',#2952);
#2359=LINE('',#2953,#2954);
#2360=VERTEX_POINT('',#2956);
#2361=LINE('',#2957,#2958);
#2362=VERTEX_POINT('',#2960);
#2363=LINE('',#2961,#2962);
#2364=VERTEX_POINT('',#2964);
#2365=LINE('',#2965,#2966);
#2366=VERTEX_POINT('',#2968);
#2367=LINE('',#2969,#2970);
#2368=VERTEX_POINT('',#2972);
#2369=CIRCLE('',#2973,7.05);
#2370=VERTEX_POINT('',#2977);
#2371=LINE('',#2978,#2979);
#2372=VERTEX_POINT('',#2981);
#2373=LINE('',#2982,#2983);
#2374=VERTEX_POINT('',#2985);
#2375=CIRCLE('',#2986,10.);
#2376=VERTEX_POINT('',#2990);
#2377=LINE('',#2991,#2992);
#2378=VERTEX_POINT('',#2994);
#2379=CIRCLE('',#2995,1.5);
#2380=LINE('',#2999,#3000);
#2381=VERTEX_POINT('',#3002);
#2382=CIRCLE('',#3003,1.4);
#2383=VERTEX_POINT('',#3007);
#2384=CIRCLE('',#3008,1.4);
#2385=VERTEX_POINT('',#3012);
#2386=CIRCLE('',#3013,0.9);
#2387=VERTEX_POINT('',#3017);
#2388=CIRCLE('',#3018,0.9);
#2389=VERTEX_POINT('',#3022);
#2390=VERTEX_POINT('',#3023);
#2391=LINE('',#3024,#3025);
#2392=VERTEX_POINT('',#3027);
#2393=LINE('',#3028,#3029);
#2394=VERTEX_POINT('',#3031);
#2395=LINE('',#3032,#3033);
#2396=LINE('',#3035,#3036);
#2397=VERTEX_POINT('',#3038);
#2398=VERTEX_POINT('',#3039);
#2399=LINE('',#3040,#3041);
#2400=VERTEX_POINT('',#3043);
#2401=LINE('',#3044,#3045);
#2402=VERTEX_POINT('',#3047);
#2403=LINE('',#3048,#3049);
#2404=LINE('',#3051,#3052);
#2405=VERTEX_POINT('',#3054);
#2406=CIRCLE('',#3055,11.1);
#2407=VERTEX_POINT('',#3059);
#2408=CIRCLE('',#3060,0.9);
#2409=VERTEX_POINT('',#3064);
#2410=CIRCLE('',#3065,0.9);
#2411=VERTEX_POINT('',#3069);
#2412=CIRCLE('',#3070,1.4);
#2413=VERTEX_POINT('',#3074);
#2414=CIRCLE('',#3075,1.4);
#2415=VERTEX_POINT('',#3079);
#2416=LINE('',#3080,#3081);
#2417=VERTEX_POINT('',#3083);
#2418=CIRCLE('',#3084,1.5);
#2419=LINE('',#3088,#3089);
#2420=VERTEX_POINT('',#3091);
#2421=LINE('',#3092,#3093);
#2422=LINE('',#3095,#3096);
#2423=VERTEX_POINT('',#3098);
#2424=CIRCLE('',#3099,10.);
#2425=LINE('',#3103,#3104);
#2426=VERTEX_POINT('',#3106);
#2427=VERTEX_POINT('',#3107);
#2428=LINE('',#3108,#3109);
#2429=VERTEX_POINT('',#3111);
#2430=LINE('',#3112,#3113);
#2431=VERTEX_POINT('',#3115);
#2432=LINE('',#3116,#3117);
#2433=LINE('',#3119,#3120);
#2434=VERTEX_POINT('',#3122);
#2435=LINE('',#3123,#3124);
#2436=LINE('',#3126,#3127);
#2437=VERTEX_POINT('',#3129);
#2438=B_SPLINE_CURVE_WITH_KNOTS('',3,
(#3130,#3131,#3132,#3133,#3134,#3135,#3136,#3137,#3138,#3139,#3140,#3141,#3142,#3143,
#3144,#3145,#3146,#3147,#3148,#3149,#3150,#3151,#3152),
.UNSPECIFIED.,.F.,.F.,
(4,1,1,1,1,1,1,1,1,1,1,1,1,1,1,1,1,1,1,1,4),
(0.,0.0399356573162514,0.0798471439078545,0.119791773603638,0.173035842311547,0.230720440002817,
0.292814688301566,0.363758848076454,0.434684292328652,0.505596553911722,0.558765321062572,
0.611922429048601,0.680604105062269,0.74711641033008,0.811466676149851,0.851533646913238,
0.884979778739773,0.910783354820049,0.935528807937159,0.964901492661264,1.),
.UNSPECIFIED.);
#2439=LINE('',#3153,#3154);
#2440=VERTEX_POINT('',#3156);
#2441=LINE('',#3157,#3158);
#2442=VERTEX_POINT('',#3160);
#2443=B_SPLINE_CURVE_WITH_KNOTS('',3,
(#3161,#3162,#3163,#3164,#3165,#3166,#3167,#3168,#3169,#3170,#3171,#3172,#3173,#3174,
#3175,#3176,#3177,#3178,#3179,#3180,#3181,#3182,#3183),
.UNSPECIFIED.,.F.,.F.,
(4,1,1,1,1,1,1,1,1,1,1,1,1,1,1,1,1,1,1,1,4),
(0.,0.0399356573162422,0.0798471439078438,0.119791773603632,0.173035842311546,0.230720440002805,
0.292814688301564,0.363758848076445,0.434684292328653,0.505596553911724,0.558765321062578,
0.611922429048602,0.680604105062268,0.747116410330081,0.811466676149854,0.851533646913242,
0.884979778739773,0.910783354820053,0.935528807937161,0.964901492661266,1.),
.UNSPECIFIED.);
#2444=LINE('',#3184,#3185);
#2445=VERTEX_POINT('',#3187);
#2446=CIRCLE('',#3188,1.75);
#2447=VERTEX_POINT('',#3192);
#2448=CIRCLE('',#3193,6.05);
#2449=B_SPLINE_CURVE_WITH_KNOTS('',3,
(#3197,#3198,#3199,#3200,#3201,#3202,#3203,#3204,#3205,#3206,#3207,#3208,#3209,#3210,
#3211,#3212,#3213,#3214,#3215,#3216,#3217,#3218,#3219),
.UNSPECIFIED.,.F.,.F.,
(4,1,1,1,1,1,1,1,1,1,1,1,1,1,1,1,1,1,1,1,4),
(0.,0.0399356573162465,0.0798471439078461,0.11979177360364,0.173035842311542,0.2307204400028,
0.292814688301562,0.36375884807646,0.434684292328671,0.505596553911741,0.558765321062592,
0.611922429048618,0.680604105062288,0.747116410330102,0.811466676149876,0.851533646913259,
0.884979778739788,0.910783354820069,0.93552880793717,0.964901492661267,1.),
.UNSPECIFIED.);
#2450=VERTEX_POINT('',#3220);
#2451=VERTEX_POINT('',#3221);
#2452=(BOUNDED_CURVE()B_SPLINE_CURVE(3,
(#3222,#3223,#3224,#3225),
.UNSPECIFIED.,.F.,.F.)B_SPLINE_CURVE_WITH_KNOTS((4,4),
(0.,1.),
.UNSPECIFIED.)CURVE()GEOMETRIC_REPRESENTATION_ITEM()RATIONAL_B_SPLINE_CURVE((1.,
0.804737854124364,0.804737854124364,1.))REPRESENTATION_ITEM(''));
#2453=LINE('',#3226,#3227);
#2454=VERTEX_POINT('',#3229);
#2455=LINE('',#3230,#3231);
#2456=VERTEX_POINT('',#3233);
#2457=B_SPLINE_CURVE_WITH_KNOTS('',3,
(#3234,#3235,#3236,#3237,#3238,#3239,#3240,#3241,#3242,#3243,#3244,#3245,#3246,#3247,
#3248,#3249,#3250,#3251,#3252,#3253,#3254,#3255,#3256),
.UNSPECIFIED.,.F.,.F.,
(4,1,1,1,1,1,1,1,1,1,1,1,1,1,1,1,1,1,1,1,4),
(0.,0.0399356573162495,0.0798471439078502,0.119791773603649,0.173035842311555,0.230720440002817,
0.29281468830157,0.36375884807646,0.434684292328666,0.505596553911736,0.558765321062588,
0.611922429048611,0.68060410506229,0.7471164103301,0.81146667614988,0.851533646913266,
0.884979778739796,0.910783354820073,0.935528807937176,0.964901492661273,1.),
.UNSPECIFIED.);
#2458=LINE('',#3257,#3258);
#2459=VERTEX_POINT('',#3260);
#2460=CIRCLE('',#3261,1.75);
#2461=VERTEX_POINT('',#3265);
#2462=LINE('',#3266,#3267);
#2463=VERTEX_POINT('',#3269);
#2464=LINE('',#3270,#3271);
#2465=VERTEX_POINT('',#3273);
#2466=LINE('',#3274,#3275);
#2467=LINE('',#3277,#3278);
#2468=VERTEX_POINT('',#3280);
#2469=(BOUNDED_CURVE()B_SPLINE_CURVE(3,
(#3281,#3282,#3283,#3284),
.UNSPECIFIED.,.F.,.F.)B_SPLINE_CURVE_WITH_KNOTS((4,4),
(0.,1.),
.UNSPECIFIED.)CURVE()GEOMETRIC_REPRESENTATION_ITEM()RATIONAL_B_SPLINE_CURVE((1.,
0.804737854124365,0.804737854124365,1.))REPRESENTATION_ITEM(''));
#2470=VERTEX_POINT('',#3285);
#2471=LINE('',#3286,#3287);
#2472=CIRCLE('',#3289,1.5);
#2473=VERTEX_POINT('',#3293);
#2474=VERTEX_POINT('',#3294);
#2475=CIRCLE('',#3295,1.5);
#2476=VERTEX_POINT('',#3299);
#2477=LINE('',#3300,#3301);
#2478=LINE('',#3303,#3304);
#2479=VERTEX_POINT('',#3306);
#2480=LINE('',#3307,#3308);
#2481=LINE('',#3310,#3311);
#2482=VERTEX_POINT('',#3313);
#2483=LINE('',#3314,#3315);
#2484=LINE('',#3317,#3318);
#2485=VERTEX_POINT('',#3320);
#2486=CIRCLE('',#3321,1.5);
#2487=VERTEX_POINT('',#3325);
#2488=LINE('',#3326,#3327);
#2489=VERTEX_POINT('',#3329);
#2490=CIRCLE('',#3330,1.5);
#2491=VERTEX_POINT('',#3334);
#2492=LINE('',#3335,#3336);
#2493=LINE('',#3338,#3339);
#2494=VERTEX_POINT('',#3341);
#2495=LINE('',#3342,#3343);
#2496=CIRCLE('',#3345,1.5);
#2497=VERTEX_POINT('',#3349);
#2498=LINE('',#3350,#3351);
#2499=VERTEX_POINT('',#3353);
#2500=LINE('',#3354,#3355);
#2501=VERTEX_POINT('',#3357);
#2502=CIRCLE('',#3358,1.5);
#2503=VERTEX_POINT('',#3362);
#2504=LINE('',#3363,#3364);
#2505=LINE('',#3366,#3367);
#2506=VERTEX_POINT('',#3369);
#2507=LINE('',#3370,#3371);
#2508=LINE('',#3373,#3374);
#2509=VERTEX_POINT('',#3376);
#2510=CIRCLE('',#3377,1.5);
#2511=VERTEX_POINT('',#3381);
#2512=LINE('',#3382,#3383);
#2513=VERTEX_POINT('',#3385);
#2514=CIRCLE('',#3386,1.5);
#2515=VERTEX_POINT('',#3390);
#2516=LINE('',#3391,#3392);
#2517=LINE('',#3394,#3395);
#2518=VERTEX_POINT('',#3397);
#2519=LINE('',#3398,#3399);
#2520=(BOUNDED_CURVE()B_SPLINE_CURVE(3,
(#3401,#3402,#3403,#3404),
.UNSPECIFIED.,.F.,.F.)B_SPLINE_CURVE_WITH_KNOTS((4,4),
(0.,1.),
.UNSPECIFIED.)CURVE()GEOMETRIC_REPRESENTATION_ITEM()RATIONAL_B_SPLINE_CURVE((1.,
0.804737854124365,0.804737854124365,1.))REPRESENTATION_ITEM(''));
#2521=VERTEX_POINT('',#3405);
#2522=LINE('',#3406,#3407);
#2523=VERTEX_POINT('',#3409);
#2524=LINE('',#3410,#3411);
#2525=VERTEX_POINT('',#3413);
#2526=LINE('',#3414,#3415);
#2527=VERTEX_POINT('',#3417);
#2528=LINE('',#3418,#3419);
#2529=LINE('',#3421,#3422);
#2530=VERTEX_POINT('',#3424);
#2531=(BOUNDED_CURVE()B_SPLINE_CURVE(3,
(#3425,#3426,#3427,#3428),
.UNSPECIFIED.,.F.,.F.)B_SPLINE_CURVE_WITH_KNOTS((4,4),
(0.,1.),
.UNSPECIFIED.)CURVE()GEOMETRIC_REPRESENTATION_ITEM()RATIONAL_B_SPLINE_CURVE((1.,
0.804737854124365,0.804737854124365,1.))REPRESENTATION_ITEM(''));
#2532=VERTEX_POINT('',#3429);
#2533=LINE('',#3430,#3431);
#2534=VERTEX_POINT('',#3433);
#2535=B_SPLINE_CURVE_WITH_KNOTS('',3,
(#3434,#3435,#3436,#3437,#3438,#3439,#3440,#3441,#3442,#3443,#3444,#3445,#3446,#3447,
#3448,#3449,#3450,#3451,#3452,#3453,#3454,#3455,#3456),
.UNSPECIFIED.,.F.,.F.,
(4,1,1,1,1,1,1,1,1,1,1,1,1,1,1,1,1,1,1,1,4),
(0.,0.0399356573162497,0.0798471439078487,0.119791773603636,0.173035842311544,0.230720440002816,
0.292814688301564,0.363758848076455,0.434684292328669,0.505596553911737,0.55876532106259,
0.611922429048618,0.680604105062287,0.747116410330102,0.811466676149879,0.851533646913264,
0.884979778739794,0.91078335482007,0.935528807937174,0.964901492661273,1.),
.UNSPECIFIED.);
#2536=VERTEX_POINT('',#3457);
#2537=LINE('',#3458,#3459);
#2538=B_SPLINE_CURVE_WITH_KNOTS('',3,
(#3461,#3462,#3463,#3464,#3465,#3466,#3467,#3468,#3469,#3470,#3471,#3472,#3473,#3474,
#3475,#3476,#3477,#3478,#3479,#3480,#3481,#3482,#3483),
.UNSPECIFIED.,.F.,.F.,
(4,1,1,1,1,1,1,1,1,1,1,1,1,1,1,1,1,1,1,1,4),
(0.,0.0399356573162479,0.0798471439078479,0.119791773603637,0.173035842311543,0.230720440002818,
0.292814688301573,0.36375884807646,0.434684292328668,0.505596553911736,0.558765321062585,
0.611922429048614,0.680604105062289,0.747116410330102,0.811466676149876,0.851533646913267,
0.884979778739795,0.910783354820069,0.935528807937179,0.964901492661279,1.),
.UNSPECIFIED.);
#2539=VERTEX_POINT('',#3484);
#2540=CIRCLE('',#3485,1.75);
#2541=VERTEX_POINT('',#3489);
#2542=CIRCLE('',#3490,6.05);
#2543=B_SPLINE_CURVE_WITH_KNOTS('',3,
(#3494,#3495,#3496,#3497,#3498,#3499,#3500,#3501,#3502,#3503,#3504,#3505,#3506,#3507,
#3508,#3509,#3510,#3511,#3512,#3513,#3514,#3515,#3516),
.UNSPECIFIED.,.F.,.F.,
(4,1,1,1,1,1,1,1,1,1,1,1,1,1,1,1,1,1,1,1,4),
(0.,0.0399356573162439,0.0798471439078457,0.119791773603634,0.173035842311545,0.23072044000281,
0.29281468830156,0.363758848076448,0.434684292328652,0.505596553911721,0.558765321062573,
0.611922429048605,0.680604105062269,0.747116410330078,0.811466676149853,0.851533646913244,
0.884979778739774,0.910783354820052,0.93552880793716,0.964901492661264,1.),
.UNSPECIFIED.);
#2544=VERTEX_POINT('',#3517);
#2545=LINE('',#3518,#3519);
#2546=VERTEX_POINT('',#3521);
#2547=B_SPLINE_CURVE_WITH_KNOTS('',3,
(#3522,#3523,#3524,#3525,#3526,#3527,#3528,#3529,#3530,#3531,#3532,#3533,#3534,#3535,
#3536,#3537,#3538,#3539,#3540,#3541,#3542,#3543,#3544),
.UNSPECIFIED.,.F.,.F.,
(4,1,1,1,1,1,1,1,1,1,1,1,1,1,1,1,1,1,1,1,4),
(0.,0.0399356573162409,0.079847143907843,0.119791773603633,0.173035842311544,0.230720440002811,
0.29281468830156,0.363758848076443,0.43468429232865,0.505596553911717,0.558765321062571,
0.611922429048599,0.680604105062267,0.74711641033008,0.811466676149855,0.851533646913242,
0.884979778739774,0.910783354820054,0.935528807937161,0.964901492661266,1.),
.UNSPECIFIED.);
#2548=VERTEX_POINT('',#3545);
#2549=LINE('',#3546,#3547);
#2550=VERTEX_POINT('',#3549);
#2551=LINE('',#3550,#3551);
#2552=VERTEX_POINT('',#3553);
#2553=LINE('',#3554,#3555);
#2554=LINE('',#3557,#3558);
#2555=VERTEX_POINT('',#3560);
#2556=CIRCLE('',#3561,1.75);
#2557=VERTEX_POINT('',#3565);
#2558=LINE('',#3566,#3567);
#2559=VERTEX_POINT('',#3569);
#2560=LINE('',#3570,#3571);
#2561=LINE('',#3573,#3574);
#2562=VERTEX_POINT('',#3576);
#2563=LINE('',#3577,#3578);
#2564=LINE('',#3580,#3581);
#2565=VERTEX_POINT('',#3583);
#2566=CIRCLE('',#3584,10.);
#2567=LINE('',#3588,#3589);
#2568=VERTEX_POINT('',#3591);
#2569=LINE('',#3592,#3593);
#2570=LINE('',#3595,#3596);
#2571=VERTEX_POINT('',#3598);
#2572=LINE('',#3599,#3600);
#2573=CIRCLE('',#3602,1.5);
#2574=LINE('',#3606,#3607);
#2575=VERTEX_POINT('',#3609);
#2576=CIRCLE('',#3610,0.9);
#2577=VERTEX_POINT('',#3614);
#2578=CIRCLE('',#3615,0.9);
#2579=VERTEX_POINT('',#3619);
#2580=CIRCLE('',#3620,0.9);
#2581=VERTEX_POINT('',#3624);
#2582=CIRCLE('',#3625,0.9);
#2583=VERTEX_POINT('',#3629);
#2584=CIRCLE('',#3630,0.9);
#2585=VERTEX_POINT('',#3634);
#2586=CIRCLE('',#3635,0.9);
#2587=VERTEX_POINT('',#3639);
#2588=CIRCLE('',#3640,0.9);
#2589=VERTEX_POINT('',#3644);
#2590=CIRCLE('',#3645,0.9);
#2591=VERTEX_POINT('',#3649);
#2592=LINE('',#3650,#3651);
#2593=VERTEX_POINT('',#3653);
#2594=LINE('',#3654,#3655);
#2595=LINE('',#3657,#3658);
#2596=VERTEX_POINT('',#3660);
#2597=LINE('',#3661,#3662);
#2598=LINE('',#3664,#3665);
#2599=VERTEX_POINT('',#3667);
#2600=CIRCLE('',#3668,1.75);
#2601=VERTEX_POINT('',#3672);
#2602=LINE('',#3673,#3674);
#2603=LINE('',#3676,#3677);
#2604=LINE('',#3679,#3680);
#2605=VERTEX_POINT('',#3682);
#2606=CIRCLE('',#3683,1.75);
#2607=VERTEX_POINT('',#3687);
#2608=LINE('',#3688,#3689);
#2609=VERTEX_POINT('',#3691);
#2610=LINE('',#3692,#3693);
#2611=LINE('',#3695,#3696);
#2612=VERTEX_POINT('',#3698);
#2613=LINE('',#3699,#3700);
#2614=LINE('',#3702,#3703);
#2615=VERTEX_POINT('',#3705);
#2616=CIRCLE('',#3706,1.75);
#2617=VERTEX_POINT('',#3710);
#2618=LINE('',#3711,#3712);
#2619=LINE('',#3714,#3715);
#2620=LINE('',#3717,#3718);
#2621=VERTEX_POINT('',#3720);
#2622=CIRCLE('',#3721,1.75);
#2623=VERTEX_POINT('',#3725);
#2624=CIRCLE('',#3726,11.1);
#2625=CIRCLE('',#3730,7.05);
#2626=VERTEX_POINT('',#3734);
#2627=LINE('',#3735,#3736);
#2628=VERTEX_POINT('',#3738);
#2629=LINE('',#3739,#3740);
#2630=LINE('',#3742,#3743);
#2631=CIRCLE('',#3745,7.05);
#2632=VERTEX_POINT('',#3749);
#2633=VERTEX_POINT('',#3750);
#2634=LINE('',#3751,#3752);
#2635=VERTEX_POINT('',#3754);
#2636=CIRCLE('',#3755,5.5);
#2637=VERTEX_POINT('',#3759);
#2638=LINE('',#3760,#3761);
#2639=VERTEX_POINT('',#3763);
#2640=LINE('',#3764,#3765);
#2641=VERTEX_POINT('',#3767);
#2642=LINE('',#3768,#3769);
#2643=VERTEX_POINT('',#3771);
#2644=LINE('',#3772,#3773);
#2645=VERTEX_POINT('',#3775);
#2646=LINE('',#3776,#3777);
#2647=VERTEX_POINT('',#3779);
#2648=CIRCLE('',#3780,5.5);
#2649=VERTEX_POINT('',#3784);
#2650=LINE('',#3785,#3786);
#2651=VERTEX_POINT('',#3788);
#2652=LINE('',#3789,#3790);
#2653=VERTEX_POINT('',#3792);
#2654=LINE('',#3793,#3794);
#2655=VERTEX_POINT('',#3796);
#2656=LINE('',#3797,#3798);
#2657=VERTEX_POINT('',#3800);
#2658=LINE('',#3801,#3802);
#2659=VERTEX_POINT('',#3804);
#2660=CIRCLE('',#3805,5.5);
#2661=VERTEX_POINT('',#3809);
#2662=LINE('',#3810,#3811);
#2663=VERTEX_POINT('',#3813);
#2664=LINE('',#3814,#3815);
#2665=VERTEX_POINT('',#3817);
#2666=LINE('',#3818,#3819);
#2667=VERTEX_POINT('',#3821);
#2668=LINE('',#3822,#3823);
#2669=VERTEX_POINT('',#3825);
#2670=LINE('',#3826,#3827);
#2671=VERTEX_POINT('',#3829);
#2672=CIRCLE('',#3830,5.5);
#2673=VERTEX_POINT('',#3834);
#2674=LINE('',#3835,#3836);
#2675=VERTEX_POINT('',#3838);
#2676=LINE('',#3839,#3840);
#2677=VERTEX_POINT('',#3842);
#2678=LINE('',#3843,#3844);
#2679=LINE('',#3846,#3847);
#2680=VERTEX_POINT('',#3849);
#2681=LINE('',#3850,#3851);
#2682=VERTEX_POINT('',#3853);
#2683=LINE('',#3854,#3855);
#2684=LINE('',#3857,#3858);
#2685=VERTEX_POINT('',#3860);
#2686=LINE('',#3861,#3862);
#2687=VERTEX_POINT('',#3864);
#2688=LINE('',#3865,#3866);
#2689=VERTEX_POINT('',#3868);
#2690=LINE('',#3869,#3870);
#2691=LINE('',#3872,#3873);
#2692=VERTEX_POINT('',#3875);
#2693=CIRCLE('',#3876,1.75);
#2694=VERTEX_POINT('',#3880);
#2695=LINE('',#3881,#3882);
#2696=LINE('',#3884,#3885);
#2697=LINE('',#3887,#3888);
#2698=LINE('',#3890,#3891);
#2699=CIRCLE('',#3893,6.05);
#2700=CIRCLE('',#3897,1.5);
#2701=VERTEX_POINT('',#3901);
#2702=CIRCLE('',#3902,1.5);
#2703=VERTEX_POINT('',#3906);
#2704=LINE('',#3907,#3908);
#2705=CIRCLE('',#3910,1.5);
#2706=VERTEX_POINT('',#3914);
#2707=CIRCLE('',#3915,1.5);
#2708=VERTEX_POINT('',#3919);
#2709=LINE('',#3920,#3921);
#2710=(BOUNDED_CURVE()B_SPLINE_CURVE(3,
(#3923,#3924,#3925,#3926),
.UNSPECIFIED.,.F.,.F.)B_SPLINE_CURVE_WITH_KNOTS((4,4),
(0.,1.),
.UNSPECIFIED.)CURVE()GEOMETRIC_REPRESENTATION_ITEM()RATIONAL_B_SPLINE_CURVE((1.,
0.804737854124365,0.804737854124365,1.))REPRESENTATION_ITEM(''));
#2711=LINE('',#3927,#3928);
#2712=LINE('',#3930,#3931);
#2713=LINE('',#3933,#3934);
#2714=LINE('',#3936,#3937);
#2715=CIRCLE('',#3939,1.5);
#2716=VERTEX_POINT('',#3943);
#2717=LINE('',#3944,#3945);
#2718=LINE('',#3947,#3948);
#2719=VERTEX_POINT('',#3950);
#2720=LINE('',#3951,#3952);
#2721=LINE('',#3954,#3955);
#2722=LINE('',#3957,#3958);
#2723=LINE('',#3960,#3961);
#2724=VERTEX_POINT('',#3963);
#2725=CIRCLE('',#3964,1.5);
#2726=LINE('',#3968,#3969);
#2727=VERTEX_POINT('',#3971);
#2728=LINE('',#3972,#3973);
#2729=LINE('',#3975,#3976);
#2730=LINE('',#3978,#3979);
#2731=(BOUNDED_CURVE()B_SPLINE_CURVE(3,
(#3981,#3982,#3983,#3984),
.UNSPECIFIED.,.F.,.F.)B_SPLINE_CURVE_WITH_KNOTS((4,4),
(0.,1.),
.UNSPECIFIED.)CURVE()GEOMETRIC_REPRESENTATION_ITEM()RATIONAL_B_SPLINE_CURVE((1.,
0.804737854124365,0.804737854124365,1.))REPRESENTATION_ITEM(''));
#2732=CIRCLE('',#3985,1.5);
#2733=CIRCLE('',#3989,1.5);
#2734=CIRCLE('',#3993,1.5);
#2735=CIRCLE('',#3997,1.5);
#2736=CIRCLE('',#4001,6.05);
#2737=VERTEX_POINT('',#4005);
#2738=LINE('',#4006,#4007);
#2739=VERTEX_POINT('',#4009);
#2740=LINE('',#4010,#4011);
#2741=VERTEX_POINT('',#4013);
#2742=LINE('',#4014,#4015);
#2743=VERTEX_POINT('',#4017);
#2744=LINE('',#4018,#4019);
#2745=LINE('',#4021,#4022);
#2746=VERTEX_POINT('',#4024);
#2747=CIRCLE('',#4025,1.75);
#2748=VERTEX_POINT('',#4029);
#2749=LINE('',#4030,#4031);
#2750=LINE('',#4033,#4034);
#2751=LINE('',#4036,#4037);
#2752=VERTEX_POINT('',#4039);
#2753=LINE('',#4040,#4041);
#2754=LINE('',#4043,#4044);
#2755=LINE('',#4046,#4047);
#2756=VERTEX_POINT('',#4049);
#2757=CIRCLE('',#4050,0.9);
#2758=VERTEX_POINT('',#4054);
#2759=CIRCLE('',#4055,0.9);
#2760=VERTEX_POINT('',#4059);
#2761=CIRCLE('',#4060,0.9);
#2762=VERTEX_POINT('',#4064);
#2763=CIRCLE('',#4065,0.9);
#2764=VERTEX_POINT('',#4069);
#2765=CIRCLE('',#4070,0.9);
#2766=VERTEX_POINT('',#4074);
#2767=CIRCLE('',#4075,0.9);
#2768=VERTEX_POINT('',#4079);
#2769=CIRCLE('',#4080,0.9);
#2770=VERTEX_POINT('',#4084);
#2771=CIRCLE('',#4085,0.9);
#2772=VERTEX_POINT('',#4089);
#2773=CIRCLE('',#4090,1.75);
#2774=VERTEX_POINT('',#4094);
#2775=CIRCLE('',#4095,1.75);
#2776=VERTEX_POINT('',#4099);
#2777=CIRCLE('',#4100,1.75);
#2778=VERTEX_POINT('',#4104);
#2779=CIRCLE('',#4105,1.75);
#2780=VERTEX_POINT('',#4109);
#2781=CIRCLE('',#4110,1.75);
#2782=VERTEX_POINT('',#4114);
#2783=CIRCLE('',#4115,1.75);
#2784=VERTEX_POINT('',#4119);
#2785=CIRCLE('',#4120,4.5);
#2786=CIRCLE('',#4124,1.5);
#2787=CIRCLE('',#4128,1.5);
#2788=VERTEX_POINT('',#4132);
#2789=LINE('',#4133,#4134);
#2790=VERTEX_POINT('',#4136);
#2791=LINE('',#4137,#4138);
#2792=VERTEX_POINT('',#4140);
#2793=LINE('',#4141,#4142);
#2794=B_SPLINE_CURVE_WITH_KNOTS('',3,
(#4144,#4145,#4146,#4147,#4148),
.UNSPECIFIED.,.F.,.F.,
(4,1,4),
(0.,0.500119684047067,1.),
.UNSPECIFIED.);
#2795=VERTEX_POINT('',#4149);
#2796=B_SPLINE_CURVE_WITH_KNOTS('',3,
(#4150,#4151,#4152,#4153,#4154),
.UNSPECIFIED.,.F.,.F.,
(4,1,4),
(0.,0.50011968404698,1.),
.UNSPECIFIED.);
#2797=VERTEX_POINT('',#4155);
#2798=B_SPLINE_CURVE_WITH_KNOTS('',3,
(#4156,#4157,#4158,#4159,#4160,#4161,#4162,#4163,#4164,#4165,#4166,#4167,#4168,#4169,
#4170,#4171,#4172,#4173,#4174,#4175,#4176,#4177,#4178,#4179,#4180,#4181,#4182,#4183,
#4184,#4185,#4186,#4187,#4188,#4189,#4190,#4191,#4192),
.UNSPECIFIED.,.F.,.F.,
(4,1,1,1,1,1,1,1,1,1,1,1,1,1,1,1,1,1,1,1,1,1,1,1,1,1,1,1,1,1,1,1,1,1,4),
(0.,0.0776111923430535,0.0776280312536578,0.156001256445643,0.231542508478105,0.232833252295786,
0.290937669154434,0.33343189013573,0.360831266187959,0.386429688283606,0.388368341900996,
0.41055399680251,0.435007459830661,0.460271227016806,0.485998771626442,0.500006604912054,
0.512361098413089,0.538922204458073,0.566185567989309,0.593968773979238,0.622007840177497,
0.622581639282337,0.651510332878597,0.691431667952119,0.731985166736655,0.77317802416042,
0.804640860842287,0.83642858512808,0.868706758515769,0.869474392382992,0.901152554356339,
0.933932315398499,0.966890063990598,0.980647142952944,1.),
.UNSPECIFIED.);
#2799=B_SPLINE_CURVE_WITH_KNOTS('',3,
(#4193,#4194,#4195,#4196,#4197),
.UNSPECIFIED.,.F.,.F.,
(4,1,4),
(0.,0.500119684047438,1.),
.UNSPECIFIED.);
#2800=VERTEX_POINT('',#4198);
#2801=B_SPLINE_CURVE_WITH_KNOTS('',3,
(#4199,#4200,#4201,#4202,#4203),
.UNSPECIFIED.,.F.,.F.,
(4,1,4),
(0.,0.500119684046894,1.),
.UNSPECIFIED.);
#2802=VERTEX_POINT('',#4204);
#2803=B_SPLINE_CURVE_WITH_KNOTS('',3,
(#4205,#4206,#4207,#4208,#4209,#4210,#4211,#4212,#4213,#4214,#4215,#4216,#4217,#4218,
#4219,#4220,#4221,#4222,#4223,#4224,#4225,#4226,#4227,#4228,#4229,#4230,#4231,#4232,
#4233,#4234,#4235,#4236,#4237,#4238,#4239,#4240,#4241),
.UNSPECIFIED.,.F.,.F.,
(4,1,1,1,1,1,1,1,1,1,1,1,1,1,1,1,1,1,1,1,1,1,1,1,1,1,1,1,1,1,1,1,1,1,4),
(0.,0.0776111923424042,0.0776280312530404,0.156001256444027,0.231542508475502,0.232833252293466,
0.290937669151055,0.333431890131769,0.360831266183612,0.386429688278906,0.38836834189655,
0.410553996797511,0.435007459825378,0.46027122701129,0.485998771620728,0.500006604911802,
0.512361098407215,0.538922204452053,0.566185567983227,0.593968773973157,0.622007840168934,
0.622581639276371,0.651510332872795,0.691431667946728,0.731985166731757,0.773178024156108,
0.80464086083849,0.836428585124842,0.868706758513154,0.869474392377336,0.901152554354374,
0.933932315397213,0.966890063989992,0.980647142952932,1.),
.UNSPECIFIED.);
#2804=B_SPLINE_CURVE_WITH_KNOTS('',3,
(#4242,#4243,#4244,#4245,#4246),
.UNSPECIFIED.,.F.,.F.,
(4,1,4),
(0.,0.500119684047406,1.),
.UNSPECIFIED.);
#2805=VERTEX_POINT('',#4247);
#2806=B_SPLINE_CURVE_WITH_KNOTS('',3,
(#4248,#4249,#4250,#4251,#4252,#4253,#4254,#4255,#4256,#4257,#4258,#4259,#4260,#4261,
#4262,#4263,#4264,#4265,#4266,#4267,#4268,#4269),
.UNSPECIFIED.,.F.,.F.,
(4,1,1,1,1,1,1,1,1,1,1,1,1,1,1,1,1,1,1,4),
(0.,0.0517444530206862,0.102902753773237,0.153510607577015,0.203203037501273,0.252455321739959,
0.26931467662499,0.305566894821427,0.362974287707063,0.451837908851231,0.572856701338057,
0.613651320043758,0.7132168162591,0.766932471368252,0.835868184724803,0.91649357259552,
0.921835095600743,0.968014017801346,0.999448572776056,1.),
.UNSPECIFIED.);
#2807=VERTEX_POINT('',#4270);
#2808=B_SPLINE_CURVE_WITH_KNOTS('',3,
(#4271,#4272,#4273,#4274,#4275,#4276,#4277,#4278,#4279,#4280,#4281,#4282,#4283,#4284,
#4285,#4286,#4287,#4288,#4289,#4290,#4291,#4292),
.UNSPECIFIED.,.F.,.F.,
(4,1,1,1,1,1,1,1,1,1,1,1,1,1,1,1,1,1,1,4),
(0.,0.0517444530271272,0.102902753782974,0.153510607587441,0.203203037509779,0.252455321745581,
0.269314676623854,0.305566894823495,0.362974287706013,0.45183790884675,0.572856701331868,
0.613651320034854,0.713216816256613,0.766932471361789,0.835868184732533,0.916493572611373,
0.921835095602903,0.968014017809658,0.999448572772412,1.),
.UNSPECIFIED.);
#2809=B_SPLINE_CURVE_WITH_KNOTS('',3,
(#4293,#4294,#4295,#4296,#4297),
.UNSPECIFIED.,.F.,.F.,
(4,1,4),
(0.,0.500119684047367,1.),
.UNSPECIFIED.);
#2810=VERTEX_POINT('',#4298);
#2811=B_SPLINE_CURVE_WITH_KNOTS('',3,
(#4299,#4300,#4301,#4302,#4303),
.UNSPECIFIED.,.F.,.F.,
(4,1,4),
(0.,0.500119684014295,1.),
.UNSPECIFIED.);
#2812=VERTEX_POINT('',#4304);
#2813=B_SPLINE_CURVE_WITH_KNOTS('',3,
(#4305,#4306,#4307,#4308,#4309,#4310,#4311,#4312,#4313,#4314,#4315,#4316,#4317,#4318,
#4319,#4320,#4321,#4322,#4323,#4324,#4325,#4326,#4327,#4328,#4329,#4330,#4331,#4332,
#4333,#4334,#4335,#4336,#4337,#4338,#4339,#4340,#4341),
.UNSPECIFIED.,.F.,.F.,
(4,1,1,1,1,1,1,1,1,1,1,1,1,1,1,1,1,1,1,1,1,1,1,1,1,1,1,1,1,1,1,1,1,1,4),
(0.,0.0776111923421092,0.0776280312527633,0.156001256443233,0.231542508474202,0.232833252292331,
0.290937669149351,0.333431890129754,0.360831266181379,0.38642968827648,0.388368341894306,
0.410553996794923,0.435007459822643,0.460271227008428,0.485998771617756,0.500006604912346,
0.512361098404142,0.538922204448864,0.566185567979949,0.593968773969823,0.622007840164369,
0.622581639273057,0.651510332869553,0.691431667943815,0.731985166729335,0.773178024154343,
0.804640860837418,0.836428585124606,0.86870675851386,0.869474392375805,0.901152554356065,
0.933932315399578,0.966890063992399,0.980647142954582,1.),
.UNSPECIFIED.);
#2814=B_SPLINE_CURVE_WITH_KNOTS('',3,
(#4342,#4343,#4344,#4345,#4346),
.UNSPECIFIED.,.F.,.F.,
(4,1,4),
(0.,0.500119684047425,1.),
.UNSPECIFIED.);
#2815=VERTEX_POINT('',#4347);
#2816=CIRCLE('',#4348,4.5);
#2817=VERTEX_POINT('',#4352);
#2818=LINE('',#4353,#4354);
#2819=VERTEX_POINT('',#4356);
#2820=LINE('',#4357,#4358);
#2821=LINE('',#4360,#4361);
#2822=VERTEX_POINT('',#4363);
#2823=LINE('',#4364,#4365);
#2824=LINE('',#4367,#4368);
#2825=VERTEX_POINT('',#4370);
#2826=LINE('',#4371,#4372);
#2827=LINE('',#4374,#4375);
#2828=VERTEX_POINT('',#4377);
#2829=LINE('',#4378,#4379);
#2830=LINE('',#4381,#4382);
#2831=VERTEX_POINT('',#4384);
#2832=LINE('',#4385,#4386);
#2833=LINE('',#4388,#4389);
#2834=VERTEX_POINT('',#4391);
#2835=LINE('',#4392,#4393);
#2836=VERTEX_POINT('',#4395);
#2837=LINE('',#4396,#4397);
#2838=LINE('',#4399,#4400);
#2839=VERTEX_POINT('',#4402);
#2840=LINE('',#4403,#4404);
#2841=LINE('',#4406,#4407);
#2842=VERTEX_POINT('',#4409);
#2843=LINE('',#4410,#4411);
#2844=LINE('',#4413,#4414);
#2845=VERTEX_POINT('',#4416);
#2846=LINE('',#4417,#4418);
#2847=LINE('',#4420,#4421);
#2848=VERTEX_POINT('',#4423);
#2849=LINE('',#4424,#4425);
#2850=LINE('',#4427,#4428);
#2851=VERTEX_POINT('',#4430);
#2852=LINE('',#4431,#4432);
#2853=VERTEX_POINT('',#4434);
#2854=LINE('',#4435,#4436);
#2855=LINE('',#4438,#4439);
#2856=VERTEX_POINT('',#4441);
#2857=LINE('',#4442,#4443);
#2858=LINE('',#4445,#4446);
#2859=VERTEX_POINT('',#4448);
#2860=LINE('',#4449,#4450);
#2861=LINE('',#4452,#4453);
#2862=VERTEX_POINT('',#4455);
#2863=LINE('',#4456,#4457);
#2864=LINE('',#4459,#4460);
#2865=VERTEX_POINT('',#4462);
#2866=LINE('',#4463,#4464);
#2867=LINE('',#4466,#4467);
#2868=VERTEX_POINT('',#4469);
#2869=LINE('',#4470,#4471);
#2870=VERTEX_POINT('',#4473);
#2871=LINE('',#4474,#4475);
#2872=LINE('',#4477,#4478);
#2873=VERTEX_POINT('',#4480);
#2874=LINE('',#4481,#4482);
#2875=LINE('',#4484,#4485);
#2876=VERTEX_POINT('',#4487);
#2877=LINE('',#4488,#4489);
#2878=LINE('',#4491,#4492);
#2879=LINE('',#4494,#4495);
#2880=VERTEX_POINT('',#4497);
#2881=CIRCLE('',#4498,1.75);
#2882=VERTEX_POINT('',#4502);
#2883=CIRCLE('',#4503,1.75);
#2884=VERTEX_POINT('',#4507);
#2885=CIRCLE('',#4508,1.75);
#2886=VERTEX_POINT('',#4512);
#2887=CIRCLE('',#4513,1.75);
#2888=LINE('',#4517,#4518);
#2889=LINE('',#4520,#4521);
#2890=LINE('',#4523,#4524);
#2891=LINE('',#4526,#4527);
#2892=CARTESIAN_POINT('',(-52.,-1.49999999999999,19.));
#2893=CARTESIAN_POINT('',(-50.5,6.19539386976305E-15,19.));
#2894=AXIS2_PLACEMENT_3D('',#2895,#2896,#2897);
#2895=CARTESIAN_POINT('',(-50.5,-1.49999999999999,19.));
#2896=DIRECTION('',(0.,0.,1.));
#2897=DIRECTION('',(0.,1.,0.));
#2898=CARTESIAN_POINT('',(-52.,-2.20204102886728,19.));
#2899=CARTESIAN_POINT('',(-52.,-2.20204102886728,19.));
#2900=VECTOR('',#2901,1.);
#2901=DIRECTION('',(0.,1.,0.));
#2902=CARTESIAN_POINT('',(-60.,-12.,19.));
#2903=AXIS2_PLACEMENT_3D('',#2904,#2905,#2906);
#2904=CARTESIAN_POINT('',(-50.,-12.,19.));
#2905=DIRECTION('',(0.,0.,-1.));
#2906=DIRECTION('',(-1.,1.77635683940025E-16,0.));
#2907=CARTESIAN_POINT('',(-60.,-21.2928932189172,19.));
#2908=CARTESIAN_POINT('',(-60.,-12.,19.));
#2909=VECTOR('',#2910,1.);
#2910=DIRECTION('',(0.,-1.,0.));
#2911=CARTESIAN_POINT('',(-55.3261030383854,-16.6189962572513,19.));
#2912=CARTESIAN_POINT('',(-55.3261030383854,-16.6189962572513,19.));
#2913=VECTOR('',#2914,1.);
#2914=DIRECTION('',(-0.707106781182668,-0.707106781190426,0.));
#2915=CARTESIAN_POINT('',(-54.6189962571951,-17.3261030384341,19.));
#2916=AXIS2_PLACEMENT_3D('',#2917,#2918,#2919);
#2917=CARTESIAN_POINT('',(-50.,-12.,19.));
#2918=DIRECTION('',(0.,0.,1.));
#2919=DIRECTION('',(-0.655176774070229,-0.755475608288532,0.));
#2920=CARTESIAN_POINT('',(-60.,-22.7071067812981,19.));
#2921=CARTESIAN_POINT('',(-60.,-22.7071067812981,19.));
#2922=VECTOR('',#2923,1.);
#2923=DIRECTION('',(0.707106781182668,0.707106781190427,0.));
#2924=CARTESIAN_POINT('',(-60.,-30.5,19.));
#2925=CARTESIAN_POINT('',(-60.,-22.7071067812981,19.));
#2926=VECTOR('',#2927,1.);
#2927=DIRECTION('',(-1.82356594866433E-15,-1.,0.));
#2928=CARTESIAN_POINT('',(-45.,-30.5,19.));
#2929=CARTESIAN_POINT('',(-45.,-30.5,19.));
#2930=VECTOR('',#2931,1.);
#2931=DIRECTION('',(-1.,4.736951571734E-16,0.));
#2932=CARTESIAN_POINT('',(-45.,-32.,19.));
#2933=CARTESIAN_POINT('',(-45.,-30.5,19.));
#2934=VECTOR('',#2935,1.);
#2935=DIRECTION('',(0.,-1.,0.));
#2936=CARTESIAN_POINT('',(-42.,-32.,19.));
#2937=CARTESIAN_POINT('',(-42.,-32.,19.));
#2938=VECTOR('',#2939,1.);
#2939=DIRECTION('',(-1.,0.,0.));
#2940=CARTESIAN_POINT('',(-42.,-30.5,19.));
#2941=CARTESIAN_POINT('',(-42.,-30.5,19.));
#2942=VECTOR('',#2943,1.);
#2943=DIRECTION('',(-4.73695157173401E-15,-1.,0.));
#2944=CARTESIAN_POINT('',(-18.,-30.5,19.));
#2945=CARTESIAN_POINT('',(-18.,-30.5,19.));
#2946=VECTOR('',#2947,1.);
#2947=DIRECTION('',(-1.,1.48029736616688E-16,0.));
#2948=CARTESIAN_POINT('',(-18.,-32.,19.));
#2949=CARTESIAN_POINT('',(-18.,-30.5,19.));
#2950=VECTOR('',#2951,1.);
#2951=DIRECTION('',(-4.73695157173401E-15,-1.,0.));
#2952=CARTESIAN_POINT('',(-15.,-32.,19.));
#2953=CARTESIAN_POINT('',(-15.,-32.,19.));
#2954=VECTOR('',#2955,1.);
#2955=DIRECTION('',(-1.,0.,0.));
#2956=CARTESIAN_POINT('',(-15.,-30.5,19.));
#2957=CARTESIAN_POINT('',(-15.,-30.5,19.));
#2958=VECTOR('',#2959,1.);
#2959=DIRECTION('',(3.55271367880051E-15,-1.,0.));
#2960=CARTESIAN_POINT('',(-2.64474248593732E-15,-30.5,19.));
#2961=CARTESIAN_POINT('',(-2.31167557854978E-15,-30.5,19.));
#2962=VECTOR('',#2963,1.);
#2963=DIRECTION('',(-1.,0.,0.));
#2964=CARTESIAN_POINT('',(-2.78081856376138E-15,-22.7071067812981,19.));
#2965=CARTESIAN_POINT('',(-3.73517273739943E-15,-30.5,19.));
#2966=VECTOR('',#2967,1.);
#2967=DIRECTION('',(1.22464679914735E-16,1.,0.));
#2968=CARTESIAN_POINT('',(-5.38100374280488,-17.3261030384341,19.));
#2969=CARTESIAN_POINT('',(-5.38100374280488,-17.3261030384342,19.));
#2970=VECTOR('',#2971,1.);
#2971=DIRECTION('',(0.707106781182668,-0.707106781190427,0.));
#2972=CARTESIAN_POINT('',(-4.6738969616146,-16.6189962572513,19.));
#2973=AXIS2_PLACEMENT_3D('',#2974,#2975,#2976);
#2974=CARTESIAN_POINT('',(-10.,-12.,19.));
#2975=DIRECTION('',(0.,0.,1.));
#2976=DIRECTION('',(0.755475608281617,-0.655176774078203,0.));
#2977=CARTESIAN_POINT('',(-2.60762735251334E-15,-21.2928932189172,19.));
#2978=CARTESIAN_POINT('',(-2.99760216648792E-15,-21.2928932189172,19.));
#2979=VECTOR('',#2980,1.);
#2980=DIRECTION('',(-0.707106781182668,0.707106781190427,0.));
#2981=CARTESIAN_POINT('',(-1.46957615897682E-15,-12.,19.));
#2982=CARTESIAN_POINT('',(-2.60762735251334E-15,-21.2928932189172,19.));
#2983=VECTOR('',#2984,1.);
#2984=DIRECTION('',(1.22464679914735E-16,1.,0.));
#2985=CARTESIAN_POINT('',(-7.99999999999999,-2.20204102886728,19.));
#2986=AXIS2_PLACEMENT_3D('',#2987,#2988,#2989);
#2987=CARTESIAN_POINT('',(-10.,-12.,19.));
#2988=DIRECTION('',(0.,0.,-1.));
#2989=DIRECTION('',(0.200000000000006,0.97979589711327,0.));
#2990=CARTESIAN_POINT('',(-8.,-1.5,19.));
#2991=CARTESIAN_POINT('',(-8.,-1.5,19.));
#2992=VECTOR('',#2993,1.);
#2993=DIRECTION('',(0.,-1.,0.));
#2994=CARTESIAN_POINT('',(-9.5,1.10867654684754E-15,19.));
#2995=AXIS2_PLACEMENT_3D('',#2996,#2997,#2998);
#2996=CARTESIAN_POINT('',(-9.5,-1.5,19.));
#2997=DIRECTION('',(0.,0.,1.));
#2998=DIRECTION('',(1.,-2.96059473233375E-16,0.));
#2999=CARTESIAN_POINT('',(-9.5,1.16341445918999E-15,19.));
#3000=VECTOR('',#3001,1.);
#3001=DIRECTION('',(-1.,1.22464679914735E-16,0.));
#3002=CARTESIAN_POINT('',(-16.4,-28.,19.));
#3003=AXIS2_PLACEMENT_3D('',#3004,#3005,#3006);
#3004=CARTESIAN_POINT('',(-15.,-28.,19.));
#3005=DIRECTION('',(0.,0.,1.));
#3006=DIRECTION('',(-1.,1.22464679914735E-16,0.));
#3007=CARTESIAN_POINT('',(-22.4104076400857,-21.9895923599143,19.));
#3008=AXIS2_PLACEMENT_3D('',#3009,#3010,#3011);
#3009=CARTESIAN_POINT('',(-21.0104076400857,-21.9895923599143,19.));
#3010=DIRECTION('',(0.,0.,1.));
#3011=DIRECTION('',(-1.,1.22464679914735E-16,0.));
#3012=CARTESIAN_POINT('',(-13.9052038200428,-1.5,19.));
#3013=AXIS2_PLACEMENT_3D('',#3014,#3015,#3016);
#3014=CARTESIAN_POINT('',(-13.0052038200428,-1.5,19.));
#3015=DIRECTION('',(0.,0.,1.));
#3016=DIRECTION('',(-1.,1.22464679914735E-16,0.));
#3017=CARTESIAN_POINT('',(-23.9052038200428,-1.49999999999999,19.));
#3018=AXIS2_PLACEMENT_3D('',#3019,#3020,#3021);
#3019=CARTESIAN_POINT('',(-23.0052038200428,-1.49999999999999,19.));
#3020=DIRECTION('',(0.,0.,1.));
#3021=DIRECTION('',(-1.,1.22464679914735E-16,0.));
#3022=CARTESIAN_POINT('',(-53.4193700737229,-18.9549039797104,19.));
#3023=CARTESIAN_POINT('',(-52.005156511342,-20.3691175420758,19.));
#3024=CARTESIAN_POINT('',(-52.005156511342,-20.3691175420758,19.));
#3025=VECTOR('',#3026,1.);
#3026=DIRECTION('',(-0.707106781190429,0.707106781182666,0.));
#3027=CARTESIAN_POINT('',(-56.247797198438,-24.6117582292183,19.));
#3028=CARTESIAN_POINT('',(-56.247797198438,-24.6117582292183,19.));
#3029=VECTOR('',#3030,1.);
#3030=DIRECTION('',(0.707106781182669,0.707106781190426,0.));
#3031=CARTESIAN_POINT('',(-57.6620107608189,-23.197544666853,19.));
#3032=CARTESIAN_POINT('',(-57.6620107608189,-23.197544666853,19.));
#3033=VECTOR('',#3034,1.);
#3034=DIRECTION('',(0.707106781190426,-0.707106781182669,0.));
#3035=CARTESIAN_POINT('',(-53.4193700737229,-18.9549039797104,19.));
#3036=VECTOR('',#3037,1.);
#3037=DIRECTION('',(-0.707106781182668,-0.707106781190427,0.));
#3038=CARTESIAN_POINT('',(-7.99484348865799,-20.3691175420758,19.));
#3039=CARTESIAN_POINT('',(-6.58062992627713,-18.9549039797105,19.));
#3040=CARTESIAN_POINT('',(-6.58062992627713,-18.9549039797105,19.));
#3041=VECTOR('',#3042,1.);
#3042=DIRECTION('',(-0.707106781190428,-0.707106781182667,0.));
#3043=CARTESIAN_POINT('',(-2.33798923918112,-23.197544666853,19.));
#3044=CARTESIAN_POINT('',(-2.33798923918112,-23.197544666853,19.));
#3045=VECTOR('',#3046,1.);
#3046=DIRECTION('',(-0.707106781182669,0.707106781190426,0.));
#3047=CARTESIAN_POINT('',(-3.75220280156198,-24.6117582292183,19.));
#3048=CARTESIAN_POINT('',(-3.75220280156198,-24.6117582292183,19.));
#3049=VECTOR('',#3050,1.);
#3050=DIRECTION('',(0.707106781190427,0.707106781182668,0.));
#3051=CARTESIAN_POINT('',(-7.99484348865799,-20.3691175420758,19.));
#3052=VECTOR('',#3053,1.);
#3053=DIRECTION('',(0.707106781182668,-0.707106781190427,0.));
#3054=CARTESIAN_POINT('',(-41.1,-12.,19.));
#3055=AXIS2_PLACEMENT_3D('',#3056,#3057,#3058);
#3056=CARTESIAN_POINT('',(-30.,-12.,19.));
#3057=DIRECTION('',(0.,0.,1.));
#3058=DIRECTION('',(-1.,1.22464679914735E-16,0.));
#3059=CARTESIAN_POINT('',(-23.9052038200428,-1.49999999999999,11.));
#3060=AXIS2_PLACEMENT_3D('',#3061,#3062,#3063);
#3061=CARTESIAN_POINT('',(-23.0052038200428,-1.49999999999999,11.));
#3062=DIRECTION('',(0.,0.,1.));
#3063=DIRECTION('',(-1.,1.22464679914735E-16,0.));
#3064=CARTESIAN_POINT('',(-13.9052038200428,-1.5,11.));
#3065=AXIS2_PLACEMENT_3D('',#3066,#3067,#3068);
#3066=CARTESIAN_POINT('',(-13.0052038200428,-1.5,11.));
#3067=DIRECTION('',(0.,0.,1.));
#3068=DIRECTION('',(-1.,1.22464679914735E-16,0.));
#3069=CARTESIAN_POINT('',(-22.4104076400857,-21.9895923599143,11.));
#3070=AXIS2_PLACEMENT_3D('',#3071,#3072,#3073);
#3071=CARTESIAN_POINT('',(-21.0104076400857,-21.9895923599143,11.));
#3072=DIRECTION('',(0.,0.,1.));
#3073=DIRECTION('',(-1.,1.22464679914735E-16,0.));
#3074=CARTESIAN_POINT('',(-16.4,-28.,11.));
#3075=AXIS2_PLACEMENT_3D('',#3076,#3077,#3078);
#3076=CARTESIAN_POINT('',(-15.,-28.,11.));
#3077=DIRECTION('',(0.,0.,1.));
#3078=DIRECTION('',(-1.,1.22464679914735E-16,0.));
#3079=CARTESIAN_POINT('',(-50.5,6.19539386976305E-15,0.));
#3080=CARTESIAN_POINT('',(-50.5,6.20085763679751E-15,19.));
#3081=VECTOR('',#3082,1.);
#3082=DIRECTION('',(0.,0.,-1.));
#3083=CARTESIAN_POINT('',(-52.,-1.49999999999999,0.));
#3084=AXIS2_PLACEMENT_3D('',#3085,#3086,#3087);
#3085=CARTESIAN_POINT('',(-50.5,-1.49999999999999,0.));
#3086=DIRECTION('',(0.,0.,-1.));
#3087=DIRECTION('',(-1.,0.,0.));
#3088=CARTESIAN_POINT('',(-52.,-1.49999999999999,19.));
#3089=VECTOR('',#3090,1.);
#3090=DIRECTION('',(0.,0.,-1.));
#3091=CARTESIAN_POINT('',(-52.,-2.20204102886728,0.));
#3092=CARTESIAN_POINT('',(-52.,-2.20204102886728,0.));
#3093=VECTOR('',#3094,1.);
#3094=DIRECTION('',(0.,1.,0.));
#3095=CARTESIAN_POINT('',(-52.,-2.20204102886728,0.));
#3096=VECTOR('',#3097,1.);
#3097=DIRECTION('',(0.,0.,1.));
#3098=CARTESIAN_POINT('',(-60.,-12.,0.));
#3099=AXIS2_PLACEMENT_3D('',#3100,#3101,#3102);
#3100=CARTESIAN_POINT('',(-50.,-12.,0.));
#3101=DIRECTION('',(0.,0.,-1.));
#3102=DIRECTION('',(-1.,1.77635683940025E-16,0.));
#3103=CARTESIAN_POINT('',(-60.,-12.,0.));
#3104=VECTOR('',#3105,1.);
#3105=DIRECTION('',(0.,0.,1.));
#3106=CARTESIAN_POINT('',(-60.,-12.8076118446321,3.19358390928249));
#3107=CARTESIAN_POINT('',(-60.,-21.2928932189172,3.19358390928249));
#3108=CARTESIAN_POINT('',(-60.,-12.8076118446321,3.19358390928249));
#3109=VECTOR('',#3110,1.);
#3110=DIRECTION('',(0.,-1.,1.04672830578344E-16));
#3111=CARTESIAN_POINT('',(-60.,-12.8076118446321,15.8064160907175));
#3112=CARTESIAN_POINT('',(-60.,-12.8076118446321,3.19358390928249));
#3113=VECTOR('',#3114,1.);
#3114=DIRECTION('',(0.,0.,1.));
#3115=CARTESIAN_POINT('',(-60.,-21.2928932189172,15.8064160907175));
#3116=CARTESIAN_POINT('',(-60.,-21.2928932189172,15.8064160907175));
#3117=VECTOR('',#3118,1.);
#3118=DIRECTION('',(0.,1.,0.));
#3119=CARTESIAN_POINT('',(-60.,-21.2928932189172,19.));
#3120=VECTOR('',#3121,1.);
#3121=DIRECTION('',(0.,0.,-1.));
#3122=CARTESIAN_POINT('',(-60.,-21.2928932189172,0.));
#3123=CARTESIAN_POINT('',(-60.,-12.,0.));
#3124=VECTOR('',#3125,1.);
#3125=DIRECTION('',(0.,-1.,0.));
#3126=CARTESIAN_POINT('',(-60.,-21.2928932189172,3.19358390928249));
#3127=VECTOR('',#3128,1.);
#3128=DIRECTION('',(0.,0.,-1.));
#3129=CARTESIAN_POINT('',(-54.6169147404937,-15.9098079593519,18.));
#3130=CARTESIAN_POINT('',(-55.3261030383854,-16.6189962572513,19.));
#3131=CARTESIAN_POINT('',(-55.3112861626648,-16.6041793815305,19.0000009707702));
#3132=CARTESIAN_POINT('',(-55.2816701837917,-16.5745634026571,18.9986890178791));
#3133=CARTESIAN_POINT('',(-55.2374287151046,-16.5303219339696,18.992805646328));
#3134=CARTESIAN_POINT('',(-55.1886668298236,-16.481560048688,18.9819428777568));
#3135=CARTESIAN_POINT('',(-55.1341521222497,-16.4270453411135,18.9639625677102));
#3136=CARTESIAN_POINT('',(-55.0731041519755,-16.3659973708386,18.9357408189176));
#3137=CARTESIAN_POINT('',(-55.0081656843354,-16.3010589031976,18.8958575495347));
#3138=CARTESIAN_POINT('',(-54.9422108939608,-16.2351041128222,18.8432079228761));
#3139=CARTESIAN_POINT('',(-54.8781309571681,-16.1710241760287,18.777817854918));
#3140=CARTESIAN_POINT('',(-54.824472164314,-16.1173653831738,18.7090398482673));
#3141=CARTESIAN_POINT('',(-54.7802639668259,-16.0731571856851,18.6401647932539));
#3142=CARTESIAN_POINT('',(-54.7407778251803,-16.0336710440389,18.5672453049864));
#3143=CARTESIAN_POINT('',(-54.7037630095582,-15.9966562284161,18.4833281967579));
#3144=CARTESIAN_POINT('',(-54.6714493863114,-15.9643426051688,18.3890405891531));
#3145=CARTESIAN_POINT('',(-54.6497962410731,-15.9426894599301,18.3046793623721));
#3146=CARTESIAN_POINT('',(-54.6363580839919,-15.9292513028486,18.2348904429617));
#3147=CARTESIAN_POINT('',(-54.6287547204876,-15.921647939344,18.1839127737317));
#3148=CARTESIAN_POINT('',(-54.6237570711301,-15.9166502899863,18.1404310117131));
#3149=CARTESIAN_POINT('',(-54.6201725736731,-15.9130657925293,18.0988298533331));
#3150=CARTESIAN_POINT('',(-54.6175767860762,-15.9104700049323,18.0521925311697));
#3151=CARTESIAN_POINT('',(-54.6169143542292,-15.9098075730851,18.0183980025373));
#3152=CARTESIAN_POINT('',(-54.6169147404949,-15.9098079593507,18.));
#3153=CARTESIAN_POINT('',(-60.,-21.2928932189172,15.8064160907175));
#3154=VECTOR('',#3155,1.);
#3155=DIRECTION('',(0.,0.,-1.));
#3156=CARTESIAN_POINT('',(-55.3261030383854,-16.6189962572513,0.));
#3157=CARTESIAN_POINT('',(-55.3261030383854,-16.6189962572513,0.));
#3158=VECTOR('',#3159,1.);
#3159=DIRECTION('',(-0.707106781182668,-0.707106781190426,0.));
#3160=CARTESIAN_POINT('',(-54.6169147404937,-15.9098079593519,1.));
#3161=CARTESIAN_POINT('',(-55.3261030383854,-16.6189962572513,0.));
#3162=CARTESIAN_POINT('',(-55.3112861626648,-16.6041793815305,-9.70770161419E-7));
#3163=CARTESIAN_POINT('',(-55.2816701837917,-16.5745634026571,0.0013109821208568));
#3164=CARTESIAN_POINT('',(-55.2374287151046,-16.5303219339696,0.00719435367201671));
#3165=CARTESIAN_POINT('',(-55.1886668298236,-16.481560048688,0.0180571222432206));
#3166=CARTESIAN_POINT('',(-55.1341521222497,-16.4270453411135,0.0360374322897967));
#3167=CARTESIAN_POINT('',(-55.0731041519755,-16.3659973708385,0.064259181082438));
#3168=CARTESIAN_POINT('',(-55.0081656843354,-16.3010589031976,0.104142450465317));
#3169=CARTESIAN_POINT('',(-54.9422108939609,-16.2351041128222,0.15679207712386));
#3170=CARTESIAN_POINT('',(-54.8781309571682,-16.1710241760286,0.222182145081977));
#3171=CARTESIAN_POINT('',(-54.8244721643141,-16.1173653831737,0.290960151732741));
#3172=CARTESIAN_POINT('',(-54.780263966826,-16.0731571856849,0.359835206746142));
#3173=CARTESIAN_POINT('',(-54.7407778251804,-16.0336710440387,0.432754695013571));
#3174=CARTESIAN_POINT('',(-54.7037630095584,-15.9966562284159,0.516671803242113));
#3175=CARTESIAN_POINT('',(-54.6714493863116,-15.9643426051685,0.610959410846946));
#3176=CARTESIAN_POINT('',(-54.6497962410734,-15.9426894599298,0.695320637627933));
#3177=CARTESIAN_POINT('',(-54.6363580839923,-15.9292513028482,0.765109557038322));
#3178=CARTESIAN_POINT('',(-54.6287547204879,-15.9216479393437,0.816087226268347));
#3179=CARTESIAN_POINT('',(-54.6237570711304,-15.916650289986,0.859568988286921));
#3180=CARTESIAN_POINT('',(-54.6201725736735,-15.9130657925289,0.901170146666884));
#3181=CARTESIAN_POINT('',(-54.6175767860767,-15.9104700049318,0.947807468830288));
#3182=CARTESIAN_POINT('',(-54.6169143542296,-15.9098075730847,0.981601997462658));
#3183=CARTESIAN_POINT('',(-54.6169147404953,-15.9098079593503,1.));
#3184=CARTESIAN_POINT('',(-54.6169147404937,-15.9098079593519,1.));
#3185=VECTOR('',#3186,1.);
#3186=DIRECTION('',(0.,0.,1.));
#3187=CARTESIAN_POINT('',(-58.8994476279118,-20.192340846817,9.5));
#3188=AXIS2_PLACEMENT_3D('',#3189,#3190,#3191);
#3189=CARTESIAN_POINT('',(-57.6620107608422,-18.9549039797337,9.5));
#3190=DIRECTION('',(-0.707106781190427,0.707106781182668,0.));
#3191=DIRECTION('',(-0.707106781182668,-0.707106781190427,-1.22464679914735E-16));
#3192=CARTESIAN_POINT('',(-53.9098079593035,-16.6169147405347,18.));
#3193=AXIS2_PLACEMENT_3D('',#3194,#3195,#3196);
#3194=CARTESIAN_POINT('',(-50.,-12.,18.));
#3195=DIRECTION('',(0.,0.,1.));
#3196=DIRECTION('',(-0.646249249471651,-0.763126403394175,0.));
#3197=CARTESIAN_POINT('',(-54.6189962571951,-17.3261030384341,19.));
#3198=CARTESIAN_POINT('',(-54.6041793814745,-17.3112861627134,19.0000009707702));
#3199=CARTESIAN_POINT('',(-54.5745634026014,-17.28167018384,18.9986890178791));
#3200=CARTESIAN_POINT('',(-54.5303219339143,-17.2374287151524,18.992805646328));
#3201=CARTESIAN_POINT('',(-54.4815600486333,-17.1886668298709,18.9819428777568));
#3202=CARTESIAN_POINT('',(-54.4270453410594,-17.1341521222963,18.9639625677102));
#3203=CARTESIAN_POINT('',(-54.3659973707852,-17.0731041520214,18.9357408189176));
#3204=CARTESIAN_POINT('',(-54.3010589031451,-17.0081656843805,18.8958575495347));
#3205=CARTESIAN_POINT('',(-54.2351041127705,-16.9422108940051,18.8432079228761));
#3206=CARTESIAN_POINT('',(-54.1710241759778,-16.8781309572115,18.777817854918));
#3207=CARTESIAN_POINT('',(-54.1173653831237,-16.8244721643567,18.7090398482672));
#3208=CARTESIAN_POINT('',(-54.0731571856356,-16.7802639668679,18.6401647932538));
#3209=CARTESIAN_POINT('',(-54.03367104399,-16.7407778252217,18.5672453049864));
#3210=CARTESIAN_POINT('',(-53.9966562283679,-16.703763009599,18.4833281967579));
#3211=CARTESIAN_POINT('',(-53.9643426051211,-16.6714493863516,18.389040589153));
#3212=CARTESIAN_POINT('',(-53.9426894598828,-16.6497962411129,18.304679362372));
#3213=CARTESIAN_POINT('',(-53.9292513028016,-16.6363580840314,18.2348904429616));
#3214=CARTESIAN_POINT('',(-53.9216479392973,-16.6287547205269,18.1839127737316));
#3215=CARTESIAN_POINT('',(-53.9166502899398,-16.6237570711692,18.1404310117131));
#3216=CARTESIAN_POINT('',(-53.9130657924828,-16.6201725737121,18.0988298533331));
#3217=CARTESIAN_POINT('',(-53.910470004886,-16.6175767861151,18.0521925311697));
#3218=CARTESIAN_POINT('',(-53.9098075730389,-16.616914354268,18.0183980025373));
#3219=CARTESIAN_POINT('',(-53.9098079593046,-16.6169147405336,18.));
#3220=CARTESIAN_POINT('',(-60.,-22.7071067812981,1.5));
#3221=CARTESIAN_POINT('',(-58.5,-21.2071067812816,-7.40148683083438E-17));
#3222=CARTESIAN_POINT('',(-58.5,-21.2071067812816,-4.44089209850063E-16));
#3223=CARTESIAN_POINT('',(-59.3786796564403,-22.0857864377316,-5.55111512312578E-15));
#3224=CARTESIAN_POINT('',(-60.,-22.7071067812981,0.621320343559638));
#3225=CARTESIAN_POINT('',(-60.,-22.7071067812981,1.5));
#3226=CARTESIAN_POINT('',(-60.,-22.7071067812981,1.5));
#3227=VECTOR('',#3228,1.);
#3228=DIRECTION('',(0.,-2.03012210217171E-16,1.));
#3229=CARTESIAN_POINT('',(-53.9098079593035,-16.6169147405347,1.));
#3230=CARTESIAN_POINT('',(-53.9098079593035,-16.6169147405347,1.));
#3231=VECTOR('',#3232,1.);
#3232=DIRECTION('',(0.,0.,1.));
#3233=CARTESIAN_POINT('',(-54.6189962571951,-17.3261030384341,0.));
#3234=CARTESIAN_POINT('',(-54.6189962571951,-17.3261030384341,0.));
#3235=CARTESIAN_POINT('',(-54.6041793814745,-17.3112861627134,-9.70770161900494E-7));
#3236=CARTESIAN_POINT('',(-54.5745634026014,-17.28167018384,0.00131098212085694));
#3237=CARTESIAN_POINT('',(-54.5303219339143,-17.2374287151524,0.00719435367201974));
#3238=CARTESIAN_POINT('',(-54.4815600486334,-17.1886668298708,0.0180571222432191));
#3239=CARTESIAN_POINT('',(-54.4270453410595,-17.1341521222963,0.036037432289804));
#3240=CARTESIAN_POINT('',(-54.3659973707853,-17.0731041520213,0.0642591810824379));
#3241=CARTESIAN_POINT('',(-54.3010589031452,-17.0081656843803,0.104142450465332));
#3242=CARTESIAN_POINT('',(-54.2351041127707,-16.9422108940048,0.156792077123867));
#3243=CARTESIAN_POINT('',(-54.1710241759782,-16.8781309572112,0.222182145081996));
#3244=CARTESIAN_POINT('',(-54.1173653831241,-16.8244721643562,0.290960151732753));
#3245=CARTESIAN_POINT('',(-54.0731571856362,-16.7802639668673,0.359835206746161));
#3246=CARTESIAN_POINT('',(-54.0336710439907,-16.740777825221,0.432754695013596));
#3247=CARTESIAN_POINT('',(-53.9966562283687,-16.7037630095981,0.51667180324213));
#3248=CARTESIAN_POINT('',(-53.9643426051221,-16.6714493863506,0.610959410846986));
#3249=CARTESIAN_POINT('',(-53.942689459884,-16.6497962411118,0.695320637627961));
#3250=CARTESIAN_POINT('',(-53.9292513028029,-16.6363580840302,0.765109557038357));
#3251=CARTESIAN_POINT('',(-53.9216479392986,-16.6287547205255,0.816087226268381));
#3252=CARTESIAN_POINT('',(-53.9166502899412,-16.6237570711678,0.859568988286948));
#3253=CARTESIAN_POINT('',(-53.9130657924843,-16.6201725737106,0.901170146666907));
#3254=CARTESIAN_POINT('',(-53.9104700048876,-16.6175767861135,0.947807468830296));
#3255=CARTESIAN_POINT('',(-53.9098075730406,-16.6169143542663,0.981601997462659));
#3256=CARTESIAN_POINT('',(-53.9098079593063,-16.6169147405319,0.999999999999997));
#3257=CARTESIAN_POINT('',(-58.5,-21.2071067812816,0.));
#3258=VECTOR('',#3259,1.);
#3259=DIRECTION('',(0.707106781182668,0.707106781190427,0.));
#3260=CARTESIAN_POINT('',(-58.1923408467214,-20.8994476279996,9.5));
#3261=AXIS2_PLACEMENT_3D('',#3262,#3263,#3264);
#3262=CARTESIAN_POINT('',(-56.9549039796517,-19.6620107609164,9.5));
#3263=DIRECTION('',(-0.707106781190427,0.707106781182668,0.));
#3264=DIRECTION('',(-0.707106781182668,-0.707106781190427,-1.22464679914735E-16));
#3265=CARTESIAN_POINT('',(-60.,-58.5,1.5));
#3266=CARTESIAN_POINT('',(-60.,-22.7071067812981,1.5));
#3267=VECTOR('',#3268,1.);
#3268=DIRECTION('',(-1.98515032416781E-16,-1.,1.24071895260488E-17));
#3269=CARTESIAN_POINT('',(-60.,-58.5,3.5));
#3270=CARTESIAN_POINT('',(-60.,-58.5,1.5));
#3271=VECTOR('',#3272,1.);
#3272=DIRECTION('',(0.,3.5527136788005E-15,1.));
#3273=CARTESIAN_POINT('',(-60.,-30.5,3.5));
#3274=CARTESIAN_POINT('',(-60.,-30.5,3.5));
#3275=VECTOR('',#3276,1.);
#3276=DIRECTION('',(-2.53765262771464E-16,-1.,0.));
#3277=CARTESIAN_POINT('',(-60.,-30.5,19.));
#3278=VECTOR('',#3279,1.);
#3279=DIRECTION('',(0.,-4.58414668232323E-16,-1.));
#3280=CARTESIAN_POINT('',(-58.5,-32.,17.5));
#3281=CARTESIAN_POINT('',(-60.,-30.5,19.));
#3282=CARTESIAN_POINT('',(-60.,-31.3786796564403,19.));
#3283=CARTESIAN_POINT('',(-59.3786796564404,-32.,18.3786796564404));
#3284=CARTESIAN_POINT('',(-58.5,-32.,17.5));
#3285=CARTESIAN_POINT('',(-45.,-32.,17.5));
#3286=CARTESIAN_POINT('',(-45.,-32.,17.5));
#3287=VECTOR('',#3288,1.);
#3288=DIRECTION('',(-1.,5.26327952414889E-16,0.));
#3289=AXIS2_PLACEMENT_3D('',#3290,#3291,#3292);
#3290=CARTESIAN_POINT('',(-45.,-30.5,17.5));
#3291=DIRECTION('',(-1.,2.15315980533364E-16,0.));
#3292=DIRECTION('',(-2.15315980533364E-16,-1.,0.));
#3293=CARTESIAN_POINT('',(-45.,-60.,3.5));
#3294=CARTESIAN_POINT('',(-45.,-58.5,5.));
#3295=AXIS2_PLACEMENT_3D('',#3296,#3297,#3298);
#3296=CARTESIAN_POINT('',(-45.,-58.5,3.5));
#3297=DIRECTION('',(1.,0.,0.));
#3298=DIRECTION('',(0.,0.,1.));
#3299=CARTESIAN_POINT('',(-45.,-60.,5.));
#3300=CARTESIAN_POINT('',(-45.,-60.,3.5));
#3301=VECTOR('',#3302,1.);
#3302=DIRECTION('',(0.,0.,1.));
#3303=CARTESIAN_POINT('',(-45.,-32.,19.));
#3304=VECTOR('',#3305,1.);
#3305=DIRECTION('',(0.,-0.894427190999916,-0.447213595499958));
#3306=CARTESIAN_POINT('',(-45.,-32.,5.));
#3307=CARTESIAN_POINT('',(-45.,-32.,5.));
#3308=VECTOR('',#3309,1.);
#3309=DIRECTION('',(0.,0.,1.));
#3310=CARTESIAN_POINT('',(-45.,-58.5,5.));
#3311=VECTOR('',#3312,1.);
#3312=DIRECTION('',(0.,1.,0.));
#3313=CARTESIAN_POINT('',(-42.,-60.,5.));
#3314=CARTESIAN_POINT('',(-45.,-60.,5.));
#3315=VECTOR('',#3316,1.);
#3316=DIRECTION('',(1.,0.,-2.96059473233374E-16));
#3317=CARTESIAN_POINT('',(-42.,-60.,5.));
#3318=VECTOR('',#3319,1.);
#3319=DIRECTION('',(0.,0.894427190999916,0.447213595499958));
#3320=CARTESIAN_POINT('',(-42.,-32.,17.5));
#3321=AXIS2_PLACEMENT_3D('',#3322,#3323,#3324);
#3322=CARTESIAN_POINT('',(-42.,-30.5,17.5));
#3323=DIRECTION('',(-1.,1.48029736616687E-16,0.));
#3324=DIRECTION('',(-1.48029736616687E-16,-1.,0.));
#3325=CARTESIAN_POINT('',(-42.,-60.,3.5));
#3326=CARTESIAN_POINT('',(-42.,-60.,3.5));
#3327=VECTOR('',#3328,1.);
#3328=DIRECTION('',(0.,0.,1.));
#3329=CARTESIAN_POINT('',(-42.,-58.5,5.));
#3330=AXIS2_PLACEMENT_3D('',#3331,#3332,#3333);
#3331=CARTESIAN_POINT('',(-42.,-58.5,3.5));
#3332=DIRECTION('',(1.,-1.48029736616688E-16,1.03799886246283E-46));
#3333=DIRECTION('',(-1.03799886246283E-46,1.53654698218794E-62,1.));
#3334=CARTESIAN_POINT('',(-42.,-32.,5.));
#3335=CARTESIAN_POINT('',(-42.,-32.,5.));
#3336=VECTOR('',#3337,1.);
#3337=DIRECTION('',(0.,-1.,0.));
#3338=CARTESIAN_POINT('',(-42.,-32.,17.5));
#3339=VECTOR('',#3340,1.);
#3340=DIRECTION('',(0.,0.,-1.));
#3341=CARTESIAN_POINT('',(-18.,-32.,17.5));
#3342=CARTESIAN_POINT('',(-18.,-32.,17.5));
#3343=VECTOR('',#3344,1.);
#3344=DIRECTION('',(-1.,2.96059473233375E-16,0.));
#3345=AXIS2_PLACEMENT_3D('',#3346,#3347,#3348);
#3346=CARTESIAN_POINT('',(-18.,-30.5,17.5));
#3347=DIRECTION('',(-1.,1.48029736616687E-16,0.));
#3348=DIRECTION('',(-1.48029736616687E-16,-1.,0.));
#3349=CARTESIAN_POINT('',(-18.,-32.,5.));
#3350=CARTESIAN_POINT('',(-18.,-32.,5.));
#3351=VECTOR('',#3352,1.);
#3352=DIRECTION('',(0.,0.,1.));
#3353=CARTESIAN_POINT('',(-18.,-58.5,5.));
#3354=CARTESIAN_POINT('',(-18.,-58.5,5.));
#3355=VECTOR('',#3356,1.);
#3356=DIRECTION('',(0.,1.,0.));
#3357=CARTESIAN_POINT('',(-18.,-60.,3.5));
#3358=AXIS2_PLACEMENT_3D('',#3359,#3360,#3361);
#3359=CARTESIAN_POINT('',(-18.,-58.5,3.5));
#3360=DIRECTION('',(1.,-1.48029736616688E-16,1.03799886246283E-46));
#3361=DIRECTION('',(-1.03799886246283E-46,1.53654698218794E-62,1.));
#3362=CARTESIAN_POINT('',(-18.,-60.,5.));
#3363=CARTESIAN_POINT('',(-18.,-60.,3.5));
#3364=VECTOR('',#3365,1.);
#3365=DIRECTION('',(0.,0.,1.));
#3366=CARTESIAN_POINT('',(-18.,-32.,19.));
#3367=VECTOR('',#3368,1.);
#3368=DIRECTION('',(0.,-0.894427190999916,-0.447213595499958));
#3369=CARTESIAN_POINT('',(-15.,-60.,5.));
#3370=CARTESIAN_POINT('',(-18.,-60.,5.));
#3371=VECTOR('',#3372,1.);
#3372=DIRECTION('',(1.,0.,0.));
#3373=CARTESIAN_POINT('',(-15.,-60.,5.));
#3374=VECTOR('',#3375,1.);
#3375=DIRECTION('',(1.13487275577018E-16,0.894427190999916,0.447213595499958));
#3376=CARTESIAN_POINT('',(-15.,-32.,17.5));
#3377=AXIS2_PLACEMENT_3D('',#3378,#3379,#3380);
#3378=CARTESIAN_POINT('',(-15.,-30.5,17.5));
#3379=DIRECTION('',(-1.,0.,0.));
#3380=DIRECTION('',(0.,-1.,0.));
#3381=CARTESIAN_POINT('',(-15.,-60.,3.5));
#3382=CARTESIAN_POINT('',(-15.,-60.,3.5));
#3383=VECTOR('',#3384,1.);
#3384=DIRECTION('',(0.,0.,1.));
#3385=CARTESIAN_POINT('',(-15.,-58.5,5.));
#3386=AXIS2_PLACEMENT_3D('',#3387,#3388,#3389);
#3387=CARTESIAN_POINT('',(-15.,-58.5,3.5));
#3388=DIRECTION('',(1.,0.,0.));
#3389=DIRECTION('',(0.,0.,1.));
#3390=CARTESIAN_POINT('',(-15.,-32.,5.));
#3391=CARTESIAN_POINT('',(-15.,-32.,5.));
#3392=VECTOR('',#3393,1.);
#3393=DIRECTION('',(-6.70323335622736E-17,-1.,0.));
#3394=CARTESIAN_POINT('',(-15.,-32.,17.5));
#3395=VECTOR('',#3396,1.);
#3396=DIRECTION('',(0.,0.,-1.));
#3397=CARTESIAN_POINT('',(-1.5,-32.,17.5));
#3398=CARTESIAN_POINT('',(-1.5,-32.,17.5));
#3399=VECTOR('',#3400,1.);
#3400=DIRECTION('',(-1.,0.,0.));
#3401=CARTESIAN_POINT('',(-1.77635683940025E-15,-30.5,19.));
#3402=CARTESIAN_POINT('',(-1.77635683940025E-15,-31.3786796564404,19.));
#3403=CARTESIAN_POINT('',(-0.621320343559644,-32.,18.3786796564404));
#3404=CARTESIAN_POINT('',(-1.5,-32.,17.5));
#3405=CARTESIAN_POINT('',(-3.61353336500014E-15,-30.5,3.5));
#3406=CARTESIAN_POINT('',(-2.75576478839984E-15,-30.5,3.5));
#3407=VECTOR('',#3408,1.);
#3408=DIRECTION('',(0.,0.,1.));
#3409=CARTESIAN_POINT('',(-4.5666035053159E-15,-58.5,3.5));
#3410=CARTESIAN_POINT('',(-7.13480556630651E-15,-58.5,3.5));
#3411=VECTOR('',#3412,1.);
#3412=DIRECTION('',(9.29529978038007E-17,1.,0.));
#3413=CARTESIAN_POINT('',(-4.45558120285338E-15,-58.5,1.5));
#3414=CARTESIAN_POINT('',(-5.13640412198123E-15,-58.5,1.5));
#3415=VECTOR('',#3416,1.);
#3416=DIRECTION('',(-2.22044604925031E-16,0.,1.));
#3417=CARTESIAN_POINT('',(-3.29541530712079E-15,-22.7071067812981,1.5));
#3418=CARTESIAN_POINT('',(-7.35685017123154E-15,-58.5,1.5));
#3419=VECTOR('',#3420,1.);
#3420=DIRECTION('',(1.23268287587612E-16,1.,0.));
#3421=CARTESIAN_POINT('',(-4.05494454098107E-15,-22.7071067812981,19.));
#3422=VECTOR('',#3423,1.);
#3423=DIRECTION('',(0.,0.,-1.));
#3424=CARTESIAN_POINT('',(-1.5,-21.2071067812816,0.));
#3425=CARTESIAN_POINT('',(-1.5,-21.2071067812816,0.));
#3426=CARTESIAN_POINT('',(-0.621320343559646,-22.0857864377316,0.));
#3427=CARTESIAN_POINT('',(-3.33066907387547E-15,-22.7071067812981,0.621320343559642));
#3428=CARTESIAN_POINT('',(-3.33066907387547E-15,-22.7071067812981,1.5));
#3429=CARTESIAN_POINT('',(-5.38100374280488,-17.3261030384341,0.));
#3430=CARTESIAN_POINT('',(-5.38100374280488,-17.3261030384342,0.));
#3431=VECTOR('',#3432,1.);
#3432=DIRECTION('',(0.707106781182668,-0.707106781190427,0.));
#3433=CARTESIAN_POINT('',(-6.09019204069652,-16.6169147405347,1.));
#3434=CARTESIAN_POINT('',(-5.38100374280488,-17.3261030384341,0.));
#3435=CARTESIAN_POINT('',(-5.39582061852551,-17.3112861627134,-9.7077016170035E-7));
#3436=CARTESIAN_POINT('',(-5.42543659739858,-17.28167018384,0.001310982120857));
#3437=CARTESIAN_POINT('',(-5.46967806608566,-17.2374287151524,0.00719435367201783));
#3438=CARTESIAN_POINT('',(-5.51843995136667,-17.1886668298709,0.0180571222432212));
#3439=CARTESIAN_POINT('',(-5.57295465894058,-17.1341521222963,0.0360374322898013));
#3440=CARTESIAN_POINT('',(-5.63400262921482,-17.0731041520214,0.0642591810824393));
#3441=CARTESIAN_POINT('',(-5.69894109685499,-17.0081656843806,0.10414245046533));
#3442=CARTESIAN_POINT('',(-5.76489588722963,-16.9422108940052,0.156792077123866));
#3443=CARTESIAN_POINT('',(-5.82897582402239,-16.8781309572117,0.222182145081996));
#3444=CARTESIAN_POINT('',(-5.88263461687659,-16.824472164357,0.290960151732759));
#3445=CARTESIAN_POINT('',(-5.92684281436479,-16.7802639668683,0.359835206746169));
#3446=CARTESIAN_POINT('',(-5.96632895601049,-16.7407778252221,0.432754695013596));
#3447=CARTESIAN_POINT('',(-6.00334377163271,-16.7037630095995,0.516671803242144));
#3448=CARTESIAN_POINT('',(-6.03565739487959,-16.6714493863523,0.610959410846986));
#3449=CARTESIAN_POINT('',(-6.05731054011793,-16.6497962411137,0.695320637627969));
#3450=CARTESIAN_POINT('',(-6.07074869719922,-16.6363580840323,0.765109557038363));
#3451=CARTESIAN_POINT('',(-6.07835206070363,-16.6287547205278,0.816087226268382));
#3452=CARTESIAN_POINT('',(-6.08334971006121,-16.6237570711702,0.859568988286952));
#3453=CARTESIAN_POINT('',(-6.08693420751818,-16.6201725737132,0.901170146666908));
#3454=CARTESIAN_POINT('',(-6.08952999511512,-16.6175767861162,0.9478074688303));
#3455=CARTESIAN_POINT('',(-6.0901924269622,-16.6169143542691,0.981601997462664));
#3456=CARTESIAN_POINT('',(-6.09019204069656,-16.6169147405348,1.));
#3457=CARTESIAN_POINT('',(-6.09019204069652,-16.6169147405347,18.));
#3458=CARTESIAN_POINT('',(-6.09019204069653,-16.6169147405347,1.));
#3459=VECTOR('',#3460,1.);
#3460=DIRECTION('',(0.,0.,1.));
#3461=CARTESIAN_POINT('',(-5.38100374280488,-17.3261030384341,19.));
#3462=CARTESIAN_POINT('',(-5.39582061852551,-17.3112861627134,19.0000009707702));
#3463=CARTESIAN_POINT('',(-5.42543659739858,-17.28167018384,18.9986890178791));
#3464=CARTESIAN_POINT('',(-5.46967806608566,-17.2374287151524,18.992805646328));
#3465=CARTESIAN_POINT('',(-5.51843995136667,-17.1886668298709,18.9819428777568));
#3466=CARTESIAN_POINT('',(-5.57295465894059,-17.1341521222963,18.9639625677102));
#3467=CARTESIAN_POINT('',(-5.63400262921484,-17.0731041520215,18.9357408189176));
#3468=CARTESIAN_POINT('',(-5.69894109685503,-17.0081656843806,18.8958575495347));
#3469=CARTESIAN_POINT('',(-5.76489588722968,-16.9422108940052,18.8432079228761));
#3470=CARTESIAN_POINT('',(-5.82897582402246,-16.8781309572118,18.777817854918));
#3471=CARTESIAN_POINT('',(-5.88263461687668,-16.824472164357,18.7090398482672));
#3472=CARTESIAN_POINT('',(-5.92684281436491,-16.7802639668684,18.6401647932538));
#3473=CARTESIAN_POINT('',(-5.96632895601063,-16.7407778252223,18.5672453049864));
#3474=CARTESIAN_POINT('',(-6.00334377163288,-16.7037630095997,18.4833281967579));
#3475=CARTESIAN_POINT('',(-6.0356573948798,-16.6714493863525,18.389040589153));
#3476=CARTESIAN_POINT('',(-6.05731054011817,-16.6497962411139,18.304679362372));
#3477=CARTESIAN_POINT('',(-6.07074869719947,-16.6363580840325,18.2348904429616));
#3478=CARTESIAN_POINT('',(-6.07835206070391,-16.6287547205281,18.1839127737316));
#3479=CARTESIAN_POINT('',(-6.0833497100615,-16.6237570711704,18.140431011713));
#3480=CARTESIAN_POINT('',(-6.08693420751849,-16.6201725737134,18.0988298533331));
#3481=CARTESIAN_POINT('',(-6.08952999511544,-16.6175767861165,18.0521925311697));
#3482=CARTESIAN_POINT('',(-6.09019242696253,-16.6169143542694,18.0183980025373));
#3483=CARTESIAN_POINT('',(-6.0901920406969,-16.6169147405351,18.));
#3484=CARTESIAN_POINT('',(-3.04509602034828,-19.6620107609164,11.25));
#3485=AXIS2_PLACEMENT_3D('',#3486,#3487,#3488);
#3486=CARTESIAN_POINT('',(-3.04509602034828,-19.6620107609164,9.5));
#3487=DIRECTION('',(0.707106781190427,0.707106781182668,0.));
#3488=DIRECTION('',(4.32978028115371E-17,-4.32978028120122E-17,1.));
#3489=CARTESIAN_POINT('',(-5.38308525950627,-15.9098079593519,18.));
#3490=AXIS2_PLACEMENT_3D('',#3491,#3492,#3493);
#3491=CARTESIAN_POINT('',(-10.,-12.,18.));
#3492=DIRECTION('',(0.,0.,1.));
#3493=DIRECTION('',(0.763126403387397,-0.646249249479654,0.));
#3494=CARTESIAN_POINT('',(-4.6738969616146,-16.6189962572513,19.));
#3495=CARTESIAN_POINT('',(-4.68871383733523,-16.6041793815305,19.0000009707702));
#3496=CARTESIAN_POINT('',(-4.7183298162083,-16.5745634026571,18.9986890178791));
#3497=CARTESIAN_POINT('',(-4.76257128489538,-16.5303219339696,18.992805646328));
#3498=CARTESIAN_POINT('',(-4.81133317017639,-16.481560048688,18.9819428777568));
#3499=CARTESIAN_POINT('',(-4.86584787775029,-16.4270453411135,18.9639625677102));
#3500=CARTESIAN_POINT('',(-4.92689584802453,-16.3659973708386,18.9357408189176));
#3501=CARTESIAN_POINT('',(-4.99183431566469,-16.3010589031977,18.8958575495347));
#3502=CARTESIAN_POINT('',(-5.0577891060393,-16.2351041128223,18.8432079228762));
#3503=CARTESIAN_POINT('',(-5.12186904283204,-16.1710241760289,18.777817854918));
#3504=CARTESIAN_POINT('',(-5.17552783568622,-16.1173653831741,18.7090398482673));
#3505=CARTESIAN_POINT('',(-5.2197360331744,-16.0731571856853,18.6401647932539));
#3506=CARTESIAN_POINT('',(-5.25922217482008,-16.0336710440392,18.5672453049864));
#3507=CARTESIAN_POINT('',(-5.29623699044228,-15.9966562284165,18.4833281967579));
#3508=CARTESIAN_POINT('',(-5.32855061368913,-15.9643426051693,18.389040589153));
#3509=CARTESIAN_POINT('',(-5.35020375892745,-15.9426894599307,18.3046793623721));
#3510=CARTESIAN_POINT('',(-5.36364191600871,-15.9292513028492,18.2348904429617));
#3511=CARTESIAN_POINT('',(-5.37124527951311,-15.9216479393447,18.1839127737317));
#3512=CARTESIAN_POINT('',(-5.37624292887068,-15.9166502899871,18.1404310117131));
#3513=CARTESIAN_POINT('',(-5.37982742632764,-15.91306579253,18.0988298533331));
#3514=CARTESIAN_POINT('',(-5.38242321392457,-15.910470004933,18.0521925311697));
#3515=CARTESIAN_POINT('',(-5.38308564577163,-15.909807573086,18.0183980025373));
#3516=CARTESIAN_POINT('',(-5.38308525950599,-15.9098079593516,18.));
#3517=CARTESIAN_POINT('',(-5.38308525950627,-15.9098079593519,1.));
#3518=CARTESIAN_POINT('',(-5.38308525950628,-15.9098079593519,1.));
#3519=VECTOR('',#3520,1.);
#3520=DIRECTION('',(0.,0.,1.));
#3521=CARTESIAN_POINT('',(-4.6738969616146,-16.6189962572513,0.));
#3522=CARTESIAN_POINT('',(-4.6738969616146,-16.6189962572513,0.));
#3523=CARTESIAN_POINT('',(-4.68871383733523,-16.6041793815305,-9.7077016137574E-7));
#3524=CARTESIAN_POINT('',(-4.7183298162083,-16.5745634026572,0.00131098212085723));
#3525=CARTESIAN_POINT('',(-4.76257128489538,-16.5303219339696,0.00719435367201689));
#3526=CARTESIAN_POINT('',(-4.81133317017639,-16.481560048688,0.0180571222432201));
#3527=CARTESIAN_POINT('',(-4.86584787775028,-16.4270453411135,0.0360374322897983));
#3528=CARTESIAN_POINT('',(-4.9268958480245,-16.3659973708386,0.0642591810824362));
#3529=CARTESIAN_POINT('',(-4.99183431566464,-16.3010589031977,0.104142450465323));
#3530=CARTESIAN_POINT('',(-5.05778910603922,-16.2351041128223,0.156792077123852));
#3531=CARTESIAN_POINT('',(-5.12186904283191,-16.1710241760287,0.222182145081979));
#3532=CARTESIAN_POINT('',(-5.17552783568606,-16.1173653831739,0.290960151732734));
#3533=CARTESIAN_POINT('',(-5.21973603317419,-16.0731571856851,0.35983520674614));
#3534=CARTESIAN_POINT('',(-5.25922217481983,-16.0336710440389,0.432754695013567));
#3535=CARTESIAN_POINT('',(-5.29623699044197,-15.9966562284162,0.516671803242109));
#3536=CARTESIAN_POINT('',(-5.32855061368876,-15.9643426051689,0.610959410846949));
#3537=CARTESIAN_POINT('',(-5.35020375892702,-15.9426894599302,0.695320637627931));
#3538=CARTESIAN_POINT('',(-5.36364191600824,-15.9292513028487,0.765109557038327));
#3539=CARTESIAN_POINT('',(-5.3712452795126,-15.9216479393442,0.81608722626835));
#3540=CARTESIAN_POINT('',(-5.37624292887015,-15.9166502899865,0.859568988286924));
#3541=CARTESIAN_POINT('',(-5.37982742632707,-15.9130657925295,0.901170146666887));
#3542=CARTESIAN_POINT('',(-5.38242321392397,-15.9104700049324,0.947807468830289));
#3543=CARTESIAN_POINT('',(-5.38308564577101,-15.9098075730853,0.98160199746266));
#3544=CARTESIAN_POINT('',(-5.38308525950535,-15.909807959351,1.));
#3545=CARTESIAN_POINT('',(-2.60762735251334E-15,-21.2928932189172,0.));
#3546=CARTESIAN_POINT('',(-2.99760216648792E-15,-21.2928932189172,0.));
#3547=VECTOR('',#3548,1.);
#3548=DIRECTION('',(-0.707106781182668,0.707106781190427,0.));
#3549=CARTESIAN_POINT('',(-1.35932482748793E-15,-21.2928932189172,3.19358390928247));
#3550=CARTESIAN_POINT('',(-1.85892518856925E-15,-21.2928932189172,0.));
#3551=VECTOR('',#3552,1.);
#3552=DIRECTION('',(1.23507151781437E-31,1.11245352548094E-15,1.));
#3553=CARTESIAN_POINT('',(-2.49101802862769E-16,-21.2928932189172,15.8064160907175));
#3554=CARTESIAN_POINT('',(-1.11022302462516E-16,-21.2928932189172,3.19358390928247));
#3555=VECTOR('',#3556,1.);
#3556=DIRECTION('',(1.76046586310615E-16,0.,1.));
#3557=CARTESIAN_POINT('',(-1.85892518856925E-15,-21.2928932189172,15.8064160907175));
#3558=VECTOR('',#3559,1.);
#3559=DIRECTION('',(0.,0.,1.));
#3560=CARTESIAN_POINT('',(-3.57542610622752,-17.7174671126505,9.5));
#3561=AXIS2_PLACEMENT_3D('',#3562,#3563,#3564);
#3562=CARTESIAN_POINT('',(-2.33798923915785,-18.9549039797337,9.5));
#3563=DIRECTION('',(0.707106781190427,0.707106781182668,0.));
#3564=DIRECTION('',(4.32978028115371E-17,-4.32978028120122E-17,1.));
#3565=CARTESIAN_POINT('',(-8.85457471881407E-16,-12.8076118446321,15.8064160907175));
#3566=CARTESIAN_POINT('',(-1.56848008502504E-15,-12.8076118446321,15.8064160907175));
#3567=VECTOR('',#3568,1.);
#3568=DIRECTION('',(-1.22464679914735E-16,-1.,-4.18691322313376E-16));
#3569=CARTESIAN_POINT('',(-6.52915260724295E-17,-12.8076118446321,3.19358390928248));
#3570=CARTESIAN_POINT('',(-5.43946165309589E-16,-12.8076118446321,15.8064160907175));
#3571=VECTOR('',#3572,1.);
#3572=DIRECTION('',(9.75394662369552E-17,2.81674538096985E-16,-1.));
#3573=CARTESIAN_POINT('',(-2.60762735251334E-15,-21.2928932189172,3.19358390928247));
#3574=VECTOR('',#3575,1.);
#3575=DIRECTION('',(1.22464679914735E-16,1.,3.66354907024204E-16));
#3576=CARTESIAN_POINT('',(-1.46957615897682E-15,-12.,0.));
#3577=CARTESIAN_POINT('',(-2.60762735251334E-15,-21.2928932189172,0.));
#3578=VECTOR('',#3579,1.);
#3579=DIRECTION('',(1.22464679914735E-16,1.,0.));
#3580=CARTESIAN_POINT('',(-1.49456427946904E-14,-12.,0.));
#3581=VECTOR('',#3582,1.);
#3582=DIRECTION('',(0.,0.,1.));
#3583=CARTESIAN_POINT('',(-7.99999999999999,-2.20204102886728,0.));
#3584=AXIS2_PLACEMENT_3D('',#3585,#3586,#3587);
#3585=CARTESIAN_POINT('',(-10.,-12.,0.));
#3586=DIRECTION('',(0.,0.,-1.));
#3587=DIRECTION('',(0.200000000000006,0.97979589711327,0.));
#3588=CARTESIAN_POINT('',(-7.99999999999999,-2.20204102886728,0.));
#3589=VECTOR('',#3590,1.);
#3590=DIRECTION('',(0.,0.,1.));
#3591=CARTESIAN_POINT('',(-8.,-1.5,1.48029736616688E-16));
#3592=CARTESIAN_POINT('',(-8.,-1.5,4.44089209850063E-16));
#3593=VECTOR('',#3594,1.);
#3594=DIRECTION('',(0.,0.,1.));
#3595=CARTESIAN_POINT('',(-8.,-1.5,0.));
#3596=VECTOR('',#3597,1.);
#3597=DIRECTION('',(0.,-1.,0.));
#3598=CARTESIAN_POINT('',(-9.5,1.07166911269337E-15,1.48029736616688E-16));
#3599=CARTESIAN_POINT('',(-9.5,1.02579643944506E-15,4.44089209850063E-16));
#3600=VECTOR('',#3601,1.);
#3601=DIRECTION('',(0.,5.84327907697451E-18,1.));
#3602=AXIS2_PLACEMENT_3D('',#3603,#3604,#3605);
#3603=CARTESIAN_POINT('',(-9.5,-1.5,0.));
#3604=DIRECTION('',(0.,0.,-1.));
#3605=DIRECTION('',(0.,1.,0.));
#3606=CARTESIAN_POINT('',(-9.5,1.16341445918999E-15,0.));
#3607=VECTOR('',#3608,1.);
#3608=DIRECTION('',(-1.,1.22464679914735E-16,0.));
#3609=CARTESIAN_POINT('',(-11.15,1.3654811810493E-15,6.1));
#3610=AXIS2_PLACEMENT_3D('',#3611,#3612,#3613);
#3611=CARTESIAN_POINT('',(-11.15,1.3654811810493E-15,7.));
#3612=DIRECTION('',(1.22464679914735E-16,1.,0.));
#3613=DIRECTION('',(6.12323399573677E-17,-7.49879891330929E-33,-1.));
#3614=CARTESIAN_POINT('',(-11.15,1.3654811810493E-15,11.1));
#3615=AXIS2_PLACEMENT_3D('',#3616,#3617,#3618);
#3616=CARTESIAN_POINT('',(-11.15,1.3654811810493E-15,12.));
#3617=DIRECTION('',(1.22464679914735E-16,1.,0.));
#3618=DIRECTION('',(6.12323399573677E-17,-7.49879891330929E-33,-1.));
#3619=CARTESIAN_POINT('',(-17.65,2.16150160049508E-15,6.1));
#3620=AXIS2_PLACEMENT_3D('',#3621,#3622,#3623);
#3621=CARTESIAN_POINT('',(-17.65,2.16150160049508E-15,7.));
#3622=DIRECTION('',(1.22464679914735E-16,1.,0.));
#3623=DIRECTION('',(6.12323399573677E-17,-7.49879891330929E-33,-1.));
#3624=CARTESIAN_POINT('',(-17.65,2.16150160049508E-15,11.1));
#3625=AXIS2_PLACEMENT_3D('',#3626,#3627,#3628);
#3626=CARTESIAN_POINT('',(-17.65,2.16150160049508E-15,12.));
#3627=DIRECTION('',(1.22464679914735E-16,1.,0.));
#3628=DIRECTION('',(6.12323399573677E-17,-7.49879891330929E-33,-1.));
#3629=CARTESIAN_POINT('',(-48.85,5.98239961383482E-15,6.09999999999999));
#3630=AXIS2_PLACEMENT_3D('',#3631,#3632,#3633);
#3631=CARTESIAN_POINT('',(-48.85,5.98239961383482E-15,6.99999999999999));
#3632=DIRECTION('',(1.22464679914735E-16,1.,0.));
#3633=DIRECTION('',(6.12323399573677E-17,-7.49879891330929E-33,-1.));
#3634=CARTESIAN_POINT('',(-42.35,5.18637919438904E-15,6.09999999999999));
#3635=AXIS2_PLACEMENT_3D('',#3636,#3637,#3638);
#3636=CARTESIAN_POINT('',(-42.35,5.18637919438904E-15,6.99999999999999));
#3637=DIRECTION('',(1.22464679914735E-16,1.,0.));
#3638=DIRECTION('',(6.12323399573677E-17,-7.49879891330929E-33,-1.));
#3639=CARTESIAN_POINT('',(-48.85,5.98239961383482E-15,11.1));
#3640=AXIS2_PLACEMENT_3D('',#3641,#3642,#3643);
#3641=CARTESIAN_POINT('',(-48.85,5.98239961383482E-15,12.));
#3642=DIRECTION('',(1.22464679914735E-16,1.,0.));
#3643=DIRECTION('',(6.12323399573677E-17,-7.49879891330929E-33,-1.));
#3644=CARTESIAN_POINT('',(-42.35,5.18637919438904E-15,11.1));
#3645=AXIS2_PLACEMENT_3D('',#3646,#3647,#3648);
#3646=CARTESIAN_POINT('',(-42.35,5.18637919438904E-15,12.));
#3647=DIRECTION('',(1.22464679914735E-16,1.,0.));
#3648=DIRECTION('',(6.12323399573677E-17,-7.49879891330929E-33,-1.));
#3649=CARTESIAN_POINT('',(-53.4193700737229,-18.9549039797104,6.7));
#3650=CARTESIAN_POINT('',(-53.4193700737229,-18.9549039797104,6.7));
#3651=VECTOR('',#3652,1.);
#3652=DIRECTION('',(0.,0.,1.));
#3653=CARTESIAN_POINT('',(-52.005156511342,-20.3691175420758,6.7));
#3654=CARTESIAN_POINT('',(-52.005156511342,-20.3691175420758,6.7));
#3655=VECTOR('',#3656,1.);
#3656=DIRECTION('',(-0.707106781190429,0.707106781182666,0.));
#3657=CARTESIAN_POINT('',(-52.005156511342,-20.3691175420758,6.7));
#3658=VECTOR('',#3659,1.);
#3659=DIRECTION('',(0.,0.,1.));
#3660=CARTESIAN_POINT('',(-56.247797198438,-24.6117582292183,6.7));
#3661=CARTESIAN_POINT('',(-56.247797198438,-24.6117582292183,6.7));
#3662=VECTOR('',#3663,1.);
#3663=DIRECTION('',(0.707106781182669,0.707106781190426,0.));
#3664=CARTESIAN_POINT('',(-56.247797198438,-24.6117582292183,6.7));
#3665=VECTOR('',#3666,1.);
#3666=DIRECTION('',(0.,0.,1.));
#3667=CARTESIAN_POINT('',(-55.3639137219597,-23.7278747527303,9.5));
#3668=AXIS2_PLACEMENT_3D('',#3669,#3670,#3671);
#3669=CARTESIAN_POINT('',(-54.12647685489,-22.4904378856471,9.5));
#3670=DIRECTION('',(-0.707106781190426,0.707106781182669,0.));
#3671=DIRECTION('',(-0.707106781182669,-0.707106781190426,-1.22464679914735E-16));
#3672=CARTESIAN_POINT('',(-57.6620107608189,-23.197544666853,6.7));
#3673=CARTESIAN_POINT('',(-57.6620107608189,-23.197544666853,6.7));
#3674=VECTOR('',#3675,1.);
#3675=DIRECTION('',(0.707106781190426,-0.707106781182669,0.));
#3676=CARTESIAN_POINT('',(-57.6620107608189,-23.197544666853,6.7));
#3677=VECTOR('',#3678,1.);
#3678=DIRECTION('',(0.,0.,1.));
#3679=CARTESIAN_POINT('',(-53.4193700737229,-18.9549039797104,6.7));
#3680=VECTOR('',#3681,1.);
#3681=DIRECTION('',(-0.707106781182668,-0.707106781190427,0.));
#3682=CARTESIAN_POINT('',(-56.7781272843405,-22.313661190365,9.5));
#3683=AXIS2_PLACEMENT_3D('',#3684,#3685,#3686);
#3684=CARTESIAN_POINT('',(-55.5406904172709,-21.0762243232817,9.5));
#3685=DIRECTION('',(-0.707106781190427,0.707106781182668,0.));
#3686=DIRECTION('',(-0.707106781182668,-0.707106781190427,-1.22464679914735E-16));
#3687=CARTESIAN_POINT('',(-7.99484348865799,-20.3691175420758,6.7));
#3688=CARTESIAN_POINT('',(-7.99484348865799,-20.3691175420758,6.7));
#3689=VECTOR('',#3690,1.);
#3690=DIRECTION('',(0.,0.,1.));
#3691=CARTESIAN_POINT('',(-6.58062992627713,-18.9549039797105,6.7));
#3692=CARTESIAN_POINT('',(-6.58062992627713,-18.9549039797105,6.7));
#3693=VECTOR('',#3694,1.);
#3694=DIRECTION('',(-0.707106781190428,-0.707106781182667,0.));
#3695=CARTESIAN_POINT('',(-6.58062992627713,-18.9549039797105,6.7));
#3696=VECTOR('',#3697,1.);
#3697=DIRECTION('',(0.,0.,1.));
#3698=CARTESIAN_POINT('',(-2.33798923918112,-23.197544666853,6.7));
#3699=CARTESIAN_POINT('',(-2.33798923918112,-23.197544666853,6.7));
#3700=VECTOR('',#3701,1.);
#3701=DIRECTION('',(-0.707106781182669,0.707106781190426,0.));
#3702=CARTESIAN_POINT('',(-2.33798923918112,-23.197544666853,6.7));
#3703=VECTOR('',#3704,1.);
#3704=DIRECTION('',(0.,0.,1.));
#3705=CARTESIAN_POINT('',(-4.45930958272913,-21.0762243232817,11.25));
#3706=AXIS2_PLACEMENT_3D('',#3707,#3708,#3709);
#3707=CARTESIAN_POINT('',(-4.45930958272913,-21.0762243232817,9.5));
#3708=DIRECTION('',(0.707106781190426,0.707106781182669,0.));
#3709=DIRECTION('',(4.32978028115371E-17,-4.32978028120122E-17,1.));
#3710=CARTESIAN_POINT('',(-3.75220280156198,-24.6117582292183,6.7));
#3711=CARTESIAN_POINT('',(-3.75220280156198,-24.6117582292183,6.7));
#3712=VECTOR('',#3713,1.);
#3713=DIRECTION('',(0.707106781190427,0.707106781182668,0.));
#3714=CARTESIAN_POINT('',(-3.75220280156198,-24.6117582292183,6.7));
#3715=VECTOR('',#3716,1.);
#3716=DIRECTION('',(0.,0.,1.));
#3717=CARTESIAN_POINT('',(-7.99484348865799,-20.3691175420758,6.7));
#3718=VECTOR('',#3719,1.);
#3719=DIRECTION('',(0.707106781182668,-0.707106781190427,0.));
#3720=CARTESIAN_POINT('',(-5.87352314510998,-22.4904378856471,11.25));
#3721=AXIS2_PLACEMENT_3D('',#3722,#3723,#3724);
#3722=CARTESIAN_POINT('',(-5.87352314510998,-22.4904378856471,9.5));
#3723=DIRECTION('',(0.707106781190427,0.707106781182668,0.));
#3724=DIRECTION('',(4.32978028115371E-17,-4.32978028120122E-17,1.));
#3725=CARTESIAN_POINT('',(-41.1,-12.,7.));
#3726=AXIS2_PLACEMENT_3D('',#3727,#3728,#3729);
#3727=CARTESIAN_POINT('',(-30.,-12.,7.));
#3728=DIRECTION('',(0.,0.,1.));
#3729=DIRECTION('',(-1.,1.22464679914735E-16,0.));
#3730=AXIS2_PLACEMENT_3D('',#3731,#3732,#3733);
#3731=CARTESIAN_POINT('',(-10.,-12.,0.));
#3732=DIRECTION('',(0.,0.,1.));
#3733=DIRECTION('',(0.755475608281617,-0.655176774078203,0.));
#3734=CARTESIAN_POINT('',(-1.5,-58.5,0.));
#3735=CARTESIAN_POINT('',(-1.50000000000001,-58.5,0.));
#3736=VECTOR('',#3737,1.);
#3737=DIRECTION('',(1.19081458026207E-16,1.,0.));
#3738=CARTESIAN_POINT('',(-58.5,-58.5,0.));
#3739=CARTESIAN_POINT('',(-58.5,-58.5,0.));
#3740=VECTOR('',#3741,1.);
#3741=DIRECTION('',(1.,-2.49313240617579E-16,0.));
#3742=CARTESIAN_POINT('',(-58.5,-21.2071067812816,0.));
#3743=VECTOR('',#3744,1.);
#3744=DIRECTION('',(-3.81060665683862E-16,-1.,0.));
#3745=AXIS2_PLACEMENT_3D('',#3746,#3747,#3748);
#3746=CARTESIAN_POINT('',(-50.,-12.,0.));
#3747=DIRECTION('',(0.,0.,1.));
#3748=DIRECTION('',(-0.655176774070229,-0.755475608288532,0.));
#3749=CARTESIAN_POINT('',(-38.,-15.2331615074619,0.));
#3750=CARTESIAN_POINT('',(-35.2483868169506,-13.6445168955226,0.));
#3751=CARTESIAN_POINT('',(-38.,-15.2331615074619,0.));
#3752=VECTOR('',#3753,1.);
#3753=DIRECTION('',(0.866025403784437,0.500000000000003,0.));
#3754=CARTESIAN_POINT('',(-31.6445168955226,-17.2483868169506,0.));
#3755=AXIS2_PLACEMENT_3D('',#3756,#3757,#3758);
#3756=CARTESIAN_POINT('',(-30.,-12.,0.));
#3757=DIRECTION('',(0.,0.,1.));
#3758=DIRECTION('',(-0.954252148536471,-0.299003071913199,0.));
#3759=CARTESIAN_POINT('',(-33.2331615074619,-20.,0.));
#3760=CARTESIAN_POINT('',(-31.6445168955226,-17.2483868169506,0.));
#3761=VECTOR('',#3762,1.);
#3762=DIRECTION('',(-0.499999999999997,-0.86602540378444,0.));
#3763=CARTESIAN_POINT('',(-31.616580753731,-22.8,0.));
#3764=CARTESIAN_POINT('',(-33.2331615074619,-20.,0.));
#3765=VECTOR('',#3766,1.);
#3766=DIRECTION('',(0.500000000000004,-0.866025403784436,0.));
#3767=CARTESIAN_POINT('',(-28.383419246269,-22.8,0.));
#3768=CARTESIAN_POINT('',(-31.616580753731,-22.8,0.));
#3769=VECTOR('',#3770,1.);
#3770=DIRECTION('',(1.,4.39534328316244E-15,0.));
#3771=CARTESIAN_POINT('',(-26.7668384925381,-20.,0.));
#3772=CARTESIAN_POINT('',(-28.383419246269,-22.8,0.));
#3773=VECTOR('',#3774,1.);
#3774=DIRECTION('',(0.499999999999996,0.866025403784441,0.));
#3775=CARTESIAN_POINT('',(-28.3554831044774,-17.2483868169506,0.));
#3776=CARTESIAN_POINT('',(-26.7668384925381,-20.,0.));
#3777=VECTOR('',#3778,1.);
#3778=DIRECTION('',(-0.500000000000004,0.866025403784437,0.));
#3779=CARTESIAN_POINT('',(-24.7516131830494,-13.6445168955226,0.));
#3780=AXIS2_PLACEMENT_3D('',#3781,#3782,#3783);
#3781=CARTESIAN_POINT('',(-30.,-12.,0.));
#3782=DIRECTION('',(0.,0.,1.));
#3783=DIRECTION('',(0.299003071913198,-0.954252148536471,0.));
#3784=CARTESIAN_POINT('',(-22.,-15.2331615074619,0.));
#3785=CARTESIAN_POINT('',(-24.7516131830494,-13.6445168955226,0.));
#3786=VECTOR('',#3787,1.);
#3787=DIRECTION('',(0.86602540378444,-0.499999999999997,0.));
#3788=CARTESIAN_POINT('',(-19.2,-13.6165807537309,0.));
#3789=CARTESIAN_POINT('',(-22.,-15.2331615074619,0.));
#3790=VECTOR('',#3791,1.);
#3791=DIRECTION('',(0.866025403784436,0.500000000000005,0.));
#3792=CARTESIAN_POINT('',(-19.2,-10.383419246269,0.));
#3793=CARTESIAN_POINT('',(-19.2,-13.6165807537309,0.));
#3794=VECTOR('',#3795,1.);
#3795=DIRECTION('',(-4.39534328316243E-15,1.,0.));
#3796=CARTESIAN_POINT('',(-22.,-8.7668384925381,0.));
#3797=CARTESIAN_POINT('',(-19.2,-10.383419246269,0.));
#3798=VECTOR('',#3799,1.);
#3799=DIRECTION('',(-0.866025403784441,0.499999999999996,0.));
#3800=CARTESIAN_POINT('',(-24.7516131830494,-10.3554831044774,0.));
#3801=CARTESIAN_POINT('',(-22.,-8.7668384925381,0.));
#3802=VECTOR('',#3803,1.);
#3803=DIRECTION('',(-0.866025403784437,-0.500000000000003,0.));
#3804=CARTESIAN_POINT('',(-28.3554831044774,-6.75161318304941,0.));
#3805=AXIS2_PLACEMENT_3D('',#3806,#3807,#3808);
#3806=CARTESIAN_POINT('',(-30.,-12.,0.));
#3807=DIRECTION('',(0.,0.,1.));
#3808=DIRECTION('',(0.954252148536471,0.299003071913198,0.));
#3809=CARTESIAN_POINT('',(-26.7668384925381,-3.99999999999998,0.));
#3810=CARTESIAN_POINT('',(-28.3554831044774,-6.75161318304941,0.));
#3811=VECTOR('',#3812,1.);
#3812=DIRECTION('',(0.499999999999997,0.86602540378444,0.));
#3813=CARTESIAN_POINT('',(-28.3834192462691,-1.19999999999999,0.));
#3814=CARTESIAN_POINT('',(-26.7668384925381,-3.99999999999998,0.));
#3815=VECTOR('',#3816,1.);
#3816=DIRECTION('',(-0.500000000000004,0.866025403784436,0.));
#3817=CARTESIAN_POINT('',(-31.616580753731,-1.2,0.));
#3818=CARTESIAN_POINT('',(-28.3834192462691,-1.19999999999999,0.));
#3819=VECTOR('',#3820,1.);
#3820=DIRECTION('',(-1.,-4.46402052196185E-15,0.));
#3821=CARTESIAN_POINT('',(-33.2331615074619,-4.00000000000001,0.));
#3822=CARTESIAN_POINT('',(-31.616580753731,-1.2,0.));
#3823=VECTOR('',#3824,1.);
#3824=DIRECTION('',(-0.499999999999996,-0.866025403784441,0.));
#3825=CARTESIAN_POINT('',(-31.6445168955226,-6.75161318304941,0.));
#3826=CARTESIAN_POINT('',(-33.2331615074619,-4.00000000000001,0.));
#3827=VECTOR('',#3828,1.);
#3828=DIRECTION('',(0.500000000000003,-0.866025403784437,0.));
#3829=CARTESIAN_POINT('',(-35.2483868169506,-10.3554831044774,0.));
#3830=AXIS2_PLACEMENT_3D('',#3831,#3832,#3833);
#3831=CARTESIAN_POINT('',(-30.,-12.,0.));
#3832=DIRECTION('',(0.,0.,1.));
#3833=DIRECTION('',(-0.299003071913199,0.954252148536471,0.));
#3834=CARTESIAN_POINT('',(-38.,-8.76683849253809,0.));
#3835=CARTESIAN_POINT('',(-35.2483868169506,-10.3554831044774,0.));
#3836=VECTOR('',#3837,1.);
#3837=DIRECTION('',(-0.86602540378444,0.499999999999997,0.));
#3838=CARTESIAN_POINT('',(-40.8,-10.3834192462691,0.));
#3839=CARTESIAN_POINT('',(-38.,-8.76683849253809,0.));
#3840=VECTOR('',#3841,1.);
#3841=DIRECTION('',(-0.866025403784437,-0.500000000000003,0.));
#3842=CARTESIAN_POINT('',(-40.8,-13.616580753731,0.));
#3843=CARTESIAN_POINT('',(-40.8,-10.3834192462691,0.));
#3844=VECTOR('',#3845,1.);
#3845=DIRECTION('',(4.39534328316244E-15,-1.,0.));
#3846=CARTESIAN_POINT('',(-40.8,-13.616580753731,0.));
#3847=VECTOR('',#3848,1.);
#3848=DIRECTION('',(0.866025403784441,-0.499999999999996,0.));
#3849=CARTESIAN_POINT('',(-63.,-18.2928932189501,6.19358390928249));
#3850=CARTESIAN_POINT('',(-60.,-21.2928932189172,3.19358390928249));
#3851=VECTOR('',#3852,1.);
#3852=DIRECTION('',(-0.577350269191737,0.577350269185402,0.577350269191738));
#3853=CARTESIAN_POINT('',(-63.,-15.807611844665,6.19358390928249));
#3854=CARTESIAN_POINT('',(-63.,-15.807611844665,6.19358390928249));
#3855=VECTOR('',#3856,1.);
#3856=DIRECTION('',(-2.85900318214265E-15,-1.,0.));
#3857=CARTESIAN_POINT('',(-60.,-12.8076118446321,3.19358390928249));
#3858=VECTOR('',#3859,1.);
#3859=DIRECTION('',(-0.577350269187514,-0.577350269193849,0.577350269187515));
#3860=CARTESIAN_POINT('',(-64.2426406871426,-17.0502525318212,6.19358390928249));
#3861=CARTESIAN_POINT('',(-64.2426406871426,-17.0502525318212,6.19358390928249));
#3862=VECTOR('',#3863,1.);
#3863=DIRECTION('',(0.70710678118267,0.707106781190425,0.));
#3864=CARTESIAN_POINT('',(-64.2426406871426,-17.0502525318212,12.8064160907175));
#3865=CARTESIAN_POINT('',(-64.2426406871426,-17.0502525318212,12.8064160907175));
#3866=VECTOR('',#3867,1.);
#3867=DIRECTION('',(0.,0.,-1.));
#3868=CARTESIAN_POINT('',(-63.,-15.807611844665,12.8064160907175));
#3869=CARTESIAN_POINT('',(-63.,-15.807611844665,12.8064160907175));
#3870=VECTOR('',#3871,1.);
#3871=DIRECTION('',(-0.70710678118267,-0.707106781190426,0.));
#3872=CARTESIAN_POINT('',(-63.,-15.807611844665,12.8064160907175));
#3873=VECTOR('',#3874,1.);
#3874=DIRECTION('',(0.577350269187515,0.577350269193849,0.577350269187513));
#3875=CARTESIAN_POINT('',(-63.1420883150544,-15.949700159721,9.5));
#3876=AXIS2_PLACEMENT_3D('',#3877,#3878,#3879);
#3877=CARTESIAN_POINT('',(-61.9046514479847,-14.7122632926377,9.5));
#3878=DIRECTION('',(0.707106781190427,-0.707106781182668,0.));
#3879=DIRECTION('',(-0.707106781182668,-0.707106781190427,1.22464679914735E-16));
#3880=CARTESIAN_POINT('',(-63.,-18.2928932189501,12.8064160907175));
#3881=CARTESIAN_POINT('',(-63.,-18.2928932189501,12.8064160907175));
#3882=VECTOR('',#3883,1.);
#3883=DIRECTION('',(2.85900318214264E-15,1.,0.));
#3884=CARTESIAN_POINT('',(-60.,-21.2928932189172,15.8064160907175));
#3885=VECTOR('',#3886,1.);
#3886=DIRECTION('',(-0.577350269191737,0.577350269185404,-0.577350269191736));
#3887=CARTESIAN_POINT('',(-64.2426406871426,-17.0502525318212,12.8064160907175));
#3888=VECTOR('',#3889,1.);
#3889=DIRECTION('',(0.707106781190428,-0.707106781182667,0.));
#3890=CARTESIAN_POINT('',(-64.2426406871426,-17.0502525318212,6.19358390928249));
#3891=VECTOR('',#3892,1.);
#3892=DIRECTION('',(0.707106781190427,-0.707106781182668,0.));
#3893=AXIS2_PLACEMENT_3D('',#3894,#3895,#3896);
#3894=CARTESIAN_POINT('',(-50.,-12.,1.));
#3895=DIRECTION('',(0.,0.,1.));
#3896=DIRECTION('',(-0.646249249471651,-0.763126403394175,0.));
#3897=AXIS2_PLACEMENT_3D('',#3898,#3899,#3900);
#3898=CARTESIAN_POINT('',(-58.5,-58.5,1.5));
#3899=DIRECTION('',(-2.64177177781198E-16,-1.,0.));
#3900=DIRECTION('',(-1.,2.64177177781198E-16,-4.79818391169137E-15));
#3901=CARTESIAN_POINT('',(-58.5,-60.,1.5));
#3902=AXIS2_PLACEMENT_3D('',#3903,#3904,#3905);
#3903=CARTESIAN_POINT('',(-58.5,-58.5,1.5));
#3904=DIRECTION('',(0.,-4.17966315153E-16,-1.));
#3905=DIRECTION('',(0.,-1.,4.17966315153E-16));
#3906=CARTESIAN_POINT('',(-58.5,-60.,3.5));
#3907=CARTESIAN_POINT('',(-58.5,-60.,1.5));
#3908=VECTOR('',#3909,1.);
#3909=DIRECTION('',(0.,3.5527136788005E-15,1.));
#3910=AXIS2_PLACEMENT_3D('',#3911,#3912,#3913);
#3911=CARTESIAN_POINT('',(-58.5,-58.5,3.5));
#3912=DIRECTION('',(0.,4.17966315153E-16,1.));
#3913=DIRECTION('',(-1.,-6.12323399573677E-17,2.55930555001768E-32));
#3914=CARTESIAN_POINT('',(-58.5,-58.5,5.));
#3915=AXIS2_PLACEMENT_3D('',#3916,#3917,#3918);
#3916=CARTESIAN_POINT('',(-58.5,-58.5,3.5));
#3917=DIRECTION('',(0.,-1.,0.));
#3918=DIRECTION('',(0.,0.,1.));
#3919=CARTESIAN_POINT('',(-58.5,-32.,5.));
#3920=CARTESIAN_POINT('',(-58.5,-32.,5.));
#3921=VECTOR('',#3922,1.);
#3922=DIRECTION('',(-2.68129334249094E-16,-1.,0.));
#3923=CARTESIAN_POINT('',(-60.,-30.5,3.49999999999999));
#3924=CARTESIAN_POINT('',(-60.,-31.3786796564403,4.37867965644035));
#3925=CARTESIAN_POINT('',(-59.3786796564404,-32.,5.));
#3926=CARTESIAN_POINT('',(-58.5,-32.,5.));
#3927=CARTESIAN_POINT('',(-58.5,-32.,17.5));
#3928=VECTOR('',#3929,1.);
#3929=DIRECTION('',(0.,0.,-1.));
#3930=CARTESIAN_POINT('',(-58.5,-32.,5.));
#3931=VECTOR('',#3932,1.);
#3932=DIRECTION('',(1.,-5.26327952414889E-16,0.));
#3933=CARTESIAN_POINT('',(-58.5,-60.,3.5));
#3934=VECTOR('',#3935,1.);
#3935=DIRECTION('',(1.,0.,0.));
#3936=CARTESIAN_POINT('',(-58.5,-58.5,5.));
#3937=VECTOR('',#3938,1.);
#3938=DIRECTION('',(1.,0.,0.));
#3939=AXIS2_PLACEMENT_3D('',#3940,#3941,#3942);
#3940=CARTESIAN_POINT('',(-58.5,-58.5,3.5));
#3941=DIRECTION('',(-1.,0.,0.));
#3942=DIRECTION('',(0.,-1.,6.12323399573677E-17));
#3943=CARTESIAN_POINT('',(-1.5,-60.,3.5));
#3944=CARTESIAN_POINT('',(-15.,-60.,3.5));
#3945=VECTOR('',#3946,1.);
#3946=DIRECTION('',(1.,0.,0.));
#3947=CARTESIAN_POINT('',(-42.,-60.,3.5));
#3948=VECTOR('',#3949,1.);
#3949=DIRECTION('',(1.,-2.96059473233375E-16,0.));
#3950=CARTESIAN_POINT('',(-1.49999999999999,-60.,1.5));
#3951=CARTESIAN_POINT('',(-58.5,-60.,1.5));
#3952=VECTOR('',#3953,1.);
#3953=DIRECTION('',(1.,-2.49313240617579E-16,7.79103876929934E-18));
#3954=CARTESIAN_POINT('',(-1.5,-60.,1.5));
#3955=VECTOR('',#3956,1.);
#3956=DIRECTION('',(-3.66373598126302E-15,0.,1.));
#3957=CARTESIAN_POINT('',(-42.,-58.5,5.));
#3958=VECTOR('',#3959,1.);
#3959=DIRECTION('',(1.,-2.96059473233375E-16,0.));
#3960=CARTESIAN_POINT('',(-42.,-32.,5.));
#3961=VECTOR('',#3962,1.);
#3962=DIRECTION('',(1.,0.,0.));
#3963=CARTESIAN_POINT('',(-1.5,-58.5,5.));
#3964=AXIS2_PLACEMENT_3D('',#3965,#3966,#3967);
#3965=CARTESIAN_POINT('',(-1.5,-58.5,3.5));
#3966=DIRECTION('',(1.,-1.1842378929335E-15,0.));
#3967=DIRECTION('',(0.,0.,1.));
#3968=CARTESIAN_POINT('',(-15.,-58.5,5.));
#3969=VECTOR('',#3970,1.);
#3970=DIRECTION('',(1.,0.,0.));
#3971=CARTESIAN_POINT('',(-1.5,-32.,5.));
#3972=CARTESIAN_POINT('',(-1.50000000000001,-58.5,5.));
#3973=VECTOR('',#3974,1.);
#3974=DIRECTION('',(1.592017922104E-16,1.,0.));
#3975=CARTESIAN_POINT('',(-15.,-32.,5.));
#3976=VECTOR('',#3977,1.);
#3977=DIRECTION('',(1.,0.,0.));
#3978=CARTESIAN_POINT('',(-1.5,-32.,5.));
#3979=VECTOR('',#3980,1.);
#3980=DIRECTION('',(2.8421709430404E-16,0.,1.));
#3981=CARTESIAN_POINT('',(-1.77635683940025E-15,-30.5,3.5));
#3982=CARTESIAN_POINT('',(0.,-31.3786796564404,4.37867965644036));
#3983=CARTESIAN_POINT('',(-0.621320343559642,-32.,5.));
#3984=CARTESIAN_POINT('',(-1.5,-32.,5.));
#3985=AXIS2_PLACEMENT_3D('',#3986,#3987,#3988);
#3986=CARTESIAN_POINT('',(-1.50000000000001,-58.5,3.5));
#3987=DIRECTION('',(-6.34413156928661E-17,-1.,0.));
#3988=DIRECTION('',(1.,-6.34413156928661E-17,-2.34827133276007E-16));
#3989=AXIS2_PLACEMENT_3D('',#3990,#3991,#3992);
#3990=CARTESIAN_POINT('',(-1.5,-58.5,3.5));
#3991=DIRECTION('',(-4.17966315153E-16,0.,1.));
#3992=DIRECTION('',(6.12323399573677E-17,-1.,2.55930555001768E-32));
#3993=AXIS2_PLACEMENT_3D('',#3994,#3995,#3996);
#3994=CARTESIAN_POINT('',(-1.5,-58.5,1.5));
#3995=DIRECTION('',(4.17966315153E-16,0.,-1.));
#3996=DIRECTION('',(1.,0.,4.17966315153E-16));
#3997=AXIS2_PLACEMENT_3D('',#3998,#3999,#4000);
#3998=CARTESIAN_POINT('',(-1.5,-58.5,1.5));
#3999=DIRECTION('',(0.,-1.,0.));
#4000=DIRECTION('',(8.88178419700125E-16,0.,-1.));
#4001=AXIS2_PLACEMENT_3D('',#4002,#4003,#4004);
#4002=CARTESIAN_POINT('',(-10.,-12.,1.));
#4003=DIRECTION('',(0.,0.,1.));
#4004=DIRECTION('',(0.763126403387397,-0.646249249479654,0.));
#4005=CARTESIAN_POINT('',(3.,-18.2928932189501,12.8064160907175));
#4006=CARTESIAN_POINT('',(1.36072158284371E-15,-21.2928932189172,15.8064160907175));
#4007=VECTOR('',#4008,1.);
#4008=DIRECTION('',(0.577350269191737,0.577350269185402,-0.577350269191738));
#4009=CARTESIAN_POINT('',(3.,-18.2928932189501,6.19358390928248));
#4010=CARTESIAN_POINT('',(-8.59724466406606E-16,-21.2928932189172,3.19358390928247));
#4011=VECTOR('',#4012,1.);
#4012=DIRECTION('',(0.577350269191738,0.577350269185402,0.577350269191738));
#4013=CARTESIAN_POINT('',(4.24264068714256,-17.0502525318212,6.19358390928247));
#4014=CARTESIAN_POINT('',(4.24264068714256,-17.0502525318212,6.19358390928247));
#4015=VECTOR('',#4016,1.);
#4016=DIRECTION('',(-0.707106781190427,-0.707106781182668,0.));
#4017=CARTESIAN_POINT('',(4.24264068714256,-17.0502525318212,12.8064160907175));
#4018=CARTESIAN_POINT('',(4.24264068714256,-17.0502525318212,6.19358390928247));
#4019=VECTOR('',#4020,1.);
#4020=DIRECTION('',(0.,0.,1.));
#4021=CARTESIAN_POINT('',(4.24264068714256,-17.0502525318212,12.8064160907175));
#4022=VECTOR('',#4023,1.);
#4023=DIRECTION('',(-0.707106781190427,-0.707106781182668,0.));
#4024=CARTESIAN_POINT('',(0.667214580915045,-13.4748264255545,9.5));
#4025=AXIS2_PLACEMENT_3D('',#4026,#4027,#4028);
#4026=CARTESIAN_POINT('',(1.90465144798471,-14.7122632926377,9.5));
#4027=DIRECTION('',(-0.707106781190427,-0.707106781182668,1.23259516440783E-32));
#4028=DIRECTION('',(-0.707106781182668,0.707106781190427,1.22464679914735E-16));
#4029=CARTESIAN_POINT('',(3.,-15.807611844665,12.8064160907175));
#4030=CARTESIAN_POINT('',(3.,-15.807611844665,12.8064160907175));
#4031=VECTOR('',#4032,1.);
#4032=DIRECTION('',(-3.57375397767828E-16,-1.,0.));
#4033=CARTESIAN_POINT('',(-5.43946165309588E-16,-12.8076118446321,15.8064160907175));
#4034=VECTOR('',#4035,1.);
#4035=DIRECTION('',(0.577350269187514,-0.577350269193848,-0.577350269187515));
#4036=CARTESIAN_POINT('',(4.24264068714256,-17.0502525318212,12.8064160907175));
#4037=VECTOR('',#4038,1.);
#4038=DIRECTION('',(-0.707106781182668,0.707106781190427,0.));
#4039=CARTESIAN_POINT('',(3.,-15.807611844665,6.19358390928248));
#4040=CARTESIAN_POINT('',(3.,-15.807611844665,6.19358390928248));
#4041=VECTOR('',#4042,1.);
#4042=DIRECTION('',(0.707106781182668,-0.707106781190427,-5.0540513437897E-16));
#4043=CARTESIAN_POINT('',(3.,-15.807611844665,6.19358390928248));
#4044=VECTOR('',#4045,1.);
#4045=DIRECTION('',(-0.577350269187514,0.57735026919385,-0.577350269187514));
#4046=CARTESIAN_POINT('',(3.,-18.2928932189501,6.19358390928248));
#4047=VECTOR('',#4048,1.);
#4048=DIRECTION('',(0.,1.,3.57375397767829E-16));
#4049=CARTESIAN_POINT('',(-11.15,-5.,6.1));
#4050=AXIS2_PLACEMENT_3D('',#4051,#4052,#4053);
#4051=CARTESIAN_POINT('',(-11.15,-5.,7.));
#4052=DIRECTION('',(1.22464679914735E-16,1.,0.));
#4053=DIRECTION('',(6.12323399573677E-17,-7.49879891330929E-33,-1.));
#4054=CARTESIAN_POINT('',(-11.15,-5.,11.1));
#4055=AXIS2_PLACEMENT_3D('',#4056,#4057,#4058);
#4056=CARTESIAN_POINT('',(-11.15,-5.,12.));
#4057=DIRECTION('',(1.22464679914735E-16,1.,0.));
#4058=DIRECTION('',(6.12323399573677E-17,-7.49879891330929E-33,-1.));
#4059=CARTESIAN_POINT('',(-17.65,-5.,6.1));
#4060=AXIS2_PLACEMENT_3D('',#4061,#4062,#4063);
#4061=CARTESIAN_POINT('',(-17.65,-5.,7.));
#4062=DIRECTION('',(1.22464679914735E-16,1.,0.));
#4063=DIRECTION('',(6.12323399573677E-17,-7.49879891330929E-33,-1.));
#4064=CARTESIAN_POINT('',(-17.65,-5.,11.1));
#4065=AXIS2_PLACEMENT_3D('',#4066,#4067,#4068);
#4066=CARTESIAN_POINT('',(-17.65,-5.,12.));
#4067=DIRECTION('',(1.22464679914735E-16,1.,0.));
#4068=DIRECTION('',(6.12323399573677E-17,-7.49879891330929E-33,-1.));
#4069=CARTESIAN_POINT('',(-48.85,-4.99999999999999,6.09999999999999));
#4070=AXIS2_PLACEMENT_3D('',#4071,#4072,#4073);
#4071=CARTESIAN_POINT('',(-48.85,-4.99999999999999,6.99999999999999));
#4072=DIRECTION('',(1.22464679914735E-16,1.,0.));
#4073=DIRECTION('',(6.12323399573677E-17,-7.49879891330929E-33,-1.));
#4074=CARTESIAN_POINT('',(-42.35,-4.99999999999999,6.09999999999999));
#4075=AXIS2_PLACEMENT_3D('',#4076,#4077,#4078);
#4076=CARTESIAN_POINT('',(-42.35,-4.99999999999999,6.99999999999999));
#4077=DIRECTION('',(1.22464679914735E-16,1.,0.));
#4078=DIRECTION('',(6.12323399573677E-17,-7.49879891330929E-33,-1.));
#4079=CARTESIAN_POINT('',(-48.85,-4.99999999999999,11.1));
#4080=AXIS2_PLACEMENT_3D('',#4081,#4082,#4083);
#4081=CARTESIAN_POINT('',(-48.85,-4.99999999999999,12.));
#4082=DIRECTION('',(1.22464679914735E-16,1.,0.));
#4083=DIRECTION('',(6.12323399573677E-17,-7.49879891330929E-33,-1.));
#4084=CARTESIAN_POINT('',(-42.35,-4.99999999999999,11.1));
#4085=AXIS2_PLACEMENT_3D('',#4086,#4087,#4088);
#4086=CARTESIAN_POINT('',(-42.35,-4.99999999999999,12.));
#4087=DIRECTION('',(1.22464679914735E-16,1.,0.));
#4088=DIRECTION('',(6.12323399573677E-17,-7.49879891330929E-33,-1.));
#4089=CARTESIAN_POINT('',(-51.1212730348171,-27.9705154398263,9.5));
#4090=AXIS2_PLACEMENT_3D('',#4091,#4092,#4093);
#4091=CARTESIAN_POINT('',(-49.8838361677475,-26.7330785727431,9.5));
#4092=DIRECTION('',(-0.707106781190427,0.707106781182668,0.));
#4093=DIRECTION('',(-0.707106781182668,-0.707106781190427,-1.22464679914735E-16));
#4094=CARTESIAN_POINT('',(-10.1161638322525,-26.7330785727431,11.25));
#4095=AXIS2_PLACEMENT_3D('',#4096,#4097,#4098);
#4096=CARTESIAN_POINT('',(-10.1161638322525,-26.7330785727431,9.5));
#4097=DIRECTION('',(0.707106781190427,0.707106781182668,0.));
#4098=DIRECTION('',(4.32978028115371E-17,-4.32978028120122E-17,1.));
#4099=CARTESIAN_POINT('',(-39.75,-12.,7.));
#4100=AXIS2_PLACEMENT_3D('',#4101,#4102,#4103);
#4101=CARTESIAN_POINT('',(-38.,-12.,7.));
#4102=DIRECTION('',(0.,0.,1.));
#4103=DIRECTION('',(-1.,1.22464679914735E-16,0.));
#4104=CARTESIAN_POINT('',(-31.75,-20.,7.));
#4105=AXIS2_PLACEMENT_3D('',#4106,#4107,#4108);
#4106=CARTESIAN_POINT('',(-30.,-20.,7.));
#4107=DIRECTION('',(0.,0.,1.));
#4108=DIRECTION('',(-1.,1.22464679914735E-16,0.));
#4109=CARTESIAN_POINT('',(-23.75,-12.,7.));
#4110=AXIS2_PLACEMENT_3D('',#4111,#4112,#4113);
#4111=CARTESIAN_POINT('',(-22.,-12.,7.));
#4112=DIRECTION('',(0.,0.,1.));
#4113=DIRECTION('',(-1.,1.22464679914735E-16,0.));
#4114=CARTESIAN_POINT('',(-31.75,-4.,7.));
#4115=AXIS2_PLACEMENT_3D('',#4116,#4117,#4118);
#4116=CARTESIAN_POINT('',(-30.,-4.,7.));
#4117=DIRECTION('',(0.,0.,1.));
#4118=DIRECTION('',(-1.,1.22464679914735E-16,0.));
#4119=CARTESIAN_POINT('',(-34.5,-12.,7.));
#4120=AXIS2_PLACEMENT_3D('',#4121,#4122,#4123);
#4121=CARTESIAN_POINT('',(-30.,-12.,7.));
#4122=DIRECTION('',(0.,0.,1.));
#4123=DIRECTION('',(-1.,1.22464679914735E-16,0.));
#4124=AXIS2_PLACEMENT_3D('',#4125,#4126,#4127);
#4125=CARTESIAN_POINT('',(-58.5,-58.5,1.5));
#4126=DIRECTION('',(-1.,0.,0.));
#4127=DIRECTION('',(0.,0.,-1.));
#4128=AXIS2_PLACEMENT_3D('',#4129,#4130,#4131);
#4129=CARTESIAN_POINT('',(-1.49999999999998,-58.5,1.5));
#4130=DIRECTION('',(1.,-2.05954416162348E-16,0.));
#4131=DIRECTION('',(-2.05954416162348E-16,-1.,-6.12323399573677E-17));
#4132=CARTESIAN_POINT('',(-38.,-15.2331615074619,2.6));
#4133=CARTESIAN_POINT('',(-38.,-15.2331615074619,2.6));
#4134=VECTOR('',#4135,1.);
#4135=DIRECTION('',(0.,0.,-1.));
#4136=CARTESIAN_POINT('',(-35.2,-13.6165807537309,2.6));
#4137=CARTESIAN_POINT('',(-35.2,-13.6165807537309,2.6));
#4138=VECTOR('',#4139,1.);
#4139=DIRECTION('',(-0.866025403784436,-0.500000000000004,0.));
#4140=CARTESIAN_POINT('',(-35.2,-13.6165807537309,0.00148691513908794));
#4141=CARTESIAN_POINT('',(-35.2,-13.6165807537309,2.6));
#4142=VECTOR('',#4143,1.);
#4143=DIRECTION('',(0.,0.,-1.));
#4144=CARTESIAN_POINT('',(-35.2483868169506,-13.6445168955226,0.));
#4145=CARTESIAN_POINT('',(-35.2403147064448,-13.6398564603455,9.96010455827842E-8));
#4146=CARTESIAN_POINT('',(-35.224180059558,-13.6305411176221,0.000248077709914594));
#4147=CARTESIAN_POINT('',(-35.2080568312145,-13.6212323674123,0.000991495135316984));
#4148=CARTESIAN_POINT('',(-35.2000000000054,-13.6165807537558,0.00148691541285967));
#4149=CARTESIAN_POINT('',(-24.8,-10.3834192462691,0.00148691513908839));
#4150=CARTESIAN_POINT('',(-24.7516131830494,-10.3554831044774,0.));
#4151=CARTESIAN_POINT('',(-24.7596852935552,-10.3601435396545,9.96010455121756E-8));
#4152=CARTESIAN_POINT('',(-24.775819940442,-10.3694588823778,0.000248077709914419));
#4153=CARTESIAN_POINT('',(-24.7919431687855,-10.3787676325877,0.000991495135316661));
#4154=CARTESIAN_POINT('',(-24.7999999999947,-10.3834192462442,0.00148691541285942));
#4155=CARTESIAN_POINT('',(-24.8,-13.616580753731,0.00148691513908705));
#4156=CARTESIAN_POINT('',(-24.799999999999,-13.6165807506714,0.00148691546127855));
#4157=CARTESIAN_POINT('',(-24.799999999999,-13.5329081973545,0.00284955229992789));
#4158=CARTESIAN_POINT('',(-24.799999999999,-13.4492405828677,0.00502948277770921));
#4159=CARTESIAN_POINT('',(-24.799999999999,-13.2811302739124,0.0103513765449454));
#4160=CARTESIAN_POINT('',(-24.799999999999,-13.1152777034263,0.016527083746115));
#4161=CARTESIAN_POINT('',(-24.799999999999,-12.9480748762612,0.0232655664077783));
#4162=CARTESIAN_POINT('',(-24.799999999999,-12.8026973221948,0.028867860434205));
#4163=CARTESIAN_POINT('',(-24.799999999999,-12.6929177291422,0.0329452789215239));
#4164=CARTESIAN_POINT('',(-24.799999999999,-12.5549774054074,0.0373612547089505));
#4165=CARTESIAN_POINT('',(-24.799999999999,-12.4520525377265,0.0401710239626066));
#4166=CARTESIAN_POINT('',(-24.799999999999,-12.3928344426364,0.0415479323324249));
#4167=CARTESIAN_POINT('',(-24.799999999999,-12.3392344823984,0.0426710275983695));
#4168=CARTESIAN_POINT('',(-24.799999999999,-12.2868671566126,0.0436623028853422));
#4169=CARTESIAN_POINT('',(-24.799999999999,-12.2093521767109,0.0448082660971183));
#4170=CARTESIAN_POINT('',(-24.799999999999,-12.1280164593812,0.0456341145378454));
#4171=CARTESIAN_POINT('',(-24.799999999999,-12.057940774962,0.0460021060428299));
#4172=CARTESIAN_POINT('',(-24.799999999999,-12.0017824544402,0.0460790460596542));
#4173=CARTESIAN_POINT('',(-24.799999999999,-11.9447255987101,0.0460101076551101));
#4174=CARTESIAN_POINT('',(-24.799999999999,-11.8733785446562,0.04565255519116));
#4175=CARTESIAN_POINT('',(-24.799999999999,-11.7853997406757,0.0447559904433312));
#4176=CARTESIAN_POINT('',(-24.799999999999,-11.6958302740694,0.0433847786303917));
#4177=CARTESIAN_POINT('',(-24.799999999999,-11.63503551608,0.0421554260980097));
#4178=CARTESIAN_POINT('',(-24.799999999999,-11.5730073630501,0.0407568428413667));
#4179=CARTESIAN_POINT('',(-24.799999999999,-11.4981722543456,0.0388903985511869));
#4180=CARTESIAN_POINT('',(-24.799999999999,-11.3802493654628,0.0353597632633961));
#4181=CARTESIAN_POINT('',(-24.799999999999,-11.2491197729121,0.0308200144754752));
#4182=CARTESIAN_POINT('',(-24.799999999999,-11.12711932141,0.0261916479104336));
#4183=CARTESIAN_POINT('',(-24.799999999999,-11.0145743009199,0.0217578447698549));
#4184=CARTESIAN_POINT('',(-24.799999999999,-10.9116409084591,0.017684380029635));
#4185=CARTESIAN_POINT('',(-24.799999999999,-10.8417842141754,0.0149905254008367));
#4186=CARTESIAN_POINT('',(-24.799999999999,-10.7720458276292,0.0123838729168049));
#4187=CARTESIAN_POINT('',(-24.799999999999,-10.7017672332958,0.00983993006025941));
#4188=CARTESIAN_POINT('',(-24.799999999999,-10.5968035122272,0.00642691419579379));
#4189=CARTESIAN_POINT('',(-24.799999999999,-10.5111464218431,0.00409015587547995));
#4190=CARTESIAN_POINT('',(-24.799999999999,-10.4399540307545,0.00249173080544372));
#4191=CARTESIAN_POINT('',(-24.799999999999,-10.4042745470732,0.00182498769979108));
#4192=CARTESIAN_POINT('',(-24.799999999999,-10.3834192462641,0.00148691541346524));
#4193=CARTESIAN_POINT('',(-24.7516131830494,-13.6445168955226,0.));
#4194=CARTESIAN_POINT('',(-24.7596852935552,-13.6398564603455,9.96010457481793E-8));
#4195=CARTESIAN_POINT('',(-24.775819940442,-13.6305411176222,0.000248077709915086));
#4196=CARTESIAN_POINT('',(-24.7919431687855,-13.6212323674124,0.000991495135317189));
#4197=CARTESIAN_POINT('',(-24.7999999999946,-13.6165807537558,0.00148691541285917));
#4198=CARTESIAN_POINT('',(-28.3834192462691,-17.2,0.00148691513908794));
#4199=CARTESIAN_POINT('',(-28.3554831044774,-17.2483868169506,0.));
#4200=CARTESIAN_POINT('',(-28.3601435396545,-17.2403147064448,9.96010459617671E-8));
#4201=CARTESIAN_POINT('',(-28.3694588823779,-17.224180059558,0.000248077709915565));
#4202=CARTESIAN_POINT('',(-28.3787676325877,-17.2080568312145,0.000991495135318164));
#4203=CARTESIAN_POINT('',(-28.3834192462442,-17.2000000000053,0.00148691541286112));
#4204=CARTESIAN_POINT('',(-31.616580753731,-17.2,0.00148691513908705));
#4205=CARTESIAN_POINT('',(-31.6165807506714,-17.200000000001,0.00148691546127849));
#4206=CARTESIAN_POINT('',(-31.5329081973218,-17.200000000001,0.00284955230044481));
#4207=CARTESIAN_POINT('',(-31.4492405828611,-17.200000000001,0.00502948277796071));
#4208=CARTESIAN_POINT('',(-31.281130273922,-17.200000000001,0.0103513765445994));
#4209=CARTESIAN_POINT('',(-31.115277703427,-17.200000000001,0.0165270837460774));
#4210=CARTESIAN_POINT('',(-30.9480748762666,-17.200000000001,0.023265566407562));
#4211=CARTESIAN_POINT('',(-30.8026973222031,-17.200000000001,0.028867860433892));
#4212=CARTESIAN_POINT('',(-30.6929177291514,-17.200000000001,0.0329452789211957));
#4213=CARTESIAN_POINT('',(-30.5549774054191,-17.200000000001,0.0373612547085966));
#4214=CARTESIAN_POINT('',(-30.4520525377396,-17.200000000001,0.0401710239622732));
#4215=CARTESIAN_POINT('',(-30.3928344426501,-17.200000000001,0.0415479323321124));
#4216=CARTESIAN_POINT('',(-30.3392344824128,-17.200000000001,0.0426710275980874));
#4217=CARTESIAN_POINT('',(-30.2868671566276,-17.200000000001,0.0436623028850848));
#4218=CARTESIAN_POINT('',(-30.2093521767271,-17.200000000001,0.0448082660969142));
#4219=CARTESIAN_POINT('',(-30.1280164593982,-17.200000000001,0.0456341145377119));
#4220=CARTESIAN_POINT('',(-30.0579407749736,-17.200000000001,0.0460021060427974));
#4221=CARTESIAN_POINT('',(-30.0017824544521,-17.200000000001,0.0460790460596501));
#4222=CARTESIAN_POINT('',(-29.9447255987224,-17.200000000001,0.0460101076551418));
#4223=CARTESIAN_POINT('',(-29.8733785446748,-17.200000000001,0.0456525551912997));
#4224=CARTESIAN_POINT('',(-29.7853997406946,-17.200000000001,0.0447559904435733));
#4225=CARTESIAN_POINT('',(-29.695830274091,-17.200000000001,0.0433847786307716));
#4226=CARTESIAN_POINT('',(-29.6350355161016,-17.200000000001,0.0421554260984539));
#4227=CARTESIAN_POINT('',(-29.5730073630713,-17.200000000001,0.0407568428418864));
#4228=CARTESIAN_POINT('',(-29.4981722543635,-17.200000000001,0.0388903985516772));
#4229=CARTESIAN_POINT('',(-29.3802493654795,-17.200000000001,0.0353597632639402));
#4230=CARTESIAN_POINT('',(-29.2491197729273,-17.200000000001,0.0308200144760294));
#4231=CARTESIAN_POINT('',(-29.1271193214235,-17.200000000001,0.0261916479109603));
#4232=CARTESIAN_POINT('',(-29.0145743009317,-17.200000000001,0.0217578447703203));
#4233=CARTESIAN_POINT('',(-28.9116409084692,-17.200000000001,0.0176843800300297));
#4234=CARTESIAN_POINT('',(-28.8417842141874,-17.200000000001,0.0149905254012927));
#4235=CARTESIAN_POINT('',(-28.77204582764,-17.200000000001,0.0123838729172006));
#4236=CARTESIAN_POINT('',(-28.7017672333051,-17.200000000001,0.00983993006056968));
#4237=CARTESIAN_POINT('',(-28.5968035122312,-17.200000000001,0.00642691419591046));
#4238=CARTESIAN_POINT('',(-28.5111464218451,-17.200000000001,0.00409015587552521));
#4239=CARTESIAN_POINT('',(-28.4399540307551,-17.200000000001,0.00249173080545571));
#4240=CARTESIAN_POINT('',(-28.4042745470732,-17.200000000001,0.00182498769979127));
#4241=CARTESIAN_POINT('',(-28.3834192462641,-17.200000000001,0.00148691541346491));
#4242=CARTESIAN_POINT('',(-31.6445168955226,-17.2483868169506,0.));
#4243=CARTESIAN_POINT('',(-31.6398564603455,-17.2403147064448,9.96010457607018E-8));
#4244=CARTESIAN_POINT('',(-31.6305411176222,-17.224180059558,0.000248077709915243));
#4245=CARTESIAN_POINT('',(-31.6212323674124,-17.2080568312145,0.000991495135317799));
#4246=CARTESIAN_POINT('',(-31.6165807537558,-17.2000000000054,0.00148691541286012));
#4247=CARTESIAN_POINT('',(-35.2000000000546,-12.,0.0460607985658976));
#4248=CARTESIAN_POINT('',(-35.2000000000273,-12.,0.046060798574475));
#4249=CARTESIAN_POINT('',(-35.2000000000135,-12.0279063600713,0.04606131300455));
#4250=CARTESIAN_POINT('',(-35.1999999999955,-12.0833978001212,0.04591988557677));
#4251=CARTESIAN_POINT('',(-35.1999999999956,-12.1661658982425,0.0452964520496986));
#4252=CARTESIAN_POINT('',(-35.2000000000215,-12.2478148741801,0.0442866757429233));
#4253=CARTESIAN_POINT('',(-35.2000000000711,-12.328424964158,0.0429209324707791));
#4254=CARTESIAN_POINT('',(-35.200000000127,-12.3908365268357,0.0415970185241361));
#4255=CARTESIAN_POINT('',(-35.2000000001859,-12.446000455901,0.0402808284808617));
#4256=CARTESIAN_POINT('',(-35.2000000002575,-12.5055557146672,0.0387370965794247));
#4257=CARTESIAN_POINT('',(-35.2000000003974,-12.6039026739579,0.0358559741572662));
#4258=CARTESIAN_POINT('',(-35.2000000006449,-12.7479068627669,0.0309847983074118));
#4259=CARTESIAN_POINT('',(-35.2000000009173,-12.8829461484283,0.025799538984703));
#4260=CARTESIAN_POINT('',(-35.2000000012111,-13.0237445050543,0.0202431944573188));
#4261=CARTESIAN_POINT('',(-35.2000000014301,-13.1282875600804,0.0161055292913981));
#4262=CARTESIAN_POINT('',(-35.200000001664,-13.2479985114915,0.0116251050518472));
#4263=CARTESIAN_POINT('',(-35.2000000018581,-13.3575160206777,0.00783129008561469));
#4264=CARTESIAN_POINT('',(-35.200000001978,-13.4409845393074,0.00536720829841732));
#4265=CARTESIAN_POINT('',(-35.200000002061,-13.5121995365344,0.00356183893220637));
#4266=CARTESIAN_POINT('',(-35.2000000021056,-13.556908395031,0.00254248160642925));
#4267=CARTESIAN_POINT('',(-35.2000000021353,-13.5990412247021,0.00177179478711226));
#4268=CARTESIAN_POINT('',(-35.2000000021451,-13.6162835025658,0.00149173307075878));
#4269=CARTESIAN_POINT('',(-35.2000000021453,-13.6165807537564,0.0014869154131992));
#4270=CARTESIAN_POINT('',(-35.2,-10.383419246269,0.00148691513908661));
#4271=CARTESIAN_POINT('',(-35.2000000000273,-12.,0.0460607985744717));
#4272=CARTESIAN_POINT('',(-35.2000000000135,-11.9720936399262,0.0460613130045495));
#4273=CARTESIAN_POINT('',(-35.1999999999955,-11.9166021998726,0.04591988557675));
#4274=CARTESIAN_POINT('',(-35.1999999999956,-11.833834101747,0.0452964520495992));
#4275=CARTESIAN_POINT('',(-35.2000000000215,-11.7521851258088,0.0442866757427651));
#4276=CARTESIAN_POINT('',(-35.2000000000711,-11.6715750358331,0.042920932470607));
#4277=CARTESIAN_POINT('',(-35.200000000127,-11.6091634731612,0.0415970185240663));
#4278=CARTESIAN_POINT('',(-35.2000000001859,-11.5539995440987,0.0402808284808604));
#4279=CARTESIAN_POINT('',(-35.2000000002575,-11.4944442853353,0.0387370965795061));
#4280=CARTESIAN_POINT('',(-35.2000000003974,-11.396097326045,0.035855974157362));
#4281=CARTESIAN_POINT('',(-35.2000000006449,-11.2520931372382,0.0309847983076075));
#4282=CARTESIAN_POINT('',(-35.2000000009173,-11.1170538515794,0.0257995389850117));
#4283=CARTESIAN_POINT('',(-35.2000000012111,-10.9762554949522,0.0202431944575906));
#4284=CARTESIAN_POINT('',(-35.2000000014301,-10.8717124399273,0.0161055292917094));
#4285=CARTESIAN_POINT('',(-35.200000001664,-10.7520014885103,0.0116251050519257));
#4286=CARTESIAN_POINT('',(-35.2000000018581,-10.642483979319,0.00783129008550598));
#4287=CARTESIAN_POINT('',(-35.200000001978,-10.55901546069,0.0053672082983654));
#4288=CARTESIAN_POINT('',(-35.200000002061,-10.4878004634685,0.00356183893230457));
#4289=CARTESIAN_POINT('',(-35.2000000021056,-10.4430916049864,0.00254248160660139));
#4290=CARTESIAN_POINT('',(-35.2000000021353,-10.4009587753209,0.00177179478786124));
#4291=CARTESIAN_POINT('',(-35.2000000021451,-10.3837164974636,0.00149173307124664));
#4292=CARTESIAN_POINT('',(-35.2000000021453,-10.3834192462711,0.00148691541364941));
#4293=CARTESIAN_POINT('',(-35.2483868169506,-10.3554831044774,0.));
#4294=CARTESIAN_POINT('',(-35.2403147064448,-10.3601435396545,9.96010457491822E-8));
#4295=CARTESIAN_POINT('',(-35.224180059558,-10.3694588823778,0.000248077709915021));
#4296=CARTESIAN_POINT('',(-35.2080568312145,-10.3787676325876,0.000991495135316998));
#4297=CARTESIAN_POINT('',(-35.2000000000054,-10.3834192462442,0.00148691541285899));
#4298=CARTESIAN_POINT('',(-31.6165807537309,-6.8,0.00148691568799775));
#4299=CARTESIAN_POINT('',(-31.6445168955226,-6.7516131830494,0.));
#4300=CARTESIAN_POINT('',(-31.6398564603438,-6.75968529355824,9.9555367605135E-8));
#4301=CARTESIAN_POINT('',(-31.6305411176181,-6.77581994044893,0.000248077664341608));
#4302=CARTESIAN_POINT('',(-31.6212323674097,-6.79194316879003,0.000991495272715577));
#4303=CARTESIAN_POINT('',(-31.6165807537545,-6.79999999999695,0.00148691568745757));
#4304=CARTESIAN_POINT('',(-28.383419246269,-6.79999999999999,0.00148691513908705));
#4305=CARTESIAN_POINT('',(-28.3834192493286,-6.79999999999898,0.00148691546127849));
#4306=CARTESIAN_POINT('',(-28.4670918026625,-6.79999999999898,0.00284955230041552));
#4307=CARTESIAN_POINT('',(-28.5507594171334,-6.79999999999898,0.00502948277792555));
#4308=CARTESIAN_POINT('',(-28.7188697260818,-6.79999999999898,0.0103513765445793));
#4309=CARTESIAN_POINT('',(-28.8847222965682,-6.79999999999898,0.0165270837459766));
#4310=CARTESIAN_POINT('',(-29.0519251237294,-6.79999999999898,0.0232655664074));
#4311=CARTESIAN_POINT('',(-29.1973026777923,-6.79999999999898,0.0288678604337177));
#4312=CARTESIAN_POINT('',(-29.3070822708426,-6.79999999999898,0.0329452789209807));
#4313=CARTESIAN_POINT('',(-29.4450225945736,-6.79999999999898,0.0373612547083765));
#4314=CARTESIAN_POINT('',(-29.5479474622522,-6.79999999999898,0.0401710239620638));
#4315=CARTESIAN_POINT('',(-29.6071655573413,-6.79999999999898,0.0415479323319227));
#4316=CARTESIAN_POINT('',(-29.6607655175782,-6.79999999999898,0.0426710275979081));
#4317=CARTESIAN_POINT('',(-29.713132843363,-6.79999999999898,0.0436623028849246));
#4318=CARTESIAN_POINT('',(-29.7906478232626,-6.79999999999898,0.0448082660967853));
#4319=CARTESIAN_POINT('',(-29.871983540591,-6.79999999999898,0.0456341145376284));
#4320=CARTESIAN_POINT('',(-29.9420592250191,-6.79999999999898,0.046002106042778));
#4321=CARTESIAN_POINT('',(-29.9982175455402,-6.79999999999898,0.0460790460596507));
#4322=CARTESIAN_POINT('',(-30.0552744012696,-6.79999999999898,0.0460101076551607));
#4323=CARTESIAN_POINT('',(-30.126621455313,-6.79999999999898,0.0456525551913925));
#4324=CARTESIAN_POINT('',(-30.2146002592929,-6.79999999999898,0.0447559904437321));
#4325=CARTESIAN_POINT('',(-30.3041697258949,-6.79999999999898,0.043384778631018));
#4326=CARTESIAN_POINT('',(-30.3649644838843,-6.79999999999898,0.0421554260987559));
#4327=CARTESIAN_POINT('',(-30.4269926369144,-6.79999999999898,0.0407568428422236));
#4328=CARTESIAN_POINT('',(-30.5018277456241,-6.79999999999898,0.0388903985520255));
#4329=CARTESIAN_POINT('',(-30.6197506345087,-6.79999999999898,0.0353597632643238));
#4330=CARTESIAN_POINT('',(-30.7508802270621,-6.79999999999898,0.03082001447642));
#4331=CARTESIAN_POINT('',(-30.8728806785674,-6.79999999999898,0.0261916479113136));
#4332=CARTESIAN_POINT('',(-30.9854256990608,-6.79999999999898,0.0217578447706177));
#4333=CARTESIAN_POINT('',(-31.0883590915251,-6.79999999999898,0.0176843800302525));
#4334=CARTESIAN_POINT('',(-31.1582157858055,-6.79999999999898,0.0149905254015677));
#4335=CARTESIAN_POINT('',(-31.2279541723544,-6.79999999999898,0.012383872917402));
#4336=CARTESIAN_POINT('',(-31.2982327666902,-6.79999999999898,0.00983993006259517));
#4337=CARTESIAN_POINT('',(-31.4031964877665,-6.79999999999898,0.00642691418915247));
#4338=CARTESIAN_POINT('',(-31.4888535781519,-6.79999999999898,0.00409015589480931));
#4339=CARTESIAN_POINT('',(-31.5600459692378,-6.79999999999898,0.00249173077401568));
#4340=CARTESIAN_POINT('',(-31.5957254529198,-6.79999999999898,0.00182498780093402));
#4341=CARTESIAN_POINT('',(-31.6165807537309,-6.79999999999898,0.00148691568799786));
#4342=CARTESIAN_POINT('',(-28.3554831044774,-6.75161318304941,0.));
#4343=CARTESIAN_POINT('',(-28.3601435396545,-6.75968529355523,9.96010460685339E-8));
#4344=CARTESIAN_POINT('',(-28.3694588823778,-6.77581994044199,0.000248077709916008));
#4345=CARTESIAN_POINT('',(-28.3787676325876,-6.79194316878548,0.000991495135318601));
#4346=CARTESIAN_POINT('',(-28.3834192462442,-6.79999999999463,0.00148691541286083));
#4347=CARTESIAN_POINT('',(-34.5,-12.,1.));
#4348=AXIS2_PLACEMENT_3D('',#4349,#4350,#4351);
#4349=CARTESIAN_POINT('',(-30.,-12.,1.));
#4350=DIRECTION('',(0.,0.,1.));
#4351=DIRECTION('',(-1.,0.,0.));
#4352=CARTESIAN_POINT('',(-31.616580753731,-17.2,2.6));
#4353=CARTESIAN_POINT('',(-31.616580753731,-17.2,2.6));
#4354=VECTOR('',#4355,1.);
#4355=DIRECTION('',(0.,0.,-1.));
#4356=CARTESIAN_POINT('',(-33.2331615074619,-20.,2.6));
#4357=CARTESIAN_POINT('',(-33.2331615074619,-20.,2.6));
#4358=VECTOR('',#4359,1.);
#4359=DIRECTION('',(0.499999999999997,0.86602540378444,0.));
#4360=CARTESIAN_POINT('',(-33.2331615074619,-20.,2.6));
#4361=VECTOR('',#4362,1.);
#4362=DIRECTION('',(0.,0.,-1.));
#4363=CARTESIAN_POINT('',(-31.616580753731,-22.8,2.6));
#4364=CARTESIAN_POINT('',(-31.616580753731,-22.8,2.6));
#4365=VECTOR('',#4366,1.);
#4366=DIRECTION('',(-0.500000000000004,0.866025403784436,0.));
#4367=CARTESIAN_POINT('',(-31.616580753731,-22.8,2.6));
#4368=VECTOR('',#4369,1.);
#4369=DIRECTION('',(0.,0.,-1.));
#4370=CARTESIAN_POINT('',(-28.383419246269,-22.8,2.6));
#4371=CARTESIAN_POINT('',(-28.383419246269,-22.8,2.6));
#4372=VECTOR('',#4373,1.);
#4373=DIRECTION('',(-1.,-4.39534328316244E-15,0.));
#4374=CARTESIAN_POINT('',(-28.383419246269,-22.8,2.6));
#4375=VECTOR('',#4376,1.);
#4376=DIRECTION('',(0.,0.,-1.));
#4377=CARTESIAN_POINT('',(-26.7668384925381,-20.,2.6));
#4378=CARTESIAN_POINT('',(-26.7668384925381,-20.,2.6));
#4379=VECTOR('',#4380,1.);
#4380=DIRECTION('',(-0.499999999999996,-0.866025403784441,0.));
#4381=CARTESIAN_POINT('',(-26.7668384925381,-20.,2.6));
#4382=VECTOR('',#4383,1.);
#4383=DIRECTION('',(0.,0.,-1.));
#4384=CARTESIAN_POINT('',(-28.3834192462691,-17.2,2.6));
#4385=CARTESIAN_POINT('',(-28.3834192462691,-17.2,2.6));
#4386=VECTOR('',#4387,1.);
#4387=DIRECTION('',(0.500000000000003,-0.866025403784437,0.));
#4388=CARTESIAN_POINT('',(-28.3834192462691,-17.2,2.6));
#4389=VECTOR('',#4390,1.);
#4390=DIRECTION('',(0.,0.,-1.));
#4391=CARTESIAN_POINT('',(-24.8,-13.616580753731,2.6));
#4392=CARTESIAN_POINT('',(-24.8,-13.616580753731,2.6));
#4393=VECTOR('',#4394,1.);
#4394=DIRECTION('',(0.,0.,-1.));
#4395=CARTESIAN_POINT('',(-22.,-15.2331615074619,2.6));
#4396=CARTESIAN_POINT('',(-22.,-15.2331615074619,2.6));
#4397=VECTOR('',#4398,1.);
#4398=DIRECTION('',(-0.86602540378444,0.499999999999997,0.));
#4399=CARTESIAN_POINT('',(-22.,-15.2331615074619,2.6));
#4400=VECTOR('',#4401,1.);
#4401=DIRECTION('',(0.,0.,-1.));
#4402=CARTESIAN_POINT('',(-19.2,-13.6165807537309,2.6));
#4403=CARTESIAN_POINT('',(-19.2,-13.6165807537309,2.6));
#4404=VECTOR('',#4405,1.);
#4405=DIRECTION('',(-0.866025403784436,-0.500000000000005,0.));
#4406=CARTESIAN_POINT('',(-19.2,-13.6165807537309,2.6));
#4407=VECTOR('',#4408,1.);
#4408=DIRECTION('',(0.,0.,-1.));
#4409=CARTESIAN_POINT('',(-19.2,-10.383419246269,2.6));
#4410=CARTESIAN_POINT('',(-19.2,-10.383419246269,2.6));
#4411=VECTOR('',#4412,1.);
#4412=DIRECTION('',(4.39534328316244E-15,-1.,0.));
#4413=CARTESIAN_POINT('',(-19.2,-10.383419246269,2.6));
#4414=VECTOR('',#4415,1.);
#4415=DIRECTION('',(0.,0.,-1.));
#4416=CARTESIAN_POINT('',(-22.,-8.7668384925381,2.6));
#4417=CARTESIAN_POINT('',(-22.,-8.7668384925381,2.6));
#4418=VECTOR('',#4419,1.);
#4419=DIRECTION('',(0.866025403784441,-0.499999999999996,0.));
#4420=CARTESIAN_POINT('',(-22.,-8.7668384925381,2.6));
#4421=VECTOR('',#4422,1.);
#4422=DIRECTION('',(0.,0.,-1.));
#4423=CARTESIAN_POINT('',(-24.8,-10.3834192462691,2.6));
#4424=CARTESIAN_POINT('',(-24.8,-10.3834192462691,2.6));
#4425=VECTOR('',#4426,1.);
#4426=DIRECTION('',(0.866025403784437,0.500000000000003,0.));
#4427=CARTESIAN_POINT('',(-24.8,-10.3834192462691,2.6));
#4428=VECTOR('',#4429,1.);
#4429=DIRECTION('',(0.,0.,-1.));
#4430=CARTESIAN_POINT('',(-28.383419246269,-6.79999999999999,2.6));
#4431=CARTESIAN_POINT('',(-28.383419246269,-6.79999999999999,2.6));
#4432=VECTOR('',#4433,1.);
#4433=DIRECTION('',(0.,0.,-1.));
#4434=CARTESIAN_POINT('',(-26.7668384925381,-3.99999999999998,2.6));
#4435=CARTESIAN_POINT('',(-26.7668384925381,-3.99999999999998,2.6));
#4436=VECTOR('',#4437,1.);
#4437=DIRECTION('',(-0.499999999999997,-0.86602540378444,0.));
#4438=CARTESIAN_POINT('',(-26.7668384925381,-3.99999999999998,2.6));
#4439=VECTOR('',#4440,1.);
#4440=DIRECTION('',(0.,0.,-1.));
#4441=CARTESIAN_POINT('',(-28.3834192462691,-1.19999999999999,2.6));
#4442=CARTESIAN_POINT('',(-28.3834192462691,-1.19999999999999,2.6));
#4443=VECTOR('',#4444,1.);
#4444=DIRECTION('',(0.500000000000004,-0.866025403784436,0.));
#4445=CARTESIAN_POINT('',(-28.3834192462691,-1.19999999999999,2.6));
#4446=VECTOR('',#4447,1.);
#4447=DIRECTION('',(0.,0.,-1.));
#4448=CARTESIAN_POINT('',(-31.616580753731,-1.2,2.6));
#4449=CARTESIAN_POINT('',(-31.616580753731,-1.2,2.6));
#4450=VECTOR('',#4451,1.);
#4451=DIRECTION('',(1.,4.46402052196185E-15,0.));
#4452=CARTESIAN_POINT('',(-31.616580753731,-1.2,2.6));
#4453=VECTOR('',#4454,1.);
#4454=DIRECTION('',(0.,0.,-1.));
#4455=CARTESIAN_POINT('',(-33.2331615074619,-4.00000000000001,2.6));
#4456=CARTESIAN_POINT('',(-33.2331615074619,-4.00000000000001,2.6));
#4457=VECTOR('',#4458,1.);
#4458=DIRECTION('',(0.499999999999996,0.866025403784441,0.));
#4459=CARTESIAN_POINT('',(-33.2331615074619,-4.00000000000001,2.6));
#4460=VECTOR('',#4461,1.);
#4461=DIRECTION('',(0.,0.,-1.));
#4462=CARTESIAN_POINT('',(-31.6165807537309,-6.8,2.6));
#4463=CARTESIAN_POINT('',(-31.6165807537309,-6.8,2.6));
#4464=VECTOR('',#4465,1.);
#4465=DIRECTION('',(-0.500000000000003,0.866025403784437,0.));
#4466=CARTESIAN_POINT('',(-31.6165807537309,-6.8,2.6));
#4467=VECTOR('',#4468,1.);
#4468=DIRECTION('',(0.,0.,-1.));
#4469=CARTESIAN_POINT('',(-35.2,-10.383419246269,2.6));
#4470=CARTESIAN_POINT('',(-35.2,-10.383419246269,2.6));
#4471=VECTOR('',#4472,1.);
#4472=DIRECTION('',(0.,0.,-1.));
#4473=CARTESIAN_POINT('',(-38.,-8.76683849253809,2.6));
#4474=CARTESIAN_POINT('',(-38.,-8.76683849253809,2.6));
#4475=VECTOR('',#4476,1.);
#4476=DIRECTION('',(0.86602540378444,-0.499999999999997,0.));
#4477=CARTESIAN_POINT('',(-38.,-8.76683849253809,2.6));
#4478=VECTOR('',#4479,1.);
#4479=DIRECTION('',(0.,0.,-1.));
#4480=CARTESIAN_POINT('',(-40.8,-10.3834192462691,2.6));
#4481=CARTESIAN_POINT('',(-40.8,-10.3834192462691,2.6));
#4482=VECTOR('',#4483,1.);
#4483=DIRECTION('',(0.866025403784437,0.500000000000003,0.));
#4484=CARTESIAN_POINT('',(-40.8,-10.3834192462691,2.6));
#4485=VECTOR('',#4486,1.);
#4486=DIRECTION('',(0.,0.,-1.));
#4487=CARTESIAN_POINT('',(-40.8,-13.616580753731,2.6));
#4488=CARTESIAN_POINT('',(-40.8,-13.616580753731,2.6));
#4489=VECTOR('',#4490,1.);
#4490=DIRECTION('',(-4.39534328316244E-15,1.,0.));
#4491=CARTESIAN_POINT('',(-40.8,-13.616580753731,2.6));
#4492=VECTOR('',#4493,1.);
#4493=DIRECTION('',(0.,0.,-1.));
#4494=CARTESIAN_POINT('',(-38.,-15.2331615074619,2.6));
#4495=VECTOR('',#4496,1.);
#4496=DIRECTION('',(-0.866025403784441,0.499999999999996,0.));
#4497=CARTESIAN_POINT('',(-39.75,-12.,2.6));
#4498=AXIS2_PLACEMENT_3D('',#4499,#4500,#4501);
#4499=CARTESIAN_POINT('',(-38.,-12.,2.6));
#4500=DIRECTION('',(0.,0.,1.));
#4501=DIRECTION('',(-1.,1.22464679914735E-16,0.));
#4502=CARTESIAN_POINT('',(-31.75,-20.,2.6));
#4503=AXIS2_PLACEMENT_3D('',#4504,#4505,#4506);
#4504=CARTESIAN_POINT('',(-30.,-20.,2.6));
#4505=DIRECTION('',(0.,0.,1.));
#4506=DIRECTION('',(-1.,1.22464679914735E-16,0.));
#4507=CARTESIAN_POINT('',(-23.75,-12.,2.6));
#4508=AXIS2_PLACEMENT_3D('',#4509,#4510,#4511);
#4509=CARTESIAN_POINT('',(-22.,-12.,2.6));
#4510=DIRECTION('',(0.,0.,1.));
#4511=DIRECTION('',(-1.,1.22464679914735E-16,0.));
#4512=CARTESIAN_POINT('',(-31.75,-4.,2.6));
#4513=AXIS2_PLACEMENT_3D('',#4514,#4515,#4516);
#4514=CARTESIAN_POINT('',(-30.,-4.,2.6));
#4515=DIRECTION('',(0.,0.,1.));
#4516=DIRECTION('',(-1.,1.22464679914735E-16,0.));
#4517=CARTESIAN_POINT('',(-35.2,-10.383419246269,2.6));
#4518=VECTOR('',#4519,1.);
#4519=DIRECTION('',(4.39534328316244E-15,-1.,0.));
#4520=CARTESIAN_POINT('',(-28.383419246269,-6.79999999999999,2.6));
#4521=VECTOR('',#4522,1.);
#4522=DIRECTION('',(-1.,-3.57121641756948E-15,0.));
#4523=CARTESIAN_POINT('',(-24.8,-13.616580753731,2.6));
#4524=VECTOR('',#4525,1.);
#4525=DIRECTION('',(-4.39534328316244E-15,1.,0.));
#4526=CARTESIAN_POINT('',(-31.616580753731,-17.2,2.6));
#4527=VECTOR('',#4528,1.);
#4528=DIRECTION('',(1.,3.29650746237183E-15,0.));
ENDSEC;
END-ISO-10303-21;
