ISO-10303-21;
HEADER;
FILE_DESCRIPTION(('STEP AP242'),
    '1');
FILE_NAME('ElectricBoxCup',
    '',
    ('UNSPECIFIED'),
    ('UNSPECIFIED'),
    'C3D Converter',
    'C3D Toolkit',
    '');
FILE_SCHEMA(('AP242_MANAGED_MODEL_BASED_3D_ENGINEERING_MIM_LF { 1 0 10303 442 1 1 4 }'));
ENDSEC;

DATA;
#1=PRODUCT_DEFINITION('','UNSPECIFIED',#28,#31);
#2=SHAPE_DEFINITION_REPRESENTATION(#26,#3);
#3=SHAPE_REPRESENTATION('NONE',(#4),#8);
#4=AXIS2_PLACEMENT_3D('',#5,#6,#7);
#5=CARTESIAN_POINT('',(0.,0.,0.));
#6=DIRECTION('',(0.,0.,1.));
#7=DIRECTION('',(1.,0.,0.));
#8=(GEOMETRIC_REPRESENTATION_CONTEXT(3)GLOBAL_UNCERTAINTY_ASSIGNED_CONTEXT((#10))
GLOBAL_UNIT_ASSIGNED_CONTEXT((#9,#11,#12))REPRESENTATION_CONTEXT('NONE','NONE'));
#9=(LENGTH_UNIT()NAMED_UNIT(*)SI_UNIT(.MILLI.,.METRE.));
#10=UNCERTAINTY_MEASURE_WITH_UNIT(LENGTH_MEASURE(1.E-5),#9,'NONE','NONE');
#11=(NAMED_UNIT(*)PLANE_ANGLE_UNIT()SI_UNIT($,.RADIAN.));
#12=(NAMED_UNIT(*)SI_UNIT($,.STERADIAN.)SOLID_ANGLE_UNIT());
#13=MANIFOLD_SOLID_BREP('',#14);
#14=CLOSED_SHELL('',(#53,#54,#55,#56,#57,#58,#59,#60,#61,#62,#63,#64,#65,#66,#67,
#68,#69,#70,#71,#72,#73,#74,#75,#76,#77,#78,#79,#80,#81,#82,#83,#84,#85,#86,#87,
#88,#89,#90,#91,#92,#93,#94,#95,#96,#97,#98,#99,#100,#101,#102,#103,#104,#105,#106,
#107,#108,#109,#110,#111,#112,#113,#114,#115,#116,#117,#118,#119,#120,#121,#122,
#123,#124,#125,#126,#127,#128,#129,#130,#131,#132,#133,#134,#135,#136,#137,#138,
#139,#140,#141,#142,#143,#144,#145,#146,#147,#148,#149,#150,#151,#152,#153,#154,
#155,#156,#157,#158,#159,#160,#161,#162,#163,#164,#165,#166,#167,#168,#169,#170,
#171,#172,#173,#174,#175,#176,#177,#178,#179,#180,#181,#182,#183,#184,#185,#186,
#187,#188,#189,#190,#191,#192,#193,#194,#195,#196,#197,#198,#199,#200,#201,#202,
#203,#204,#205,#206,#207,#208,#209));
#15=COLOUR_RGB('',0.564705882352941,0.564705882352941,0.564705882352941);
#16=FILL_AREA_STYLE_COLOUR('',#15);
#17=FILL_AREA_STYLE($,(#16));
#18=SURFACE_STYLE_FILL_AREA(#17);
#19=SURFACE_SIDE_STYLE('',(#18));
#20=SURFACE_STYLE_USAGE(.BOTH.,#19);
#21=PRESENTATION_STYLE_ASSIGNMENT((#20));
#22=MECHANICAL_DESIGN_GEOMETRIC_PRESENTATION_REPRESENTATION('NONE',(#23),#8);
#23=STYLED_ITEM('',(#21),#13);
#24=ADVANCED_BREP_SHAPE_REPRESENTATION('NONE',(#13),#8);
#25=SHAPE_REPRESENTATION_RELATIONSHIP('','',#3,#24);
#26=PRODUCT_DEFINITION_SHAPE('NONE','NONE',#1);
#27=MECHANICAL_CONTEXT('NONE',#32,'mechanical');
#28=PRODUCT_DEFINITION_FORMATION_WITH_SPECIFIED_SOURCE('ANY','UNSPECIFIED',#29,.NOT_KNOWN.);
#29=PRODUCT('','\X2\0414043504420430043B044C\X0\','NONE',(#27));
#30=PRODUCT_RELATED_PRODUCT_CATEGORY('detail','',(#29));
#31=DESIGN_CONTEXT('detailed design',#32,'design');
#32=APPLICATION_CONTEXT('configuration controlled 3d designs of mechanical parts and assemblies');
#33=APPLICATION_PROTOCOL_DEFINITION('international standard','config_control_design',
1994,#32);
#34=CC_DESIGN_DATE_AND_TIME_ASSIGNMENT(#35,#39,(#1));
#35=DATE_AND_TIME(#36,#37);
#36=CALENDAR_DATE(0,1,1);
#37=LOCAL_TIME(0,0,0.,#38);
#38=COORDINATED_UNIVERSAL_TIME_OFFSET(0,0,.AHEAD.);
#39=DATE_TIME_ROLE('creation_date');
#40=CC_DESIGN_APPROVAL(#41,(#1));
#41=APPROVAL(#42,'UNSPECIFIED');
#42=APPROVAL_STATUS('not_yet_approved');
#43=APPROVAL_DATE_TIME(#44,#41);
#44=DATE_AND_TIME(#45,#46);
#45=CALENDAR_DATE(0,1,1);
#46=LOCAL_TIME(0,0,0.,#47);
#47=COORDINATED_UNIVERSAL_TIME_OFFSET(0,0,.AHEAD.);
#48=PERSON('UNSPECIFIED','Cybermeatball','UNSPECIFIED',('UNSPECIFIED'),('UNSPECIFIED'),
('UNSPECIFIED'));
#49=ORGANIZATION('UNSPECIFIED','UNSPECIFIED','UNSPECIFIED');
#50=PERSON_AND_ORGANIZATION(#48,#49);
#51=PERSON_AND_ORGANIZATION_ROLE('creator');
#52=CC_DESIGN_PERSON_AND_ORGANIZATION_ASSIGNMENT(#50,#51,(#28,#1));
#53=ADVANCED_FACE('',(#210,#212,#214,#216),#218,.T.);
#54=ADVANCED_FACE('',(#223,#225,#227,#229),#231,.F.);
#55=ADVANCED_FACE('',(#236,#238),#240,.F.);
#56=ADVANCED_FACE('',(#245,#247),#249,.F.);
#57=ADVANCED_FACE('',(#254),#256,.T.);
#58=ADVANCED_FACE('',(#261),#263,.T.);
#59=ADVANCED_FACE('',(#268),#270,.T.);
#60=ADVANCED_FACE('',(#275,#277,#279),#281,.T.);
#61=ADVANCED_FACE('',(#286),#288,.F.);
#62=ADVANCED_FACE('',(#293),#295,.F.);
#63=ADVANCED_FACE('',(#300),#302,.F.);
#64=ADVANCED_FACE('',(#307),#309,.F.);
#65=ADVANCED_FACE('',(#314,#316,#318,#320,#322,#324,#326),#328,.T.);
#66=ADVANCED_FACE('',(#333,#335),#337,.F.);
#67=ADVANCED_FACE('',(#342,#344,#346,#348,#350,#352,#354),#356,.T.);
#68=ADVANCED_FACE('',(#361,#363),#365,.F.);
#69=ADVANCED_FACE('',(#370),#372,.T.);
#70=ADVANCED_FACE('',(#377,#379,#381),#383,.T.);
#71=ADVANCED_FACE('',(#388),#390,.T.);
#72=ADVANCED_FACE('',(#395),#397,.T.);
#73=ADVANCED_FACE('',(#402),#404,.F.);
#74=ADVANCED_FACE('',(#409),#411,.F.);
#75=ADVANCED_FACE('',(#416),#418,.T.);
#76=ADVANCED_FACE('',(#423),#425,.T.);
#77=ADVANCED_FACE('',(#430),#432,.T.);
#78=ADVANCED_FACE('',(#437),#439,.T.);
#79=ADVANCED_FACE('',(#444),#446,.T.);
#80=ADVANCED_FACE('',(#451),#453,.T.);
#81=ADVANCED_FACE('',(#458),#460,.T.);
#82=ADVANCED_FACE('',(#465),#467,.T.);
#83=ADVANCED_FACE('',(#472),#474,.T.);
#84=ADVANCED_FACE('',(#479),#481,.T.);
#85=ADVANCED_FACE('',(#486),#488,.T.);
#86=ADVANCED_FACE('',(#493),#495,.T.);
#87=ADVANCED_FACE('',(#500),#502,.T.);
#88=ADVANCED_FACE('',(#507),#509,.T.);
#89=ADVANCED_FACE('',(#514),#516,.T.);
#90=ADVANCED_FACE('',(#521),#523,.T.);
#91=ADVANCED_FACE('',(#528),#530,.T.);
#92=ADVANCED_FACE('',(#535),#537,.T.);
#93=ADVANCED_FACE('',(#542),#544,.T.);
#94=ADVANCED_FACE('',(#549),#551,.T.);
#95=ADVANCED_FACE('',(#556),#558,.T.);
#96=ADVANCED_FACE('',(#563),#565,.T.);
#97=ADVANCED_FACE('',(#570),#572,.T.);
#98=ADVANCED_FACE('',(#577),#579,.T.);
#99=ADVANCED_FACE('',(#584),#586,.T.);
#100=ADVANCED_FACE('',(#591,#593),#595,.T.);
#101=ADVANCED_FACE('',(#600),#602,.T.);
#102=ADVANCED_FACE('',(#607),#609,.T.);
#103=ADVANCED_FACE('',(#614),#616,.T.);
#104=ADVANCED_FACE('',(#621,#623),#625,.F.);
#105=ADVANCED_FACE('',(#630,#632),#634,.F.);
#106=ADVANCED_FACE('',(#639,#641),#643,.T.);
#107=ADVANCED_FACE('',(#648),#650,.F.);
#108=ADVANCED_FACE('',(#655),#657,.F.);
#109=ADVANCED_FACE('',(#662),#664,.F.);
#110=ADVANCED_FACE('',(#669),#671,.F.);
#111=ADVANCED_FACE('',(#676),#678,.F.);
#112=ADVANCED_FACE('',(#683),#685,.F.);
#113=ADVANCED_FACE('',(#690),#692,.F.);
#114=ADVANCED_FACE('',(#697),#699,.F.);
#115=ADVANCED_FACE('',(#704),#706,.F.);
#116=ADVANCED_FACE('',(#711),#713,.F.);
#117=ADVANCED_FACE('',(#718),#720,.F.);
#118=ADVANCED_FACE('',(#725),#727,.F.);
#119=ADVANCED_FACE('',(#732),#734,.F.);
#120=ADVANCED_FACE('',(#739),#741,.F.);
#121=ADVANCED_FACE('',(#746),#748,.F.);
#122=ADVANCED_FACE('',(#753),#755,.F.);
#123=ADVANCED_FACE('',(#760,#762),#764,.F.);
#124=ADVANCED_FACE('',(#769,#771),#773,.F.);
#125=ADVANCED_FACE('',(#778),#780,.F.);
#126=ADVANCED_FACE('',(#785),#787,.F.);
#127=ADVANCED_FACE('',(#792),#794,.F.);
#128=ADVANCED_FACE('',(#799),#801,.F.);
#129=ADVANCED_FACE('',(#806),#808,.F.);
#130=ADVANCED_FACE('',(#813),#815,.F.);
#131=ADVANCED_FACE('',(#820),#822,.F.);
#132=ADVANCED_FACE('',(#827),#829,.F.);
#133=ADVANCED_FACE('',(#834),#836,.F.);
#134=ADVANCED_FACE('',(#841),#843,.F.);
#135=ADVANCED_FACE('',(#848),#850,.F.);
#136=ADVANCED_FACE('',(#855),#857,.F.);
#137=ADVANCED_FACE('',(#862),#864,.F.);
#138=ADVANCED_FACE('',(#869),#871,.F.);
#139=ADVANCED_FACE('',(#876),#878,.F.);
#140=ADVANCED_FACE('',(#883),#885,.F.);
#141=ADVANCED_FACE('',(#890),#892,.F.);
#142=ADVANCED_FACE('',(#897),#899,.F.);
#143=ADVANCED_FACE('',(#904),#906,.F.);
#144=ADVANCED_FACE('',(#911),#913,.F.);
#145=ADVANCED_FACE('',(#918),#920,.F.);
#146=ADVANCED_FACE('',(#925),#927,.F.);
#147=ADVANCED_FACE('',(#932),#934,.F.);
#148=ADVANCED_FACE('',(#939),#941,.F.);
#149=ADVANCED_FACE('',(#946),#948,.T.);
#150=ADVANCED_FACE('',(#953),#955,.T.);
#151=ADVANCED_FACE('',(#960),#962,.T.);
#152=ADVANCED_FACE('',(#967),#969,.T.);
#153=ADVANCED_FACE('',(#974),#976,.T.);
#154=ADVANCED_FACE('',(#981),#983,.T.);
#155=ADVANCED_FACE('',(#988),#990,.T.);
#156=ADVANCED_FACE('',(#995),#997,.T.);
#157=ADVANCED_FACE('',(#1002),#1004,.T.);
#158=ADVANCED_FACE('',(#1009),#1011,.T.);
#159=ADVANCED_FACE('',(#1016),#1018,.T.);
#160=ADVANCED_FACE('',(#1023),#1025,.T.);
#161=ADVANCED_FACE('',(#1030),#1032,.T.);
#162=ADVANCED_FACE('',(#1037),#1039,.T.);
#163=ADVANCED_FACE('',(#1044),#1046,.T.);
#164=ADVANCED_FACE('',(#1051),#1053,.T.);
#165=ADVANCED_FACE('',(#1058),#1060,.T.);
#166=ADVANCED_FACE('',(#1065),#1067,.T.);
#167=ADVANCED_FACE('',(#1072),#1074,.T.);
#168=ADVANCED_FACE('',(#1079),#1081,.T.);
#169=ADVANCED_FACE('',(#1086),#1088,.T.);
#170=ADVANCED_FACE('',(#1093),#1095,.T.);
#171=ADVANCED_FACE('',(#1100),#1102,.T.);
#172=ADVANCED_FACE('',(#1107),#1109,.T.);
#173=ADVANCED_FACE('',(#1114),#1116,.F.);
#174=ADVANCED_FACE('',(#1121),#1123,.T.);
#175=ADVANCED_FACE('',(#1128),#1130,.F.);
#176=ADVANCED_FACE('',(#1135),#1137,.T.);
#177=ADVANCED_FACE('',(#1142),#1144,.F.);
#178=ADVANCED_FACE('',(#1149),#1151,.T.);
#179=ADVANCED_FACE('',(#1156),#1158,.F.);
#180=ADVANCED_FACE('',(#1163),#1165,.T.);
#181=ADVANCED_FACE('',(#1170),#1172,.F.);
#182=ADVANCED_FACE('',(#1177),#1179,.T.);
#183=ADVANCED_FACE('',(#1184),#1186,.F.);
#184=ADVANCED_FACE('',(#1191),#1193,.T.);
#185=ADVANCED_FACE('',(#1198),#1200,.T.);
#186=ADVANCED_FACE('',(#1205),#1207,.F.);
#187=ADVANCED_FACE('',(#1212),#1214,.T.);
#188=ADVANCED_FACE('',(#1219),#1221,.F.);
#189=ADVANCED_FACE('',(#1226),#1228,.T.);
#190=ADVANCED_FACE('',(#1233),#1235,.F.);
#191=ADVANCED_FACE('',(#1240),#1242,.T.);
#192=ADVANCED_FACE('',(#1247),#1249,.F.);
#193=ADVANCED_FACE('',(#1254),#1256,.T.);
#194=ADVANCED_FACE('',(#1261),#1263,.F.);
#195=ADVANCED_FACE('',(#1268),#1270,.T.);
#196=ADVANCED_FACE('',(#1275),#1277,.F.);
#197=ADVANCED_FACE('',(#1282),#1284,.F.);
#198=ADVANCED_FACE('',(#1289),#1291,.F.);
#199=ADVANCED_FACE('',(#1296),#1298,.F.);
#200=ADVANCED_FACE('',(#1303),#1305,.T.);
#201=ADVANCED_FACE('',(#1310),#1312,.T.);
#202=ADVANCED_FACE('',(#1317),#1319,.T.);
#203=ADVANCED_FACE('',(#1324),#1326,.T.);
#204=ADVANCED_FACE('',(#1331),#1333,.T.);
#205=ADVANCED_FACE('',(#1338),#1340,.T.);
#206=ADVANCED_FACE('',(#1345),#1347,.T.);
#207=ADVANCED_FACE('',(#1352),#1354,.T.);
#208=ADVANCED_FACE('',(#1359),#1361,.T.);
#209=ADVANCED_FACE('',(#1366),#1368,.T.);
#210=FACE_BOUND('',#211,.T.);
#211=EDGE_LOOP('',(#1373,#1374,#1375,#1376));
#212=FACE_BOUND('',#213,.T.);
#213=EDGE_LOOP('',(#1377));
#214=FACE_BOUND('',#215,.T.);
#215=EDGE_LOOP('',(#1378));
#216=FACE_BOUND('',#217,.T.);
#217=EDGE_LOOP('',(#1379,#1380,#1381,#1382));
#218=PLANE('',#219);
#219=AXIS2_PLACEMENT_3D('',#220,#221,#222);
#220=CARTESIAN_POINT('',(0.,0.,2.));
#221=DIRECTION('',(0.,0.,1.));
#222=DIRECTION('',(1.,0.,0.));
#223=FACE_BOUND('',#224,.T.);
#224=EDGE_LOOP('',(#1383,#1384,#1385,#1386));
#225=FACE_BOUND('',#226,.T.);
#226=EDGE_LOOP('',(#1387));
#227=FACE_BOUND('',#228,.T.);
#228=EDGE_LOOP('',(#1388));
#229=FACE_BOUND('',#230,.T.);
#230=EDGE_LOOP('',(#1389,#1390,#1391,#1392));
#231=PLANE('',#232);
#232=AXIS2_PLACEMENT_3D('',#233,#234,#235);
#233=CARTESIAN_POINT('',(0.,0.,0.));
#234=DIRECTION('',(0.,0.,1.));
#235=DIRECTION('',(1.,0.,0.));
#236=FACE_OUTER_BOUND('',#237,.T.);
#237=EDGE_LOOP('',(#1393));
#238=FACE_OUTER_BOUND('',#239,.T.);
#239=EDGE_LOOP('',(#1394));
#240=CYLINDRICAL_SURFACE('',#241,1.4);
#241=AXIS2_PLACEMENT_3D('',#242,#243,#244);
#242=CARTESIAN_POINT('',(27.7017059234827,34.,0.));
#243=DIRECTION('',(0.,0.,1.));
#244=DIRECTION('',(1.,0.,0.));
#245=FACE_OUTER_BOUND('',#246,.T.);
#246=EDGE_LOOP('',(#1395));
#247=FACE_OUTER_BOUND('',#248,.T.);
#248=EDGE_LOOP('',(#1396));
#249=CYLINDRICAL_SURFACE('',#250,1.4);
#250=AXIS2_PLACEMENT_3D('',#251,#252,#253);
#251=CARTESIAN_POINT('',(27.7017059234827,55.,0.));
#252=DIRECTION('',(0.,0.,1.));
#253=DIRECTION('',(1.,0.,0.));
#254=FACE_BOUND('',#255,.T.);
#255=EDGE_LOOP('',(#1397,#1398,#1399,#1400,#1401,#1402,#1403,#1404));
#256=PLANE('',#257);
#257=AXIS2_PLACEMENT_3D('',#258,#259,#260);
#258=CARTESIAN_POINT('',(2.30940107706176,-1.,20.));
#259=DIRECTION('',(0.866025403763445,0.,0.500000000036362));
#260=DIRECTION('',(0.500000000036362,0.,-0.866025403763445));
#261=FACE_BOUND('',#262,.T.);
#262=EDGE_LOOP('',(#1405,#1406,#1407,#1408));
#263=PLANE('',#264);
#264=AXIS2_PLACEMENT_3D('',#265,#266,#267);
#265=CARTESIAN_POINT('',(163.,31.,2.));
#266=DIRECTION('',(-6.61996337664689E-17,1.,0.));
#267=DIRECTION('',(-1.,-6.61996337664689E-17,0.));
#268=FACE_BOUND('',#269,.T.);
#269=EDGE_LOOP('',(#1409,#1410,#1411,#1412,#1413,#1414));
#270=PLANE('',#271);
#271=AXIS2_PLACEMENT_3D('',#272,#273,#274);
#272=CARTESIAN_POINT('',(31.,58.,2.));
#273=DIRECTION('',(-1.,-6.34413156928661E-17,0.));
#274=DIRECTION('',(6.34413156928661E-17,-1.,0.));
#275=FACE_BOUND('',#276,.T.);
#276=EDGE_LOOP('',(#1415,#1416,#1417,#1418,#1419,#1420,#1421,#1422,#1423,#1424,#1425,
#1426,#1427,#1428,#1429,#1430,#1431,#1432,#1433,#1434,#1435,#1436,#1437,#1438,#1439,
#1440,#1441,#1442,#1443,#1444,#1445,#1446,#1447));
#277=FACE_BOUND('',#278,.T.);
#278=EDGE_LOOP('',(#1448));
#279=FACE_BOUND('',#280,.T.);
#280=EDGE_LOOP('',(#1449));
#281=PLANE('',#282);
#282=AXIS2_PLACEMENT_3D('',#283,#284,#285);
#283=CARTESIAN_POINT('',(0.,58.,2.));
#284=DIRECTION('',(0.,-1.,0.));
#285=DIRECTION('',(1.,0.,0.));
#286=FACE_BOUND('',#287,.T.);
#287=EDGE_LOOP('',(#1450,#1451,#1452,#1453));
#288=PLANE('',#289);
#289=AXIS2_PLACEMENT_3D('',#290,#291,#292);
#290=CARTESIAN_POINT('',(21.7017059234827,39.5,-1.));
#291=DIRECTION('',(1.,1.4210854715202E-15,0.));
#292=DIRECTION('',(-1.4210854715202E-15,1.,0.));
#293=FACE_BOUND('',#294,.T.);
#294=EDGE_LOOP('',(#1454,#1455,#1456,#1457));
#295=PLANE('',#296);
#296=AXIS2_PLACEMENT_3D('',#297,#298,#299);
#297=CARTESIAN_POINT('',(15.7017059234827,39.5,-1.));
#298=DIRECTION('',(0.,-1.,0.));
#299=DIRECTION('',(1.,0.,0.));
#300=FACE_BOUND('',#301,.T.);
#301=EDGE_LOOP('',(#1458,#1459,#1460,#1461));
#302=PLANE('',#303);
#303=AXIS2_PLACEMENT_3D('',#304,#305,#306);
#304=CARTESIAN_POINT('',(15.7017059234827,49.5,-1.));
#305=DIRECTION('',(-1.,-1.4210854715202E-15,0.));
#306=DIRECTION('',(1.4210854715202E-15,-1.,0.));
#307=FACE_BOUND('',#308,.T.);
#308=EDGE_LOOP('',(#1462,#1463,#1464,#1465));
#309=PLANE('',#310);
#310=AXIS2_PLACEMENT_3D('',#311,#312,#313);
#311=CARTESIAN_POINT('',(21.7017059234827,49.5,-1.));
#312=DIRECTION('',(0.,1.,0.));
#313=DIRECTION('',(-1.,0.,0.));
#314=FACE_BOUND('',#315,.T.);
#315=EDGE_LOOP('',(#1466,#1467,#1468,#1469,#1470,#1471));
#316=FACE_BOUND('',#317,.T.);
#317=EDGE_LOOP('',(#1472,#1473,#1474,#1475));
#318=FACE_BOUND('',#319,.T.);
#319=EDGE_LOOP('',(#1476,#1477,#1478,#1479));
#320=FACE_BOUND('',#321,.T.);
#321=EDGE_LOOP('',(#1480,#1481,#1482,#1483));
#322=FACE_BOUND('',#323,.T.);
#323=EDGE_LOOP('',(#1484,#1485,#1486,#1487));
#324=FACE_BOUND('',#325,.T.);
#325=EDGE_LOOP('',(#1488));
#326=FACE_BOUND('',#327,.T.);
#327=EDGE_LOOP('',(#1489));
#328=PLANE('',#329);
#329=AXIS2_PLACEMENT_3D('',#330,#331,#332);
#330=CARTESIAN_POINT('',(0.,0.,0.));
#331=DIRECTION('',(0.,-1.,0.));
#332=DIRECTION('',(1.,0.,0.));
#333=FACE_BOUND('',#334,.T.);
#334=EDGE_LOOP('',(#1490,#1491,#1492,#1493));
#335=FACE_BOUND('',#336,.T.);
#336=EDGE_LOOP('',(#1494,#1495,#1496,#1497));
#337=PLANE('',#338);
#338=AXIS2_PLACEMENT_3D('',#339,#340,#341);
#339=CARTESIAN_POINT('',(0.,0.,20.));
#340=DIRECTION('',(0.866025403763445,0.,0.500000000036362));
#341=DIRECTION('',(0.500000000036362,0.,-0.866025403763445));
#342=FACE_BOUND('',#343,.T.);
#343=EDGE_LOOP('',(#1498,#1499,#1500,#1501,#1502,#1503));
#344=FACE_BOUND('',#345,.T.);
#345=EDGE_LOOP('',(#1504,#1505,#1506,#1507));
#346=FACE_BOUND('',#347,.T.);
#347=EDGE_LOOP('',(#1508,#1509,#1510,#1511));
#348=FACE_BOUND('',#349,.T.);
#349=EDGE_LOOP('',(#1512,#1513,#1514,#1515));
#350=FACE_BOUND('',#351,.T.);
#351=EDGE_LOOP('',(#1516,#1517,#1518,#1519));
#352=FACE_BOUND('',#353,.T.);
#353=EDGE_LOOP('',(#1520));
#354=FACE_BOUND('',#355,.T.);
#355=EDGE_LOOP('',(#1521));
#356=PLANE('',#357);
#357=AXIS2_PLACEMENT_3D('',#358,#359,#360);
#358=CARTESIAN_POINT('',(165.,60.,0.));
#359=DIRECTION('',(0.,1.,0.));
#360=DIRECTION('',(-1.,0.,0.));
#361=FACE_BOUND('',#362,.T.);
#362=EDGE_LOOP('',(#1522,#1523,#1524,#1525));
#363=FACE_BOUND('',#364,.T.);
#364=EDGE_LOOP('',(#1526,#1527,#1528,#1529));
#365=PLANE('',#366);
#366=AXIS2_PLACEMENT_3D('',#367,#368,#369);
#367=CARTESIAN_POINT('',(153.452994615088,0.,5.28878604151092E-23));
#368=DIRECTION('',(-0.866025403763445,0.,0.500000000036362));
#369=DIRECTION('',(0.500000000036362,0.,0.866025403763445));
#370=FACE_BOUND('',#371,.T.);
#371=EDGE_LOOP('',(#1530,#1531,#1532,#1533));
#372=PLANE('',#373);
#373=AXIS2_PLACEMENT_3D('',#374,#375,#376);
#374=CARTESIAN_POINT('',(2.30940107706176,2.,20.));
#375=DIRECTION('',(1.,-6.34413156928661E-17,0.));
#376=DIRECTION('',(6.34413156928661E-17,1.,0.));
#377=FACE_BOUND('',#378,.T.);
#378=EDGE_LOOP('',(#1534,#1535,#1536,#1537,#1538,#1539,#1540,#1541,#1542,#1543,#1544,
#1545,#1546,#1547,#1548,#1549,#1550,#1551,#1552,#1553,#1554,#1555,#1556,#1557,#1558,
#1559,#1560,#1561,#1562,#1563,#1564,#1565,#1566));
#379=FACE_BOUND('',#380,.T.);
#380=EDGE_LOOP('',(#1567));
#381=FACE_BOUND('',#382,.T.);
#382=EDGE_LOOP('',(#1568));
#383=PLANE('',#384);
#384=AXIS2_PLACEMENT_3D('',#385,#386,#387);
#385=CARTESIAN_POINT('',(163.,2.,2.));
#386=DIRECTION('',(0.,1.,0.));
#387=DIRECTION('',(-1.,0.,0.));
#388=FACE_BOUND('',#389,.T.);
#389=EDGE_LOOP('',(#1569,#1570,#1571,#1572));
#390=PLANE('',#391);
#391=AXIS2_PLACEMENT_3D('',#392,#393,#394);
#392=CARTESIAN_POINT('',(0.,0.,2.));
#393=DIRECTION('',(0.,0.,1.));
#394=DIRECTION('',(1.,0.,0.));
#395=FACE_BOUND('',#396,.T.);
#396=EDGE_LOOP('',(#1573,#1574,#1575,#1576));
#397=PLANE('',#398);
#398=AXIS2_PLACEMENT_3D('',#399,#400,#401);
#399=CARTESIAN_POINT('',(2.00000000000005,29.,2.));
#400=DIRECTION('',(6.6199633766469E-17,-1.,0.));
#401=DIRECTION('',(1.,6.6199633766469E-17,0.));
#402=FACE_BOUND('',#403,.T.);
#403=EDGE_LOOP('',(#1577,#1578,#1579,#1580,#1581,#1582,#1583,#1584,#1585,#1586,#1587,
#1588,#1589,#1590,#1591,#1592,#1593,#1594,#1595,#1596,#1597,#1598,#1599,#1600,#1601,
#1602,#1603,#1604,#1605,#1606,#1607,#1608,#1609,#1610,#1611,#1612,#1613,#1614,#1615,
#1616,#1617,#1618,#1619,#1620,#1621,#1622,#1623,#1624,#1625,#1626,#1627,#1628));
#404=PLANE('',#405);
#405=AXIS2_PLACEMENT_3D('',#406,#407,#408);
#406=CARTESIAN_POINT('',(144.,34.9999999999992,7.00000000000444));
#407=DIRECTION('',(0.,-4.09832168202292E-12,-1.));
#408=DIRECTION('',(0.,-1.,4.09832168202292E-12));
#409=FACE_BOUND('',#410,.T.);
#410=EDGE_LOOP('',(#1629,#1630,#1631,#1632));
#411=PLANE('',#412);
#412=AXIS2_PLACEMENT_3D('',#413,#414,#415);
#413=CARTESIAN_POINT('',(144.,52.5,22.));
#414=DIRECTION('',(0.,0.650791373455841,-0.759256602365406));
#415=DIRECTION('',(0.,-0.759256602365406,-0.650791373455841));
#416=FACE_BOUND('',#417,.T.);
#417=EDGE_LOOP('',(#1633,#1634,#1635,#1636));
#418=PLANE('',#419);
#419=AXIS2_PLACEMENT_3D('',#420,#421,#422);
#420=CARTESIAN_POINT('',(0.,0.,22.));
#421=DIRECTION('',(0.,0.,1.));
#422=DIRECTION('',(6.12323399573677E-17,-1.,0.));
#423=FACE_BOUND('',#424,.T.);
#424=EDGE_LOOP('',(#1637,#1638,#1639,#1640,#1641,#1642));
#425=PLANE('',#426);
#426=AXIS2_PLACEMENT_3D('',#427,#428,#429);
#427=CARTESIAN_POINT('',(33.,2.,2.));
#428=DIRECTION('',(1.,0.,0.));
#429=DIRECTION('',(0.,1.,0.));
#430=FACE_BOUND('',#431,.T.);
#431=EDGE_LOOP('',(#1643,#1644,#1645,#1646));
#432=PLANE('',#433);
#433=AXIS2_PLACEMENT_3D('',#434,#435,#436);
#434=CARTESIAN_POINT('',(0.,0.,2.));
#435=DIRECTION('',(0.,0.,1.));
#436=DIRECTION('',(1.,0.,0.));
#437=FACE_BOUND('',#438,.T.);
#438=EDGE_LOOP('',(#1647,#1648,#1649,#1650,#1651,#1652));
#439=PLANE('',#440);
#440=AXIS2_PLACEMENT_3D('',#441,#442,#443);
#441=CARTESIAN_POINT('',(53.,58.,2.));
#442=DIRECTION('',(-1.,0.,0.));
#443=DIRECTION('',(0.,-1.,0.));
#444=FACE_BOUND('',#445,.T.);
#445=EDGE_LOOP('',(#1653,#1654,#1655,#1656));
#446=PLANE('',#447);
#447=AXIS2_PLACEMENT_3D('',#448,#449,#450);
#448=CARTESIAN_POINT('',(0.,0.,22.));
#449=DIRECTION('',(0.,0.,1.));
#450=DIRECTION('',(6.12323399573677E-17,-1.,0.));
#451=FACE_BOUND('',#452,.T.);
#452=EDGE_LOOP('',(#1657,#1658,#1659,#1660,#1661,#1662));
#453=PLANE('',#454);
#454=AXIS2_PLACEMENT_3D('',#455,#456,#457);
#455=CARTESIAN_POINT('',(55.,2.,2.));
#456=DIRECTION('',(1.,0.,0.));
#457=DIRECTION('',(0.,1.,0.));
#458=FACE_BOUND('',#459,.T.);
#459=EDGE_LOOP('',(#1663,#1664,#1665,#1666));
#460=PLANE('',#461);
#461=AXIS2_PLACEMENT_3D('',#462,#463,#464);
#462=CARTESIAN_POINT('',(0.,0.,2.));
#463=DIRECTION('',(0.,0.,1.));
#464=DIRECTION('',(1.,0.,0.));
#465=FACE_BOUND('',#466,.T.);
#466=EDGE_LOOP('',(#1667,#1668,#1669,#1670,#1671,#1672));
#467=PLANE('',#468);
#468=AXIS2_PLACEMENT_3D('',#469,#470,#471);
#469=CARTESIAN_POINT('',(75.,58.,2.));
#470=DIRECTION('',(-1.,0.,0.));
#471=DIRECTION('',(0.,-1.,0.));
#472=FACE_BOUND('',#473,.T.);
#473=EDGE_LOOP('',(#1673,#1674,#1675,#1676));
#474=PLANE('',#475);
#475=AXIS2_PLACEMENT_3D('',#476,#477,#478);
#476=CARTESIAN_POINT('',(0.,0.,22.));
#477=DIRECTION('',(0.,0.,1.));
#478=DIRECTION('',(6.12323399573677E-17,-1.,0.));
#479=FACE_BOUND('',#480,.T.);
#480=EDGE_LOOP('',(#1677,#1678,#1679,#1680,#1681,#1682));
#481=PLANE('',#482);
#482=AXIS2_PLACEMENT_3D('',#483,#484,#485);
#483=CARTESIAN_POINT('',(77.,2.,2.));
#484=DIRECTION('',(1.,0.,0.));
#485=DIRECTION('',(0.,1.,0.));
#486=FACE_BOUND('',#487,.T.);
#487=EDGE_LOOP('',(#1683,#1684,#1685,#1686));
#488=PLANE('',#489);
#489=AXIS2_PLACEMENT_3D('',#490,#491,#492);
#490=CARTESIAN_POINT('',(0.,0.,2.));
#491=DIRECTION('',(0.,0.,1.));
#492=DIRECTION('',(1.,0.,0.));
#493=FACE_BOUND('',#494,.T.);
#494=EDGE_LOOP('',(#1687,#1688,#1689,#1690,#1691,#1692));
#495=PLANE('',#496);
#496=AXIS2_PLACEMENT_3D('',#497,#498,#499);
#497=CARTESIAN_POINT('',(97.,58.,2.));
#498=DIRECTION('',(-1.,0.,0.));
#499=DIRECTION('',(0.,-1.,0.));
#500=FACE_BOUND('',#501,.T.);
#501=EDGE_LOOP('',(#1693,#1694,#1695,#1696));
#502=PLANE('',#503);
#503=AXIS2_PLACEMENT_3D('',#504,#505,#506);
#504=CARTESIAN_POINT('',(0.,0.,22.));
#505=DIRECTION('',(0.,0.,1.));
#506=DIRECTION('',(6.12323399573677E-17,-1.,0.));
#507=FACE_BOUND('',#508,.T.);
#508=EDGE_LOOP('',(#1697,#1698,#1699,#1700,#1701,#1702));
#509=PLANE('',#510);
#510=AXIS2_PLACEMENT_3D('',#511,#512,#513);
#511=CARTESIAN_POINT('',(99.,2.,2.));
#512=DIRECTION('',(1.,0.,0.));
#513=DIRECTION('',(0.,1.,0.));
#514=FACE_BOUND('',#515,.T.);
#515=EDGE_LOOP('',(#1703,#1704,#1705,#1706));
#516=PLANE('',#517);
#517=AXIS2_PLACEMENT_3D('',#518,#519,#520);
#518=CARTESIAN_POINT('',(0.,0.,2.));
#519=DIRECTION('',(0.,0.,1.));
#520=DIRECTION('',(1.,0.,0.));
#521=FACE_BOUND('',#522,.T.);
#522=EDGE_LOOP('',(#1707,#1708,#1709,#1710,#1711,#1712));
#523=PLANE('',#524);
#524=AXIS2_PLACEMENT_3D('',#525,#526,#527);
#525=CARTESIAN_POINT('',(119.,58.,2.));
#526=DIRECTION('',(-1.,0.,0.));
#527=DIRECTION('',(0.,-1.,0.));
#528=FACE_BOUND('',#529,.T.);
#529=EDGE_LOOP('',(#1713,#1714,#1715,#1716));
#530=PLANE('',#531);
#531=AXIS2_PLACEMENT_3D('',#532,#533,#534);
#532=CARTESIAN_POINT('',(0.,0.,22.));
#533=DIRECTION('',(0.,0.,1.));
#534=DIRECTION('',(6.12323399573677E-17,-1.,0.));
#535=FACE_BOUND('',#536,.T.);
#536=EDGE_LOOP('',(#1717,#1718,#1719,#1720,#1721,#1722));
#537=PLANE('',#538);
#538=AXIS2_PLACEMENT_3D('',#539,#540,#541);
#539=CARTESIAN_POINT('',(121.,2.,2.));
#540=DIRECTION('',(1.,0.,0.));
#541=DIRECTION('',(0.,1.,0.));
#542=FACE_BOUND('',#543,.T.);
#543=EDGE_LOOP('',(#1723,#1724,#1725,#1726));
#544=PLANE('',#545);
#545=AXIS2_PLACEMENT_3D('',#546,#547,#548);
#546=CARTESIAN_POINT('',(0.,0.,2.));
#547=DIRECTION('',(0.,0.,1.));
#548=DIRECTION('',(1.,0.,0.));
#549=FACE_BOUND('',#550,.T.);
#550=EDGE_LOOP('',(#1727,#1728,#1729,#1730,#1731,#1732));
#551=PLANE('',#552);
#552=AXIS2_PLACEMENT_3D('',#553,#554,#555);
#553=CARTESIAN_POINT('',(141.,58.,2.));
#554=DIRECTION('',(-1.,0.,0.));
#555=DIRECTION('',(0.,-1.,0.));
#556=FACE_BOUND('',#557,.T.);
#557=EDGE_LOOP('',(#1733,#1734,#1735,#1736));
#558=PLANE('',#559);
#559=AXIS2_PLACEMENT_3D('',#560,#561,#562);
#560=CARTESIAN_POINT('',(0.,0.,22.));
#561=DIRECTION('',(0.,0.,1.));
#562=DIRECTION('',(6.12323399573677E-17,-1.,0.));
#563=FACE_BOUND('',#564,.T.);
#564=EDGE_LOOP('',(#1737,#1738,#1739,#1740,#1741,#1742));
#565=PLANE('',#566);
#566=AXIS2_PLACEMENT_3D('',#567,#568,#569);
#567=CARTESIAN_POINT('',(143.,2.,2.));
#568=DIRECTION('',(1.,0.,0.));
#569=DIRECTION('',(0.,1.,0.));
#570=FACE_BOUND('',#571,.T.);
#571=EDGE_LOOP('',(#1743,#1744,#1745,#1746));
#572=PLANE('',#573);
#573=AXIS2_PLACEMENT_3D('',#574,#575,#576);
#574=CARTESIAN_POINT('',(0.,0.,2.));
#575=DIRECTION('',(0.,0.,1.));
#576=DIRECTION('',(1.,0.,0.));
#577=FACE_BOUND('',#578,.T.);
#578=EDGE_LOOP('',(#1747,#1748,#1749,#1750,#1751,#1752,#1753,#1754));
#579=PLANE('',#580);
#580=AXIS2_PLACEMENT_3D('',#581,#582,#583);
#581=CARTESIAN_POINT('',(151.143593538026,-1.,5.16987882845642E-26));
#582=DIRECTION('',(-0.866025403763445,0.,0.500000000036362));
#583=DIRECTION('',(0.500000000036362,0.,0.866025403763445));
#584=FACE_BOUND('',#585,.T.);
#585=EDGE_LOOP('',(#1755,#1756,#1757,#1758));
#586=PLANE('',#587);
#587=AXIS2_PLACEMENT_3D('',#588,#589,#590);
#588=CARTESIAN_POINT('',(162.690598922938,-1.,20.));
#589=DIRECTION('',(4.61511044671454E-15,0.,1.));
#590=DIRECTION('',(1.,0.,-4.61511044671454E-15));
#591=FACE_BOUND('',#592,.T.);
#592=EDGE_LOOP('',(#1759,#1760,#1761,#1762));
#593=FACE_BOUND('',#594,.T.);
#594=EDGE_LOOP('',(#1763,#1764,#1765,#1766));
#595=PLANE('',#596);
#596=AXIS2_PLACEMENT_3D('',#597,#598,#599);
#597=CARTESIAN_POINT('',(163.,58.,2.));
#598=DIRECTION('',(-1.,0.,0.));
#599=DIRECTION('',(0.,-1.,0.));
#600=FACE_BOUND('',#601,.T.);
#601=EDGE_LOOP('',(#1767,#1768,#1769,#1770,#1771,#1772,#1773,#1774));
#602=PLANE('',#603);
#603=AXIS2_PLACEMENT_3D('',#604,#605,#606);
#604=CARTESIAN_POINT('',(0.,0.,70.));
#605=DIRECTION('',(0.,0.,1.));
#606=DIRECTION('',(1.,0.,0.));
#607=FACE_BOUND('',#608,.T.);
#608=EDGE_LOOP('',(#1775,#1776,#1777,#1778,#1779,#1780,#1781,#1782));
#609=PLANE('',#610);
#610=AXIS2_PLACEMENT_3D('',#611,#612,#613);
#611=CARTESIAN_POINT('',(0.,60.,0.));
#612=DIRECTION('',(-1.,0.,0.));
#613=DIRECTION('',(0.,-1.,0.));
#614=FACE_BOUND('',#615,.T.);
#615=EDGE_LOOP('',(#1783,#1784,#1785,#1786));
#616=PLANE('',#617);
#617=AXIS2_PLACEMENT_3D('',#618,#619,#620);
#618=CARTESIAN_POINT('',(0.,0.,21.));
#619=DIRECTION('',(0.,0.,1.));
#620=DIRECTION('',(6.12323399573677E-17,1.,0.));
#621=FACE_OUTER_BOUND('',#622,.T.);
#622=EDGE_LOOP('',(#1787));
#623=FACE_OUTER_BOUND('',#624,.T.);
#624=EDGE_LOOP('',(#1788));
#625=CYLINDRICAL_SURFACE('',#626,1.6);
#626=AXIS2_PLACEMENT_3D('',#627,#628,#629);
#627=CARTESIAN_POINT('',(4.99999999999999,-1.,40.));
#628=DIRECTION('',(0.,1.,0.));
#629=DIRECTION('',(-1.,0.,-1.22464679914735E-16));
#630=FACE_OUTER_BOUND('',#631,.T.);
#631=EDGE_LOOP('',(#1789));
#632=FACE_OUTER_BOUND('',#633,.T.);
#633=EDGE_LOOP('',(#1790));
#634=CYLINDRICAL_SURFACE('',#635,1.6);
#635=AXIS2_PLACEMENT_3D('',#636,#637,#638);
#636=CARTESIAN_POINT('',(160.,61.,67.));
#637=DIRECTION('',(0.,-1.,0.));
#638=DIRECTION('',(1.,0.,0.));
#639=FACE_BOUND('',#640,.T.);
#640=EDGE_LOOP('',(#1791,#1792,#1793,#1794));
#641=FACE_BOUND('',#642,.T.);
#642=EDGE_LOOP('',(#1795,#1796,#1797,#1798));
#643=PLANE('',#644);
#644=AXIS2_PLACEMENT_3D('',#645,#646,#647);
#645=CARTESIAN_POINT('',(165.,0.,0.));
#646=DIRECTION('',(1.,0.,0.));
#647=DIRECTION('',(0.,1.,0.));
#648=FACE_BOUND('',#649,.T.);
#649=EDGE_LOOP('',(#1799,#1800,#1801,#1802));
#650=CYLINDRICAL_SURFACE('',#651,10.);
#651=AXIS2_PLACEMENT_3D('',#652,#653,#654);
#652=CARTESIAN_POINT('',(22.5,1.,55.));
#653=DIRECTION('',(0.,-1.,0.));
#654=DIRECTION('',(1.,0.,-1.22464679914735E-16));
#655=FACE_BOUND('',#656,.T.);
#656=EDGE_LOOP('',(#1803,#1804,#1805,#1806));
#657=PLANE('',#658);
#658=AXIS2_PLACEMENT_3D('',#659,#660,#661);
#659=CARTESIAN_POINT('',(32.5,1.,20.));
#660=DIRECTION('',(1.,0.,0.));
#661=DIRECTION('',(0.,0.,1.));
#662=FACE_BOUND('',#663,.T.);
#663=EDGE_LOOP('',(#1807,#1808,#1809,#1810));
#664=CYLINDRICAL_SURFACE('',#665,10.);
#665=AXIS2_PLACEMENT_3D('',#666,#667,#668);
#666=CARTESIAN_POINT('',(22.5,1.,20.));
#667=DIRECTION('',(0.,-1.,0.));
#668=DIRECTION('',(-1.,0.,1.22464679914735E-16));
#669=FACE_BOUND('',#670,.T.);
#670=EDGE_LOOP('',(#1811,#1812,#1813,#1814));
#671=PLANE('',#672);
#672=AXIS2_PLACEMENT_3D('',#673,#674,#675);
#673=CARTESIAN_POINT('',(12.5,1.,55.));
#674=DIRECTION('',(-1.,0.,5.07530525542929E-17));
#675=DIRECTION('',(-5.07530525542929E-17,0.,-1.));
#676=FACE_BOUND('',#677,.T.);
#677=EDGE_LOOP('',(#1815,#1816,#1817,#1818));
#678=CYLINDRICAL_SURFACE('',#679,10.);
#679=AXIS2_PLACEMENT_3D('',#680,#681,#682);
#680=CARTESIAN_POINT('',(62.5,1.,20.));
#681=DIRECTION('',(0.,-1.,0.));
#682=DIRECTION('',(-1.,0.,1.22464679914735E-16));
#683=FACE_BOUND('',#684,.T.);
#684=EDGE_LOOP('',(#1819,#1820,#1821,#1822));
#685=PLANE('',#686);
#686=AXIS2_PLACEMENT_3D('',#687,#688,#689);
#687=CARTESIAN_POINT('',(52.5,1.,55.));
#688=DIRECTION('',(-1.,0.,0.));
#689=DIRECTION('',(0.,0.,-1.));
#690=FACE_BOUND('',#691,.T.);
#691=EDGE_LOOP('',(#1823,#1824,#1825,#1826));
#692=CYLINDRICAL_SURFACE('',#693,10.);
#693=AXIS2_PLACEMENT_3D('',#694,#695,#696);
#694=CARTESIAN_POINT('',(62.5,1.,55.));
#695=DIRECTION('',(0.,-1.,0.));
#696=DIRECTION('',(1.,0.,-1.22464679914735E-16));
#697=FACE_BOUND('',#698,.T.);
#698=EDGE_LOOP('',(#1827,#1828,#1829,#1830));
#699=PLANE('',#700);
#700=AXIS2_PLACEMENT_3D('',#701,#702,#703);
#701=CARTESIAN_POINT('',(72.5,1.,20.));
#702=DIRECTION('',(1.,0.,0.));
#703=DIRECTION('',(0.,0.,1.));
#704=FACE_BOUND('',#705,.T.);
#705=EDGE_LOOP('',(#1831,#1832,#1833,#1834));
#706=CYLINDRICAL_SURFACE('',#707,10.);
#707=AXIS2_PLACEMENT_3D('',#708,#709,#710);
#708=CARTESIAN_POINT('',(102.5,1.,20.));
#709=DIRECTION('',(0.,-1.,0.));
#710=DIRECTION('',(-1.,0.,1.22464679914735E-16));
#711=FACE_BOUND('',#712,.T.);
#712=EDGE_LOOP('',(#1835,#1836,#1837,#1838));
#713=PLANE('',#714);
#714=AXIS2_PLACEMENT_3D('',#715,#716,#717);
#715=CARTESIAN_POINT('',(92.5,1.,55.));
#716=DIRECTION('',(-1.,0.,0.));
#717=DIRECTION('',(0.,0.,-1.));
#718=FACE_BOUND('',#719,.T.);
#719=EDGE_LOOP('',(#1839,#1840,#1841,#1842));
#720=CYLINDRICAL_SURFACE('',#721,10.);
#721=AXIS2_PLACEMENT_3D('',#722,#723,#724);
#722=CARTESIAN_POINT('',(102.5,1.,55.));
#723=DIRECTION('',(0.,-1.,0.));
#724=DIRECTION('',(1.,0.,-1.22464679914735E-16));
#725=FACE_BOUND('',#726,.T.);
#726=EDGE_LOOP('',(#1843,#1844,#1845,#1846));
#727=PLANE('',#728);
#728=AXIS2_PLACEMENT_3D('',#729,#730,#731);
#729=CARTESIAN_POINT('',(112.5,1.,20.));
#730=DIRECTION('',(1.,0.,0.));
#731=DIRECTION('',(0.,0.,1.));
#732=FACE_BOUND('',#733,.T.);
#733=EDGE_LOOP('',(#1847,#1848,#1849,#1850));
#734=CYLINDRICAL_SURFACE('',#735,10.);
#735=AXIS2_PLACEMENT_3D('',#736,#737,#738);
#736=CARTESIAN_POINT('',(142.5,1.,20.));
#737=DIRECTION('',(0.,-1.,0.));
#738=DIRECTION('',(-1.,0.,1.22464679914735E-16));
#739=FACE_BOUND('',#740,.T.);
#740=EDGE_LOOP('',(#1851,#1852,#1853,#1854));
#741=PLANE('',#742);
#742=AXIS2_PLACEMENT_3D('',#743,#744,#745);
#743=CARTESIAN_POINT('',(132.5,1.,55.));
#744=DIRECTION('',(-1.,0.,0.));
#745=DIRECTION('',(0.,0.,-1.));
#746=FACE_BOUND('',#747,.T.);
#747=EDGE_LOOP('',(#1855,#1856,#1857,#1858));
#748=CYLINDRICAL_SURFACE('',#749,10.);
#749=AXIS2_PLACEMENT_3D('',#750,#751,#752);
#750=CARTESIAN_POINT('',(142.5,1.,55.));
#751=DIRECTION('',(0.,-1.,0.));
#752=DIRECTION('',(1.,0.,1.29862079160547E-15));
#753=FACE_BOUND('',#754,.T.);
#754=EDGE_LOOP('',(#1859,#1860,#1861,#1862));
#755=PLANE('',#756);
#756=AXIS2_PLACEMENT_3D('',#757,#758,#759);
#757=CARTESIAN_POINT('',(152.5,1.,20.));
#758=DIRECTION('',(1.,0.,0.));
#759=DIRECTION('',(0.,0.,1.));
#760=FACE_OUTER_BOUND('',#761,.T.);
#761=EDGE_LOOP('',(#1863));
#762=FACE_OUTER_BOUND('',#763,.T.);
#763=EDGE_LOOP('',(#1864));
#764=CYLINDRICAL_SURFACE('',#765,1.6);
#765=AXIS2_PLACEMENT_3D('',#766,#767,#768);
#766=CARTESIAN_POINT('',(160.,61.,67.));
#767=DIRECTION('',(0.,-1.,0.));
#768=DIRECTION('',(1.,0.,0.));
#769=FACE_OUTER_BOUND('',#770,.T.);
#770=EDGE_LOOP('',(#1865));
#771=FACE_OUTER_BOUND('',#772,.T.);
#772=EDGE_LOOP('',(#1866));
#773=CYLINDRICAL_SURFACE('',#774,1.6);
#774=AXIS2_PLACEMENT_3D('',#775,#776,#777);
#775=CARTESIAN_POINT('',(4.99999999999999,-1.,40.));
#776=DIRECTION('',(0.,1.,0.));
#777=DIRECTION('',(-1.,0.,-1.22464679914735E-16));
#778=FACE_BOUND('',#779,.T.);
#779=EDGE_LOOP('',(#1867,#1868,#1869,#1870));
#780=PLANE('',#781);
#781=AXIS2_PLACEMENT_3D('',#782,#783,#784);
#782=CARTESIAN_POINT('',(3.36602540394526,55.,16.1698729812191));
#783=DIRECTION('',(0.,1.,0.));
#784=DIRECTION('',(0.500000000036362,0.,-0.866025403763445));
#785=FACE_BOUND('',#786,.T.);
#786=EDGE_LOOP('',(#1871,#1872,#1873,#1874));
#787=PLANE('',#788);
#788=AXIS2_PLACEMENT_3D('',#789,#790,#791);
#789=CARTESIAN_POINT('',(3.36602540394526,5.,16.1698729812191));
#790=DIRECTION('',(-0.500000000036362,-1.05943726951018E-16,0.866025403763445));
#791=DIRECTION('',(-8.88178419700125E-17,1.,7.105427357601E-17));
#792=FACE_BOUND('',#793,.T.);
#793=EDGE_LOOP('',(#1875,#1876,#1877,#1878));
#794=PLANE('',#795);
#795=AXIS2_PLACEMENT_3D('',#796,#797,#798);
#796=CARTESIAN_POINT('',(9.91303078849382,5.,4.83012701885357));
#797=DIRECTION('',(3.39154455992002E-17,-1.,-5.87432749334569E-17));
#798=DIRECTION('',(-0.500000000036362,-6.78308911934674E-17,0.866025403763445));
#799=FACE_BOUND('',#800,.T.);
#800=EDGE_LOOP('',(#1879,#1880,#1881,#1882));
#801=PLANE('',#802);
#802=AXIS2_PLACEMENT_3D('',#803,#804,#805);
#803=CARTESIAN_POINT('',(9.91303078849382,55.,4.83012701885358));
#804=DIRECTION('',(0.500000000036362,6.62945397719799E-17,-0.866025403763445));
#805=DIRECTION('',(7.105427357601E-17,-1.,-3.5527136788005E-17));
#806=FACE_BOUND('',#807,.T.);
#807=EDGE_LOOP('',(#1883,#1884,#1885,#1886));
#808=CYLINDRICAL_SURFACE('',#809,10.);
#809=AXIS2_PLACEMENT_3D('',#810,#811,#812);
#810=CARTESIAN_POINT('',(142.5,60.,55.));
#811=DIRECTION('',(0.,-1.,0.));
#812=DIRECTION('',(-1.,0.,0.));
#813=FACE_BOUND('',#814,.T.);
#814=EDGE_LOOP('',(#1887,#1888,#1889,#1890));
#815=PLANE('',#816);
#816=AXIS2_PLACEMENT_3D('',#817,#818,#819);
#817=CARTESIAN_POINT('',(132.5,59.,10.));
#818=DIRECTION('',(-1.,0.,0.));
#819=DIRECTION('',(0.,0.,1.));
#820=FACE_BOUND('',#821,.T.);
#821=EDGE_LOOP('',(#1891,#1892,#1893,#1894));
#822=CYLINDRICAL_SURFACE('',#823,10.);
#823=AXIS2_PLACEMENT_3D('',#824,#825,#826);
#824=CARTESIAN_POINT('',(142.5,60.,20.));
#825=DIRECTION('',(0.,-1.,0.));
#826=DIRECTION('',(1.,0.,0.));
#827=FACE_BOUND('',#828,.T.);
#828=EDGE_LOOP('',(#1895,#1896,#1897,#1898));
#829=PLANE('',#830);
#830=AXIS2_PLACEMENT_3D('',#831,#832,#833);
#831=CARTESIAN_POINT('',(152.5,59.,65.));
#832=DIRECTION('',(1.,0.,0.));
#833=DIRECTION('',(0.,0.,-1.));
#834=FACE_BOUND('',#835,.T.);
#835=EDGE_LOOP('',(#1899,#1900,#1901,#1902));
#836=CYLINDRICAL_SURFACE('',#837,10.);
#837=AXIS2_PLACEMENT_3D('',#838,#839,#840);
#838=CARTESIAN_POINT('',(102.5,60.,55.));
#839=DIRECTION('',(0.,-1.,0.));
#840=DIRECTION('',(-1.,0.,0.));
#841=FACE_BOUND('',#842,.T.);
#842=EDGE_LOOP('',(#1903,#1904,#1905,#1906));
#843=PLANE('',#844);
#844=AXIS2_PLACEMENT_3D('',#845,#846,#847);
#845=CARTESIAN_POINT('',(92.5,59.,10.));
#846=DIRECTION('',(-1.,0.,0.));
#847=DIRECTION('',(0.,0.,1.));
#848=FACE_BOUND('',#849,.T.);
#849=EDGE_LOOP('',(#1907,#1908,#1909,#1910));
#850=CYLINDRICAL_SURFACE('',#851,10.);
#851=AXIS2_PLACEMENT_3D('',#852,#853,#854);
#852=CARTESIAN_POINT('',(102.5,60.,20.));
#853=DIRECTION('',(0.,-1.,0.));
#854=DIRECTION('',(1.,0.,0.));
#855=FACE_BOUND('',#856,.T.);
#856=EDGE_LOOP('',(#1911,#1912,#1913,#1914));
#857=PLANE('',#858);
#858=AXIS2_PLACEMENT_3D('',#859,#860,#861);
#859=CARTESIAN_POINT('',(112.5,59.,65.));
#860=DIRECTION('',(1.,0.,0.));
#861=DIRECTION('',(0.,0.,-1.));
#862=FACE_BOUND('',#863,.T.);
#863=EDGE_LOOP('',(#1915,#1916,#1917,#1918));
#864=CYLINDRICAL_SURFACE('',#865,10.);
#865=AXIS2_PLACEMENT_3D('',#866,#867,#868);
#866=CARTESIAN_POINT('',(62.5,60.,55.));
#867=DIRECTION('',(0.,-1.,0.));
#868=DIRECTION('',(-1.,0.,0.));
#869=FACE_BOUND('',#870,.T.);
#870=EDGE_LOOP('',(#1919,#1920,#1921,#1922));
#871=PLANE('',#872);
#872=AXIS2_PLACEMENT_3D('',#873,#874,#875);
#873=CARTESIAN_POINT('',(52.5,59.,10.));
#874=DIRECTION('',(-1.,0.,0.));
#875=DIRECTION('',(0.,0.,1.));
#876=FACE_BOUND('',#877,.T.);
#877=EDGE_LOOP('',(#1923,#1924,#1925,#1926));
#878=CYLINDRICAL_SURFACE('',#879,10.);
#879=AXIS2_PLACEMENT_3D('',#880,#881,#882);
#880=CARTESIAN_POINT('',(62.5,60.,20.));
#881=DIRECTION('',(0.,-1.,0.));
#882=DIRECTION('',(1.,0.,0.));
#883=FACE_BOUND('',#884,.T.);
#884=EDGE_LOOP('',(#1927,#1928,#1929,#1930));
#885=PLANE('',#886);
#886=AXIS2_PLACEMENT_3D('',#887,#888,#889);
#887=CARTESIAN_POINT('',(72.5,59.,65.));
#888=DIRECTION('',(1.,0.,0.));
#889=DIRECTION('',(0.,0.,-1.));
#890=FACE_BOUND('',#891,.T.);
#891=EDGE_LOOP('',(#1931,#1932,#1933,#1934));
#892=CYLINDRICAL_SURFACE('',#893,10.);
#893=AXIS2_PLACEMENT_3D('',#894,#895,#896);
#894=CARTESIAN_POINT('',(22.5,59.,55.));
#895=DIRECTION('',(0.,1.,0.));
#896=DIRECTION('',(1.,0.,0.));
#897=FACE_BOUND('',#898,.T.);
#898=EDGE_LOOP('',(#1935,#1936,#1937,#1938));
#899=PLANE('',#900);
#900=AXIS2_PLACEMENT_3D('',#901,#902,#903);
#901=CARTESIAN_POINT('',(12.5,59.,10.));
#902=DIRECTION('',(-1.,0.,3.22973970800046E-17));
#903=DIRECTION('',(3.22973970800046E-17,0.,1.));
#904=FACE_BOUND('',#905,.T.);
#905=EDGE_LOOP('',(#1939,#1940,#1941,#1942));
#906=CYLINDRICAL_SURFACE('',#907,10.);
#907=AXIS2_PLACEMENT_3D('',#908,#909,#910);
#908=CARTESIAN_POINT('',(22.5,59.,20.));
#909=DIRECTION('',(0.,1.,0.));
#910=DIRECTION('',(-1.,0.,0.));
#911=FACE_BOUND('',#912,.T.);
#912=EDGE_LOOP('',(#1943,#1944,#1945,#1946));
#913=PLANE('',#914);
#914=AXIS2_PLACEMENT_3D('',#915,#916,#917);
#915=CARTESIAN_POINT('',(32.5,59.,65.));
#916=DIRECTION('',(1.,0.,0.));
#917=DIRECTION('',(0.,0.,-1.));
#918=FACE_BOUND('',#919,.T.);
#919=EDGE_LOOP('',(#1947,#1948,#1949,#1950));
#920=PLANE('',#921);
#921=AXIS2_PLACEMENT_3D('',#922,#923,#924);
#922=CARTESIAN_POINT('',(161.633974596055,5.,16.1698729812191));
#923=DIRECTION('',(-3.39154455992004E-17,-1.,-5.87432749334568E-17));
#924=DIRECTION('',(-0.500000000036362,6.78308911934674E-17,-0.866025403763445));
#925=FACE_BOUND('',#926,.T.);
#926=EDGE_LOOP('',(#1951,#1952,#1953,#1954));
#927=PLANE('',#928);
#928=AXIS2_PLACEMENT_3D('',#929,#930,#931);
#929=CARTESIAN_POINT('',(161.633974596055,55.,16.1698729812192));
#930=DIRECTION('',(0.500000000036365,-5.3035631817584E-16,0.866025403763443));
#931=DIRECTION('',(-5.6843418860808E-16,-1.,-2.8421709430404E-16));
#932=FACE_BOUND('',#933,.T.);
#933=EDGE_LOOP('',(#1955,#1956,#1957,#1958));
#934=PLANE('',#935);
#935=AXIS2_PLACEMENT_3D('',#936,#937,#938);
#936=CARTESIAN_POINT('',(155.086969211506,55.,4.83012701885359));
#937=DIRECTION('',(0.,1.,0.));
#938=DIRECTION('',(0.500000000036363,0.,0.866025403763444));
#939=FACE_BOUND('',#940,.T.);
#940=EDGE_LOOP('',(#1959,#1960,#1961,#1962));
#941=PLANE('',#942);
#942=AXIS2_PLACEMENT_3D('',#943,#944,#945);
#943=CARTESIAN_POINT('',(155.086969211506,5.,4.83012701885359));
#944=DIRECTION('',(-0.500000000036365,0.,-0.866025403763443));
#945=DIRECTION('',(0.,1.,0.));
#946=FACE_BOUND('',#947,.T.);
#947=EDGE_LOOP('',(#1963,#1964,#1965,#1966));
#948=PLANE('',#949);
#949=AXIS2_PLACEMENT_3D('',#950,#951,#952);
#950=CARTESIAN_POINT('',(0.,0.,2.));
#951=DIRECTION('',(0.,0.,1.));
#952=DIRECTION('',(1.,0.,0.));
#953=FACE_BOUND('',#954,.T.);
#954=EDGE_LOOP('',(#1967,#1968,#1969,#1970,#1971,#1972));
#955=PLANE('',#956);
#956=AXIS2_PLACEMENT_3D('',#957,#958,#959);
#957=CARTESIAN_POINT('',(143.,2.,2.));
#958=DIRECTION('',(1.,0.,0.));
#959=DIRECTION('',(0.,1.,0.));
#960=FACE_BOUND('',#961,.T.);
#961=EDGE_LOOP('',(#1973,#1974,#1975,#1976));
#962=PLANE('',#963);
#963=AXIS2_PLACEMENT_3D('',#964,#965,#966);
#964=CARTESIAN_POINT('',(0.,0.,22.));
#965=DIRECTION('',(0.,0.,1.));
#966=DIRECTION('',(6.12323399573677E-17,-1.,0.));
#967=FACE_BOUND('',#968,.T.);
#968=EDGE_LOOP('',(#1977,#1978,#1979,#1980,#1981,#1982));
#969=PLANE('',#970);
#970=AXIS2_PLACEMENT_3D('',#971,#972,#973);
#971=CARTESIAN_POINT('',(141.,58.,2.));
#972=DIRECTION('',(-1.,0.,0.));
#973=DIRECTION('',(0.,-1.,0.));
#974=FACE_BOUND('',#975,.T.);
#975=EDGE_LOOP('',(#1983,#1984,#1985,#1986));
#976=PLANE('',#977);
#977=AXIS2_PLACEMENT_3D('',#978,#979,#980);
#978=CARTESIAN_POINT('',(0.,0.,2.));
#979=DIRECTION('',(0.,0.,1.));
#980=DIRECTION('',(1.,0.,0.));
#981=FACE_BOUND('',#982,.T.);
#982=EDGE_LOOP('',(#1987,#1988,#1989,#1990,#1991,#1992));
#983=PLANE('',#984);
#984=AXIS2_PLACEMENT_3D('',#985,#986,#987);
#985=CARTESIAN_POINT('',(121.,2.,2.));
#986=DIRECTION('',(1.,0.,0.));
#987=DIRECTION('',(0.,1.,0.));
#988=FACE_BOUND('',#989,.T.);
#989=EDGE_LOOP('',(#1993,#1994,#1995,#1996));
#990=PLANE('',#991);
#991=AXIS2_PLACEMENT_3D('',#992,#993,#994);
#992=CARTESIAN_POINT('',(0.,0.,22.));
#993=DIRECTION('',(0.,0.,1.));
#994=DIRECTION('',(6.12323399573677E-17,-1.,0.));
#995=FACE_BOUND('',#996,.T.);
#996=EDGE_LOOP('',(#1997,#1998,#1999,#2000,#2001,#2002));
#997=PLANE('',#998);
#998=AXIS2_PLACEMENT_3D('',#999,#1000,#1001);
#999=CARTESIAN_POINT('',(119.,58.,2.));
#1000=DIRECTION('',(-1.,0.,0.));
#1001=DIRECTION('',(0.,-1.,0.));
#1002=FACE_BOUND('',#1003,.T.);
#1003=EDGE_LOOP('',(#2003,#2004,#2005,#2006));
#1004=PLANE('',#1005);
#1005=AXIS2_PLACEMENT_3D('',#1006,#1007,#1008);
#1006=CARTESIAN_POINT('',(0.,0.,2.));
#1007=DIRECTION('',(0.,0.,1.));
#1008=DIRECTION('',(1.,0.,0.));
#1009=FACE_BOUND('',#1010,.T.);
#1010=EDGE_LOOP('',(#2007,#2008,#2009,#2010,#2011,#2012));
#1011=PLANE('',#1012);
#1012=AXIS2_PLACEMENT_3D('',#1013,#1014,#1015);
#1013=CARTESIAN_POINT('',(99.,2.,2.));
#1014=DIRECTION('',(1.,0.,0.));
#1015=DIRECTION('',(0.,1.,0.));
#1016=FACE_BOUND('',#1017,.T.);
#1017=EDGE_LOOP('',(#2013,#2014,#2015,#2016));
#1018=PLANE('',#1019);
#1019=AXIS2_PLACEMENT_3D('',#1020,#1021,#1022);
#1020=CARTESIAN_POINT('',(0.,0.,22.));
#1021=DIRECTION('',(0.,0.,1.));
#1022=DIRECTION('',(6.12323399573677E-17,-1.,0.));
#1023=FACE_BOUND('',#1024,.T.);
#1024=EDGE_LOOP('',(#2017,#2018,#2019,#2020,#2021,#2022));
#1025=PLANE('',#1026);
#1026=AXIS2_PLACEMENT_3D('',#1027,#1028,#1029);
#1027=CARTESIAN_POINT('',(97.,58.,2.));
#1028=DIRECTION('',(-1.,0.,0.));
#1029=DIRECTION('',(0.,-1.,0.));
#1030=FACE_BOUND('',#1031,.T.);
#1031=EDGE_LOOP('',(#2023,#2024,#2025,#2026));
#1032=PLANE('',#1033);
#1033=AXIS2_PLACEMENT_3D('',#1034,#1035,#1036);
#1034=CARTESIAN_POINT('',(0.,0.,2.));
#1035=DIRECTION('',(0.,0.,1.));
#1036=DIRECTION('',(1.,0.,0.));
#1037=FACE_BOUND('',#1038,.T.);
#1038=EDGE_LOOP('',(#2027,#2028,#2029,#2030,#2031,#2032));
#1039=PLANE('',#1040);
#1040=AXIS2_PLACEMENT_3D('',#1041,#1042,#1043);
#1041=CARTESIAN_POINT('',(77.,2.,2.));
#1042=DIRECTION('',(1.,0.,0.));
#1043=DIRECTION('',(0.,1.,0.));
#1044=FACE_BOUND('',#1045,.T.);
#1045=EDGE_LOOP('',(#2033,#2034,#2035,#2036));
#1046=PLANE('',#1047);
#1047=AXIS2_PLACEMENT_3D('',#1048,#1049,#1050);
#1048=CARTESIAN_POINT('',(0.,0.,22.));
#1049=DIRECTION('',(0.,0.,1.));
#1050=DIRECTION('',(6.12323399573677E-17,-1.,0.));
#1051=FACE_BOUND('',#1052,.T.);
#1052=EDGE_LOOP('',(#2037,#2038,#2039,#2040,#2041,#2042));
#1053=PLANE('',#1054);
#1054=AXIS2_PLACEMENT_3D('',#1055,#1056,#1057);
#1055=CARTESIAN_POINT('',(75.,58.,2.));
#1056=DIRECTION('',(-1.,0.,0.));
#1057=DIRECTION('',(0.,-1.,0.));
#1058=FACE_BOUND('',#1059,.T.);
#1059=EDGE_LOOP('',(#2043,#2044,#2045,#2046));
#1060=PLANE('',#1061);
#1061=AXIS2_PLACEMENT_3D('',#1062,#1063,#1064);
#1062=CARTESIAN_POINT('',(0.,0.,2.));
#1063=DIRECTION('',(0.,0.,1.));
#1064=DIRECTION('',(1.,0.,0.));
#1065=FACE_BOUND('',#1066,.T.);
#1066=EDGE_LOOP('',(#2047,#2048,#2049,#2050,#2051,#2052));
#1067=PLANE('',#1068);
#1068=AXIS2_PLACEMENT_3D('',#1069,#1070,#1071);
#1069=CARTESIAN_POINT('',(55.,2.,2.));
#1070=DIRECTION('',(1.,0.,0.));
#1071=DIRECTION('',(0.,1.,0.));
#1072=FACE_BOUND('',#1073,.T.);
#1073=EDGE_LOOP('',(#2053,#2054,#2055,#2056));
#1074=PLANE('',#1075);
#1075=AXIS2_PLACEMENT_3D('',#1076,#1077,#1078);
#1076=CARTESIAN_POINT('',(0.,0.,22.));
#1077=DIRECTION('',(0.,0.,1.));
#1078=DIRECTION('',(6.12323399573677E-17,-1.,0.));
#1079=FACE_BOUND('',#1080,.T.);
#1080=EDGE_LOOP('',(#2057,#2058,#2059,#2060,#2061,#2062));
#1081=PLANE('',#1082);
#1082=AXIS2_PLACEMENT_3D('',#1083,#1084,#1085);
#1083=CARTESIAN_POINT('',(53.,58.,2.));
#1084=DIRECTION('',(-1.,0.,0.));
#1085=DIRECTION('',(0.,-1.,0.));
#1086=FACE_BOUND('',#1087,.T.);
#1087=EDGE_LOOP('',(#2063,#2064,#2065,#2066));
#1088=PLANE('',#1089);
#1089=AXIS2_PLACEMENT_3D('',#1090,#1091,#1092);
#1090=CARTESIAN_POINT('',(0.,0.,2.));
#1091=DIRECTION('',(0.,0.,1.));
#1092=DIRECTION('',(1.,0.,0.));
#1093=FACE_BOUND('',#1094,.T.);
#1094=EDGE_LOOP('',(#2067,#2068,#2069,#2070,#2071,#2072));
#1095=PLANE('',#1096);
#1096=AXIS2_PLACEMENT_3D('',#1097,#1098,#1099);
#1097=CARTESIAN_POINT('',(33.,2.,2.));
#1098=DIRECTION('',(1.,0.,0.));
#1099=DIRECTION('',(0.,1.,0.));
#1100=FACE_BOUND('',#1101,.T.);
#1101=EDGE_LOOP('',(#2073,#2074,#2075,#2076));
#1102=PLANE('',#1103);
#1103=AXIS2_PLACEMENT_3D('',#1104,#1105,#1106);
#1104=CARTESIAN_POINT('',(0.,0.,22.));
#1105=DIRECTION('',(0.,0.,1.));
#1106=DIRECTION('',(6.12323399573677E-17,-1.,0.));
#1107=FACE_BOUND('',#1108,.T.);
#1108=EDGE_LOOP('',(#2077,#2078,#2079,#2080,#2081,#2082));
#1109=PLANE('',#1110);
#1110=AXIS2_PLACEMENT_3D('',#1111,#1112,#1113);
#1111=CARTESIAN_POINT('',(31.,58.,2.));
#1112=DIRECTION('',(-1.,-6.34413156928661E-17,0.));
#1113=DIRECTION('',(6.34413156928661E-17,-1.,0.));
#1114=FACE_BOUND('',#1115,.T.);
#1115=EDGE_LOOP('',(#2083,#2084,#2085,#2086));
#1116=PLANE('',#1117);
#1117=AXIS2_PLACEMENT_3D('',#1118,#1119,#1120);
#1118=CARTESIAN_POINT('',(144.,25.0000000000008,7.00000000004542));
#1119=DIRECTION('',(0.,-0.650791373454816,-0.759256602366285));
#1120=DIRECTION('',(0.,-0.759256602366285,0.650791373454816));
#1121=FACE_BOUND('',#1122,.T.);
#1122=EDGE_LOOP('',(#2087,#2088,#2089,#2090));
#1123=PLANE('',#1124);
#1124=AXIS2_PLACEMENT_3D('',#1125,#1126,#1127);
#1125=CARTESIAN_POINT('',(2.00000000000005,29.,2.));
#1126=DIRECTION('',(6.6199633766469E-17,-1.,0.));
#1127=DIRECTION('',(1.,6.6199633766469E-17,0.));
#1128=FACE_BOUND('',#1129,.T.);
#1129=EDGE_LOOP('',(#2091,#2092,#2093,#2094));
#1130=PLANE('',#1131);
#1131=AXIS2_PLACEMENT_3D('',#1132,#1133,#1134);
#1132=CARTESIAN_POINT('',(144.,25.0000000000008,7.00000000004542));
#1133=DIRECTION('',(0.,-0.650791373454816,-0.759256602366285));
#1134=DIRECTION('',(0.,-0.759256602366285,0.650791373454816));
#1135=FACE_BOUND('',#1136,.T.);
#1136=EDGE_LOOP('',(#2095,#2096,#2097,#2098));
#1137=PLANE('',#1138);
#1138=AXIS2_PLACEMENT_3D('',#1139,#1140,#1141);
#1139=CARTESIAN_POINT('',(2.00000000000005,29.,2.));
#1140=DIRECTION('',(6.6199633766469E-17,-1.,0.));
#1141=DIRECTION('',(1.,6.6199633766469E-17,0.));
#1142=FACE_BOUND('',#1143,.T.);
#1143=EDGE_LOOP('',(#2099,#2100,#2101,#2102));
#1144=PLANE('',#1145);
#1145=AXIS2_PLACEMENT_3D('',#1146,#1147,#1148);
#1146=CARTESIAN_POINT('',(144.,25.0000000000008,7.00000000004542));
#1147=DIRECTION('',(0.,-0.650791373454816,-0.759256602366285));
#1148=DIRECTION('',(0.,-0.759256602366285,0.650791373454816));
#1149=FACE_BOUND('',#1150,.T.);
#1150=EDGE_LOOP('',(#2103,#2104,#2105,#2106));
#1151=PLANE('',#1152);
#1152=AXIS2_PLACEMENT_3D('',#1153,#1154,#1155);
#1153=CARTESIAN_POINT('',(2.00000000000005,29.,2.));
#1154=DIRECTION('',(6.6199633766469E-17,-1.,0.));
#1155=DIRECTION('',(1.,6.6199633766469E-17,0.));
#1156=FACE_BOUND('',#1157,.T.);
#1157=EDGE_LOOP('',(#2107,#2108,#2109,#2110));
#1158=PLANE('',#1159);
#1159=AXIS2_PLACEMENT_3D('',#1160,#1161,#1162);
#1160=CARTESIAN_POINT('',(144.,25.0000000000008,7.00000000004542));
#1161=DIRECTION('',(0.,-0.650791373454816,-0.759256602366285));
#1162=DIRECTION('',(0.,-0.759256602366285,0.650791373454816));
#1163=FACE_BOUND('',#1164,.T.);
#1164=EDGE_LOOP('',(#2111,#2112,#2113,#2114));
#1165=PLANE('',#1166);
#1166=AXIS2_PLACEMENT_3D('',#1167,#1168,#1169);
#1167=CARTESIAN_POINT('',(2.00000000000005,29.,2.));
#1168=DIRECTION('',(6.6199633766469E-17,-1.,0.));
#1169=DIRECTION('',(1.,6.6199633766469E-17,0.));
#1170=FACE_BOUND('',#1171,.T.);
#1171=EDGE_LOOP('',(#2115,#2116,#2117,#2118));
#1172=PLANE('',#1173);
#1173=AXIS2_PLACEMENT_3D('',#1174,#1175,#1176);
#1174=CARTESIAN_POINT('',(144.,25.0000000000008,7.00000000004542));
#1175=DIRECTION('',(0.,-0.650791373454816,-0.759256602366285));
#1176=DIRECTION('',(0.,-0.759256602366285,0.650791373454816));
#1177=FACE_BOUND('',#1178,.T.);
#1178=EDGE_LOOP('',(#2119,#2120,#2121,#2122));
#1179=PLANE('',#1180);
#1180=AXIS2_PLACEMENT_3D('',#1181,#1182,#1183);
#1181=CARTESIAN_POINT('',(2.00000000000005,29.,2.));
#1182=DIRECTION('',(6.6199633766469E-17,-1.,0.));
#1183=DIRECTION('',(1.,6.6199633766469E-17,0.));
#1184=FACE_BOUND('',#1185,.T.);
#1185=EDGE_LOOP('',(#2123,#2124,#2125,#2126));
#1186=PLANE('',#1187);
#1187=AXIS2_PLACEMENT_3D('',#1188,#1189,#1190);
#1188=CARTESIAN_POINT('',(144.,25.0000000000008,7.00000000004542));
#1189=DIRECTION('',(0.,-0.650791373454816,-0.759256602366285));
#1190=DIRECTION('',(0.,-0.759256602366285,0.650791373454816));
#1191=FACE_BOUND('',#1192,.T.);
#1192=EDGE_LOOP('',(#2127,#2128,#2129,#2130));
#1193=PLANE('',#1194);
#1194=AXIS2_PLACEMENT_3D('',#1195,#1196,#1197);
#1195=CARTESIAN_POINT('',(2.00000000000005,29.,2.));
#1196=DIRECTION('',(6.6199633766469E-17,-1.,0.));
#1197=DIRECTION('',(1.,6.6199633766469E-17,0.));
#1198=FACE_BOUND('',#1199,.T.);
#1199=EDGE_LOOP('',(#2131,#2132,#2133,#2134));
#1200=PLANE('',#1201);
#1201=AXIS2_PLACEMENT_3D('',#1202,#1203,#1204);
#1202=CARTESIAN_POINT('',(163.,31.,2.));
#1203=DIRECTION('',(-6.61996337664689E-17,1.,0.));
#1204=DIRECTION('',(-1.,-6.61996337664689E-17,0.));
#1205=FACE_BOUND('',#1206,.T.);
#1206=EDGE_LOOP('',(#2135,#2136,#2137,#2138));
#1207=PLANE('',#1208);
#1208=AXIS2_PLACEMENT_3D('',#1209,#1210,#1211);
#1209=CARTESIAN_POINT('',(144.,52.5,22.));
#1210=DIRECTION('',(0.,0.650791373455841,-0.759256602365406));
#1211=DIRECTION('',(0.,-0.759256602365406,-0.650791373455841));
#1212=FACE_BOUND('',#1213,.T.);
#1213=EDGE_LOOP('',(#2139,#2140,#2141,#2142));
#1214=PLANE('',#1215);
#1215=AXIS2_PLACEMENT_3D('',#1216,#1217,#1218);
#1216=CARTESIAN_POINT('',(163.,31.,2.));
#1217=DIRECTION('',(-6.61996337664689E-17,1.,0.));
#1218=DIRECTION('',(-1.,-6.61996337664689E-17,0.));
#1219=FACE_BOUND('',#1220,.T.);
#1220=EDGE_LOOP('',(#2143,#2144,#2145,#2146));
#1221=PLANE('',#1222);
#1222=AXIS2_PLACEMENT_3D('',#1223,#1224,#1225);
#1223=CARTESIAN_POINT('',(144.,52.5,22.));
#1224=DIRECTION('',(0.,0.650791373455841,-0.759256602365406));
#1225=DIRECTION('',(0.,-0.759256602365406,-0.650791373455841));
#1226=FACE_BOUND('',#1227,.T.);
#1227=EDGE_LOOP('',(#2147,#2148,#2149,#2150));
#1228=PLANE('',#1229);
#1229=AXIS2_PLACEMENT_3D('',#1230,#1231,#1232);
#1230=CARTESIAN_POINT('',(163.,31.,2.));
#1231=DIRECTION('',(-6.61996337664689E-17,1.,0.));
#1232=DIRECTION('',(-1.,-6.61996337664689E-17,0.));
#1233=FACE_BOUND('',#1234,.T.);
#1234=EDGE_LOOP('',(#2151,#2152,#2153,#2154));
#1235=PLANE('',#1236);
#1236=AXIS2_PLACEMENT_3D('',#1237,#1238,#1239);
#1237=CARTESIAN_POINT('',(144.,52.5,22.));
#1238=DIRECTION('',(0.,0.650791373455841,-0.759256602365406));
#1239=DIRECTION('',(0.,-0.759256602365406,-0.650791373455841));
#1240=FACE_BOUND('',#1241,.T.);
#1241=EDGE_LOOP('',(#2155,#2156,#2157,#2158));
#1242=PLANE('',#1243);
#1243=AXIS2_PLACEMENT_3D('',#1244,#1245,#1246);
#1244=CARTESIAN_POINT('',(163.,31.,2.));
#1245=DIRECTION('',(-6.61996337664689E-17,1.,0.));
#1246=DIRECTION('',(-1.,-6.61996337664689E-17,0.));
#1247=FACE_BOUND('',#1248,.T.);
#1248=EDGE_LOOP('',(#2159,#2160,#2161,#2162));
#1249=PLANE('',#1250);
#1250=AXIS2_PLACEMENT_3D('',#1251,#1252,#1253);
#1251=CARTESIAN_POINT('',(144.,52.5,22.));
#1252=DIRECTION('',(0.,0.650791373455841,-0.759256602365406));
#1253=DIRECTION('',(0.,-0.759256602365406,-0.650791373455841));
#1254=FACE_BOUND('',#1255,.T.);
#1255=EDGE_LOOP('',(#2163,#2164,#2165,#2166));
#1256=PLANE('',#1257);
#1257=AXIS2_PLACEMENT_3D('',#1258,#1259,#1260);
#1258=CARTESIAN_POINT('',(163.,31.,2.));
#1259=DIRECTION('',(-6.61996337664689E-17,1.,0.));
#1260=DIRECTION('',(-1.,-6.61996337664689E-17,0.));
#1261=FACE_BOUND('',#1262,.T.);
#1262=EDGE_LOOP('',(#2167,#2168,#2169,#2170));
#1263=PLANE('',#1264);
#1264=AXIS2_PLACEMENT_3D('',#1265,#1266,#1267);
#1265=CARTESIAN_POINT('',(144.,52.5,22.));
#1266=DIRECTION('',(0.,0.650791373455841,-0.759256602365406));
#1267=DIRECTION('',(0.,-0.759256602365406,-0.650791373455841));
#1268=FACE_BOUND('',#1269,.T.);
#1269=EDGE_LOOP('',(#2171,#2172,#2173,#2174));
#1270=PLANE('',#1271);
#1271=AXIS2_PLACEMENT_3D('',#1272,#1273,#1274);
#1272=CARTESIAN_POINT('',(163.,31.,2.));
#1273=DIRECTION('',(-6.61996337664689E-17,1.,0.));
#1274=DIRECTION('',(-1.,-6.61996337664689E-17,0.));
#1275=FACE_BOUND('',#1276,.T.);
#1276=EDGE_LOOP('',(#2175,#2176,#2177,#2178));
#1277=PLANE('',#1278);
#1278=AXIS2_PLACEMENT_3D('',#1279,#1280,#1281);
#1279=CARTESIAN_POINT('',(0.,22.5,55.));
#1280=DIRECTION('',(0.,-1.,1.1842378929335E-15));
#1281=DIRECTION('',(0.,-1.1842378929335E-15,-1.));
#1282=FACE_BOUND('',#1283,.T.);
#1283=EDGE_LOOP('',(#2179,#2180,#2181,#2182));
#1284=PLANE('',#1285);
#1285=AXIS2_PLACEMENT_3D('',#1286,#1287,#1288);
#1286=CARTESIAN_POINT('',(0.,22.5,49.));
#1287=DIRECTION('',(0.,0.,-1.));
#1288=DIRECTION('',(0.,1.,0.));
#1289=FACE_BOUND('',#1290,.T.);
#1290=EDGE_LOOP('',(#2183,#2184,#2185,#2186));
#1291=PLANE('',#1292);
#1292=AXIS2_PLACEMENT_3D('',#1293,#1294,#1295);
#1293=CARTESIAN_POINT('',(0.,37.5,49.));
#1294=DIRECTION('',(0.,1.,-1.06581410364015E-14));
#1295=DIRECTION('',(0.,1.06581410364015E-14,1.));
#1296=FACE_BOUND('',#1297,.T.);
#1297=EDGE_LOOP('',(#2187,#2188,#2189,#2190));
#1298=PLANE('',#1299);
#1299=AXIS2_PLACEMENT_3D('',#1300,#1301,#1302);
#1300=CARTESIAN_POINT('',(0.,37.5000000000002,55.));
#1301=DIRECTION('',(0.,8.52651282912109E-15,1.));
#1302=DIRECTION('',(0.,-1.,8.52651282912109E-15));
#1303=FACE_BOUND('',#1304,.T.);
#1304=EDGE_LOOP('',(#2191,#2192,#2193,#2194));
#1305=PLANE('',#1306);
#1306=AXIS2_PLACEMENT_3D('',#1307,#1308,#1309);
#1307=CARTESIAN_POINT('',(0.,1.,0.));
#1308=DIRECTION('',(0.,-1.,0.));
#1309=DIRECTION('',(-1.,0.,1.22464679914735E-16));
#1310=FACE_BOUND('',#1311,.T.);
#1311=EDGE_LOOP('',(#2195,#2196,#2197,#2198));
#1312=PLANE('',#1313);
#1313=AXIS2_PLACEMENT_3D('',#1314,#1315,#1316);
#1314=CARTESIAN_POINT('',(0.,1.,0.));
#1315=DIRECTION('',(0.,-1.,0.));
#1316=DIRECTION('',(-1.,0.,1.22464679914735E-16));
#1317=FACE_BOUND('',#1318,.T.);
#1318=EDGE_LOOP('',(#2199,#2200,#2201,#2202));
#1319=PLANE('',#1320);
#1320=AXIS2_PLACEMENT_3D('',#1321,#1322,#1323);
#1321=CARTESIAN_POINT('',(0.,1.,0.));
#1322=DIRECTION('',(0.,-1.,0.));
#1323=DIRECTION('',(-1.,0.,1.22464679914735E-16));
#1324=FACE_BOUND('',#1325,.T.);
#1325=EDGE_LOOP('',(#2203,#2204,#2205,#2206));
#1326=PLANE('',#1327);
#1327=AXIS2_PLACEMENT_3D('',#1328,#1329,#1330);
#1328=CARTESIAN_POINT('',(0.,1.,0.));
#1329=DIRECTION('',(0.,-1.,0.));
#1330=DIRECTION('',(-1.,0.,1.22464679914735E-16));
#1331=FACE_BOUND('',#1332,.T.);
#1332=EDGE_LOOP('',(#2207,#2208,#2209,#2210));
#1333=PLANE('',#1334);
#1334=AXIS2_PLACEMENT_3D('',#1335,#1336,#1337);
#1335=CARTESIAN_POINT('',(9.52627944202771,0.,5.5000000007636));
#1336=DIRECTION('',(-0.866025403763445,-5.55111512312578E-17,-0.500000000036362));
#1337=DIRECTION('',(-7.86902371393341E-17,1.,2.52731863173124E-17));
#1338=FACE_BOUND('',#1339,.T.);
#1339=EDGE_LOOP('',(#2211,#2212,#2213,#2214));
#1340=PLANE('',#1341);
#1341=AXIS2_PLACEMENT_3D('',#1342,#1343,#1344);
#1342=CARTESIAN_POINT('',(0.,59.,0.));
#1343=DIRECTION('',(0.,1.,0.));
#1344=DIRECTION('',(1.,0.,0.));
#1345=FACE_BOUND('',#1346,.T.);
#1346=EDGE_LOOP('',(#2215,#2216,#2217,#2218));
#1347=PLANE('',#1348);
#1348=AXIS2_PLACEMENT_3D('',#1349,#1350,#1351);
#1349=CARTESIAN_POINT('',(0.,59.,0.));
#1350=DIRECTION('',(0.,1.,0.));
#1351=DIRECTION('',(1.,0.,0.));
#1352=FACE_BOUND('',#1353,.T.);
#1353=EDGE_LOOP('',(#2219,#2220,#2221,#2222));
#1354=PLANE('',#1355);
#1355=AXIS2_PLACEMENT_3D('',#1356,#1357,#1358);
#1356=CARTESIAN_POINT('',(0.,59.,0.));
#1357=DIRECTION('',(0.,1.,0.));
#1358=DIRECTION('',(1.,0.,0.));
#1359=FACE_BOUND('',#1360,.T.);
#1360=EDGE_LOOP('',(#2223,#2224,#2225,#2226));
#1361=PLANE('',#1362);
#1362=AXIS2_PLACEMENT_3D('',#1363,#1364,#1365);
#1363=CARTESIAN_POINT('',(0.,59.,0.));
#1364=DIRECTION('',(0.,1.,0.));
#1365=DIRECTION('',(1.,0.,0.));
#1366=FACE_BOUND('',#1367,.T.);
#1367=EDGE_LOOP('',(#2227,#2228,#2229,#2230));
#1368=PLANE('',#1369);
#1369=AXIS2_PLACEMENT_3D('',#1370,#1371,#1372);
#1370=CARTESIAN_POINT('',(114.223720551973,0.,-65.9470958149166));
#1371=DIRECTION('',(0.866025403763445,-5.55111512312578E-17,-0.500000000036362));
#1372=DIRECTION('',(-7.86902371393341E-17,-1.,-2.52731863173124E-17));
#1373=ORIENTED_EDGE('',*,*,#2231,.F.);
#1374=ORIENTED_EDGE('',*,*,#2232,.F.);
#1375=ORIENTED_EDGE('',*,*,#2233,.F.);
#1376=ORIENTED_EDGE('',*,*,#2234,.F.);
#1377=ORIENTED_EDGE('',*,*,#2235,.T.);
#1378=ORIENTED_EDGE('',*,*,#2236,.T.);
#1379=ORIENTED_EDGE('',*,*,#2237,.T.);
#1380=ORIENTED_EDGE('',*,*,#2238,.T.);
#1381=ORIENTED_EDGE('',*,*,#2239,.T.);
#1382=ORIENTED_EDGE('',*,*,#2240,.T.);
#1383=ORIENTED_EDGE('',*,*,#2241,.F.);
#1384=ORIENTED_EDGE('',*,*,#2242,.T.);
#1385=ORIENTED_EDGE('',*,*,#2243,.F.);
#1386=ORIENTED_EDGE('',*,*,#2244,.T.);
#1387=ORIENTED_EDGE('',*,*,#2245,.T.);
#1388=ORIENTED_EDGE('',*,*,#2246,.T.);
#1389=ORIENTED_EDGE('',*,*,#2247,.T.);
#1390=ORIENTED_EDGE('',*,*,#2248,.T.);
#1391=ORIENTED_EDGE('',*,*,#2249,.T.);
#1392=ORIENTED_EDGE('',*,*,#2250,.T.);
#1393=ORIENTED_EDGE('',*,*,#2236,.F.);
#1394=ORIENTED_EDGE('',*,*,#2246,.F.);
#1395=ORIENTED_EDGE('',*,*,#2235,.F.);
#1396=ORIENTED_EDGE('',*,*,#2245,.F.);
#1397=ORIENTED_EDGE('',*,*,#2251,.F.);
#1398=ORIENTED_EDGE('',*,*,#2252,.T.);
#1399=ORIENTED_EDGE('',*,*,#2253,.T.);
#1400=ORIENTED_EDGE('',*,*,#2254,.T.);
#1401=ORIENTED_EDGE('',*,*,#2255,.T.);
#1402=ORIENTED_EDGE('',*,*,#2256,.T.);
#1403=ORIENTED_EDGE('',*,*,#2231,.T.);
#1404=ORIENTED_EDGE('',*,*,#2257,.T.);
#1405=ORIENTED_EDGE('',*,*,#2256,.F.);
#1406=ORIENTED_EDGE('',*,*,#2258,.F.);
#1407=ORIENTED_EDGE('',*,*,#2259,.T.);
#1408=ORIENTED_EDGE('',*,*,#2232,.T.);
#1409=ORIENTED_EDGE('',*,*,#2259,.F.);
#1410=ORIENTED_EDGE('',*,*,#2260,.T.);
#1411=ORIENTED_EDGE('',*,*,#2261,.T.);
#1412=ORIENTED_EDGE('',*,*,#2262,.F.);
#1413=ORIENTED_EDGE('',*,*,#2263,.T.);
#1414=ORIENTED_EDGE('',*,*,#2233,.T.);
#1415=ORIENTED_EDGE('',*,*,#2264,.F.);
#1416=ORIENTED_EDGE('',*,*,#2257,.F.);
#1417=ORIENTED_EDGE('',*,*,#2234,.T.);
#1418=ORIENTED_EDGE('',*,*,#2263,.F.);
#1419=ORIENTED_EDGE('',*,*,#2265,.F.);
#1420=ORIENTED_EDGE('',*,*,#2266,.F.);
#1421=ORIENTED_EDGE('',*,*,#2267,.T.);
#1422=ORIENTED_EDGE('',*,*,#2268,.F.);
#1423=ORIENTED_EDGE('',*,*,#2269,.F.);
#1424=ORIENTED_EDGE('',*,*,#2270,.F.);
#1425=ORIENTED_EDGE('',*,*,#2271,.T.);
#1426=ORIENTED_EDGE('',*,*,#2272,.F.);
#1427=ORIENTED_EDGE('',*,*,#2273,.F.);
#1428=ORIENTED_EDGE('',*,*,#2274,.F.);
#1429=ORIENTED_EDGE('',*,*,#2275,.T.);
#1430=ORIENTED_EDGE('',*,*,#2276,.F.);
#1431=ORIENTED_EDGE('',*,*,#2277,.F.);
#1432=ORIENTED_EDGE('',*,*,#2278,.F.);
#1433=ORIENTED_EDGE('',*,*,#2279,.T.);
#1434=ORIENTED_EDGE('',*,*,#2280,.F.);
#1435=ORIENTED_EDGE('',*,*,#2281,.F.);
#1436=ORIENTED_EDGE('',*,*,#2282,.F.);
#1437=ORIENTED_EDGE('',*,*,#2283,.T.);
#1438=ORIENTED_EDGE('',*,*,#2284,.F.);
#1439=ORIENTED_EDGE('',*,*,#2285,.F.);
#1440=ORIENTED_EDGE('',*,*,#2286,.F.);
#1441=ORIENTED_EDGE('',*,*,#2287,.T.);
#1442=ORIENTED_EDGE('',*,*,#2288,.F.);
#1443=ORIENTED_EDGE('',*,*,#2289,.F.);
#1444=ORIENTED_EDGE('',*,*,#2290,.T.);
#1445=ORIENTED_EDGE('',*,*,#2291,.F.);
#1446=ORIENTED_EDGE('',*,*,#2292,.F.);
#1447=ORIENTED_EDGE('',*,*,#2293,.F.);
#1448=ORIENTED_EDGE('',*,*,#2294,.T.);
#1449=ORIENTED_EDGE('',*,*,#2295,.T.);
#1450=ORIENTED_EDGE('',*,*,#2237,.F.);
#1451=ORIENTED_EDGE('',*,*,#2296,.F.);
#1452=ORIENTED_EDGE('',*,*,#2247,.F.);
#1453=ORIENTED_EDGE('',*,*,#2297,.T.);
#1454=ORIENTED_EDGE('',*,*,#2238,.F.);
#1455=ORIENTED_EDGE('',*,*,#2297,.F.);
#1456=ORIENTED_EDGE('',*,*,#2250,.F.);
#1457=ORIENTED_EDGE('',*,*,#2298,.T.);
#1458=ORIENTED_EDGE('',*,*,#2239,.F.);
#1459=ORIENTED_EDGE('',*,*,#2298,.F.);
#1460=ORIENTED_EDGE('',*,*,#2249,.F.);
#1461=ORIENTED_EDGE('',*,*,#2299,.T.);
#1462=ORIENTED_EDGE('',*,*,#2240,.F.);
#1463=ORIENTED_EDGE('',*,*,#2299,.F.);
#1464=ORIENTED_EDGE('',*,*,#2248,.F.);
#1465=ORIENTED_EDGE('',*,*,#2296,.T.);
#1466=ORIENTED_EDGE('',*,*,#2300,.T.);
#1467=ORIENTED_EDGE('',*,*,#2301,.F.);
#1468=ORIENTED_EDGE('',*,*,#2302,.F.);
#1469=ORIENTED_EDGE('',*,*,#2303,.T.);
#1470=ORIENTED_EDGE('',*,*,#2241,.T.);
#1471=ORIENTED_EDGE('',*,*,#2304,.T.);
#1472=ORIENTED_EDGE('',*,*,#2305,.T.);
#1473=ORIENTED_EDGE('',*,*,#2306,.T.);
#1474=ORIENTED_EDGE('',*,*,#2307,.T.);
#1475=ORIENTED_EDGE('',*,*,#2308,.T.);
#1476=ORIENTED_EDGE('',*,*,#2309,.T.);
#1477=ORIENTED_EDGE('',*,*,#2310,.T.);
#1478=ORIENTED_EDGE('',*,*,#2311,.T.);
#1479=ORIENTED_EDGE('',*,*,#2312,.T.);
#1480=ORIENTED_EDGE('',*,*,#2313,.T.);
#1481=ORIENTED_EDGE('',*,*,#2314,.T.);
#1482=ORIENTED_EDGE('',*,*,#2315,.T.);
#1483=ORIENTED_EDGE('',*,*,#2316,.T.);
#1484=ORIENTED_EDGE('',*,*,#2317,.T.);
#1485=ORIENTED_EDGE('',*,*,#2318,.T.);
#1486=ORIENTED_EDGE('',*,*,#2319,.T.);
#1487=ORIENTED_EDGE('',*,*,#2320,.T.);
#1488=ORIENTED_EDGE('',*,*,#2321,.T.);
#1489=ORIENTED_EDGE('',*,*,#2322,.T.);
#1490=ORIENTED_EDGE('',*,*,#2323,.F.);
#1491=ORIENTED_EDGE('',*,*,#2324,.F.);
#1492=ORIENTED_EDGE('',*,*,#2242,.F.);
#1493=ORIENTED_EDGE('',*,*,#2303,.F.);
#1494=ORIENTED_EDGE('',*,*,#2325,.T.);
#1495=ORIENTED_EDGE('',*,*,#2326,.T.);
#1496=ORIENTED_EDGE('',*,*,#2327,.T.);
#1497=ORIENTED_EDGE('',*,*,#2328,.T.);
#1498=ORIENTED_EDGE('',*,*,#2243,.T.);
#1499=ORIENTED_EDGE('',*,*,#2324,.T.);
#1500=ORIENTED_EDGE('',*,*,#2329,.T.);
#1501=ORIENTED_EDGE('',*,*,#2330,.F.);
#1502=ORIENTED_EDGE('',*,*,#2331,.F.);
#1503=ORIENTED_EDGE('',*,*,#2332,.T.);
#1504=ORIENTED_EDGE('',*,*,#2333,.F.);
#1505=ORIENTED_EDGE('',*,*,#2334,.T.);
#1506=ORIENTED_EDGE('',*,*,#2335,.F.);
#1507=ORIENTED_EDGE('',*,*,#2336,.T.);
#1508=ORIENTED_EDGE('',*,*,#2337,.F.);
#1509=ORIENTED_EDGE('',*,*,#2338,.T.);
#1510=ORIENTED_EDGE('',*,*,#2339,.F.);
#1511=ORIENTED_EDGE('',*,*,#2340,.T.);
#1512=ORIENTED_EDGE('',*,*,#2341,.F.);
#1513=ORIENTED_EDGE('',*,*,#2342,.T.);
#1514=ORIENTED_EDGE('',*,*,#2343,.F.);
#1515=ORIENTED_EDGE('',*,*,#2344,.T.);
#1516=ORIENTED_EDGE('',*,*,#2345,.T.);
#1517=ORIENTED_EDGE('',*,*,#2346,.T.);
#1518=ORIENTED_EDGE('',*,*,#2347,.T.);
#1519=ORIENTED_EDGE('',*,*,#2348,.T.);
#1520=ORIENTED_EDGE('',*,*,#2349,.T.);
#1521=ORIENTED_EDGE('',*,*,#2350,.T.);
#1522=ORIENTED_EDGE('',*,*,#2351,.F.);
#1523=ORIENTED_EDGE('',*,*,#2304,.F.);
#1524=ORIENTED_EDGE('',*,*,#2244,.F.);
#1525=ORIENTED_EDGE('',*,*,#2332,.F.);
#1526=ORIENTED_EDGE('',*,*,#2352,.T.);
#1527=ORIENTED_EDGE('',*,*,#2353,.T.);
#1528=ORIENTED_EDGE('',*,*,#2354,.T.);
#1529=ORIENTED_EDGE('',*,*,#2355,.T.);
#1530=ORIENTED_EDGE('',*,*,#2251,.T.);
#1531=ORIENTED_EDGE('',*,*,#2264,.T.);
#1532=ORIENTED_EDGE('',*,*,#2356,.F.);
#1533=ORIENTED_EDGE('',*,*,#2357,.T.);
#1534=ORIENTED_EDGE('',*,*,#2357,.F.);
#1535=ORIENTED_EDGE('',*,*,#2358,.F.);
#1536=ORIENTED_EDGE('',*,*,#2359,.T.);
#1537=ORIENTED_EDGE('',*,*,#2360,.F.);
#1538=ORIENTED_EDGE('',*,*,#2361,.F.);
#1539=ORIENTED_EDGE('',*,*,#2362,.F.);
#1540=ORIENTED_EDGE('',*,*,#2363,.F.);
#1541=ORIENTED_EDGE('',*,*,#2364,.T.);
#1542=ORIENTED_EDGE('',*,*,#2365,.F.);
#1543=ORIENTED_EDGE('',*,*,#2366,.F.);
#1544=ORIENTED_EDGE('',*,*,#2367,.F.);
#1545=ORIENTED_EDGE('',*,*,#2368,.T.);
#1546=ORIENTED_EDGE('',*,*,#2369,.F.);
#1547=ORIENTED_EDGE('',*,*,#2370,.F.);
#1548=ORIENTED_EDGE('',*,*,#2371,.F.);
#1549=ORIENTED_EDGE('',*,*,#2372,.T.);
#1550=ORIENTED_EDGE('',*,*,#2373,.F.);
#1551=ORIENTED_EDGE('',*,*,#2374,.F.);
#1552=ORIENTED_EDGE('',*,*,#2375,.F.);
#1553=ORIENTED_EDGE('',*,*,#2376,.T.);
#1554=ORIENTED_EDGE('',*,*,#2377,.F.);
#1555=ORIENTED_EDGE('',*,*,#2378,.F.);
#1556=ORIENTED_EDGE('',*,*,#2379,.F.);
#1557=ORIENTED_EDGE('',*,*,#2380,.T.);
#1558=ORIENTED_EDGE('',*,*,#2381,.F.);
#1559=ORIENTED_EDGE('',*,*,#2382,.F.);
#1560=ORIENTED_EDGE('',*,*,#2383,.F.);
#1561=ORIENTED_EDGE('',*,*,#2384,.T.);
#1562=ORIENTED_EDGE('',*,*,#2385,.F.);
#1563=ORIENTED_EDGE('',*,*,#2386,.F.);
#1564=ORIENTED_EDGE('',*,*,#2387,.F.);
#1565=ORIENTED_EDGE('',*,*,#2388,.T.);
#1566=ORIENTED_EDGE('',*,*,#2252,.F.);
#1567=ORIENTED_EDGE('',*,*,#2389,.T.);
#1568=ORIENTED_EDGE('',*,*,#2390,.T.);
#1569=ORIENTED_EDGE('',*,*,#2253,.F.);
#1570=ORIENTED_EDGE('',*,*,#2388,.F.);
#1571=ORIENTED_EDGE('',*,*,#2391,.F.);
#1572=ORIENTED_EDGE('',*,*,#2392,.F.);
#1573=ORIENTED_EDGE('',*,*,#2254,.F.);
#1574=ORIENTED_EDGE('',*,*,#2392,.T.);
#1575=ORIENTED_EDGE('',*,*,#2393,.T.);
#1576=ORIENTED_EDGE('',*,*,#2394,.F.);
#1577=ORIENTED_EDGE('',*,*,#2255,.F.);
#1578=ORIENTED_EDGE('',*,*,#2394,.T.);
#1579=ORIENTED_EDGE('',*,*,#2395,.F.);
#1580=ORIENTED_EDGE('',*,*,#2396,.F.);
#1581=ORIENTED_EDGE('',*,*,#2397,.F.);
#1582=ORIENTED_EDGE('',*,*,#2398,.T.);
#1583=ORIENTED_EDGE('',*,*,#2399,.F.);
#1584=ORIENTED_EDGE('',*,*,#2400,.F.);
#1585=ORIENTED_EDGE('',*,*,#2401,.F.);
#1586=ORIENTED_EDGE('',*,*,#2402,.T.);
#1587=ORIENTED_EDGE('',*,*,#2403,.F.);
#1588=ORIENTED_EDGE('',*,*,#2404,.F.);
#1589=ORIENTED_EDGE('',*,*,#2405,.F.);
#1590=ORIENTED_EDGE('',*,*,#2406,.T.);
#1591=ORIENTED_EDGE('',*,*,#2407,.F.);
#1592=ORIENTED_EDGE('',*,*,#2408,.F.);
#1593=ORIENTED_EDGE('',*,*,#2409,.F.);
#1594=ORIENTED_EDGE('',*,*,#2410,.T.);
#1595=ORIENTED_EDGE('',*,*,#2411,.F.);
#1596=ORIENTED_EDGE('',*,*,#2412,.F.);
#1597=ORIENTED_EDGE('',*,*,#2413,.F.);
#1598=ORIENTED_EDGE('',*,*,#2414,.T.);
#1599=ORIENTED_EDGE('',*,*,#2415,.F.);
#1600=ORIENTED_EDGE('',*,*,#2416,.F.);
#1601=ORIENTED_EDGE('',*,*,#2417,.F.);
#1602=ORIENTED_EDGE('',*,*,#2418,.T.);
#1603=ORIENTED_EDGE('',*,*,#2419,.F.);
#1604=ORIENTED_EDGE('',*,*,#2420,.T.);
#1605=ORIENTED_EDGE('',*,*,#2421,.F.);
#1606=ORIENTED_EDGE('',*,*,#2422,.T.);
#1607=ORIENTED_EDGE('',*,*,#2423,.F.);
#1608=ORIENTED_EDGE('',*,*,#2424,.T.);
#1609=ORIENTED_EDGE('',*,*,#2425,.F.);
#1610=ORIENTED_EDGE('',*,*,#2426,.T.);
#1611=ORIENTED_EDGE('',*,*,#2427,.F.);
#1612=ORIENTED_EDGE('',*,*,#2428,.T.);
#1613=ORIENTED_EDGE('',*,*,#2429,.F.);
#1614=ORIENTED_EDGE('',*,*,#2430,.T.);
#1615=ORIENTED_EDGE('',*,*,#2431,.F.);
#1616=ORIENTED_EDGE('',*,*,#2432,.T.);
#1617=ORIENTED_EDGE('',*,*,#2433,.F.);
#1618=ORIENTED_EDGE('',*,*,#2434,.T.);
#1619=ORIENTED_EDGE('',*,*,#2435,.F.);
#1620=ORIENTED_EDGE('',*,*,#2436,.T.);
#1621=ORIENTED_EDGE('',*,*,#2437,.F.);
#1622=ORIENTED_EDGE('',*,*,#2438,.T.);
#1623=ORIENTED_EDGE('',*,*,#2439,.F.);
#1624=ORIENTED_EDGE('',*,*,#2440,.T.);
#1625=ORIENTED_EDGE('',*,*,#2441,.F.);
#1626=ORIENTED_EDGE('',*,*,#2442,.T.);
#1627=ORIENTED_EDGE('',*,*,#2260,.F.);
#1628=ORIENTED_EDGE('',*,*,#2258,.T.);
#1629=ORIENTED_EDGE('',*,*,#2443,.F.);
#1630=ORIENTED_EDGE('',*,*,#2261,.F.);
#1631=ORIENTED_EDGE('',*,*,#2442,.F.);
#1632=ORIENTED_EDGE('',*,*,#2444,.F.);
#1633=ORIENTED_EDGE('',*,*,#2443,.T.);
#1634=ORIENTED_EDGE('',*,*,#2445,.T.);
#1635=ORIENTED_EDGE('',*,*,#2265,.T.);
#1636=ORIENTED_EDGE('',*,*,#2262,.T.);
#1637=ORIENTED_EDGE('',*,*,#2446,.F.);
#1638=ORIENTED_EDGE('',*,*,#2447,.T.);
#1639=ORIENTED_EDGE('',*,*,#2266,.T.);
#1640=ORIENTED_EDGE('',*,*,#2445,.F.);
#1641=ORIENTED_EDGE('',*,*,#2444,.T.);
#1642=ORIENTED_EDGE('',*,*,#2441,.T.);
#1643=ORIENTED_EDGE('',*,*,#2448,.F.);
#1644=ORIENTED_EDGE('',*,*,#2449,.F.);
#1645=ORIENTED_EDGE('',*,*,#2267,.F.);
#1646=ORIENTED_EDGE('',*,*,#2447,.F.);
#1647=ORIENTED_EDGE('',*,*,#2450,.F.);
#1648=ORIENTED_EDGE('',*,*,#2439,.T.);
#1649=ORIENTED_EDGE('',*,*,#2451,.T.);
#1650=ORIENTED_EDGE('',*,*,#2452,.F.);
#1651=ORIENTED_EDGE('',*,*,#2268,.T.);
#1652=ORIENTED_EDGE('',*,*,#2449,.T.);
#1653=ORIENTED_EDGE('',*,*,#2453,.T.);
#1654=ORIENTED_EDGE('',*,*,#2454,.T.);
#1655=ORIENTED_EDGE('',*,*,#2269,.T.);
#1656=ORIENTED_EDGE('',*,*,#2452,.T.);
#1657=ORIENTED_EDGE('',*,*,#2455,.F.);
#1658=ORIENTED_EDGE('',*,*,#2456,.T.);
#1659=ORIENTED_EDGE('',*,*,#2270,.T.);
#1660=ORIENTED_EDGE('',*,*,#2454,.F.);
#1661=ORIENTED_EDGE('',*,*,#2457,.T.);
#1662=ORIENTED_EDGE('',*,*,#2437,.T.);
#1663=ORIENTED_EDGE('',*,*,#2458,.F.);
#1664=ORIENTED_EDGE('',*,*,#2459,.F.);
#1665=ORIENTED_EDGE('',*,*,#2271,.F.);
#1666=ORIENTED_EDGE('',*,*,#2456,.F.);
#1667=ORIENTED_EDGE('',*,*,#2460,.F.);
#1668=ORIENTED_EDGE('',*,*,#2435,.T.);
#1669=ORIENTED_EDGE('',*,*,#2461,.T.);
#1670=ORIENTED_EDGE('',*,*,#2462,.F.);
#1671=ORIENTED_EDGE('',*,*,#2272,.T.);
#1672=ORIENTED_EDGE('',*,*,#2459,.T.);
#1673=ORIENTED_EDGE('',*,*,#2463,.T.);
#1674=ORIENTED_EDGE('',*,*,#2464,.T.);
#1675=ORIENTED_EDGE('',*,*,#2273,.T.);
#1676=ORIENTED_EDGE('',*,*,#2462,.T.);
#1677=ORIENTED_EDGE('',*,*,#2465,.F.);
#1678=ORIENTED_EDGE('',*,*,#2466,.T.);
#1679=ORIENTED_EDGE('',*,*,#2274,.T.);
#1680=ORIENTED_EDGE('',*,*,#2464,.F.);
#1681=ORIENTED_EDGE('',*,*,#2467,.T.);
#1682=ORIENTED_EDGE('',*,*,#2433,.T.);
#1683=ORIENTED_EDGE('',*,*,#2468,.F.);
#1684=ORIENTED_EDGE('',*,*,#2469,.F.);
#1685=ORIENTED_EDGE('',*,*,#2275,.F.);
#1686=ORIENTED_EDGE('',*,*,#2466,.F.);
#1687=ORIENTED_EDGE('',*,*,#2470,.F.);
#1688=ORIENTED_EDGE('',*,*,#2431,.T.);
#1689=ORIENTED_EDGE('',*,*,#2471,.T.);
#1690=ORIENTED_EDGE('',*,*,#2472,.F.);
#1691=ORIENTED_EDGE('',*,*,#2276,.T.);
#1692=ORIENTED_EDGE('',*,*,#2469,.T.);
#1693=ORIENTED_EDGE('',*,*,#2473,.T.);
#1694=ORIENTED_EDGE('',*,*,#2474,.T.);
#1695=ORIENTED_EDGE('',*,*,#2277,.T.);
#1696=ORIENTED_EDGE('',*,*,#2472,.T.);
#1697=ORIENTED_EDGE('',*,*,#2475,.F.);
#1698=ORIENTED_EDGE('',*,*,#2476,.T.);
#1699=ORIENTED_EDGE('',*,*,#2278,.T.);
#1700=ORIENTED_EDGE('',*,*,#2474,.F.);
#1701=ORIENTED_EDGE('',*,*,#2477,.T.);
#1702=ORIENTED_EDGE('',*,*,#2429,.T.);
#1703=ORIENTED_EDGE('',*,*,#2478,.F.);
#1704=ORIENTED_EDGE('',*,*,#2479,.F.);
#1705=ORIENTED_EDGE('',*,*,#2279,.F.);
#1706=ORIENTED_EDGE('',*,*,#2476,.F.);
#1707=ORIENTED_EDGE('',*,*,#2480,.F.);
#1708=ORIENTED_EDGE('',*,*,#2427,.T.);
#1709=ORIENTED_EDGE('',*,*,#2481,.T.);
#1710=ORIENTED_EDGE('',*,*,#2482,.F.);
#1711=ORIENTED_EDGE('',*,*,#2280,.T.);
#1712=ORIENTED_EDGE('',*,*,#2479,.T.);
#1713=ORIENTED_EDGE('',*,*,#2483,.T.);
#1714=ORIENTED_EDGE('',*,*,#2484,.T.);
#1715=ORIENTED_EDGE('',*,*,#2281,.T.);
#1716=ORIENTED_EDGE('',*,*,#2482,.T.);
#1717=ORIENTED_EDGE('',*,*,#2485,.F.);
#1718=ORIENTED_EDGE('',*,*,#2486,.T.);
#1719=ORIENTED_EDGE('',*,*,#2282,.T.);
#1720=ORIENTED_EDGE('',*,*,#2484,.F.);
#1721=ORIENTED_EDGE('',*,*,#2487,.T.);
#1722=ORIENTED_EDGE('',*,*,#2425,.T.);
#1723=ORIENTED_EDGE('',*,*,#2488,.F.);
#1724=ORIENTED_EDGE('',*,*,#2489,.F.);
#1725=ORIENTED_EDGE('',*,*,#2283,.F.);
#1726=ORIENTED_EDGE('',*,*,#2486,.F.);
#1727=ORIENTED_EDGE('',*,*,#2490,.F.);
#1728=ORIENTED_EDGE('',*,*,#2423,.T.);
#1729=ORIENTED_EDGE('',*,*,#2491,.T.);
#1730=ORIENTED_EDGE('',*,*,#2492,.F.);
#1731=ORIENTED_EDGE('',*,*,#2284,.T.);
#1732=ORIENTED_EDGE('',*,*,#2489,.T.);
#1733=ORIENTED_EDGE('',*,*,#2493,.T.);
#1734=ORIENTED_EDGE('',*,*,#2494,.T.);
#1735=ORIENTED_EDGE('',*,*,#2285,.T.);
#1736=ORIENTED_EDGE('',*,*,#2492,.T.);
#1737=ORIENTED_EDGE('',*,*,#2495,.F.);
#1738=ORIENTED_EDGE('',*,*,#2496,.T.);
#1739=ORIENTED_EDGE('',*,*,#2286,.T.);
#1740=ORIENTED_EDGE('',*,*,#2494,.F.);
#1741=ORIENTED_EDGE('',*,*,#2497,.T.);
#1742=ORIENTED_EDGE('',*,*,#2421,.T.);
#1743=ORIENTED_EDGE('',*,*,#2498,.F.);
#1744=ORIENTED_EDGE('',*,*,#2287,.F.);
#1745=ORIENTED_EDGE('',*,*,#2496,.F.);
#1746=ORIENTED_EDGE('',*,*,#2499,.F.);
#1747=ORIENTED_EDGE('',*,*,#2498,.T.);
#1748=ORIENTED_EDGE('',*,*,#2500,.T.);
#1749=ORIENTED_EDGE('',*,*,#2419,.T.);
#1750=ORIENTED_EDGE('',*,*,#2501,.T.);
#1751=ORIENTED_EDGE('',*,*,#2502,.T.);
#1752=ORIENTED_EDGE('',*,*,#2363,.T.);
#1753=ORIENTED_EDGE('',*,*,#2503,.T.);
#1754=ORIENTED_EDGE('',*,*,#2288,.T.);
#1755=ORIENTED_EDGE('',*,*,#2289,.T.);
#1756=ORIENTED_EDGE('',*,*,#2503,.F.);
#1757=ORIENTED_EDGE('',*,*,#2362,.T.);
#1758=ORIENTED_EDGE('',*,*,#2504,.T.);
#1759=ORIENTED_EDGE('',*,*,#2504,.F.);
#1760=ORIENTED_EDGE('',*,*,#2361,.T.);
#1761=ORIENTED_EDGE('',*,*,#2505,.F.);
#1762=ORIENTED_EDGE('',*,*,#2290,.F.);
#1763=ORIENTED_EDGE('',*,*,#2506,.T.);
#1764=ORIENTED_EDGE('',*,*,#2507,.T.);
#1765=ORIENTED_EDGE('',*,*,#2508,.T.);
#1766=ORIENTED_EDGE('',*,*,#2509,.T.);
#1767=ORIENTED_EDGE('',*,*,#2301,.T.);
#1768=ORIENTED_EDGE('',*,*,#2510,.T.);
#1769=ORIENTED_EDGE('',*,*,#2330,.T.);
#1770=ORIENTED_EDGE('',*,*,#2511,.T.);
#1771=ORIENTED_EDGE('',*,*,#2291,.T.);
#1772=ORIENTED_EDGE('',*,*,#2505,.T.);
#1773=ORIENTED_EDGE('',*,*,#2360,.T.);
#1774=ORIENTED_EDGE('',*,*,#2512,.T.);
#1775=ORIENTED_EDGE('',*,*,#2302,.T.);
#1776=ORIENTED_EDGE('',*,*,#2512,.F.);
#1777=ORIENTED_EDGE('',*,*,#2359,.F.);
#1778=ORIENTED_EDGE('',*,*,#2513,.F.);
#1779=ORIENTED_EDGE('',*,*,#2292,.T.);
#1780=ORIENTED_EDGE('',*,*,#2511,.F.);
#1781=ORIENTED_EDGE('',*,*,#2329,.F.);
#1782=ORIENTED_EDGE('',*,*,#2323,.T.);
#1783=ORIENTED_EDGE('',*,*,#2293,.T.);
#1784=ORIENTED_EDGE('',*,*,#2513,.T.);
#1785=ORIENTED_EDGE('',*,*,#2358,.T.);
#1786=ORIENTED_EDGE('',*,*,#2356,.T.);
#1787=ORIENTED_EDGE('',*,*,#2350,.F.);
#1788=ORIENTED_EDGE('',*,*,#2294,.F.);
#1789=ORIENTED_EDGE('',*,*,#2349,.F.);
#1790=ORIENTED_EDGE('',*,*,#2295,.F.);
#1791=ORIENTED_EDGE('',*,*,#2351,.T.);
#1792=ORIENTED_EDGE('',*,*,#2331,.T.);
#1793=ORIENTED_EDGE('',*,*,#2510,.F.);
#1794=ORIENTED_EDGE('',*,*,#2300,.F.);
#1795=ORIENTED_EDGE('',*,*,#2514,.T.);
#1796=ORIENTED_EDGE('',*,*,#2515,.T.);
#1797=ORIENTED_EDGE('',*,*,#2516,.T.);
#1798=ORIENTED_EDGE('',*,*,#2517,.T.);
#1799=ORIENTED_EDGE('',*,*,#2305,.F.);
#1800=ORIENTED_EDGE('',*,*,#2518,.F.);
#1801=ORIENTED_EDGE('',*,*,#2519,.F.);
#1802=ORIENTED_EDGE('',*,*,#2520,.T.);
#1803=ORIENTED_EDGE('',*,*,#2306,.F.);
#1804=ORIENTED_EDGE('',*,*,#2520,.F.);
#1805=ORIENTED_EDGE('',*,*,#2521,.F.);
#1806=ORIENTED_EDGE('',*,*,#2522,.T.);
#1807=ORIENTED_EDGE('',*,*,#2307,.F.);
#1808=ORIENTED_EDGE('',*,*,#2522,.F.);
#1809=ORIENTED_EDGE('',*,*,#2523,.F.);
#1810=ORIENTED_EDGE('',*,*,#2524,.T.);
#1811=ORIENTED_EDGE('',*,*,#2308,.F.);
#1812=ORIENTED_EDGE('',*,*,#2524,.F.);
#1813=ORIENTED_EDGE('',*,*,#2525,.F.);
#1814=ORIENTED_EDGE('',*,*,#2518,.T.);
#1815=ORIENTED_EDGE('',*,*,#2309,.F.);
#1816=ORIENTED_EDGE('',*,*,#2526,.F.);
#1817=ORIENTED_EDGE('',*,*,#2527,.F.);
#1818=ORIENTED_EDGE('',*,*,#2528,.T.);
#1819=ORIENTED_EDGE('',*,*,#2310,.F.);
#1820=ORIENTED_EDGE('',*,*,#2528,.F.);
#1821=ORIENTED_EDGE('',*,*,#2529,.F.);
#1822=ORIENTED_EDGE('',*,*,#2530,.T.);
#1823=ORIENTED_EDGE('',*,*,#2311,.F.);
#1824=ORIENTED_EDGE('',*,*,#2530,.F.);
#1825=ORIENTED_EDGE('',*,*,#2531,.F.);
#1826=ORIENTED_EDGE('',*,*,#2532,.T.);
#1827=ORIENTED_EDGE('',*,*,#2312,.F.);
#1828=ORIENTED_EDGE('',*,*,#2532,.F.);
#1829=ORIENTED_EDGE('',*,*,#2533,.F.);
#1830=ORIENTED_EDGE('',*,*,#2526,.T.);
#1831=ORIENTED_EDGE('',*,*,#2313,.F.);
#1832=ORIENTED_EDGE('',*,*,#2534,.F.);
#1833=ORIENTED_EDGE('',*,*,#2535,.F.);
#1834=ORIENTED_EDGE('',*,*,#2536,.T.);
#1835=ORIENTED_EDGE('',*,*,#2314,.F.);
#1836=ORIENTED_EDGE('',*,*,#2536,.F.);
#1837=ORIENTED_EDGE('',*,*,#2537,.F.);
#1838=ORIENTED_EDGE('',*,*,#2538,.T.);
#1839=ORIENTED_EDGE('',*,*,#2315,.F.);
#1840=ORIENTED_EDGE('',*,*,#2538,.F.);
#1841=ORIENTED_EDGE('',*,*,#2539,.F.);
#1842=ORIENTED_EDGE('',*,*,#2540,.T.);
#1843=ORIENTED_EDGE('',*,*,#2316,.F.);
#1844=ORIENTED_EDGE('',*,*,#2540,.F.);
#1845=ORIENTED_EDGE('',*,*,#2541,.F.);
#1846=ORIENTED_EDGE('',*,*,#2534,.T.);
#1847=ORIENTED_EDGE('',*,*,#2317,.F.);
#1848=ORIENTED_EDGE('',*,*,#2542,.F.);
#1849=ORIENTED_EDGE('',*,*,#2543,.F.);
#1850=ORIENTED_EDGE('',*,*,#2544,.T.);
#1851=ORIENTED_EDGE('',*,*,#2318,.F.);
#1852=ORIENTED_EDGE('',*,*,#2544,.F.);
#1853=ORIENTED_EDGE('',*,*,#2545,.F.);
#1854=ORIENTED_EDGE('',*,*,#2546,.T.);
#1855=ORIENTED_EDGE('',*,*,#2319,.F.);
#1856=ORIENTED_EDGE('',*,*,#2546,.F.);
#1857=ORIENTED_EDGE('',*,*,#2547,.F.);
#1858=ORIENTED_EDGE('',*,*,#2548,.T.);
#1859=ORIENTED_EDGE('',*,*,#2320,.F.);
#1860=ORIENTED_EDGE('',*,*,#2548,.F.);
#1861=ORIENTED_EDGE('',*,*,#2549,.F.);
#1862=ORIENTED_EDGE('',*,*,#2542,.T.);
#1863=ORIENTED_EDGE('',*,*,#2390,.F.);
#1864=ORIENTED_EDGE('',*,*,#2321,.F.);
#1865=ORIENTED_EDGE('',*,*,#2389,.F.);
#1866=ORIENTED_EDGE('',*,*,#2322,.F.);
#1867=ORIENTED_EDGE('',*,*,#2325,.F.);
#1868=ORIENTED_EDGE('',*,*,#2550,.F.);
#1869=ORIENTED_EDGE('',*,*,#2551,.F.);
#1870=ORIENTED_EDGE('',*,*,#2552,.T.);
#1871=ORIENTED_EDGE('',*,*,#2326,.F.);
#1872=ORIENTED_EDGE('',*,*,#2552,.F.);
#1873=ORIENTED_EDGE('',*,*,#2553,.F.);
#1874=ORIENTED_EDGE('',*,*,#2554,.T.);
#1875=ORIENTED_EDGE('',*,*,#2327,.F.);
#1876=ORIENTED_EDGE('',*,*,#2554,.F.);
#1877=ORIENTED_EDGE('',*,*,#2555,.F.);
#1878=ORIENTED_EDGE('',*,*,#2556,.T.);
#1879=ORIENTED_EDGE('',*,*,#2328,.F.);
#1880=ORIENTED_EDGE('',*,*,#2556,.F.);
#1881=ORIENTED_EDGE('',*,*,#2557,.F.);
#1882=ORIENTED_EDGE('',*,*,#2550,.T.);
#1883=ORIENTED_EDGE('',*,*,#2558,.F.);
#1884=ORIENTED_EDGE('',*,*,#2333,.T.);
#1885=ORIENTED_EDGE('',*,*,#2559,.T.);
#1886=ORIENTED_EDGE('',*,*,#2560,.F.);
#1887=ORIENTED_EDGE('',*,*,#2558,.T.);
#1888=ORIENTED_EDGE('',*,*,#2561,.F.);
#1889=ORIENTED_EDGE('',*,*,#2562,.F.);
#1890=ORIENTED_EDGE('',*,*,#2334,.F.);
#1891=ORIENTED_EDGE('',*,*,#2563,.F.);
#1892=ORIENTED_EDGE('',*,*,#2335,.T.);
#1893=ORIENTED_EDGE('',*,*,#2562,.T.);
#1894=ORIENTED_EDGE('',*,*,#2564,.F.);
#1895=ORIENTED_EDGE('',*,*,#2559,.F.);
#1896=ORIENTED_EDGE('',*,*,#2336,.F.);
#1897=ORIENTED_EDGE('',*,*,#2563,.T.);
#1898=ORIENTED_EDGE('',*,*,#2565,.F.);
#1899=ORIENTED_EDGE('',*,*,#2566,.F.);
#1900=ORIENTED_EDGE('',*,*,#2337,.T.);
#1901=ORIENTED_EDGE('',*,*,#2567,.T.);
#1902=ORIENTED_EDGE('',*,*,#2568,.F.);
#1903=ORIENTED_EDGE('',*,*,#2566,.T.);
#1904=ORIENTED_EDGE('',*,*,#2569,.F.);
#1905=ORIENTED_EDGE('',*,*,#2570,.F.);
#1906=ORIENTED_EDGE('',*,*,#2338,.F.);
#1907=ORIENTED_EDGE('',*,*,#2571,.F.);
#1908=ORIENTED_EDGE('',*,*,#2339,.T.);
#1909=ORIENTED_EDGE('',*,*,#2570,.T.);
#1910=ORIENTED_EDGE('',*,*,#2572,.F.);
#1911=ORIENTED_EDGE('',*,*,#2567,.F.);
#1912=ORIENTED_EDGE('',*,*,#2340,.F.);
#1913=ORIENTED_EDGE('',*,*,#2571,.T.);
#1914=ORIENTED_EDGE('',*,*,#2573,.F.);
#1915=ORIENTED_EDGE('',*,*,#2574,.F.);
#1916=ORIENTED_EDGE('',*,*,#2341,.T.);
#1917=ORIENTED_EDGE('',*,*,#2575,.T.);
#1918=ORIENTED_EDGE('',*,*,#2576,.F.);
#1919=ORIENTED_EDGE('',*,*,#2574,.T.);
#1920=ORIENTED_EDGE('',*,*,#2577,.F.);
#1921=ORIENTED_EDGE('',*,*,#2578,.F.);
#1922=ORIENTED_EDGE('',*,*,#2342,.F.);
#1923=ORIENTED_EDGE('',*,*,#2579,.F.);
#1924=ORIENTED_EDGE('',*,*,#2343,.T.);
#1925=ORIENTED_EDGE('',*,*,#2578,.T.);
#1926=ORIENTED_EDGE('',*,*,#2580,.F.);
#1927=ORIENTED_EDGE('',*,*,#2575,.F.);
#1928=ORIENTED_EDGE('',*,*,#2344,.F.);
#1929=ORIENTED_EDGE('',*,*,#2579,.T.);
#1930=ORIENTED_EDGE('',*,*,#2581,.F.);
#1931=ORIENTED_EDGE('',*,*,#2582,.F.);
#1932=ORIENTED_EDGE('',*,*,#2583,.T.);
#1933=ORIENTED_EDGE('',*,*,#2584,.T.);
#1934=ORIENTED_EDGE('',*,*,#2345,.F.);
#1935=ORIENTED_EDGE('',*,*,#2584,.F.);
#1936=ORIENTED_EDGE('',*,*,#2585,.F.);
#1937=ORIENTED_EDGE('',*,*,#2586,.T.);
#1938=ORIENTED_EDGE('',*,*,#2346,.F.);
#1939=ORIENTED_EDGE('',*,*,#2586,.F.);
#1940=ORIENTED_EDGE('',*,*,#2587,.T.);
#1941=ORIENTED_EDGE('',*,*,#2588,.T.);
#1942=ORIENTED_EDGE('',*,*,#2347,.F.);
#1943=ORIENTED_EDGE('',*,*,#2582,.T.);
#1944=ORIENTED_EDGE('',*,*,#2348,.F.);
#1945=ORIENTED_EDGE('',*,*,#2588,.F.);
#1946=ORIENTED_EDGE('',*,*,#2589,.F.);
#1947=ORIENTED_EDGE('',*,*,#2352,.F.);
#1948=ORIENTED_EDGE('',*,*,#2590,.F.);
#1949=ORIENTED_EDGE('',*,*,#2591,.F.);
#1950=ORIENTED_EDGE('',*,*,#2592,.T.);
#1951=ORIENTED_EDGE('',*,*,#2353,.F.);
#1952=ORIENTED_EDGE('',*,*,#2592,.F.);
#1953=ORIENTED_EDGE('',*,*,#2593,.F.);
#1954=ORIENTED_EDGE('',*,*,#2594,.T.);
#1955=ORIENTED_EDGE('',*,*,#2354,.F.);
#1956=ORIENTED_EDGE('',*,*,#2594,.F.);
#1957=ORIENTED_EDGE('',*,*,#2595,.F.);
#1958=ORIENTED_EDGE('',*,*,#2596,.T.);
#1959=ORIENTED_EDGE('',*,*,#2355,.F.);
#1960=ORIENTED_EDGE('',*,*,#2596,.F.);
#1961=ORIENTED_EDGE('',*,*,#2597,.F.);
#1962=ORIENTED_EDGE('',*,*,#2590,.T.);
#1963=ORIENTED_EDGE('',*,*,#2502,.F.);
#1964=ORIENTED_EDGE('',*,*,#2598,.F.);
#1965=ORIENTED_EDGE('',*,*,#2599,.F.);
#1966=ORIENTED_EDGE('',*,*,#2364,.F.);
#1967=ORIENTED_EDGE('',*,*,#2600,.F.);
#1968=ORIENTED_EDGE('',*,*,#2417,.T.);
#1969=ORIENTED_EDGE('',*,*,#2601,.T.);
#1970=ORIENTED_EDGE('',*,*,#2602,.F.);
#1971=ORIENTED_EDGE('',*,*,#2365,.T.);
#1972=ORIENTED_EDGE('',*,*,#2599,.T.);
#1973=ORIENTED_EDGE('',*,*,#2603,.T.);
#1974=ORIENTED_EDGE('',*,*,#2604,.T.);
#1975=ORIENTED_EDGE('',*,*,#2366,.T.);
#1976=ORIENTED_EDGE('',*,*,#2602,.T.);
#1977=ORIENTED_EDGE('',*,*,#2605,.F.);
#1978=ORIENTED_EDGE('',*,*,#2606,.T.);
#1979=ORIENTED_EDGE('',*,*,#2367,.T.);
#1980=ORIENTED_EDGE('',*,*,#2604,.F.);
#1981=ORIENTED_EDGE('',*,*,#2607,.T.);
#1982=ORIENTED_EDGE('',*,*,#2415,.T.);
#1983=ORIENTED_EDGE('',*,*,#2608,.F.);
#1984=ORIENTED_EDGE('',*,*,#2609,.F.);
#1985=ORIENTED_EDGE('',*,*,#2368,.F.);
#1986=ORIENTED_EDGE('',*,*,#2606,.F.);
#1987=ORIENTED_EDGE('',*,*,#2610,.F.);
#1988=ORIENTED_EDGE('',*,*,#2413,.T.);
#1989=ORIENTED_EDGE('',*,*,#2611,.T.);
#1990=ORIENTED_EDGE('',*,*,#2612,.F.);
#1991=ORIENTED_EDGE('',*,*,#2369,.T.);
#1992=ORIENTED_EDGE('',*,*,#2609,.T.);
#1993=ORIENTED_EDGE('',*,*,#2613,.T.);
#1994=ORIENTED_EDGE('',*,*,#2614,.T.);
#1995=ORIENTED_EDGE('',*,*,#2370,.T.);
#1996=ORIENTED_EDGE('',*,*,#2612,.T.);
#1997=ORIENTED_EDGE('',*,*,#2615,.F.);
#1998=ORIENTED_EDGE('',*,*,#2616,.T.);
#1999=ORIENTED_EDGE('',*,*,#2371,.T.);
#2000=ORIENTED_EDGE('',*,*,#2614,.F.);
#2001=ORIENTED_EDGE('',*,*,#2617,.T.);
#2002=ORIENTED_EDGE('',*,*,#2411,.T.);
#2003=ORIENTED_EDGE('',*,*,#2618,.F.);
#2004=ORIENTED_EDGE('',*,*,#2619,.F.);
#2005=ORIENTED_EDGE('',*,*,#2372,.F.);
#2006=ORIENTED_EDGE('',*,*,#2616,.F.);
#2007=ORIENTED_EDGE('',*,*,#2620,.F.);
#2008=ORIENTED_EDGE('',*,*,#2409,.T.);
#2009=ORIENTED_EDGE('',*,*,#2621,.T.);
#2010=ORIENTED_EDGE('',*,*,#2622,.F.);
#2011=ORIENTED_EDGE('',*,*,#2373,.T.);
#2012=ORIENTED_EDGE('',*,*,#2619,.T.);
#2013=ORIENTED_EDGE('',*,*,#2623,.T.);
#2014=ORIENTED_EDGE('',*,*,#2624,.T.);
#2015=ORIENTED_EDGE('',*,*,#2374,.T.);
#2016=ORIENTED_EDGE('',*,*,#2622,.T.);
#2017=ORIENTED_EDGE('',*,*,#2625,.F.);
#2018=ORIENTED_EDGE('',*,*,#2626,.T.);
#2019=ORIENTED_EDGE('',*,*,#2375,.T.);
#2020=ORIENTED_EDGE('',*,*,#2624,.F.);
#2021=ORIENTED_EDGE('',*,*,#2627,.T.);
#2022=ORIENTED_EDGE('',*,*,#2407,.T.);
#2023=ORIENTED_EDGE('',*,*,#2628,.F.);
#2024=ORIENTED_EDGE('',*,*,#2629,.F.);
#2025=ORIENTED_EDGE('',*,*,#2376,.F.);
#2026=ORIENTED_EDGE('',*,*,#2626,.F.);
#2027=ORIENTED_EDGE('',*,*,#2630,.F.);
#2028=ORIENTED_EDGE('',*,*,#2405,.T.);
#2029=ORIENTED_EDGE('',*,*,#2631,.T.);
#2030=ORIENTED_EDGE('',*,*,#2632,.F.);
#2031=ORIENTED_EDGE('',*,*,#2377,.T.);
#2032=ORIENTED_EDGE('',*,*,#2629,.T.);
#2033=ORIENTED_EDGE('',*,*,#2633,.T.);
#2034=ORIENTED_EDGE('',*,*,#2634,.T.);
#2035=ORIENTED_EDGE('',*,*,#2378,.T.);
#2036=ORIENTED_EDGE('',*,*,#2632,.T.);
#2037=ORIENTED_EDGE('',*,*,#2635,.F.);
#2038=ORIENTED_EDGE('',*,*,#2636,.T.);
#2039=ORIENTED_EDGE('',*,*,#2379,.T.);
#2040=ORIENTED_EDGE('',*,*,#2634,.F.);
#2041=ORIENTED_EDGE('',*,*,#2637,.T.);
#2042=ORIENTED_EDGE('',*,*,#2403,.T.);
#2043=ORIENTED_EDGE('',*,*,#2638,.F.);
#2044=ORIENTED_EDGE('',*,*,#2639,.F.);
#2045=ORIENTED_EDGE('',*,*,#2380,.F.);
#2046=ORIENTED_EDGE('',*,*,#2636,.F.);
#2047=ORIENTED_EDGE('',*,*,#2640,.F.);
#2048=ORIENTED_EDGE('',*,*,#2401,.T.);
#2049=ORIENTED_EDGE('',*,*,#2641,.T.);
#2050=ORIENTED_EDGE('',*,*,#2642,.F.);
#2051=ORIENTED_EDGE('',*,*,#2381,.T.);
#2052=ORIENTED_EDGE('',*,*,#2639,.T.);
#2053=ORIENTED_EDGE('',*,*,#2643,.T.);
#2054=ORIENTED_EDGE('',*,*,#2644,.T.);
#2055=ORIENTED_EDGE('',*,*,#2382,.T.);
#2056=ORIENTED_EDGE('',*,*,#2642,.T.);
#2057=ORIENTED_EDGE('',*,*,#2645,.F.);
#2058=ORIENTED_EDGE('',*,*,#2646,.T.);
#2059=ORIENTED_EDGE('',*,*,#2383,.T.);
#2060=ORIENTED_EDGE('',*,*,#2644,.F.);
#2061=ORIENTED_EDGE('',*,*,#2647,.T.);
#2062=ORIENTED_EDGE('',*,*,#2399,.T.);
#2063=ORIENTED_EDGE('',*,*,#2648,.F.);
#2064=ORIENTED_EDGE('',*,*,#2649,.F.);
#2065=ORIENTED_EDGE('',*,*,#2384,.F.);
#2066=ORIENTED_EDGE('',*,*,#2646,.F.);
#2067=ORIENTED_EDGE('',*,*,#2650,.F.);
#2068=ORIENTED_EDGE('',*,*,#2397,.T.);
#2069=ORIENTED_EDGE('',*,*,#2651,.T.);
#2070=ORIENTED_EDGE('',*,*,#2652,.F.);
#2071=ORIENTED_EDGE('',*,*,#2385,.T.);
#2072=ORIENTED_EDGE('',*,*,#2649,.T.);
#2073=ORIENTED_EDGE('',*,*,#2653,.T.);
#2074=ORIENTED_EDGE('',*,*,#2654,.T.);
#2075=ORIENTED_EDGE('',*,*,#2386,.T.);
#2076=ORIENTED_EDGE('',*,*,#2652,.T.);
#2077=ORIENTED_EDGE('',*,*,#2393,.F.);
#2078=ORIENTED_EDGE('',*,*,#2391,.T.);
#2079=ORIENTED_EDGE('',*,*,#2387,.T.);
#2080=ORIENTED_EDGE('',*,*,#2654,.F.);
#2081=ORIENTED_EDGE('',*,*,#2655,.T.);
#2082=ORIENTED_EDGE('',*,*,#2395,.T.);
#2083=ORIENTED_EDGE('',*,*,#2653,.F.);
#2084=ORIENTED_EDGE('',*,*,#2651,.F.);
#2085=ORIENTED_EDGE('',*,*,#2396,.T.);
#2086=ORIENTED_EDGE('',*,*,#2655,.F.);
#2087=ORIENTED_EDGE('',*,*,#2645,.T.);
#2088=ORIENTED_EDGE('',*,*,#2398,.F.);
#2089=ORIENTED_EDGE('',*,*,#2650,.T.);
#2090=ORIENTED_EDGE('',*,*,#2648,.T.);
#2091=ORIENTED_EDGE('',*,*,#2643,.F.);
#2092=ORIENTED_EDGE('',*,*,#2641,.F.);
#2093=ORIENTED_EDGE('',*,*,#2400,.T.);
#2094=ORIENTED_EDGE('',*,*,#2647,.F.);
#2095=ORIENTED_EDGE('',*,*,#2635,.T.);
#2096=ORIENTED_EDGE('',*,*,#2402,.F.);
#2097=ORIENTED_EDGE('',*,*,#2640,.T.);
#2098=ORIENTED_EDGE('',*,*,#2638,.T.);
#2099=ORIENTED_EDGE('',*,*,#2633,.F.);
#2100=ORIENTED_EDGE('',*,*,#2631,.F.);
#2101=ORIENTED_EDGE('',*,*,#2404,.T.);
#2102=ORIENTED_EDGE('',*,*,#2637,.F.);
#2103=ORIENTED_EDGE('',*,*,#2625,.T.);
#2104=ORIENTED_EDGE('',*,*,#2406,.F.);
#2105=ORIENTED_EDGE('',*,*,#2630,.T.);
#2106=ORIENTED_EDGE('',*,*,#2628,.T.);
#2107=ORIENTED_EDGE('',*,*,#2623,.F.);
#2108=ORIENTED_EDGE('',*,*,#2621,.F.);
#2109=ORIENTED_EDGE('',*,*,#2408,.T.);
#2110=ORIENTED_EDGE('',*,*,#2627,.F.);
#2111=ORIENTED_EDGE('',*,*,#2615,.T.);
#2112=ORIENTED_EDGE('',*,*,#2410,.F.);
#2113=ORIENTED_EDGE('',*,*,#2620,.T.);
#2114=ORIENTED_EDGE('',*,*,#2618,.T.);
#2115=ORIENTED_EDGE('',*,*,#2613,.F.);
#2116=ORIENTED_EDGE('',*,*,#2611,.F.);
#2117=ORIENTED_EDGE('',*,*,#2412,.T.);
#2118=ORIENTED_EDGE('',*,*,#2617,.F.);
#2119=ORIENTED_EDGE('',*,*,#2605,.T.);
#2120=ORIENTED_EDGE('',*,*,#2414,.F.);
#2121=ORIENTED_EDGE('',*,*,#2610,.T.);
#2122=ORIENTED_EDGE('',*,*,#2608,.T.);
#2123=ORIENTED_EDGE('',*,*,#2603,.F.);
#2124=ORIENTED_EDGE('',*,*,#2601,.F.);
#2125=ORIENTED_EDGE('',*,*,#2416,.T.);
#2126=ORIENTED_EDGE('',*,*,#2607,.F.);
#2127=ORIENTED_EDGE('',*,*,#2501,.F.);
#2128=ORIENTED_EDGE('',*,*,#2418,.F.);
#2129=ORIENTED_EDGE('',*,*,#2600,.T.);
#2130=ORIENTED_EDGE('',*,*,#2598,.T.);
#2131=ORIENTED_EDGE('',*,*,#2500,.F.);
#2132=ORIENTED_EDGE('',*,*,#2499,.T.);
#2133=ORIENTED_EDGE('',*,*,#2495,.T.);
#2134=ORIENTED_EDGE('',*,*,#2420,.F.);
#2135=ORIENTED_EDGE('',*,*,#2493,.F.);
#2136=ORIENTED_EDGE('',*,*,#2491,.F.);
#2137=ORIENTED_EDGE('',*,*,#2422,.F.);
#2138=ORIENTED_EDGE('',*,*,#2497,.F.);
#2139=ORIENTED_EDGE('',*,*,#2490,.T.);
#2140=ORIENTED_EDGE('',*,*,#2488,.T.);
#2141=ORIENTED_EDGE('',*,*,#2485,.T.);
#2142=ORIENTED_EDGE('',*,*,#2424,.F.);
#2143=ORIENTED_EDGE('',*,*,#2483,.F.);
#2144=ORIENTED_EDGE('',*,*,#2481,.F.);
#2145=ORIENTED_EDGE('',*,*,#2426,.F.);
#2146=ORIENTED_EDGE('',*,*,#2487,.F.);
#2147=ORIENTED_EDGE('',*,*,#2480,.T.);
#2148=ORIENTED_EDGE('',*,*,#2478,.T.);
#2149=ORIENTED_EDGE('',*,*,#2475,.T.);
#2150=ORIENTED_EDGE('',*,*,#2428,.F.);
#2151=ORIENTED_EDGE('',*,*,#2473,.F.);
#2152=ORIENTED_EDGE('',*,*,#2471,.F.);
#2153=ORIENTED_EDGE('',*,*,#2430,.F.);
#2154=ORIENTED_EDGE('',*,*,#2477,.F.);
#2155=ORIENTED_EDGE('',*,*,#2470,.T.);
#2156=ORIENTED_EDGE('',*,*,#2468,.T.);
#2157=ORIENTED_EDGE('',*,*,#2465,.T.);
#2158=ORIENTED_EDGE('',*,*,#2432,.F.);
#2159=ORIENTED_EDGE('',*,*,#2463,.F.);
#2160=ORIENTED_EDGE('',*,*,#2461,.F.);
#2161=ORIENTED_EDGE('',*,*,#2434,.F.);
#2162=ORIENTED_EDGE('',*,*,#2467,.F.);
#2163=ORIENTED_EDGE('',*,*,#2460,.T.);
#2164=ORIENTED_EDGE('',*,*,#2458,.T.);
#2165=ORIENTED_EDGE('',*,*,#2455,.T.);
#2166=ORIENTED_EDGE('',*,*,#2436,.F.);
#2167=ORIENTED_EDGE('',*,*,#2453,.F.);
#2168=ORIENTED_EDGE('',*,*,#2451,.F.);
#2169=ORIENTED_EDGE('',*,*,#2438,.F.);
#2170=ORIENTED_EDGE('',*,*,#2457,.F.);
#2171=ORIENTED_EDGE('',*,*,#2450,.T.);
#2172=ORIENTED_EDGE('',*,*,#2448,.T.);
#2173=ORIENTED_EDGE('',*,*,#2446,.T.);
#2174=ORIENTED_EDGE('',*,*,#2440,.F.);
#2175=ORIENTED_EDGE('',*,*,#2506,.F.);
#2176=ORIENTED_EDGE('',*,*,#2656,.T.);
#2177=ORIENTED_EDGE('',*,*,#2514,.F.);
#2178=ORIENTED_EDGE('',*,*,#2657,.F.);
#2179=ORIENTED_EDGE('',*,*,#2507,.F.);
#2180=ORIENTED_EDGE('',*,*,#2657,.T.);
#2181=ORIENTED_EDGE('',*,*,#2517,.F.);
#2182=ORIENTED_EDGE('',*,*,#2658,.F.);
#2183=ORIENTED_EDGE('',*,*,#2508,.F.);
#2184=ORIENTED_EDGE('',*,*,#2658,.T.);
#2185=ORIENTED_EDGE('',*,*,#2516,.F.);
#2186=ORIENTED_EDGE('',*,*,#2659,.F.);
#2187=ORIENTED_EDGE('',*,*,#2509,.F.);
#2188=ORIENTED_EDGE('',*,*,#2659,.T.);
#2189=ORIENTED_EDGE('',*,*,#2515,.F.);
#2190=ORIENTED_EDGE('',*,*,#2656,.F.);
#2191=ORIENTED_EDGE('',*,*,#2519,.T.);
#2192=ORIENTED_EDGE('',*,*,#2525,.T.);
#2193=ORIENTED_EDGE('',*,*,#2523,.T.);
#2194=ORIENTED_EDGE('',*,*,#2521,.T.);
#2195=ORIENTED_EDGE('',*,*,#2527,.T.);
#2196=ORIENTED_EDGE('',*,*,#2533,.T.);
#2197=ORIENTED_EDGE('',*,*,#2531,.T.);
#2198=ORIENTED_EDGE('',*,*,#2529,.T.);
#2199=ORIENTED_EDGE('',*,*,#2535,.T.);
#2200=ORIENTED_EDGE('',*,*,#2541,.T.);
#2201=ORIENTED_EDGE('',*,*,#2539,.T.);
#2202=ORIENTED_EDGE('',*,*,#2537,.T.);
#2203=ORIENTED_EDGE('',*,*,#2543,.T.);
#2204=ORIENTED_EDGE('',*,*,#2549,.T.);
#2205=ORIENTED_EDGE('',*,*,#2547,.T.);
#2206=ORIENTED_EDGE('',*,*,#2545,.T.);
#2207=ORIENTED_EDGE('',*,*,#2551,.T.);
#2208=ORIENTED_EDGE('',*,*,#2557,.T.);
#2209=ORIENTED_EDGE('',*,*,#2555,.T.);
#2210=ORIENTED_EDGE('',*,*,#2553,.T.);
#2211=ORIENTED_EDGE('',*,*,#2560,.T.);
#2212=ORIENTED_EDGE('',*,*,#2565,.T.);
#2213=ORIENTED_EDGE('',*,*,#2564,.T.);
#2214=ORIENTED_EDGE('',*,*,#2561,.T.);
#2215=ORIENTED_EDGE('',*,*,#2568,.T.);
#2216=ORIENTED_EDGE('',*,*,#2573,.T.);
#2217=ORIENTED_EDGE('',*,*,#2572,.T.);
#2218=ORIENTED_EDGE('',*,*,#2569,.T.);
#2219=ORIENTED_EDGE('',*,*,#2576,.T.);
#2220=ORIENTED_EDGE('',*,*,#2581,.T.);
#2221=ORIENTED_EDGE('',*,*,#2580,.T.);
#2222=ORIENTED_EDGE('',*,*,#2577,.T.);
#2223=ORIENTED_EDGE('',*,*,#2583,.F.);
#2224=ORIENTED_EDGE('',*,*,#2589,.T.);
#2225=ORIENTED_EDGE('',*,*,#2587,.F.);
#2226=ORIENTED_EDGE('',*,*,#2585,.T.);
#2227=ORIENTED_EDGE('',*,*,#2591,.T.);
#2228=ORIENTED_EDGE('',*,*,#2597,.T.);
#2229=ORIENTED_EDGE('',*,*,#2595,.T.);
#2230=ORIENTED_EDGE('',*,*,#2593,.T.);
#2231=EDGE_CURVE('',#2660,#2661,#2662,.T.);
#2232=EDGE_CURVE('',#2663,#2660,#2664,.T.);
#2233=EDGE_CURVE('',#2665,#2663,#2666,.T.);
#2234=EDGE_CURVE('',#2661,#2665,#2667,.T.);
#2235=EDGE_CURVE('',#2668,#2668,#2669,.F.);
#2236=EDGE_CURVE('',#2670,#2670,#2671,.F.);
#2237=EDGE_CURVE('',#2672,#2673,#2674,.F.);
#2238=EDGE_CURVE('',#2673,#2675,#2676,.F.);
#2239=EDGE_CURVE('',#2675,#2677,#2678,.F.);
#2240=EDGE_CURVE('',#2677,#2672,#2679,.F.);
#2241=EDGE_CURVE('',#2680,#2681,#2682,.T.);
#2242=EDGE_CURVE('',#2680,#2683,#2684,.T.);
#2243=EDGE_CURVE('',#2685,#2683,#2686,.T.);
#2244=EDGE_CURVE('',#2685,#2681,#2687,.T.);
#2245=EDGE_CURVE('',#2688,#2688,#2689,.T.);
#2246=EDGE_CURVE('',#2690,#2690,#2691,.T.);
#2247=EDGE_CURVE('',#2692,#2693,#2694,.T.);
#2248=EDGE_CURVE('',#2693,#2695,#2696,.T.);
#2249=EDGE_CURVE('',#2695,#2697,#2698,.T.);
#2250=EDGE_CURVE('',#2697,#2692,#2699,.T.);
#2251=EDGE_CURVE('',#2700,#2701,#2702,.T.);
#2252=EDGE_CURVE('',#2700,#2703,#2704,.T.);
#2253=EDGE_CURVE('',#2703,#2705,#2706,.T.);
#2254=EDGE_CURVE('',#2705,#2707,#2708,.T.);
#2255=EDGE_CURVE('',#2707,#2709,#2710,.F.);
#2256=EDGE_CURVE('',#2709,#2660,#2711,.T.);
#2257=EDGE_CURVE('',#2661,#2701,#2712,.T.);
#2258=EDGE_CURVE('',#2713,#2709,#2714,.T.);
#2259=EDGE_CURVE('',#2713,#2663,#2715,.T.);
#2260=EDGE_CURVE('',#2713,#2716,#2717,.F.);
#2261=EDGE_CURVE('',#2716,#2718,#2719,.F.);
#2262=EDGE_CURVE('',#2720,#2718,#2721,.T.);
#2263=EDGE_CURVE('',#2720,#2665,#2722,.T.);
#2264=EDGE_CURVE('',#2701,#2723,#2724,.T.);
#2265=EDGE_CURVE('',#2725,#2720,#2726,.T.);
#2266=EDGE_CURVE('',#2727,#2725,#2728,.T.);
#2267=EDGE_CURVE('',#2727,#2729,#2730,.T.);
#2268=EDGE_CURVE('',#2731,#2729,#2732,.T.);
#2269=EDGE_CURVE('',#2733,#2731,#2734,.T.);
#2270=EDGE_CURVE('',#2735,#2733,#2736,.T.);
#2271=EDGE_CURVE('',#2735,#2737,#2738,.T.);
#2272=EDGE_CURVE('',#2739,#2737,#2740,.T.);
#2273=EDGE_CURVE('',#2741,#2739,#2742,.T.);
#2274=EDGE_CURVE('',#2743,#2741,#2744,.T.);
#2275=EDGE_CURVE('',#2743,#2745,#2746,.T.);
#2276=EDGE_CURVE('',#2747,#2745,#2748,.T.);
#2277=EDGE_CURVE('',#2749,#2747,#2750,.T.);
#2278=EDGE_CURVE('',#2751,#2749,#2752,.T.);
#2279=EDGE_CURVE('',#2751,#2753,#2754,.T.);
#2280=EDGE_CURVE('',#2755,#2753,#2756,.T.);
#2281=EDGE_CURVE('',#2757,#2755,#2758,.T.);
#2282=EDGE_CURVE('',#2759,#2757,#2760,.T.);
#2283=EDGE_CURVE('',#2759,#2761,#2762,.T.);
#2284=EDGE_CURVE('',#2763,#2761,#2764,.T.);
#2285=EDGE_CURVE('',#2765,#2763,#2766,.T.);
#2286=EDGE_CURVE('',#2767,#2765,#2768,.T.);
#2287=EDGE_CURVE('',#2767,#2769,#2770,.T.);
#2288=EDGE_CURVE('',#2771,#2769,#2772,.T.);
#2289=EDGE_CURVE('',#2773,#2771,#2774,.T.);
#2290=EDGE_CURVE('',#2773,#2775,#2776,.T.);
#2291=EDGE_CURVE('',#2777,#2775,#2778,.T.);
#2292=EDGE_CURVE('',#2779,#2777,#2780,.T.);
#2293=EDGE_CURVE('',#2723,#2779,#2781,.T.);
#2294=EDGE_CURVE('',#2782,#2782,#2783,.T.);
#2295=EDGE_CURVE('',#2784,#2784,#2785,.F.);
#2296=EDGE_CURVE('',#2693,#2672,#2786,.T.);
#2297=EDGE_CURVE('',#2692,#2673,#2787,.T.);
#2298=EDGE_CURVE('',#2697,#2675,#2788,.T.);
#2299=EDGE_CURVE('',#2695,#2677,#2789,.T.);
#2300=EDGE_CURVE('',#2790,#2791,#2792,.T.);
#2301=EDGE_CURVE('',#2793,#2791,#2794,.T.);
#2302=EDGE_CURVE('',#2795,#2793,#2796,.T.);
#2303=EDGE_CURVE('',#2795,#2680,#2797,.F.);
#2304=EDGE_CURVE('',#2681,#2790,#2798,.F.);
#2305=EDGE_CURVE('',#2799,#2800,#2801,.F.);
#2306=EDGE_CURVE('',#2800,#2802,#2803,.F.);
#2307=EDGE_CURVE('',#2802,#2804,#2805,.F.);
#2308=EDGE_CURVE('',#2804,#2799,#2806,.F.);
#2309=EDGE_CURVE('',#2807,#2808,#2809,.F.);
#2310=EDGE_CURVE('',#2808,#2810,#2811,.F.);
#2311=EDGE_CURVE('',#2810,#2812,#2813,.F.);
#2312=EDGE_CURVE('',#2812,#2807,#2814,.F.);
#2313=EDGE_CURVE('',#2815,#2816,#2817,.F.);
#2314=EDGE_CURVE('',#2816,#2818,#2819,.F.);
#2315=EDGE_CURVE('',#2818,#2820,#2821,.F.);
#2316=EDGE_CURVE('',#2820,#2815,#2822,.F.);
#2317=EDGE_CURVE('',#2823,#2824,#2825,.F.);
#2318=EDGE_CURVE('',#2824,#2826,#2827,.F.);
#2319=EDGE_CURVE('',#2826,#2828,#2829,.F.);
#2320=EDGE_CURVE('',#2828,#2823,#2830,.F.);
#2321=EDGE_CURVE('',#2831,#2831,#2832,.F.);
#2322=EDGE_CURVE('',#2833,#2833,#2834,.T.);
#2323=EDGE_CURVE('',#2835,#2795,#2836,.T.);
#2324=EDGE_CURVE('',#2683,#2835,#2837,.F.);
#2325=EDGE_CURVE('',#2838,#2839,#2840,.T.);
#2326=EDGE_CURVE('',#2839,#2841,#2842,.T.);
#2327=EDGE_CURVE('',#2841,#2843,#2844,.T.);
#2328=EDGE_CURVE('',#2843,#2838,#2845,.T.);
#2329=EDGE_CURVE('',#2835,#2846,#2847,.T.);
#2330=EDGE_CURVE('',#2848,#2846,#2849,.T.);
#2331=EDGE_CURVE('',#2850,#2848,#2851,.T.);
#2332=EDGE_CURVE('',#2850,#2685,#2852,.F.);
#2333=EDGE_CURVE('',#2853,#2854,#2855,.T.);
#2334=EDGE_CURVE('',#2853,#2856,#2857,.F.);
#2335=EDGE_CURVE('',#2858,#2856,#2859,.T.);
#2336=EDGE_CURVE('',#2858,#2854,#2860,.F.);
#2337=EDGE_CURVE('',#2861,#2862,#2863,.T.);
#2338=EDGE_CURVE('',#2861,#2864,#2865,.F.);
#2339=EDGE_CURVE('',#2866,#2864,#2867,.T.);
#2340=EDGE_CURVE('',#2866,#2862,#2868,.F.);
#2341=EDGE_CURVE('',#2869,#2870,#2871,.T.);
#2342=EDGE_CURVE('',#2869,#2872,#2873,.F.);
#2343=EDGE_CURVE('',#2874,#2872,#2875,.T.);
#2344=EDGE_CURVE('',#2874,#2870,#2876,.F.);
#2345=EDGE_CURVE('',#2877,#2878,#2879,.T.);
#2346=EDGE_CURVE('',#2878,#2880,#2881,.F.);
#2347=EDGE_CURVE('',#2880,#2882,#2883,.T.);
#2348=EDGE_CURVE('',#2882,#2877,#2884,.F.);
#2349=EDGE_CURVE('',#2885,#2885,#2886,.T.);
#2350=EDGE_CURVE('',#2887,#2887,#2888,.F.);
#2351=EDGE_CURVE('',#2790,#2850,#2889,.F.);
#2352=EDGE_CURVE('',#2890,#2891,#2892,.T.);
#2353=EDGE_CURVE('',#2891,#2893,#2894,.T.);
#2354=EDGE_CURVE('',#2893,#2895,#2896,.T.);
#2355=EDGE_CURVE('',#2895,#2890,#2897,.T.);
#2356=EDGE_CURVE('',#2898,#2723,#2899,.T.);
#2357=EDGE_CURVE('',#2898,#2700,#2900,.T.);
#2358=EDGE_CURVE('',#2901,#2898,#2902,.T.);
#2359=EDGE_CURVE('',#2901,#2903,#2904,.T.);
#2360=EDGE_CURVE('',#2905,#2903,#2906,.T.);
#2361=EDGE_CURVE('',#2907,#2905,#2908,.T.);
#2362=EDGE_CURVE('',#2909,#2907,#2910,.T.);
#2363=EDGE_CURVE('',#2911,#2909,#2912,.T.);
#2364=EDGE_CURVE('',#2911,#2913,#2914,.T.);
#2365=EDGE_CURVE('',#2915,#2913,#2916,.T.);
#2366=EDGE_CURVE('',#2917,#2915,#2918,.T.);
#2367=EDGE_CURVE('',#2919,#2917,#2920,.T.);
#2368=EDGE_CURVE('',#2919,#2921,#2922,.T.);
#2369=EDGE_CURVE('',#2923,#2921,#2924,.T.);
#2370=EDGE_CURVE('',#2925,#2923,#2926,.T.);
#2371=EDGE_CURVE('',#2927,#2925,#2928,.T.);
#2372=EDGE_CURVE('',#2927,#2929,#2930,.T.);
#2373=EDGE_CURVE('',#2931,#2929,#2932,.T.);
#2374=EDGE_CURVE('',#2933,#2931,#2934,.T.);
#2375=EDGE_CURVE('',#2935,#2933,#2936,.T.);
#2376=EDGE_CURVE('',#2935,#2937,#2938,.T.);
#2377=EDGE_CURVE('',#2939,#2937,#2940,.T.);
#2378=EDGE_CURVE('',#2941,#2939,#2942,.T.);
#2379=EDGE_CURVE('',#2943,#2941,#2944,.T.);
#2380=EDGE_CURVE('',#2943,#2945,#2946,.T.);
#2381=EDGE_CURVE('',#2947,#2945,#2948,.T.);
#2382=EDGE_CURVE('',#2949,#2947,#2950,.T.);
#2383=EDGE_CURVE('',#2951,#2949,#2952,.T.);
#2384=EDGE_CURVE('',#2951,#2953,#2954,.T.);
#2385=EDGE_CURVE('',#2955,#2953,#2956,.T.);
#2386=EDGE_CURVE('',#2957,#2955,#2958,.T.);
#2387=EDGE_CURVE('',#2959,#2957,#2960,.T.);
#2388=EDGE_CURVE('',#2959,#2703,#2961,.T.);
#2389=EDGE_CURVE('',#2962,#2962,#2963,.F.);
#2390=EDGE_CURVE('',#2964,#2964,#2965,.T.);
#2391=EDGE_CURVE('',#2966,#2959,#2967,.T.);
#2392=EDGE_CURVE('',#2705,#2966,#2968,.T.);
#2393=EDGE_CURVE('',#2966,#2969,#2970,.T.);
#2394=EDGE_CURVE('',#2707,#2969,#2971,.T.);
#2395=EDGE_CURVE('',#2972,#2969,#2973,.F.);
#2396=EDGE_CURVE('',#2974,#2972,#2975,.T.);
#2397=EDGE_CURVE('',#2976,#2974,#2977,.F.);
#2398=EDGE_CURVE('',#2976,#2978,#2979,.T.);
#2399=EDGE_CURVE('',#2980,#2978,#2981,.F.);
#2400=EDGE_CURVE('',#2982,#2980,#2983,.T.);
#2401=EDGE_CURVE('',#2984,#2982,#2985,.F.);
#2402=EDGE_CURVE('',#2984,#2986,#2987,.T.);
#2403=EDGE_CURVE('',#2988,#2986,#2989,.F.);
#2404=EDGE_CURVE('',#2990,#2988,#2991,.T.);
#2405=EDGE_CURVE('',#2992,#2990,#2993,.F.);
#2406=EDGE_CURVE('',#2992,#2994,#2995,.T.);
#2407=EDGE_CURVE('',#2996,#2994,#2997,.F.);
#2408=EDGE_CURVE('',#2998,#2996,#2999,.T.);
#2409=EDGE_CURVE('',#3000,#2998,#3001,.F.);
#2410=EDGE_CURVE('',#3000,#3002,#3003,.T.);
#2411=EDGE_CURVE('',#3004,#3002,#3005,.F.);
#2412=EDGE_CURVE('',#3006,#3004,#3007,.T.);
#2413=EDGE_CURVE('',#3008,#3006,#3009,.F.);
#2414=EDGE_CURVE('',#3008,#3010,#3011,.T.);
#2415=EDGE_CURVE('',#3012,#3010,#3013,.F.);
#2416=EDGE_CURVE('',#3014,#3012,#3015,.T.);
#2417=EDGE_CURVE('',#3016,#3014,#3017,.F.);
#2418=EDGE_CURVE('',#3016,#3018,#3019,.T.);
#2419=EDGE_CURVE('',#3020,#3018,#3021,.F.);
#2420=EDGE_CURVE('',#3020,#3022,#3023,.T.);
#2421=EDGE_CURVE('',#3024,#3022,#3025,.F.);
#2422=EDGE_CURVE('',#3024,#3026,#3027,.T.);
#2423=EDGE_CURVE('',#3028,#3026,#3029,.F.);
#2424=EDGE_CURVE('',#3028,#3030,#3031,.T.);
#2425=EDGE_CURVE('',#3032,#3030,#3033,.F.);
#2426=EDGE_CURVE('',#3032,#3034,#3035,.T.);
#2427=EDGE_CURVE('',#3036,#3034,#3037,.F.);
#2428=EDGE_CURVE('',#3036,#3038,#3039,.T.);
#2429=EDGE_CURVE('',#3040,#3038,#3041,.F.);
#2430=EDGE_CURVE('',#3040,#3042,#3043,.T.);
#2431=EDGE_CURVE('',#3044,#3042,#3045,.F.);
#2432=EDGE_CURVE('',#3044,#3046,#3047,.T.);
#2433=EDGE_CURVE('',#3048,#3046,#3049,.F.);
#2434=EDGE_CURVE('',#3048,#3050,#3051,.T.);
#2435=EDGE_CURVE('',#3052,#3050,#3053,.F.);
#2436=EDGE_CURVE('',#3052,#3054,#3055,.T.);
#2437=EDGE_CURVE('',#3056,#3054,#3057,.F.);
#2438=EDGE_CURVE('',#3056,#3058,#3059,.T.);
#2439=EDGE_CURVE('',#3060,#3058,#3061,.F.);
#2440=EDGE_CURVE('',#3060,#3062,#3063,.T.);
#2441=EDGE_CURVE('',#3064,#3062,#3065,.F.);
#2442=EDGE_CURVE('',#3064,#2716,#3066,.T.);
#2443=EDGE_CURVE('',#2718,#3067,#3068,.F.);
#2444=EDGE_CURVE('',#3067,#3064,#3069,.F.);
#2445=EDGE_CURVE('',#3067,#2725,#3070,.T.);
#2446=EDGE_CURVE('',#3071,#3062,#3072,.T.);
#2447=EDGE_CURVE('',#3071,#2727,#3073,.T.);
#2448=EDGE_CURVE('',#3074,#3071,#3075,.T.);
#2449=EDGE_CURVE('',#2729,#3074,#3076,.T.);
#2450=EDGE_CURVE('',#3060,#3074,#3077,.T.);
#2451=EDGE_CURVE('',#3058,#3078,#3079,.F.);
#2452=EDGE_CURVE('',#2731,#3078,#3080,.T.);
#2453=EDGE_CURVE('',#3078,#3081,#3082,.F.);
#2454=EDGE_CURVE('',#3081,#2733,#3083,.T.);
#2455=EDGE_CURVE('',#3084,#3054,#3085,.T.);
#2456=EDGE_CURVE('',#3084,#2735,#3086,.T.);
#2457=EDGE_CURVE('',#3081,#3056,#3087,.F.);
#2458=EDGE_CURVE('',#3088,#3084,#3089,.T.);
#2459=EDGE_CURVE('',#2737,#3088,#3090,.T.);
#2460=EDGE_CURVE('',#3052,#3088,#3091,.T.);
#2461=EDGE_CURVE('',#3050,#3092,#3093,.F.);
#2462=EDGE_CURVE('',#2739,#3092,#3094,.T.);
#2463=EDGE_CURVE('',#3092,#3095,#3096,.F.);
#2464=EDGE_CURVE('',#3095,#2741,#3097,.T.);
#2465=EDGE_CURVE('',#3098,#3046,#3099,.T.);
#2466=EDGE_CURVE('',#3098,#2743,#3100,.T.);
#2467=EDGE_CURVE('',#3095,#3048,#3101,.F.);
#2468=EDGE_CURVE('',#3102,#3098,#3103,.T.);
#2469=EDGE_CURVE('',#2745,#3102,#3104,.T.);
#2470=EDGE_CURVE('',#3044,#3102,#3105,.T.);
#2471=EDGE_CURVE('',#3042,#3106,#3107,.F.);
#2472=EDGE_CURVE('',#2747,#3106,#3108,.T.);
#2473=EDGE_CURVE('',#3106,#3109,#3110,.F.);
#2474=EDGE_CURVE('',#3109,#2749,#3111,.T.);
#2475=EDGE_CURVE('',#3112,#3038,#3113,.T.);
#2476=EDGE_CURVE('',#3112,#2751,#3114,.T.);
#2477=EDGE_CURVE('',#3109,#3040,#3115,.F.);
#2478=EDGE_CURVE('',#3116,#3112,#3117,.T.);
#2479=EDGE_CURVE('',#2753,#3116,#3118,.T.);
#2480=EDGE_CURVE('',#3036,#3116,#3119,.T.);
#2481=EDGE_CURVE('',#3034,#3120,#3121,.F.);
#2482=EDGE_CURVE('',#2755,#3120,#3122,.T.);
#2483=EDGE_CURVE('',#3120,#3123,#3124,.F.);
#2484=EDGE_CURVE('',#3123,#2757,#3125,.T.);
#2485=EDGE_CURVE('',#3126,#3030,#3127,.T.);
#2486=EDGE_CURVE('',#3126,#2759,#3128,.T.);
#2487=EDGE_CURVE('',#3123,#3032,#3129,.F.);
#2488=EDGE_CURVE('',#3130,#3126,#3131,.T.);
#2489=EDGE_CURVE('',#2761,#3130,#3132,.T.);
#2490=EDGE_CURVE('',#3028,#3130,#3133,.T.);
#2491=EDGE_CURVE('',#3026,#3134,#3135,.F.);
#2492=EDGE_CURVE('',#2763,#3134,#3136,.T.);
#2493=EDGE_CURVE('',#3134,#3137,#3138,.F.);
#2494=EDGE_CURVE('',#3137,#2765,#3139,.T.);
#2495=EDGE_CURVE('',#3140,#3022,#3141,.T.);
#2496=EDGE_CURVE('',#3140,#2767,#3142,.T.);
#2497=EDGE_CURVE('',#3137,#3024,#3143,.F.);
#2498=EDGE_CURVE('',#2769,#3144,#3145,.T.);
#2499=EDGE_CURVE('',#3144,#3140,#3146,.T.);
#2500=EDGE_CURVE('',#3144,#3020,#3147,.T.);
#2501=EDGE_CURVE('',#3018,#3148,#3149,.T.);
#2502=EDGE_CURVE('',#3148,#2911,#3150,.T.);
#2503=EDGE_CURVE('',#2909,#2771,#3151,.T.);
#2504=EDGE_CURVE('',#2907,#2773,#3152,.T.);
#2505=EDGE_CURVE('',#2775,#2905,#3153,.T.);
#2506=EDGE_CURVE('',#3154,#3155,#3156,.F.);
#2507=EDGE_CURVE('',#3155,#3157,#3158,.F.);
#2508=EDGE_CURVE('',#3157,#3159,#3160,.F.);
#2509=EDGE_CURVE('',#3159,#3154,#3161,.F.);
#2510=EDGE_CURVE('',#2791,#2848,#3162,.T.);
#2511=EDGE_CURVE('',#2846,#2777,#3163,.T.);
#2512=EDGE_CURVE('',#2903,#2793,#3164,.T.);
#2513=EDGE_CURVE('',#2779,#2901,#3165,.T.);
#2514=EDGE_CURVE('',#3166,#3167,#3168,.F.);
#2515=EDGE_CURVE('',#3167,#3169,#3170,.F.);
#2516=EDGE_CURVE('',#3169,#3171,#3172,.F.);
#2517=EDGE_CURVE('',#3171,#3166,#3173,.F.);
#2518=EDGE_CURVE('',#3174,#2799,#3175,.T.);
#2519=EDGE_CURVE('',#3176,#3174,#3177,.T.);
#2520=EDGE_CURVE('',#3176,#2800,#3178,.T.);
#2521=EDGE_CURVE('',#3179,#3176,#3180,.T.);
#2522=EDGE_CURVE('',#3179,#2802,#3181,.T.);
#2523=EDGE_CURVE('',#3182,#3179,#3183,.T.);
#2524=EDGE_CURVE('',#3182,#2804,#3184,.T.);
#2525=EDGE_CURVE('',#3174,#3182,#3185,.T.);
#2526=EDGE_CURVE('',#3186,#2807,#3187,.T.);
#2527=EDGE_CURVE('',#3188,#3186,#3189,.T.);
#2528=EDGE_CURVE('',#3188,#2808,#3190,.T.);
#2529=EDGE_CURVE('',#3191,#3188,#3192,.T.);
#2530=EDGE_CURVE('',#3191,#2810,#3193,.T.);
#2531=EDGE_CURVE('',#3194,#3191,#3195,.T.);
#2532=EDGE_CURVE('',#3194,#2812,#3196,.T.);
#2533=EDGE_CURVE('',#3186,#3194,#3197,.T.);
#2534=EDGE_CURVE('',#3198,#2815,#3199,.T.);
#2535=EDGE_CURVE('',#3200,#3198,#3201,.T.);
#2536=EDGE_CURVE('',#3200,#2816,#3202,.T.);
#2537=EDGE_CURVE('',#3203,#3200,#3204,.T.);
#2538=EDGE_CURVE('',#3203,#2818,#3205,.T.);
#2539=EDGE_CURVE('',#3206,#3203,#3207,.T.);
#2540=EDGE_CURVE('',#3206,#2820,#3208,.T.);
#2541=EDGE_CURVE('',#3198,#3206,#3209,.T.);
#2542=EDGE_CURVE('',#3210,#2823,#3211,.T.);
#2543=EDGE_CURVE('',#3212,#3210,#3213,.T.);
#2544=EDGE_CURVE('',#3212,#2824,#3214,.T.);
#2545=EDGE_CURVE('',#3215,#3212,#3216,.T.);
#2546=EDGE_CURVE('',#3215,#2826,#3217,.T.);
#2547=EDGE_CURVE('',#3218,#3215,#3219,.T.);
#2548=EDGE_CURVE('',#3218,#2828,#3220,.T.);
#2549=EDGE_CURVE('',#3210,#3218,#3221,.T.);
#2550=EDGE_CURVE('',#3222,#2838,#3223,.T.);
#2551=EDGE_CURVE('',#3224,#3222,#3225,.T.);
#2552=EDGE_CURVE('',#3224,#2839,#3226,.T.);
#2553=EDGE_CURVE('',#3227,#3224,#3228,.T.);
#2554=EDGE_CURVE('',#3227,#2841,#3229,.T.);
#2555=EDGE_CURVE('',#3230,#3227,#3231,.T.);
#2556=EDGE_CURVE('',#3230,#2843,#3232,.T.);
#2557=EDGE_CURVE('',#3222,#3230,#3233,.T.);
#2558=EDGE_CURVE('',#2853,#3234,#3235,.F.);
#2559=EDGE_CURVE('',#2854,#3236,#3237,.F.);
#2560=EDGE_CURVE('',#3234,#3236,#3238,.T.);
#2561=EDGE_CURVE('',#3239,#3234,#3240,.T.);
#2562=EDGE_CURVE('',#2856,#3239,#3241,.F.);
#2563=EDGE_CURVE('',#2858,#3242,#3243,.F.);
#2564=EDGE_CURVE('',#3242,#3239,#3244,.T.);
#2565=EDGE_CURVE('',#3236,#3242,#3245,.T.);
#2566=EDGE_CURVE('',#2861,#3246,#3247,.F.);
#2567=EDGE_CURVE('',#2862,#3248,#3249,.F.);
#2568=EDGE_CURVE('',#3246,#3248,#3250,.T.);
#2569=EDGE_CURVE('',#3251,#3246,#3252,.T.);
#2570=EDGE_CURVE('',#2864,#3251,#3253,.F.);
#2571=EDGE_CURVE('',#2866,#3254,#3255,.F.);
#2572=EDGE_CURVE('',#3254,#3251,#3256,.T.);
#2573=EDGE_CURVE('',#3248,#3254,#3257,.T.);
#2574=EDGE_CURVE('',#2869,#3258,#3259,.F.);
#2575=EDGE_CURVE('',#2870,#3260,#3261,.F.);
#2576=EDGE_CURVE('',#3258,#3260,#3262,.T.);
#2577=EDGE_CURVE('',#3263,#3258,#3264,.T.);
#2578=EDGE_CURVE('',#2872,#3263,#3265,.F.);
#2579=EDGE_CURVE('',#2874,#3266,#3267,.F.);
#2580=EDGE_CURVE('',#3266,#3263,#3268,.T.);
#2581=EDGE_CURVE('',#3260,#3266,#3269,.T.);
#2582=EDGE_CURVE('',#3270,#2877,#3271,.F.);
#2583=EDGE_CURVE('',#3270,#3272,#3273,.T.);
#2584=EDGE_CURVE('',#3272,#2878,#3274,.F.);
#2585=EDGE_CURVE('',#3275,#3272,#3276,.T.);
#2586=EDGE_CURVE('',#3275,#2880,#3277,.F.);
#2587=EDGE_CURVE('',#3275,#3278,#3279,.T.);
#2588=EDGE_CURVE('',#3278,#2882,#3280,.F.);
#2589=EDGE_CURVE('',#3270,#3278,#3281,.T.);
#2590=EDGE_CURVE('',#3282,#2890,#3283,.T.);
#2591=EDGE_CURVE('',#3284,#3282,#3285,.T.);
#2592=EDGE_CURVE('',#3284,#2891,#3286,.T.);
#2593=EDGE_CURVE('',#3287,#3284,#3288,.T.);
#2594=EDGE_CURVE('',#3287,#2893,#3289,.T.);
#2595=EDGE_CURVE('',#3290,#3287,#3291,.T.);
#2596=EDGE_CURVE('',#3290,#2895,#3292,.T.);
#2597=EDGE_CURVE('',#3282,#3290,#3293,.T.);
#2598=EDGE_CURVE('',#3294,#3148,#3295,.T.);
#2599=EDGE_CURVE('',#2913,#3294,#3296,.T.);
#2600=EDGE_CURVE('',#3016,#3294,#3297,.T.);
#2601=EDGE_CURVE('',#3014,#3298,#3299,.F.);
#2602=EDGE_CURVE('',#2915,#3298,#3300,.T.);
#2603=EDGE_CURVE('',#3298,#3301,#3302,.F.);
#2604=EDGE_CURVE('',#3301,#2917,#3303,.T.);
#2605=EDGE_CURVE('',#3304,#3010,#3305,.T.);
#2606=EDGE_CURVE('',#3304,#2919,#3306,.T.);
#2607=EDGE_CURVE('',#3301,#3012,#3307,.F.);
#2608=EDGE_CURVE('',#3308,#3304,#3309,.T.);
#2609=EDGE_CURVE('',#2921,#3308,#3310,.T.);
#2610=EDGE_CURVE('',#3008,#3308,#3311,.T.);
#2611=EDGE_CURVE('',#3006,#3312,#3313,.F.);
#2612=EDGE_CURVE('',#2923,#3312,#3314,.T.);
#2613=EDGE_CURVE('',#3312,#3315,#3316,.F.);
#2614=EDGE_CURVE('',#3315,#2925,#3317,.T.);
#2615=EDGE_CURVE('',#3318,#3002,#3319,.T.);
#2616=EDGE_CURVE('',#3318,#2927,#3320,.T.);
#2617=EDGE_CURVE('',#3315,#3004,#3321,.F.);
#2618=EDGE_CURVE('',#3322,#3318,#3323,.T.);
#2619=EDGE_CURVE('',#2929,#3322,#3324,.T.);
#2620=EDGE_CURVE('',#3000,#3322,#3325,.T.);
#2621=EDGE_CURVE('',#2998,#3326,#3327,.F.);
#2622=EDGE_CURVE('',#2931,#3326,#3328,.T.);
#2623=EDGE_CURVE('',#3326,#3329,#3330,.F.);
#2624=EDGE_CURVE('',#3329,#2933,#3331,.T.);
#2625=EDGE_CURVE('',#3332,#2994,#3333,.T.);
#2626=EDGE_CURVE('',#3332,#2935,#3334,.T.);
#2627=EDGE_CURVE('',#3329,#2996,#3335,.F.);
#2628=EDGE_CURVE('',#3336,#3332,#3337,.T.);
#2629=EDGE_CURVE('',#2937,#3336,#3338,.T.);
#2630=EDGE_CURVE('',#2992,#3336,#3339,.T.);
#2631=EDGE_CURVE('',#2990,#3340,#3341,.F.);
#2632=EDGE_CURVE('',#2939,#3340,#3342,.T.);
#2633=EDGE_CURVE('',#3340,#3343,#3344,.F.);
#2634=EDGE_CURVE('',#3343,#2941,#3345,.T.);
#2635=EDGE_CURVE('',#3346,#2986,#3347,.T.);
#2636=EDGE_CURVE('',#3346,#2943,#3348,.T.);
#2637=EDGE_CURVE('',#3343,#2988,#3349,.F.);
#2638=EDGE_CURVE('',#3350,#3346,#3351,.T.);
#2639=EDGE_CURVE('',#2945,#3350,#3352,.T.);
#2640=EDGE_CURVE('',#2984,#3350,#3353,.T.);
#2641=EDGE_CURVE('',#2982,#3354,#3355,.F.);
#2642=EDGE_CURVE('',#2947,#3354,#3356,.T.);
#2643=EDGE_CURVE('',#3354,#3357,#3358,.F.);
#2644=EDGE_CURVE('',#3357,#2949,#3359,.T.);
#2645=EDGE_CURVE('',#3360,#2978,#3361,.T.);
#2646=EDGE_CURVE('',#3360,#2951,#3362,.T.);
#2647=EDGE_CURVE('',#3357,#2980,#3363,.F.);
#2648=EDGE_CURVE('',#3364,#3360,#3365,.T.);
#2649=EDGE_CURVE('',#2953,#3364,#3366,.T.);
#2650=EDGE_CURVE('',#2976,#3364,#3367,.T.);
#2651=EDGE_CURVE('',#2974,#3368,#3369,.F.);
#2652=EDGE_CURVE('',#2955,#3368,#3370,.T.);
#2653=EDGE_CURVE('',#3368,#3371,#3372,.F.);
#2654=EDGE_CURVE('',#3371,#2957,#3373,.T.);
#2655=EDGE_CURVE('',#3371,#2972,#3374,.F.);
#2656=EDGE_CURVE('',#3154,#3167,#3375,.T.);
#2657=EDGE_CURVE('',#3155,#3166,#3376,.T.);
#2658=EDGE_CURVE('',#3157,#3171,#3377,.T.);
#2659=EDGE_CURVE('',#3159,#3169,#3378,.T.);
#2660=VERTEX_POINT('',#3379);
#2661=VERTEX_POINT('',#3380);
#2662=LINE('',#3381,#3382);
#2663=VERTEX_POINT('',#3384);
#2664=LINE('',#3385,#3386);
#2665=VERTEX_POINT('',#3388);
#2666=LINE('',#3389,#3390);
#2667=LINE('',#3392,#3393);
#2668=VERTEX_POINT('',#3395);
#2669=CIRCLE('',#3396,1.4);
#2670=VERTEX_POINT('',#3400);
#2671=CIRCLE('',#3401,1.4);
#2672=VERTEX_POINT('',#3405);
#2673=VERTEX_POINT('',#3406);
#2674=LINE('',#3407,#3408);
#2675=VERTEX_POINT('',#3410);
#2676=LINE('',#3411,#3412);
#2677=VERTEX_POINT('',#3414);
#2678=LINE('',#3415,#3416);
#2679=LINE('',#3418,#3419);
#2680=VERTEX_POINT('',#3421);
#2681=VERTEX_POINT('',#3422);
#2682=LINE('',#3423,#3424);
#2683=VERTEX_POINT('',#3426);
#2684=LINE('',#3427,#3428);
#2685=VERTEX_POINT('',#3430);
#2686=LINE('',#3431,#3432);
#2687=LINE('',#3434,#3435);
#2688=VERTEX_POINT('',#3437);
#2689=CIRCLE('',#3438,1.4);
#2690=VERTEX_POINT('',#3442);
#2691=CIRCLE('',#3443,1.4);
#2692=VERTEX_POINT('',#3447);
#2693=VERTEX_POINT('',#3448);
#2694=LINE('',#3449,#3450);
#2695=VERTEX_POINT('',#3452);
#2696=LINE('',#3453,#3454);
#2697=VERTEX_POINT('',#3456);
#2698=LINE('',#3457,#3458);
#2699=LINE('',#3460,#3461);
#2700=VERTEX_POINT('',#3463);
#2701=VERTEX_POINT('',#3464);
#2702=LINE('',#3465,#3466);
#2703=VERTEX_POINT('',#3468);
#2704=LINE('',#3469,#3470);
#2705=VERTEX_POINT('',#3472);
#2706=LINE('',#3473,#3474);
#2707=VERTEX_POINT('',#3476);
#2708=LINE('',#3477,#3478);
#2709=VERTEX_POINT('',#3480);
#2710=LINE('',#3481,#3482);
#2711=LINE('',#3484,#3485);
#2712=LINE('',#3487,#3488);
#2713=VERTEX_POINT('',#3490);
#2714=LINE('',#3491,#3492);
#2715=LINE('',#3494,#3495);
#2716=VERTEX_POINT('',#3497);
#2717=LINE('',#3498,#3499);
#2718=VERTEX_POINT('',#3501);
#2719=LINE('',#3502,#3503);
#2720=VERTEX_POINT('',#3505);
#2721=LINE('',#3506,#3507);
#2722=LINE('',#3509,#3510);
#2723=VERTEX_POINT('',#3512);
#2724=LINE('',#3513,#3514);
#2725=VERTEX_POINT('',#3516);
#2726=LINE('',#3517,#3518);
#2727=VERTEX_POINT('',#3520);
#2728=LINE('',#3521,#3522);
#2729=VERTEX_POINT('',#3524);
#2730=LINE('',#3525,#3526);
#2731=VERTEX_POINT('',#3528);
#2732=LINE('',#3529,#3530);
#2733=VERTEX_POINT('',#3532);
#2734=LINE('',#3533,#3534);
#2735=VERTEX_POINT('',#3536);
#2736=LINE('',#3537,#3538);
#2737=VERTEX_POINT('',#3540);
#2738=LINE('',#3541,#3542);
#2739=VERTEX_POINT('',#3544);
#2740=LINE('',#3545,#3546);
#2741=VERTEX_POINT('',#3548);
#2742=LINE('',#3549,#3550);
#2743=VERTEX_POINT('',#3552);
#2744=LINE('',#3553,#3554);
#2745=VERTEX_POINT('',#3556);
#2746=LINE('',#3557,#3558);
#2747=VERTEX_POINT('',#3560);
#2748=LINE('',#3561,#3562);
#2749=VERTEX_POINT('',#3564);
#2750=LINE('',#3565,#3566);
#2751=VERTEX_POINT('',#3568);
#2752=LINE('',#3569,#3570);
#2753=VERTEX_POINT('',#3572);
#2754=LINE('',#3573,#3574);
#2755=VERTEX_POINT('',#3576);
#2756=LINE('',#3577,#3578);
#2757=VERTEX_POINT('',#3580);
#2758=LINE('',#3581,#3582);
#2759=VERTEX_POINT('',#3584);
#2760=LINE('',#3585,#3586);
#2761=VERTEX_POINT('',#3588);
#2762=LINE('',#3589,#3590);
#2763=VERTEX_POINT('',#3592);
#2764=LINE('',#3593,#3594);
#2765=VERTEX_POINT('',#3596);
#2766=LINE('',#3597,#3598);
#2767=VERTEX_POINT('',#3600);
#2768=LINE('',#3601,#3602);
#2769=VERTEX_POINT('',#3604);
#2770=LINE('',#3605,#3606);
#2771=VERTEX_POINT('',#3608);
#2772=LINE('',#3609,#3610);
#2773=VERTEX_POINT('',#3612);
#2774=LINE('',#3613,#3614);
#2775=VERTEX_POINT('',#3616);
#2776=LINE('',#3617,#3618);
#2777=VERTEX_POINT('',#3620);
#2778=LINE('',#3621,#3622);
#2779=VERTEX_POINT('',#3624);
#2780=LINE('',#3625,#3626);
#2781=LINE('',#3628,#3629);
#2782=VERTEX_POINT('',#3631);
#2783=CIRCLE('',#3632,1.6);
#2784=VERTEX_POINT('',#3636);
#2785=CIRCLE('',#3637,1.6);
#2786=LINE('',#3641,#3642);
#2787=LINE('',#3644,#3645);
#2788=LINE('',#3647,#3648);
#2789=LINE('',#3650,#3651);
#2790=VERTEX_POINT('',#3653);
#2791=VERTEX_POINT('',#3654);
#2792=LINE('',#3655,#3656);
#2793=VERTEX_POINT('',#3658);
#2794=LINE('',#3659,#3660);
#2795=VERTEX_POINT('',#3662);
#2796=LINE('',#3663,#3664);
#2797=LINE('',#3666,#3667);
#2798=LINE('',#3669,#3670);
#2799=VERTEX_POINT('',#3672);
#2800=VERTEX_POINT('',#3673);
#2801=CIRCLE('',#3674,10.);
#2802=VERTEX_POINT('',#3678);
#2803=LINE('',#3679,#3680);
#2804=VERTEX_POINT('',#3682);
#2805=CIRCLE('',#3683,10.);
#2806=LINE('',#3687,#3688);
#2807=VERTEX_POINT('',#3690);
#2808=VERTEX_POINT('',#3691);
#2809=CIRCLE('',#3692,10.);
#2810=VERTEX_POINT('',#3696);
#2811=LINE('',#3697,#3698);
#2812=VERTEX_POINT('',#3700);
#2813=CIRCLE('',#3701,10.);
#2814=LINE('',#3705,#3706);
#2815=VERTEX_POINT('',#3708);
#2816=VERTEX_POINT('',#3709);
#2817=CIRCLE('',#3710,10.);
#2818=VERTEX_POINT('',#3714);
#2819=LINE('',#3715,#3716);
#2820=VERTEX_POINT('',#3718);
#2821=CIRCLE('',#3719,10.);
#2822=LINE('',#3723,#3724);
#2823=VERTEX_POINT('',#3726);
#2824=VERTEX_POINT('',#3727);
#2825=CIRCLE('',#3728,10.);
#2826=VERTEX_POINT('',#3732);
#2827=LINE('',#3733,#3734);
#2828=VERTEX_POINT('',#3736);
#2829=CIRCLE('',#3737,10.);
#2830=LINE('',#3741,#3742);
#2831=VERTEX_POINT('',#3744);
#2832=CIRCLE('',#3745,1.6);
#2833=VERTEX_POINT('',#3749);
#2834=CIRCLE('',#3750,1.6);
#2835=VERTEX_POINT('',#3754);
#2836=LINE('',#3755,#3756);
#2837=LINE('',#3758,#3759);
#2838=VERTEX_POINT('',#3761);
#2839=VERTEX_POINT('',#3762);
#2840=LINE('',#3763,#3764);
#2841=VERTEX_POINT('',#3766);
#2842=LINE('',#3767,#3768);
#2843=VERTEX_POINT('',#3770);
#2844=LINE('',#3771,#3772);
#2845=LINE('',#3774,#3775);
#2846=VERTEX_POINT('',#3777);
#2847=LINE('',#3778,#3779);
#2848=VERTEX_POINT('',#3781);
#2849=LINE('',#3782,#3783);
#2850=VERTEX_POINT('',#3785);
#2851=LINE('',#3786,#3787);
#2852=LINE('',#3789,#3790);
#2853=VERTEX_POINT('',#3792);
#2854=VERTEX_POINT('',#3793);
#2855=CIRCLE('',#3794,10.);
#2856=VERTEX_POINT('',#3798);
#2857=LINE('',#3799,#3800);
#2858=VERTEX_POINT('',#3802);
#2859=CIRCLE('',#3803,10.);
#2860=LINE('',#3807,#3808);
#2861=VERTEX_POINT('',#3810);
#2862=VERTEX_POINT('',#3811);
#2863=CIRCLE('',#3812,10.);
#2864=VERTEX_POINT('',#3816);
#2865=LINE('',#3817,#3818);
#2866=VERTEX_POINT('',#3820);
#2867=CIRCLE('',#3821,10.);
#2868=LINE('',#3825,#3826);
#2869=VERTEX_POINT('',#3828);
#2870=VERTEX_POINT('',#3829);
#2871=CIRCLE('',#3830,10.);
#2872=VERTEX_POINT('',#3834);
#2873=LINE('',#3835,#3836);
#2874=VERTEX_POINT('',#3838);
#2875=CIRCLE('',#3839,10.);
#2876=LINE('',#3843,#3844);
#2877=VERTEX_POINT('',#3846);
#2878=VERTEX_POINT('',#3847);
#2879=CIRCLE('',#3848,10.);
#2880=VERTEX_POINT('',#3852);
#2881=LINE('',#3853,#3854);
#2882=VERTEX_POINT('',#3856);
#2883=CIRCLE('',#3857,10.);
#2884=LINE('',#3861,#3862);
#2885=VERTEX_POINT('',#3864);
#2886=CIRCLE('',#3865,1.6);
#2887=VERTEX_POINT('',#3869);
#2888=CIRCLE('',#3870,1.6);
#2889=LINE('',#3874,#3875);
#2890=VERTEX_POINT('',#3877);
#2891=VERTEX_POINT('',#3878);
#2892=LINE('',#3879,#3880);
#2893=VERTEX_POINT('',#3882);
#2894=LINE('',#3883,#3884);
#2895=VERTEX_POINT('',#3886);
#2896=LINE('',#3887,#3888);
#2897=LINE('',#3890,#3891);
#2898=VERTEX_POINT('',#3893);
#2899=LINE('',#3894,#3895);
#2900=LINE('',#3897,#3898);
#2901=VERTEX_POINT('',#3900);
#2902=LINE('',#3901,#3902);
#2903=VERTEX_POINT('',#3904);
#2904=LINE('',#3905,#3906);
#2905=VERTEX_POINT('',#3908);
#2906=LINE('',#3909,#3910);
#2907=VERTEX_POINT('',#3912);
#2908=LINE('',#3913,#3914);
#2909=VERTEX_POINT('',#3916);
#2910=LINE('',#3917,#3918);
#2911=VERTEX_POINT('',#3920);
#2912=LINE('',#3921,#3922);
#2913=VERTEX_POINT('',#3924);
#2914=LINE('',#3925,#3926);
#2915=VERTEX_POINT('',#3928);
#2916=LINE('',#3929,#3930);
#2917=VERTEX_POINT('',#3932);
#2918=LINE('',#3933,#3934);
#2919=VERTEX_POINT('',#3936);
#2920=LINE('',#3937,#3938);
#2921=VERTEX_POINT('',#3940);
#2922=LINE('',#3941,#3942);
#2923=VERTEX_POINT('',#3944);
#2924=LINE('',#3945,#3946);
#2925=VERTEX_POINT('',#3948);
#2926=LINE('',#3949,#3950);
#2927=VERTEX_POINT('',#3952);
#2928=LINE('',#3953,#3954);
#2929=VERTEX_POINT('',#3956);
#2930=LINE('',#3957,#3958);
#2931=VERTEX_POINT('',#3960);
#2932=LINE('',#3961,#3962);
#2933=VERTEX_POINT('',#3964);
#2934=LINE('',#3965,#3966);
#2935=VERTEX_POINT('',#3968);
#2936=LINE('',#3969,#3970);
#2937=VERTEX_POINT('',#3972);
#2938=LINE('',#3973,#3974);
#2939=VERTEX_POINT('',#3976);
#2940=LINE('',#3977,#3978);
#2941=VERTEX_POINT('',#3980);
#2942=LINE('',#3981,#3982);
#2943=VERTEX_POINT('',#3984);
#2944=LINE('',#3985,#3986);
#2945=VERTEX_POINT('',#3988);
#2946=LINE('',#3989,#3990);
#2947=VERTEX_POINT('',#3992);
#2948=LINE('',#3993,#3994);
#2949=VERTEX_POINT('',#3996);
#2950=LINE('',#3997,#3998);
#2951=VERTEX_POINT('',#4000);
#2952=LINE('',#4001,#4002);
#2953=VERTEX_POINT('',#4004);
#2954=LINE('',#4005,#4006);
#2955=VERTEX_POINT('',#4008);
#2956=LINE('',#4009,#4010);
#2957=VERTEX_POINT('',#4012);
#2958=LINE('',#4013,#4014);
#2959=VERTEX_POINT('',#4016);
#2960=LINE('',#4017,#4018);
#2961=LINE('',#4020,#4021);
#2962=VERTEX_POINT('',#4023);
#2963=CIRCLE('',#4024,1.6);
#2964=VERTEX_POINT('',#4028);
#2965=CIRCLE('',#4029,1.6);
#2966=VERTEX_POINT('',#4033);
#2967=LINE('',#4034,#4035);
#2968=LINE('',#4037,#4038);
#2969=VERTEX_POINT('',#4040);
#2970=LINE('',#4041,#4042);
#2971=LINE('',#4044,#4045);
#2972=VERTEX_POINT('',#4047);
#2973=LINE('',#4048,#4049);
#2974=VERTEX_POINT('',#4051);
#2975=LINE('',#4052,#4053);
#2976=VERTEX_POINT('',#4055);
#2977=LINE('',#4056,#4057);
#2978=VERTEX_POINT('',#4059);
#2979=LINE('',#4060,#4061);
#2980=VERTEX_POINT('',#4063);
#2981=LINE('',#4064,#4065);
#2982=VERTEX_POINT('',#4067);
#2983=LINE('',#4068,#4069);
#2984=VERTEX_POINT('',#4071);
#2985=LINE('',#4072,#4073);
#2986=VERTEX_POINT('',#4075);
#2987=LINE('',#4076,#4077);
#2988=VERTEX_POINT('',#4079);
#2989=LINE('',#4080,#4081);
#2990=VERTEX_POINT('',#4083);
#2991=LINE('',#4084,#4085);
#2992=VERTEX_POINT('',#4087);
#2993=LINE('',#4088,#4089);
#2994=VERTEX_POINT('',#4091);
#2995=LINE('',#4092,#4093);
#2996=VERTEX_POINT('',#4095);
#2997=LINE('',#4096,#4097);
#2998=VERTEX_POINT('',#4099);
#2999=LINE('',#4100,#4101);
#3000=VERTEX_POINT('',#4103);
#3001=LINE('',#4104,#4105);
#3002=VERTEX_POINT('',#4107);
#3003=LINE('',#4108,#4109);
#3004=VERTEX_POINT('',#4111);
#3005=LINE('',#4112,#4113);
#3006=VERTEX_POINT('',#4115);
#3007=LINE('',#4116,#4117);
#3008=VERTEX_POINT('',#4119);
#3009=LINE('',#4120,#4121);
#3010=VERTEX_POINT('',#4123);
#3011=LINE('',#4124,#4125);
#3012=VERTEX_POINT('',#4127);
#3013=LINE('',#4128,#4129);
#3014=VERTEX_POINT('',#4131);
#3015=LINE('',#4132,#4133);
#3016=VERTEX_POINT('',#4135);
#3017=LINE('',#4136,#4137);
#3018=VERTEX_POINT('',#4139);
#3019=LINE('',#4140,#4141);
#3020=VERTEX_POINT('',#4143);
#3021=LINE('',#4144,#4145);
#3022=VERTEX_POINT('',#4147);
#3023=LINE('',#4148,#4149);
#3024=VERTEX_POINT('',#4151);
#3025=LINE('',#4152,#4153);
#3026=VERTEX_POINT('',#4155);
#3027=LINE('',#4156,#4157);
#3028=VERTEX_POINT('',#4159);
#3029=LINE('',#4160,#4161);
#3030=VERTEX_POINT('',#4163);
#3031=LINE('',#4164,#4165);
#3032=VERTEX_POINT('',#4167);
#3033=LINE('',#4168,#4169);
#3034=VERTEX_POINT('',#4171);
#3035=LINE('',#4172,#4173);
#3036=VERTEX_POINT('',#4175);
#3037=LINE('',#4176,#4177);
#3038=VERTEX_POINT('',#4179);
#3039=LINE('',#4180,#4181);
#3040=VERTEX_POINT('',#4183);
#3041=LINE('',#4184,#4185);
#3042=VERTEX_POINT('',#4187);
#3043=LINE('',#4188,#4189);
#3044=VERTEX_POINT('',#4191);
#3045=LINE('',#4192,#4193);
#3046=VERTEX_POINT('',#4195);
#3047=LINE('',#4196,#4197);
#3048=VERTEX_POINT('',#4199);
#3049=LINE('',#4200,#4201);
#3050=VERTEX_POINT('',#4203);
#3051=LINE('',#4204,#4205);
#3052=VERTEX_POINT('',#4207);
#3053=LINE('',#4208,#4209);
#3054=VERTEX_POINT('',#4211);
#3055=LINE('',#4212,#4213);
#3056=VERTEX_POINT('',#4215);
#3057=LINE('',#4216,#4217);
#3058=VERTEX_POINT('',#4219);
#3059=LINE('',#4220,#4221);
#3060=VERTEX_POINT('',#4223);
#3061=LINE('',#4224,#4225);
#3062=VERTEX_POINT('',#4227);
#3063=LINE('',#4228,#4229);
#3064=VERTEX_POINT('',#4231);
#3065=LINE('',#4232,#4233);
#3066=LINE('',#4235,#4236);
#3067=VERTEX_POINT('',#4238);
#3068=LINE('',#4239,#4240);
#3069=LINE('',#4242,#4243);
#3070=LINE('',#4245,#4246);
#3071=VERTEX_POINT('',#4248);
#3072=LINE('',#4249,#4250);
#3073=LINE('',#4252,#4253);
#3074=VERTEX_POINT('',#4255);
#3075=LINE('',#4256,#4257);
#3076=LINE('',#4259,#4260);
#3077=LINE('',#4262,#4263);
#3078=VERTEX_POINT('',#4265);
#3079=LINE('',#4266,#4267);
#3080=LINE('',#4269,#4270);
#3081=VERTEX_POINT('',#4272);
#3082=LINE('',#4273,#4274);
#3083=LINE('',#4276,#4277);
#3084=VERTEX_POINT('',#4279);
#3085=LINE('',#4280,#4281);
#3086=LINE('',#4283,#4284);
#3087=LINE('',#4286,#4287);
#3088=VERTEX_POINT('',#4289);
#3089=LINE('',#4290,#4291);
#3090=LINE('',#4293,#4294);
#3091=LINE('',#4296,#4297);
#3092=VERTEX_POINT('',#4299);
#3093=LINE('',#4300,#4301);
#3094=LINE('',#4303,#4304);
#3095=VERTEX_POINT('',#4306);
#3096=LINE('',#4307,#4308);
#3097=LINE('',#4310,#4311);
#3098=VERTEX_POINT('',#4313);
#3099=LINE('',#4314,#4315);
#3100=LINE('',#4317,#4318);
#3101=LINE('',#4320,#4321);
#3102=VERTEX_POINT('',#4323);
#3103=LINE('',#4324,#4325);
#3104=LINE('',#4327,#4328);
#3105=LINE('',#4330,#4331);
#3106=VERTEX_POINT('',#4333);
#3107=LINE('',#4334,#4335);
#3108=LINE('',#4337,#4338);
#3109=VERTEX_POINT('',#4340);
#3110=LINE('',#4341,#4342);
#3111=LINE('',#4344,#4345);
#3112=VERTEX_POINT('',#4347);
#3113=LINE('',#4348,#4349);
#3114=LINE('',#4351,#4352);
#3115=LINE('',#4354,#4355);
#3116=VERTEX_POINT('',#4357);
#3117=LINE('',#4358,#4359);
#3118=LINE('',#4361,#4362);
#3119=LINE('',#4364,#4365);
#3120=VERTEX_POINT('',#4367);
#3121=LINE('',#4368,#4369);
#3122=LINE('',#4371,#4372);
#3123=VERTEX_POINT('',#4374);
#3124=LINE('',#4375,#4376);
#3125=LINE('',#4378,#4379);
#3126=VERTEX_POINT('',#4381);
#3127=LINE('',#4382,#4383);
#3128=LINE('',#4385,#4386);
#3129=LINE('',#4388,#4389);
#3130=VERTEX_POINT('',#4391);
#3131=LINE('',#4392,#4393);
#3132=LINE('',#4395,#4396);
#3133=LINE('',#4398,#4399);
#3134=VERTEX_POINT('',#4401);
#3135=LINE('',#4402,#4403);
#3136=LINE('',#4405,#4406);
#3137=VERTEX_POINT('',#4408);
#3138=LINE('',#4409,#4410);
#3139=LINE('',#4412,#4413);
#3140=VERTEX_POINT('',#4415);
#3141=LINE('',#4416,#4417);
#3142=LINE('',#4419,#4420);
#3143=LINE('',#4422,#4423);
#3144=VERTEX_POINT('',#4425);
#3145=LINE('',#4426,#4427);
#3146=LINE('',#4429,#4430);
#3147=LINE('',#4432,#4433);
#3148=VERTEX_POINT('',#4435);
#3149=LINE('',#4436,#4437);
#3150=LINE('',#4439,#4440);
#3151=LINE('',#4442,#4443);
#3152=LINE('',#4445,#4446);
#3153=LINE('',#4448,#4449);
#3154=VERTEX_POINT('',#4451);
#3155=VERTEX_POINT('',#4452);
#3156=LINE('',#4453,#4454);
#3157=VERTEX_POINT('',#4456);
#3158=LINE('',#4457,#4458);
#3159=VERTEX_POINT('',#4460);
#3160=LINE('',#4461,#4462);
#3161=LINE('',#4464,#4465);
#3162=LINE('',#4467,#4468);
#3163=LINE('',#4470,#4471);
#3164=LINE('',#4473,#4474);
#3165=LINE('',#4476,#4477);
#3166=VERTEX_POINT('',#4479);
#3167=VERTEX_POINT('',#4480);
#3168=LINE('',#4481,#4482);
#3169=VERTEX_POINT('',#4484);
#3170=LINE('',#4485,#4486);
#3171=VERTEX_POINT('',#4488);
#3172=LINE('',#4489,#4490);
#3173=LINE('',#4492,#4493);
#3174=VERTEX_POINT('',#4495);
#3175=LINE('',#4496,#4497);
#3176=VERTEX_POINT('',#4499);
#3177=CIRCLE('',#4500,10.);
#3178=LINE('',#4504,#4505);
#3179=VERTEX_POINT('',#4507);
#3180=LINE('',#4508,#4509);
#3181=LINE('',#4511,#4512);
#3182=VERTEX_POINT('',#4514);
#3183=CIRCLE('',#4515,10.);
#3184=LINE('',#4519,#4520);
#3185=LINE('',#4522,#4523);
#3186=VERTEX_POINT('',#4525);
#3187=LINE('',#4526,#4527);
#3188=VERTEX_POINT('',#4529);
#3189=CIRCLE('',#4530,10.);
#3190=LINE('',#4534,#4535);
#3191=VERTEX_POINT('',#4537);
#3192=LINE('',#4538,#4539);
#3193=LINE('',#4541,#4542);
#3194=VERTEX_POINT('',#4544);
#3195=CIRCLE('',#4545,10.);
#3196=LINE('',#4549,#4550);
#3197=LINE('',#4552,#4553);
#3198=VERTEX_POINT('',#4555);
#3199=LINE('',#4556,#4557);
#3200=VERTEX_POINT('',#4559);
#3201=CIRCLE('',#4560,10.);
#3202=LINE('',#4564,#4565);
#3203=VERTEX_POINT('',#4567);
#3204=LINE('',#4568,#4569);
#3205=LINE('',#4571,#4572);
#3206=VERTEX_POINT('',#4574);
#3207=CIRCLE('',#4575,10.);
#3208=LINE('',#4579,#4580);
#3209=LINE('',#4582,#4583);
#3210=VERTEX_POINT('',#4585);
#3211=LINE('',#4586,#4587);
#3212=VERTEX_POINT('',#4589);
#3213=CIRCLE('',#4590,10.);
#3214=LINE('',#4594,#4595);
#3215=VERTEX_POINT('',#4597);
#3216=LINE('',#4598,#4599);
#3217=LINE('',#4601,#4602);
#3218=VERTEX_POINT('',#4604);
#3219=CIRCLE('',#4605,10.);
#3220=LINE('',#4609,#4610);
#3221=LINE('',#4612,#4613);
#3222=VERTEX_POINT('',#4615);
#3223=LINE('',#4616,#4617);
#3224=VERTEX_POINT('',#4619);
#3225=LINE('',#4620,#4621);
#3226=LINE('',#4623,#4624);
#3227=VERTEX_POINT('',#4626);
#3228=LINE('',#4627,#4628);
#3229=LINE('',#4630,#4631);
#3230=VERTEX_POINT('',#4633);
#3231=LINE('',#4634,#4635);
#3232=LINE('',#4637,#4638);
#3233=LINE('',#4640,#4641);
#3234=VERTEX_POINT('',#4643);
#3235=LINE('',#4644,#4645);
#3236=VERTEX_POINT('',#4647);
#3237=LINE('',#4648,#4649);
#3238=CIRCLE('',#4651,10.);
#3239=VERTEX_POINT('',#4655);
#3240=LINE('',#4656,#4657);
#3241=LINE('',#4659,#4660);
#3242=VERTEX_POINT('',#4662);
#3243=LINE('',#4663,#4664);
#3244=CIRCLE('',#4666,10.);
#3245=LINE('',#4670,#4671);
#3246=VERTEX_POINT('',#4673);
#3247=LINE('',#4674,#4675);
#3248=VERTEX_POINT('',#4677);
#3249=LINE('',#4678,#4679);
#3250=CIRCLE('',#4681,10.);
#3251=VERTEX_POINT('',#4685);
#3252=LINE('',#4686,#4687);
#3253=LINE('',#4689,#4690);
#3254=VERTEX_POINT('',#4692);
#3255=LINE('',#4693,#4694);
#3256=CIRCLE('',#4696,10.);
#3257=LINE('',#4700,#4701);
#3258=VERTEX_POINT('',#4703);
#3259=LINE('',#4704,#4705);
#3260=VERTEX_POINT('',#4707);
#3261=LINE('',#4708,#4709);
#3262=CIRCLE('',#4711,10.);
#3263=VERTEX_POINT('',#4715);
#3264=LINE('',#4716,#4717);
#3265=LINE('',#4719,#4720);
#3266=VERTEX_POINT('',#4722);
#3267=LINE('',#4723,#4724);
#3268=CIRCLE('',#4726,10.);
#3269=LINE('',#4730,#4731);
#3270=VERTEX_POINT('',#4733);
#3271=LINE('',#4734,#4735);
#3272=VERTEX_POINT('',#4737);
#3273=CIRCLE('',#4738,10.);
#3274=LINE('',#4742,#4743);
#3275=VERTEX_POINT('',#4745);
#3276=LINE('',#4746,#4747);
#3277=LINE('',#4749,#4750);
#3278=VERTEX_POINT('',#4752);
#3279=CIRCLE('',#4753,10.);
#3280=LINE('',#4757,#4758);
#3281=LINE('',#4760,#4761);
#3282=VERTEX_POINT('',#4763);
#3283=LINE('',#4764,#4765);
#3284=VERTEX_POINT('',#4767);
#3285=LINE('',#4768,#4769);
#3286=LINE('',#4771,#4772);
#3287=VERTEX_POINT('',#4774);
#3288=LINE('',#4775,#4776);
#3289=LINE('',#4778,#4779);
#3290=VERTEX_POINT('',#4781);
#3291=LINE('',#4782,#4783);
#3292=LINE('',#4785,#4786);
#3293=LINE('',#4788,#4789);
#3294=VERTEX_POINT('',#4791);
#3295=LINE('',#4792,#4793);
#3296=LINE('',#4795,#4796);
#3297=LINE('',#4798,#4799);
#3298=VERTEX_POINT('',#4801);
#3299=LINE('',#4802,#4803);
#3300=LINE('',#4805,#4806);
#3301=VERTEX_POINT('',#4808);
#3302=LINE('',#4809,#4810);
#3303=LINE('',#4812,#4813);
#3304=VERTEX_POINT('',#4815);
#3305=LINE('',#4816,#4817);
#3306=LINE('',#4819,#4820);
#3307=LINE('',#4822,#4823);
#3308=VERTEX_POINT('',#4825);
#3309=LINE('',#4826,#4827);
#3310=LINE('',#4829,#4830);
#3311=LINE('',#4832,#4833);
#3312=VERTEX_POINT('',#4835);
#3313=LINE('',#4836,#4837);
#3314=LINE('',#4839,#4840);
#3315=VERTEX_POINT('',#4842);
#3316=LINE('',#4843,#4844);
#3317=LINE('',#4846,#4847);
#3318=VERTEX_POINT('',#4849);
#3319=LINE('',#4850,#4851);
#3320=LINE('',#4853,#4854);
#3321=LINE('',#4856,#4857);
#3322=VERTEX_POINT('',#4859);
#3323=LINE('',#4860,#4861);
#3324=LINE('',#4863,#4864);
#3325=LINE('',#4866,#4867);
#3326=VERTEX_POINT('',#4869);
#3327=LINE('',#4870,#4871);
#3328=LINE('',#4873,#4874);
#3329=VERTEX_POINT('',#4876);
#3330=LINE('',#4877,#4878);
#3331=LINE('',#4880,#4881);
#3332=VERTEX_POINT('',#4883);
#3333=LINE('',#4884,#4885);
#3334=LINE('',#4887,#4888);
#3335=LINE('',#4890,#4891);
#3336=VERTEX_POINT('',#4893);
#3337=LINE('',#4894,#4895);
#3338=LINE('',#4897,#4898);
#3339=LINE('',#4900,#4901);
#3340=VERTEX_POINT('',#4903);
#3341=LINE('',#4904,#4905);
#3342=LINE('',#4907,#4908);
#3343=VERTEX_POINT('',#4910);
#3344=LINE('',#4911,#4912);
#3345=LINE('',#4914,#4915);
#3346=VERTEX_POINT('',#4917);
#3347=LINE('',#4918,#4919);
#3348=LINE('',#4921,#4922);
#3349=LINE('',#4924,#4925);
#3350=VERTEX_POINT('',#4927);
#3351=LINE('',#4928,#4929);
#3352=LINE('',#4931,#4932);
#3353=LINE('',#4934,#4935);
#3354=VERTEX_POINT('',#4937);
#3355=LINE('',#4938,#4939);
#3356=LINE('',#4941,#4942);
#3357=VERTEX_POINT('',#4944);
#3358=LINE('',#4945,#4946);
#3359=LINE('',#4948,#4949);
#3360=VERTEX_POINT('',#4951);
#3361=LINE('',#4952,#4953);
#3362=LINE('',#4955,#4956);
#3363=LINE('',#4958,#4959);
#3364=VERTEX_POINT('',#4961);
#3365=LINE('',#4962,#4963);
#3366=LINE('',#4965,#4966);
#3367=LINE('',#4968,#4969);
#3368=VERTEX_POINT('',#4971);
#3369=LINE('',#4972,#4973);
#3370=LINE('',#4975,#4976);
#3371=VERTEX_POINT('',#4978);
#3372=LINE('',#4979,#4980);
#3373=LINE('',#4982,#4983);
#3374=LINE('',#4985,#4986);
#3375=LINE('',#4988,#4989);
#3376=LINE('',#4991,#4992);
#3377=LINE('',#4994,#4995);
#3378=LINE('',#4997,#4998);
#3379=CARTESIAN_POINT('',(12.7017059234827,31.,2.));
#3380=CARTESIAN_POINT('',(12.7017059234827,58.,2.));
#3381=CARTESIAN_POINT('',(12.7017059234827,31.,2.));
#3382=VECTOR('',#3383,1.);
#3383=DIRECTION('',(0.,1.,0.));
#3384=CARTESIAN_POINT('',(31.,31.,2.));
#3385=CARTESIAN_POINT('',(31.,31.,2.));
#3386=VECTOR('',#3387,1.);
#3387=DIRECTION('',(-1.,0.,0.));
#3388=CARTESIAN_POINT('',(31.,58.,2.));
#3389=CARTESIAN_POINT('',(31.,58.,2.));
#3390=VECTOR('',#3391,1.);
#3391=DIRECTION('',(1.31581988103722E-16,-1.,0.));
#3392=CARTESIAN_POINT('',(12.7017059234827,58.,2.));
#3393=VECTOR('',#3394,1.);
#3394=DIRECTION('',(1.,0.,0.));
#3395=CARTESIAN_POINT('',(29.1017059234827,55.,2.));
#3396=AXIS2_PLACEMENT_3D('',#3397,#3398,#3399);
#3397=CARTESIAN_POINT('',(27.7017059234827,55.,2.));
#3398=DIRECTION('',(0.,0.,1.));
#3399=DIRECTION('',(1.,0.,0.));
#3400=CARTESIAN_POINT('',(29.1017059234827,34.,2.));
#3401=AXIS2_PLACEMENT_3D('',#3402,#3403,#3404);
#3402=CARTESIAN_POINT('',(27.7017059234827,34.,2.));
#3403=DIRECTION('',(0.,0.,1.));
#3404=DIRECTION('',(1.,0.,0.));
#3405=CARTESIAN_POINT('',(21.7017059234827,49.5,2.));
#3406=CARTESIAN_POINT('',(21.7017059234827,39.5,2.));
#3407=CARTESIAN_POINT('',(21.7017059234827,39.5,2.));
#3408=VECTOR('',#3409,1.);
#3409=DIRECTION('',(-1.4210854715202E-15,1.,0.));
#3410=CARTESIAN_POINT('',(15.7017059234827,39.5,2.));
#3411=CARTESIAN_POINT('',(15.7017059234827,39.5,2.));
#3412=VECTOR('',#3413,1.);
#3413=DIRECTION('',(1.,0.,0.));
#3414=CARTESIAN_POINT('',(15.7017059234827,49.5,2.));
#3415=CARTESIAN_POINT('',(15.7017059234827,49.5,2.));
#3416=VECTOR('',#3417,1.);
#3417=DIRECTION('',(1.4210854715202E-15,-1.,0.));
#3418=CARTESIAN_POINT('',(21.7017059234827,49.5,2.));
#3419=VECTOR('',#3420,1.);
#3420=DIRECTION('',(-1.,0.,0.));
#3421=CARTESIAN_POINT('',(11.5470053849122,0.,0.));
#3422=CARTESIAN_POINT('',(153.452994615088,0.,0.));
#3423=CARTESIAN_POINT('',(11.5470053849122,0.,0.));
#3424=VECTOR('',#3425,1.);
#3425=DIRECTION('',(1.,0.,0.));
#3426=CARTESIAN_POINT('',(11.5470053849122,60.,0.));
#3427=CARTESIAN_POINT('',(11.5470053849122,0.,0.));
#3428=VECTOR('',#3429,1.);
#3429=DIRECTION('',(0.,1.,0.));
#3430=CARTESIAN_POINT('',(153.452994615088,60.,0.));
#3431=CARTESIAN_POINT('',(153.452994615088,60.,0.));
#3432=VECTOR('',#3433,1.);
#3433=DIRECTION('',(-1.,0.,0.));
#3434=CARTESIAN_POINT('',(153.452994615088,60.,6.61098255285021E-24));
#3435=VECTOR('',#3436,1.);
#3436=DIRECTION('',(0.,-1.,0.));
#3437=CARTESIAN_POINT('',(29.1017059234827,55.,0.));
#3438=AXIS2_PLACEMENT_3D('',#3439,#3440,#3441);
#3439=CARTESIAN_POINT('',(27.7017059234827,55.,0.));
#3440=DIRECTION('',(0.,0.,1.));
#3441=DIRECTION('',(1.,0.,0.));
#3442=CARTESIAN_POINT('',(29.1017059234827,34.,0.));
#3443=AXIS2_PLACEMENT_3D('',#3444,#3445,#3446);
#3444=CARTESIAN_POINT('',(27.7017059234827,34.,0.));
#3445=DIRECTION('',(0.,0.,1.));
#3446=DIRECTION('',(1.,0.,0.));
#3447=CARTESIAN_POINT('',(21.7017059234827,39.5,0.));
#3448=CARTESIAN_POINT('',(21.7017059234827,49.5,0.));
#3449=CARTESIAN_POINT('',(21.7017059234827,39.5,0.));
#3450=VECTOR('',#3451,1.);
#3451=DIRECTION('',(-1.4210854715202E-15,1.,0.));
#3452=CARTESIAN_POINT('',(15.7017059234827,49.5,0.));
#3453=CARTESIAN_POINT('',(21.7017059234827,49.5,0.));
#3454=VECTOR('',#3455,1.);
#3455=DIRECTION('',(-1.,0.,0.));
#3456=CARTESIAN_POINT('',(15.7017059234827,39.5,0.));
#3457=CARTESIAN_POINT('',(15.7017059234827,49.5,0.));
#3458=VECTOR('',#3459,1.);
#3459=DIRECTION('',(1.4210854715202E-15,-1.,0.));
#3460=CARTESIAN_POINT('',(15.7017059234827,39.5,0.));
#3461=VECTOR('',#3462,1.);
#3462=DIRECTION('',(1.,0.,0.));
#3463=CARTESIAN_POINT('',(2.30940107706176,2.,20.));
#3464=CARTESIAN_POINT('',(2.30940107706176,58.,20.));
#3465=CARTESIAN_POINT('',(2.30940107706176,2.,20.));
#3466=VECTOR('',#3467,1.);
#3467=DIRECTION('',(3.1720657846433E-17,1.,0.));
#3468=CARTESIAN_POINT('',(12.7017059234827,2.,2.));
#3469=CARTESIAN_POINT('',(2.30940107706175,2.,20.));
#3470=VECTOR('',#3471,1.);
#3471=DIRECTION('',(0.500000000036362,0.,-0.866025403763445));
#3472=CARTESIAN_POINT('',(12.7017059234827,29.,2.));
#3473=CARTESIAN_POINT('',(12.7017059234827,2.,2.));
#3474=VECTOR('',#3475,1.);
#3475=DIRECTION('',(0.,1.,0.));
#3476=CARTESIAN_POINT('',(9.81495457725469,29.,7.00000000001451));
#3477=CARTESIAN_POINT('',(12.7017059234827,29.,2.));
#3478=VECTOR('',#3479,1.);
#3479=DIRECTION('',(-0.500000000036362,0.,0.866025403763445));
#3480=CARTESIAN_POINT('',(9.81495457725467,31.,7.00000000001041));
#3481=CARTESIAN_POINT('',(9.81495457724266,31.,7.00000000002082));
#3482=VECTOR('',#3483,1.);
#3483=DIRECTION('',(-2.36966002375993E-12,-1.,4.09849931770623E-12));
#3484=CARTESIAN_POINT('',(9.81495457725467,31.,7.));
#3485=VECTOR('',#3486,1.);
#3486=DIRECTION('',(0.500000000036364,0.,-0.866025403763444));
#3487=CARTESIAN_POINT('',(12.7017059234827,58.,2.));
#3488=VECTOR('',#3489,1.);
#3489=DIRECTION('',(-0.500000000036362,0.,0.866025403763445));
#3490=CARTESIAN_POINT('',(31.,31.,7.00000000001041));
#3491=CARTESIAN_POINT('',(31.,31.,7.00000000001041));
#3492=VECTOR('',#3493,1.);
#3493=DIRECTION('',(-1.,-1.6769912964105E-16,0.));
#3494=CARTESIAN_POINT('',(31.,31.,7.));
#3495=VECTOR('',#3496,1.);
#3496=DIRECTION('',(0.,0.,-1.));
#3497=CARTESIAN_POINT('',(31.,34.9999999999992,7.00000000000444));
#3498=CARTESIAN_POINT('',(31.,34.9999999999992,7.00000000000444));
#3499=VECTOR('',#3500,1.);
#3500=DIRECTION('',(0.,-1.,4.09849931770703E-12));
#3501=CARTESIAN_POINT('',(31.,52.5,22.));
#3502=CARTESIAN_POINT('',(31.,52.5,22.));
#3503=VECTOR('',#3504,1.);
#3504=DIRECTION('',(0.,-0.759256602365406,-0.650791373455841));
#3505=CARTESIAN_POINT('',(31.,58.,22.));
#3506=CARTESIAN_POINT('',(31.,58.,22.));
#3507=VECTOR('',#3508,1.);
#3508=DIRECTION('',(0.,-1.,0.));
#3509=CARTESIAN_POINT('',(31.,58.,22.));
#3510=VECTOR('',#3511,1.);
#3511=DIRECTION('',(0.,0.,-1.));
#3512=CARTESIAN_POINT('',(2.30940107706176,58.,21.));
#3513=CARTESIAN_POINT('',(2.30940107706176,58.,20.));
#3514=VECTOR('',#3515,1.);
#3515=DIRECTION('',(0.,0.,1.));
#3516=CARTESIAN_POINT('',(33.,58.,22.));
#3517=CARTESIAN_POINT('',(33.,58.,22.));
#3518=VECTOR('',#3519,1.);
#3519=DIRECTION('',(-1.,0.,0.));
#3520=CARTESIAN_POINT('',(33.,58.,2.));
#3521=CARTESIAN_POINT('',(33.,58.,2.));
#3522=VECTOR('',#3523,1.);
#3523=DIRECTION('',(0.,0.,1.));
#3524=CARTESIAN_POINT('',(53.,58.,2.));
#3525=CARTESIAN_POINT('',(33.,58.,2.));
#3526=VECTOR('',#3527,1.);
#3527=DIRECTION('',(1.,0.,0.));
#3528=CARTESIAN_POINT('',(53.,58.,22.));
#3529=CARTESIAN_POINT('',(53.,58.,22.));
#3530=VECTOR('',#3531,1.);
#3531=DIRECTION('',(0.,0.,-1.));
#3532=CARTESIAN_POINT('',(55.,58.,22.));
#3533=CARTESIAN_POINT('',(55.,58.,22.));
#3534=VECTOR('',#3535,1.);
#3535=DIRECTION('',(-1.,0.,0.));
#3536=CARTESIAN_POINT('',(55.,58.,2.));
#3537=CARTESIAN_POINT('',(55.,58.,2.));
#3538=VECTOR('',#3539,1.);
#3539=DIRECTION('',(0.,0.,1.));
#3540=CARTESIAN_POINT('',(75.,58.,2.));
#3541=CARTESIAN_POINT('',(55.,58.,2.));
#3542=VECTOR('',#3543,1.);
#3543=DIRECTION('',(1.,0.,0.));
#3544=CARTESIAN_POINT('',(75.,58.,22.));
#3545=CARTESIAN_POINT('',(75.,58.,22.));
#3546=VECTOR('',#3547,1.);
#3547=DIRECTION('',(0.,0.,-1.));
#3548=CARTESIAN_POINT('',(77.,58.,22.));
#3549=CARTESIAN_POINT('',(77.,58.,22.));
#3550=VECTOR('',#3551,1.);
#3551=DIRECTION('',(-1.,0.,0.));
#3552=CARTESIAN_POINT('',(77.,58.,2.));
#3553=CARTESIAN_POINT('',(77.,58.,2.));
#3554=VECTOR('',#3555,1.);
#3555=DIRECTION('',(0.,0.,1.));
#3556=CARTESIAN_POINT('',(97.,58.,2.));
#3557=CARTESIAN_POINT('',(77.,58.,2.));
#3558=VECTOR('',#3559,1.);
#3559=DIRECTION('',(1.,0.,0.));
#3560=CARTESIAN_POINT('',(97.,58.,22.));
#3561=CARTESIAN_POINT('',(97.,58.,22.));
#3562=VECTOR('',#3563,1.);
#3563=DIRECTION('',(0.,0.,-1.));
#3564=CARTESIAN_POINT('',(99.,58.,22.));
#3565=CARTESIAN_POINT('',(99.,58.,22.));
#3566=VECTOR('',#3567,1.);
#3567=DIRECTION('',(-1.,0.,0.));
#3568=CARTESIAN_POINT('',(99.,58.,2.));
#3569=CARTESIAN_POINT('',(99.,58.,2.));
#3570=VECTOR('',#3571,1.);
#3571=DIRECTION('',(0.,0.,1.));
#3572=CARTESIAN_POINT('',(119.,58.,2.));
#3573=CARTESIAN_POINT('',(99.,58.,2.));
#3574=VECTOR('',#3575,1.);
#3575=DIRECTION('',(1.,0.,0.));
#3576=CARTESIAN_POINT('',(119.,58.,22.));
#3577=CARTESIAN_POINT('',(119.,58.,22.));
#3578=VECTOR('',#3579,1.);
#3579=DIRECTION('',(0.,0.,-1.));
#3580=CARTESIAN_POINT('',(121.,58.,22.));
#3581=CARTESIAN_POINT('',(121.,58.,22.));
#3582=VECTOR('',#3583,1.);
#3583=DIRECTION('',(-1.,0.,0.));
#3584=CARTESIAN_POINT('',(121.,58.,2.));
#3585=CARTESIAN_POINT('',(121.,58.,2.));
#3586=VECTOR('',#3587,1.);
#3587=DIRECTION('',(0.,0.,1.));
#3588=CARTESIAN_POINT('',(141.,58.,2.));
#3589=CARTESIAN_POINT('',(121.,58.,2.));
#3590=VECTOR('',#3591,1.);
#3591=DIRECTION('',(1.,0.,0.));
#3592=CARTESIAN_POINT('',(141.,58.,22.));
#3593=CARTESIAN_POINT('',(141.,58.,22.));
#3594=VECTOR('',#3595,1.);
#3595=DIRECTION('',(0.,0.,-1.));
#3596=CARTESIAN_POINT('',(143.,58.,22.));
#3597=CARTESIAN_POINT('',(143.,58.,22.));
#3598=VECTOR('',#3599,1.);
#3599=DIRECTION('',(-1.,0.,0.));
#3600=CARTESIAN_POINT('',(143.,58.,2.));
#3601=CARTESIAN_POINT('',(143.,58.,2.));
#3602=VECTOR('',#3603,1.);
#3603=DIRECTION('',(0.,0.,1.));
#3604=CARTESIAN_POINT('',(152.298294076517,58.,2.));
#3605=CARTESIAN_POINT('',(143.,58.,2.));
#3606=VECTOR('',#3607,1.);
#3607=DIRECTION('',(1.,0.,0.));
#3608=CARTESIAN_POINT('',(162.690598922938,58.,20.));
#3609=CARTESIAN_POINT('',(162.690598922938,58.,20.));
#3610=VECTOR('',#3611,1.);
#3611=DIRECTION('',(-0.500000000036362,0.,-0.866025403763445));
#3612=CARTESIAN_POINT('',(163.,58.,20.));
#3613=CARTESIAN_POINT('',(163.,58.,20.));
#3614=VECTOR('',#3615,1.);
#3615=DIRECTION('',(-1.,0.,0.));
#3616=CARTESIAN_POINT('',(163.,58.,70.));
#3617=CARTESIAN_POINT('',(163.,58.,20.));
#3618=VECTOR('',#3619,1.);
#3619=DIRECTION('',(0.,0.,1.));
#3620=CARTESIAN_POINT('',(0.,58.,70.));
#3621=CARTESIAN_POINT('',(0.,58.,70.));
#3622=VECTOR('',#3623,1.);
#3623=DIRECTION('',(1.,0.,0.));
#3624=CARTESIAN_POINT('',(-2.06326878862751E-19,58.,21.));
#3625=CARTESIAN_POINT('',(0.,58.,21.));
#3626=VECTOR('',#3627,1.);
#3627=DIRECTION('',(0.,0.,1.));
#3628=CARTESIAN_POINT('',(2.30940107706176,58.,21.));
#3629=VECTOR('',#3630,1.);
#3630=DIRECTION('',(-1.,0.,0.));
#3631=CARTESIAN_POINT('',(3.39999999999999,58.,40.));
#3632=AXIS2_PLACEMENT_3D('',#3633,#3634,#3635);
#3633=CARTESIAN_POINT('',(4.99999999999999,58.,40.));
#3634=DIRECTION('',(0.,1.,0.));
#3635=DIRECTION('',(-1.,0.,-1.22464679914735E-16));
#3636=CARTESIAN_POINT('',(161.6,58.,67.));
#3637=AXIS2_PLACEMENT_3D('',#3638,#3639,#3640);
#3638=CARTESIAN_POINT('',(160.,58.,67.));
#3639=DIRECTION('',(0.,-1.,0.));
#3640=DIRECTION('',(1.,0.,0.));
#3641=CARTESIAN_POINT('',(21.7017059234827,49.5,0.));
#3642=VECTOR('',#3643,1.);
#3643=DIRECTION('',(0.,0.,1.));
#3644=CARTESIAN_POINT('',(21.7017059234827,39.5,0.));
#3645=VECTOR('',#3646,1.);
#3646=DIRECTION('',(0.,0.,1.));
#3647=CARTESIAN_POINT('',(15.7017059234827,39.5,0.));
#3648=VECTOR('',#3649,1.);
#3649=DIRECTION('',(0.,0.,1.));
#3650=CARTESIAN_POINT('',(15.7017059234827,49.5,0.));
#3651=VECTOR('',#3652,1.);
#3652=DIRECTION('',(0.,0.,1.));
#3653=CARTESIAN_POINT('',(165.,0.,20.));
#3654=CARTESIAN_POINT('',(165.,0.,70.));
#3655=CARTESIAN_POINT('',(165.,0.,20.));
#3656=VECTOR('',#3657,1.);
#3657=DIRECTION('',(0.,0.,1.));
#3658=CARTESIAN_POINT('',(0.,0.,70.));
#3659=CARTESIAN_POINT('',(0.,0.,70.));
#3660=VECTOR('',#3661,1.);
#3661=DIRECTION('',(1.,0.,0.));
#3662=CARTESIAN_POINT('',(0.,0.,20.));
#3663=CARTESIAN_POINT('',(0.,0.,20.));
#3664=VECTOR('',#3665,1.);
#3665=DIRECTION('',(0.,0.,1.));
#3666=CARTESIAN_POINT('',(11.5470053849122,0.,0.));
#3667=VECTOR('',#3668,1.);
#3668=DIRECTION('',(-0.500000000036362,0.,0.866025403763445));
#3669=CARTESIAN_POINT('',(165.,0.,20.));
#3670=VECTOR('',#3671,1.);
#3671=DIRECTION('',(-0.500000000036362,0.,-0.866025403763445));
#3672=CARTESIAN_POINT('',(12.5,0.,55.));
#3673=CARTESIAN_POINT('',(32.5,0.,55.));
#3674=AXIS2_PLACEMENT_3D('',#3675,#3676,#3677);
#3675=CARTESIAN_POINT('',(22.5,0.,55.));
#3676=DIRECTION('',(0.,-1.,0.));
#3677=DIRECTION('',(1.,0.,0.));
#3678=CARTESIAN_POINT('',(32.5,0.,20.));
#3679=CARTESIAN_POINT('',(32.5,0.,20.));
#3680=VECTOR('',#3681,1.);
#3681=DIRECTION('',(0.,0.,1.));
#3682=CARTESIAN_POINT('',(12.5,0.,20.));
#3683=AXIS2_PLACEMENT_3D('',#3684,#3685,#3686);
#3684=CARTESIAN_POINT('',(22.5,0.,20.));
#3685=DIRECTION('',(0.,-1.,0.));
#3686=DIRECTION('',(-1.,0.,0.));
#3687=CARTESIAN_POINT('',(12.5,0.,55.));
#3688=VECTOR('',#3689,1.);
#3689=DIRECTION('',(-5.07530525542929E-17,0.,-1.));
#3690=CARTESIAN_POINT('',(72.5,0.,20.));
#3691=CARTESIAN_POINT('',(52.5,0.,20.));
#3692=AXIS2_PLACEMENT_3D('',#3693,#3694,#3695);
#3693=CARTESIAN_POINT('',(62.5,0.,20.));
#3694=DIRECTION('',(0.,-1.,0.));
#3695=DIRECTION('',(-1.,0.,0.));
#3696=CARTESIAN_POINT('',(52.5,0.,55.));
#3697=CARTESIAN_POINT('',(52.5,0.,55.));
#3698=VECTOR('',#3699,1.);
#3699=DIRECTION('',(0.,0.,-1.));
#3700=CARTESIAN_POINT('',(72.5,0.,55.));
#3701=AXIS2_PLACEMENT_3D('',#3702,#3703,#3704);
#3702=CARTESIAN_POINT('',(62.5,0.,55.));
#3703=DIRECTION('',(0.,-1.,0.));
#3704=DIRECTION('',(1.,0.,0.));
#3705=CARTESIAN_POINT('',(72.5,0.,20.));
#3706=VECTOR('',#3707,1.);
#3707=DIRECTION('',(0.,0.,1.));
#3708=CARTESIAN_POINT('',(112.5,0.,20.));
#3709=CARTESIAN_POINT('',(92.5,0.,20.));
#3710=AXIS2_PLACEMENT_3D('',#3711,#3712,#3713);
#3711=CARTESIAN_POINT('',(102.5,0.,20.));
#3712=DIRECTION('',(0.,-1.,0.));
#3713=DIRECTION('',(-1.,0.,0.));
#3714=CARTESIAN_POINT('',(92.5,0.,55.));
#3715=CARTESIAN_POINT('',(92.5,0.,55.));
#3716=VECTOR('',#3717,1.);
#3717=DIRECTION('',(0.,0.,-1.));
#3718=CARTESIAN_POINT('',(112.5,0.,55.));
#3719=AXIS2_PLACEMENT_3D('',#3720,#3721,#3722);
#3720=CARTESIAN_POINT('',(102.5,0.,55.));
#3721=DIRECTION('',(0.,-1.,0.));
#3722=DIRECTION('',(1.,0.,0.));
#3723=CARTESIAN_POINT('',(112.5,0.,20.));
#3724=VECTOR('',#3725,1.);
#3725=DIRECTION('',(0.,0.,1.));
#3726=CARTESIAN_POINT('',(152.5,0.,20.));
#3727=CARTESIAN_POINT('',(132.5,0.,20.));
#3728=AXIS2_PLACEMENT_3D('',#3729,#3730,#3731);
#3729=CARTESIAN_POINT('',(142.5,0.,20.));
#3730=DIRECTION('',(0.,-1.,0.));
#3731=DIRECTION('',(-1.,0.,0.));
#3732=CARTESIAN_POINT('',(132.5,0.,55.));
#3733=CARTESIAN_POINT('',(132.5,0.,55.));
#3734=VECTOR('',#3735,1.);
#3735=DIRECTION('',(0.,0.,-1.));
#3736=CARTESIAN_POINT('',(152.5,0.,55.));
#3737=AXIS2_PLACEMENT_3D('',#3738,#3739,#3740);
#3738=CARTESIAN_POINT('',(142.5,0.,55.));
#3739=DIRECTION('',(0.,-1.,0.));
#3740=DIRECTION('',(1.,0.,1.4210854715202E-15));
#3741=CARTESIAN_POINT('',(152.5,0.,20.));
#3742=VECTOR('',#3743,1.);
#3743=DIRECTION('',(0.,0.,1.));
#3744=CARTESIAN_POINT('',(161.6,0.,67.));
#3745=AXIS2_PLACEMENT_3D('',#3746,#3747,#3748);
#3746=CARTESIAN_POINT('',(160.,0.,67.));
#3747=DIRECTION('',(0.,-1.,0.));
#3748=DIRECTION('',(1.,0.,0.));
#3749=CARTESIAN_POINT('',(3.39999999999999,0.,40.));
#3750=AXIS2_PLACEMENT_3D('',#3751,#3752,#3753);
#3751=CARTESIAN_POINT('',(4.99999999999999,0.,40.));
#3752=DIRECTION('',(0.,1.,0.));
#3753=DIRECTION('',(-1.,0.,-1.22464679914735E-16));
#3754=CARTESIAN_POINT('',(0.,60.,20.));
#3755=CARTESIAN_POINT('',(0.,60.,20.));
#3756=VECTOR('',#3757,1.);
#3757=DIRECTION('',(0.,-1.,0.));
#3758=CARTESIAN_POINT('',(1.77635683952943E-15,60.,20.));
#3759=VECTOR('',#3760,1.);
#3760=DIRECTION('',(0.500000000036362,0.,-0.866025403763445));
#3761=CARTESIAN_POINT('',(9.04700538473037,55.,4.33012701881721));
#3762=CARTESIAN_POINT('',(2.50000000018181,55.,15.6698729811828));
#3763=CARTESIAN_POINT('',(9.04700538473038,55.,4.33012701881721));
#3764=VECTOR('',#3765,1.);
#3765=DIRECTION('',(-0.500000000036362,0.,0.866025403763445));
#3766=CARTESIAN_POINT('',(2.50000000018182,5.,15.6698729811828));
#3767=CARTESIAN_POINT('',(2.50000000018181,55.,15.6698729811828));
#3768=VECTOR('',#3769,1.);
#3769=DIRECTION('',(7.105427357601E-17,-1.,-7.105427357601E-17));
#3770=CARTESIAN_POINT('',(9.04700538473038,5.,4.33012701881721));
#3771=CARTESIAN_POINT('',(2.50000000018182,5.,15.6698729811828));
#3772=VECTOR('',#3773,1.);
#3773=DIRECTION('',(0.500000000036362,0.,-0.866025403763445));
#3774=CARTESIAN_POINT('',(9.04700538473038,5.,4.33012701881721));
#3775=VECTOR('',#3776,1.);
#3776=DIRECTION('',(-3.5527136788005E-17,1.,7.105427357601E-17));
#3777=CARTESIAN_POINT('',(0.,60.,70.));
#3778=CARTESIAN_POINT('',(0.,60.,20.));
#3779=VECTOR('',#3780,1.);
#3780=DIRECTION('',(0.,0.,1.));
#3781=CARTESIAN_POINT('',(165.,60.,70.));
#3782=CARTESIAN_POINT('',(165.,60.,70.));
#3783=VECTOR('',#3784,1.);
#3784=DIRECTION('',(-1.,0.,0.));
#3785=CARTESIAN_POINT('',(165.,60.,20.));
#3786=CARTESIAN_POINT('',(165.,60.,20.));
#3787=VECTOR('',#3788,1.);
#3788=DIRECTION('',(0.,0.,1.));
#3789=CARTESIAN_POINT('',(153.452994615088,60.,4.23051796282915E-15));
#3790=VECTOR('',#3791,1.);
#3791=DIRECTION('',(0.500000000036362,0.,0.866025403763445));
#3792=CARTESIAN_POINT('',(132.5,60.,55.));
#3793=CARTESIAN_POINT('',(152.5,60.,55.));
#3794=AXIS2_PLACEMENT_3D('',#3795,#3796,#3797);
#3795=CARTESIAN_POINT('',(142.5,60.,55.));
#3796=DIRECTION('',(0.,1.,0.));
#3797=DIRECTION('',(-1.,0.,0.));
#3798=CARTESIAN_POINT('',(132.5,60.,20.));
#3799=CARTESIAN_POINT('',(132.5,60.,20.));
#3800=VECTOR('',#3801,1.);
#3801=DIRECTION('',(0.,0.,1.));
#3802=CARTESIAN_POINT('',(152.5,60.,20.));
#3803=AXIS2_PLACEMENT_3D('',#3804,#3805,#3806);
#3804=CARTESIAN_POINT('',(142.5,60.,20.));
#3805=DIRECTION('',(0.,1.,0.));
#3806=DIRECTION('',(1.,0.,-3.5527136788005E-16));
#3807=CARTESIAN_POINT('',(152.5,60.,55.));
#3808=VECTOR('',#3809,1.);
#3809=DIRECTION('',(0.,0.,-1.));
#3810=CARTESIAN_POINT('',(92.5,60.,55.));
#3811=CARTESIAN_POINT('',(112.5,60.,55.));
#3812=AXIS2_PLACEMENT_3D('',#3813,#3814,#3815);
#3813=CARTESIAN_POINT('',(102.5,60.,55.));
#3814=DIRECTION('',(0.,1.,0.));
#3815=DIRECTION('',(-1.,0.,0.));
#3816=CARTESIAN_POINT('',(92.5,60.,20.));
#3817=CARTESIAN_POINT('',(92.5,60.,20.));
#3818=VECTOR('',#3819,1.);
#3819=DIRECTION('',(0.,0.,1.));
#3820=CARTESIAN_POINT('',(112.5,60.,20.));
#3821=AXIS2_PLACEMENT_3D('',#3822,#3823,#3824);
#3822=CARTESIAN_POINT('',(102.5,60.,20.));
#3823=DIRECTION('',(0.,1.,0.));
#3824=DIRECTION('',(1.,0.,7.105427357601E-16));
#3825=CARTESIAN_POINT('',(112.5,60.,55.));
#3826=VECTOR('',#3827,1.);
#3827=DIRECTION('',(0.,0.,-1.));
#3828=CARTESIAN_POINT('',(52.5,60.,55.));
#3829=CARTESIAN_POINT('',(72.5,60.,55.));
#3830=AXIS2_PLACEMENT_3D('',#3831,#3832,#3833);
#3831=CARTESIAN_POINT('',(62.5,60.,55.));
#3832=DIRECTION('',(0.,1.,0.));
#3833=DIRECTION('',(-1.,0.,0.));
#3834=CARTESIAN_POINT('',(52.5,60.,20.));
#3835=CARTESIAN_POINT('',(52.5,60.,20.));
#3836=VECTOR('',#3837,1.);
#3837=DIRECTION('',(-2.03012210217171E-16,0.,1.));
#3838=CARTESIAN_POINT('',(72.5,60.,20.));
#3839=AXIS2_PLACEMENT_3D('',#3840,#3841,#3842);
#3840=CARTESIAN_POINT('',(62.5,60.,20.));
#3841=DIRECTION('',(0.,1.,0.));
#3842=DIRECTION('',(1.,0.,7.105427357601E-16));
#3843=CARTESIAN_POINT('',(72.5,60.,55.));
#3844=VECTOR('',#3845,1.);
#3845=DIRECTION('',(0.,0.,-1.));
#3846=CARTESIAN_POINT('',(32.5,60.,55.));
#3847=CARTESIAN_POINT('',(12.5,60.,55.));
#3848=AXIS2_PLACEMENT_3D('',#3849,#3850,#3851);
#3849=CARTESIAN_POINT('',(22.5,60.,55.));
#3850=DIRECTION('',(0.,-1.,0.));
#3851=DIRECTION('',(1.,0.,0.));
#3852=CARTESIAN_POINT('',(12.5,60.,20.));
#3853=CARTESIAN_POINT('',(12.5,60.,20.));
#3854=VECTOR('',#3855,1.);
#3855=DIRECTION('',(0.,0.,1.));
#3856=CARTESIAN_POINT('',(32.5,60.,20.));
#3857=AXIS2_PLACEMENT_3D('',#3858,#3859,#3860);
#3858=CARTESIAN_POINT('',(22.5,60.,20.));
#3859=DIRECTION('',(0.,-1.,0.));
#3860=DIRECTION('',(-1.,0.,0.));
#3861=CARTESIAN_POINT('',(32.5,60.,55.));
#3862=VECTOR('',#3863,1.);
#3863=DIRECTION('',(0.,0.,-1.));
#3864=CARTESIAN_POINT('',(161.6,60.,67.));
#3865=AXIS2_PLACEMENT_3D('',#3866,#3867,#3868);
#3866=CARTESIAN_POINT('',(160.,60.,67.));
#3867=DIRECTION('',(0.,-1.,0.));
#3868=DIRECTION('',(1.,0.,0.));
#3869=CARTESIAN_POINT('',(3.4,60.,40.));
#3870=AXIS2_PLACEMENT_3D('',#3871,#3872,#3873);
#3871=CARTESIAN_POINT('',(5.,60.,40.));
#3872=DIRECTION('',(0.,1.,0.));
#3873=DIRECTION('',(-1.,0.,-1.22464679914735E-16));
#3874=CARTESIAN_POINT('',(165.,60.,20.));
#3875=VECTOR('',#3876,1.);
#3876=DIRECTION('',(0.,-1.,0.));
#3877=CARTESIAN_POINT('',(155.95299461527,5.,4.33012701881722));
#3878=CARTESIAN_POINT('',(162.499999999818,5.,15.6698729811828));
#3879=CARTESIAN_POINT('',(155.95299461527,5.,4.33012701881722));
#3880=VECTOR('',#3881,1.);
#3881=DIRECTION('',(0.500000000036362,-6.78308911934674E-17,0.866025403763445));
#3882=CARTESIAN_POINT('',(162.499999999818,55.,15.6698729811828));
#3883=CARTESIAN_POINT('',(162.499999999818,5.,15.6698729811828));
#3884=VECTOR('',#3885,1.);
#3885=DIRECTION('',(5.6843418860808E-16,1.,3.90798504668055E-16));
#3886=CARTESIAN_POINT('',(155.95299461527,55.,4.33012701881722));
#3887=CARTESIAN_POINT('',(162.499999999818,55.,15.6698729811828));
#3888=VECTOR('',#3889,1.);
#3889=DIRECTION('',(-0.500000000036363,0.,-0.866025403763445));
#3890=CARTESIAN_POINT('',(155.95299461527,55.,4.33012701881722));
#3891=VECTOR('',#3892,1.);
#3892=DIRECTION('',(0.,-1.,0.));
#3893=CARTESIAN_POINT('',(2.30940107706176,2.,21.));
#3894=CARTESIAN_POINT('',(2.30940107706176,2.,21.));
#3895=VECTOR('',#3896,1.);
#3896=DIRECTION('',(6.34413156928661E-17,1.,0.));
#3897=CARTESIAN_POINT('',(2.30940107706175,2.,21.));
#3898=VECTOR('',#3899,1.);
#3899=DIRECTION('',(0.,0.,-1.));
#3900=CARTESIAN_POINT('',(-5.71708166480961E-16,2.,21.));
#3901=CARTESIAN_POINT('',(0.,2.,21.));
#3902=VECTOR('',#3903,1.);
#3903=DIRECTION('',(1.,0.,0.));
#3904=CARTESIAN_POINT('',(0.,2.,70.));
#3905=CARTESIAN_POINT('',(0.,2.,21.));
#3906=VECTOR('',#3907,1.);
#3907=DIRECTION('',(0.,0.,1.));
#3908=CARTESIAN_POINT('',(163.,2.,70.));
#3909=CARTESIAN_POINT('',(163.,2.,70.));
#3910=VECTOR('',#3911,1.);
#3911=DIRECTION('',(-1.,0.,0.));
#3912=CARTESIAN_POINT('',(163.,2.,20.));
#3913=CARTESIAN_POINT('',(163.,2.,20.));
#3914=VECTOR('',#3915,1.);
#3915=DIRECTION('',(0.,0.,1.));
#3916=CARTESIAN_POINT('',(162.690598922938,2.,20.));
#3917=CARTESIAN_POINT('',(162.690598922938,2.,20.));
#3918=VECTOR('',#3919,1.);
#3919=DIRECTION('',(1.,0.,0.));
#3920=CARTESIAN_POINT('',(152.298294076517,2.,2.));
#3921=CARTESIAN_POINT('',(152.298294076517,2.,2.));
#3922=VECTOR('',#3923,1.);
#3923=DIRECTION('',(0.500000000036362,0.,0.866025403763445));
#3924=CARTESIAN_POINT('',(143.,2.,2.));
#3925=CARTESIAN_POINT('',(152.298294076517,2.,2.));
#3926=VECTOR('',#3927,1.);
#3927=DIRECTION('',(-1.,0.,0.));
#3928=CARTESIAN_POINT('',(143.,2.,22.));
#3929=CARTESIAN_POINT('',(143.,2.,22.));
#3930=VECTOR('',#3931,1.);
#3931=DIRECTION('',(0.,0.,-1.));
#3932=CARTESIAN_POINT('',(141.,2.,22.));
#3933=CARTESIAN_POINT('',(141.,2.,22.));
#3934=VECTOR('',#3935,1.);
#3935=DIRECTION('',(1.,0.,0.));
#3936=CARTESIAN_POINT('',(141.,2.,2.));
#3937=CARTESIAN_POINT('',(141.,2.,2.));
#3938=VECTOR('',#3939,1.);
#3939=DIRECTION('',(0.,0.,1.));
#3940=CARTESIAN_POINT('',(121.,2.,2.));
#3941=CARTESIAN_POINT('',(141.,2.,2.));
#3942=VECTOR('',#3943,1.);
#3943=DIRECTION('',(-1.,0.,0.));
#3944=CARTESIAN_POINT('',(121.,2.,22.));
#3945=CARTESIAN_POINT('',(121.,2.,22.));
#3946=VECTOR('',#3947,1.);
#3947=DIRECTION('',(0.,0.,-1.));
#3948=CARTESIAN_POINT('',(119.,2.,22.));
#3949=CARTESIAN_POINT('',(119.,2.,22.));
#3950=VECTOR('',#3951,1.);
#3951=DIRECTION('',(1.,0.,0.));
#3952=CARTESIAN_POINT('',(119.,2.,2.));
#3953=CARTESIAN_POINT('',(119.,2.,2.));
#3954=VECTOR('',#3955,1.);
#3955=DIRECTION('',(0.,0.,1.));
#3956=CARTESIAN_POINT('',(99.,2.,2.));
#3957=CARTESIAN_POINT('',(119.,2.,2.));
#3958=VECTOR('',#3959,1.);
#3959=DIRECTION('',(-1.,0.,0.));
#3960=CARTESIAN_POINT('',(99.,2.,22.));
#3961=CARTESIAN_POINT('',(99.,2.,22.));
#3962=VECTOR('',#3963,1.);
#3963=DIRECTION('',(0.,0.,-1.));
#3964=CARTESIAN_POINT('',(97.,2.,22.));
#3965=CARTESIAN_POINT('',(97.,2.,22.));
#3966=VECTOR('',#3967,1.);
#3967=DIRECTION('',(1.,0.,0.));
#3968=CARTESIAN_POINT('',(97.,2.,2.));
#3969=CARTESIAN_POINT('',(97.,2.,2.));
#3970=VECTOR('',#3971,1.);
#3971=DIRECTION('',(0.,0.,1.));
#3972=CARTESIAN_POINT('',(77.,2.,2.));
#3973=CARTESIAN_POINT('',(97.,2.,2.));
#3974=VECTOR('',#3975,1.);
#3975=DIRECTION('',(-1.,0.,0.));
#3976=CARTESIAN_POINT('',(77.,2.,22.));
#3977=CARTESIAN_POINT('',(77.,2.,22.));
#3978=VECTOR('',#3979,1.);
#3979=DIRECTION('',(0.,0.,-1.));
#3980=CARTESIAN_POINT('',(75.,2.,22.));
#3981=CARTESIAN_POINT('',(75.,2.,22.));
#3982=VECTOR('',#3983,1.);
#3983=DIRECTION('',(1.,0.,0.));
#3984=CARTESIAN_POINT('',(75.,2.,2.));
#3985=CARTESIAN_POINT('',(75.,2.,2.));
#3986=VECTOR('',#3987,1.);
#3987=DIRECTION('',(0.,0.,1.));
#3988=CARTESIAN_POINT('',(55.,2.,2.));
#3989=CARTESIAN_POINT('',(75.,2.,2.));
#3990=VECTOR('',#3991,1.);
#3991=DIRECTION('',(-1.,0.,0.));
#3992=CARTESIAN_POINT('',(55.,2.,22.));
#3993=CARTESIAN_POINT('',(55.,2.,22.));
#3994=VECTOR('',#3995,1.);
#3995=DIRECTION('',(0.,0.,-1.));
#3996=CARTESIAN_POINT('',(53.,2.,22.));
#3997=CARTESIAN_POINT('',(53.,2.,22.));
#3998=VECTOR('',#3999,1.);
#3999=DIRECTION('',(1.,0.,0.));
#4000=CARTESIAN_POINT('',(53.,2.,2.));
#4001=CARTESIAN_POINT('',(53.,2.,2.));
#4002=VECTOR('',#4003,1.);
#4003=DIRECTION('',(0.,0.,1.));
#4004=CARTESIAN_POINT('',(33.,2.,2.));
#4005=CARTESIAN_POINT('',(53.,2.,2.));
#4006=VECTOR('',#4007,1.);
#4007=DIRECTION('',(-1.,0.,0.));
#4008=CARTESIAN_POINT('',(33.,2.,22.));
#4009=CARTESIAN_POINT('',(33.,2.,22.));
#4010=VECTOR('',#4011,1.);
#4011=DIRECTION('',(0.,0.,-1.));
#4012=CARTESIAN_POINT('',(31.,2.,22.));
#4013=CARTESIAN_POINT('',(31.,2.,22.));
#4014=VECTOR('',#4015,1.);
#4015=DIRECTION('',(1.,0.,0.));
#4016=CARTESIAN_POINT('',(31.,2.,2.));
#4017=CARTESIAN_POINT('',(31.,2.,2.));
#4018=VECTOR('',#4019,1.);
#4019=DIRECTION('',(0.,0.,1.));
#4020=CARTESIAN_POINT('',(31.,2.,2.));
#4021=VECTOR('',#4022,1.);
#4022=DIRECTION('',(-1.,0.,0.));
#4023=CARTESIAN_POINT('',(3.39999999999999,2.,40.));
#4024=AXIS2_PLACEMENT_3D('',#4025,#4026,#4027);
#4025=CARTESIAN_POINT('',(5.,2.,40.));
#4026=DIRECTION('',(0.,1.,0.));
#4027=DIRECTION('',(-1.,0.,-1.22464679914735E-16));
#4028=CARTESIAN_POINT('',(161.6,1.99999999999999,67.));
#4029=AXIS2_PLACEMENT_3D('',#4030,#4031,#4032);
#4030=CARTESIAN_POINT('',(160.,2.,67.));
#4031=DIRECTION('',(0.,-1.,0.));
#4032=DIRECTION('',(1.,0.,0.));
#4033=CARTESIAN_POINT('',(31.,29.,2.));
#4034=CARTESIAN_POINT('',(31.,29.,2.));
#4035=VECTOR('',#4036,1.);
#4036=DIRECTION('',(0.,-1.,0.));
#4037=CARTESIAN_POINT('',(12.7017059234827,29.,2.));
#4038=VECTOR('',#4039,1.);
#4039=DIRECTION('',(1.,1.94155458642442E-16,0.));
#4040=CARTESIAN_POINT('',(31.,29.,7.00000000001451));
#4041=CARTESIAN_POINT('',(31.,29.,2.));
#4042=VECTOR('',#4043,1.);
#4043=DIRECTION('',(0.,0.,1.));
#4044=CARTESIAN_POINT('',(9.81495457725469,29.,7.00000000001451));
#4045=VECTOR('',#4046,1.);
#4046=DIRECTION('',(1.,1.6769912964105E-16,0.));
#4047=CARTESIAN_POINT('',(31.,25.0000000000008,7.00000000004542));
#4048=CARTESIAN_POINT('',(31.,29.,7.00000000002903));
#4049=VECTOR('',#4050,1.);
#4050=DIRECTION('',(-1.77635683940059E-15,-1.,4.09827727310208E-12));
#4051=CARTESIAN_POINT('',(33.,25.0000000000008,7.00000000004542));
#4052=CARTESIAN_POINT('',(33.,25.0000000000008,7.00000000004542));
#4053=VECTOR('',#4054,1.);
#4054=DIRECTION('',(-1.,0.,0.));
#4055=CARTESIAN_POINT('',(33.,29.,7.00000000001451));
#4056=CARTESIAN_POINT('',(33.,25.0000000000008,7.00000000004542));
#4057=VECTOR('',#4058,1.);
#4058=DIRECTION('',(0.,1.,-4.09827727310207E-12));
#4059=CARTESIAN_POINT('',(53.,29.,7.00000000001451));
#4060=CARTESIAN_POINT('',(33.,29.,7.00000000001451));
#4061=VECTOR('',#4062,1.);
#4062=DIRECTION('',(1.,0.,0.));
#4063=CARTESIAN_POINT('',(53.,25.0000000000008,7.00000000004542));
#4064=CARTESIAN_POINT('',(53.,29.,7.00000000002903));
#4065=VECTOR('',#4066,1.);
#4066=DIRECTION('',(0.,-1.,4.09827727310208E-12));
#4067=CARTESIAN_POINT('',(55.,25.0000000000008,7.00000000004542));
#4068=CARTESIAN_POINT('',(55.,25.0000000000008,7.00000000004542));
#4069=VECTOR('',#4070,1.);
#4070=DIRECTION('',(-1.,0.,0.));
#4071=CARTESIAN_POINT('',(55.,29.,7.00000000001451));
#4072=CARTESIAN_POINT('',(55.,25.0000000000008,7.00000000004542));
#4073=VECTOR('',#4074,1.);
#4074=DIRECTION('',(0.,1.,-4.09827727310208E-12));
#4075=CARTESIAN_POINT('',(75.,29.,7.00000000001451));
#4076=CARTESIAN_POINT('',(55.,29.,7.00000000001451));
#4077=VECTOR('',#4078,1.);
#4078=DIRECTION('',(1.,0.,0.));
#4079=CARTESIAN_POINT('',(75.,25.0000000000008,7.00000000004542));
#4080=CARTESIAN_POINT('',(75.,29.,7.00000000002903));
#4081=VECTOR('',#4082,1.);
#4082=DIRECTION('',(0.,-1.,4.09827727310208E-12));
#4083=CARTESIAN_POINT('',(77.,25.0000000000008,7.00000000004542));
#4084=CARTESIAN_POINT('',(77.,25.0000000000008,7.00000000004542));
#4085=VECTOR('',#4086,1.);
#4086=DIRECTION('',(-1.,0.,0.));
#4087=CARTESIAN_POINT('',(77.,29.,7.00000000001451));
#4088=CARTESIAN_POINT('',(77.,25.0000000000008,7.00000000004542));
#4089=VECTOR('',#4090,1.);
#4090=DIRECTION('',(0.,1.,-4.09827727310208E-12));
#4091=CARTESIAN_POINT('',(97.,29.,7.00000000001451));
#4092=CARTESIAN_POINT('',(77.,29.,7.00000000001451));
#4093=VECTOR('',#4094,1.);
#4094=DIRECTION('',(1.,1.77635683940025E-16,0.));
#4095=CARTESIAN_POINT('',(97.,25.0000000000008,7.00000000004542));
#4096=CARTESIAN_POINT('',(97.,29.,7.00000000002903));
#4097=VECTOR('',#4098,1.);
#4098=DIRECTION('',(0.,-1.,4.09827727310207E-12));
#4099=CARTESIAN_POINT('',(99.,25.0000000000008,7.00000000004542));
#4100=CARTESIAN_POINT('',(99.,25.0000000000008,7.00000000004542));
#4101=VECTOR('',#4102,1.);
#4102=DIRECTION('',(-1.,0.,0.));
#4103=CARTESIAN_POINT('',(99.,29.,7.00000000001451));
#4104=CARTESIAN_POINT('',(99.,25.0000000000008,7.00000000004542));
#4105=VECTOR('',#4106,1.);
#4106=DIRECTION('',(0.,1.,-4.09827727310207E-12));
#4107=CARTESIAN_POINT('',(119.,29.,7.00000000001451));
#4108=CARTESIAN_POINT('',(99.,29.,7.00000000001451));
#4109=VECTOR('',#4110,1.);
#4110=DIRECTION('',(1.,0.,0.));
#4111=CARTESIAN_POINT('',(119.,25.0000000000008,7.00000000004542));
#4112=CARTESIAN_POINT('',(119.,29.,7.00000000002903));
#4113=VECTOR('',#4114,1.);
#4114=DIRECTION('',(0.,-1.,4.09827727310207E-12));
#4115=CARTESIAN_POINT('',(121.,25.0000000000008,7.00000000004542));
#4116=CARTESIAN_POINT('',(121.,25.0000000000008,7.00000000004542));
#4117=VECTOR('',#4118,1.);
#4118=DIRECTION('',(-1.,0.,0.));
#4119=CARTESIAN_POINT('',(121.,29.,7.00000000001451));
#4120=CARTESIAN_POINT('',(121.,25.0000000000008,7.00000000004542));
#4121=VECTOR('',#4122,1.);
#4122=DIRECTION('',(0.,1.,-4.09827727310207E-12));
#4123=CARTESIAN_POINT('',(141.,29.,7.00000000001451));
#4124=CARTESIAN_POINT('',(121.,29.,7.00000000001451));
#4125=VECTOR('',#4126,1.);
#4126=DIRECTION('',(1.,0.,0.));
#4127=CARTESIAN_POINT('',(141.,25.0000000000008,7.00000000004542));
#4128=CARTESIAN_POINT('',(141.,29.,7.00000000002903));
#4129=VECTOR('',#4130,1.);
#4130=DIRECTION('',(0.,-1.,4.09827727310207E-12));
#4131=CARTESIAN_POINT('',(143.,25.0000000000008,7.00000000004542));
#4132=CARTESIAN_POINT('',(143.,25.0000000000008,7.00000000004542));
#4133=VECTOR('',#4134,1.);
#4134=DIRECTION('',(-1.,0.,0.));
#4135=CARTESIAN_POINT('',(143.,29.,7.00000000001451));
#4136=CARTESIAN_POINT('',(143.,25.0000000000008,7.00000000004542));
#4137=VECTOR('',#4138,1.);
#4138=DIRECTION('',(0.,1.,-4.09827727310207E-12));
#4139=CARTESIAN_POINT('',(155.185045422745,29.,7.00000000001451));
#4140=CARTESIAN_POINT('',(143.,29.,7.00000000001451));
#4141=VECTOR('',#4142,1.);
#4142=DIRECTION('',(1.,0.,0.));
#4143=CARTESIAN_POINT('',(155.185045422757,31.,7.00000000001041));
#4144=CARTESIAN_POINT('',(155.185045422762,29.,7.00000000002903));
#4145=VECTOR('',#4146,1.);
#4146=DIRECTION('',(-2.37321273743873E-12,1.,-4.09849931770621E-12));
#4147=CARTESIAN_POINT('',(143.,31.,7.00000000001041));
#4148=CARTESIAN_POINT('',(155.185045422757,31.,7.00000000001041));
#4149=VECTOR('',#4150,1.);
#4150=DIRECTION('',(-1.,0.,0.));
#4151=CARTESIAN_POINT('',(143.,34.9999999999992,7.00000000000444));
#4152=CARTESIAN_POINT('',(143.,31.,7.00000000002083));
#4153=VECTOR('',#4154,1.);
#4154=DIRECTION('',(0.,1.,-4.09827727310211E-12));
#4155=CARTESIAN_POINT('',(141.,34.9999999999992,7.00000000000444));
#4156=CARTESIAN_POINT('',(143.,34.9999999999992,7.00000000000444));
#4157=VECTOR('',#4158,1.);
#4158=DIRECTION('',(-1.,0.,0.));
#4159=CARTESIAN_POINT('',(141.,31.,7.00000000001041));
#4160=CARTESIAN_POINT('',(141.,34.9999999999992,7.00000000000444));
#4161=VECTOR('',#4162,1.);
#4162=DIRECTION('',(0.,-1.,4.09849931770703E-12));
#4163=CARTESIAN_POINT('',(121.,31.,7.00000000001041));
#4164=CARTESIAN_POINT('',(141.,31.,7.00000000001041));
#4165=VECTOR('',#4166,1.);
#4166=DIRECTION('',(-1.,0.,0.));
#4167=CARTESIAN_POINT('',(121.,34.9999999999992,7.00000000000444));
#4168=CARTESIAN_POINT('',(121.,31.,7.00000000002083));
#4169=VECTOR('',#4170,1.);
#4170=DIRECTION('',(0.,1.,-4.0982772731021E-12));
#4171=CARTESIAN_POINT('',(119.,34.9999999999992,7.00000000000444));
#4172=CARTESIAN_POINT('',(121.,34.9999999999992,7.00000000000444));
#4173=VECTOR('',#4174,1.);
#4174=DIRECTION('',(-1.,0.,0.));
#4175=CARTESIAN_POINT('',(119.,31.,7.00000000001041));
#4176=CARTESIAN_POINT('',(119.,34.9999999999992,7.00000000000444));
#4177=VECTOR('',#4178,1.);
#4178=DIRECTION('',(0.,-1.,4.0982772731021E-12));
#4179=CARTESIAN_POINT('',(99.,31.,7.00000000001041));
#4180=CARTESIAN_POINT('',(119.,31.,7.00000000001041));
#4181=VECTOR('',#4182,1.);
#4182=DIRECTION('',(-1.,0.,0.));
#4183=CARTESIAN_POINT('',(99.,34.9999999999992,7.00000000000444));
#4184=CARTESIAN_POINT('',(99.,31.,7.00000000002083));
#4185=VECTOR('',#4186,1.);
#4186=DIRECTION('',(0.,1.,-4.0982772731021E-12));
#4187=CARTESIAN_POINT('',(97.,34.9999999999992,7.00000000000444));
#4188=CARTESIAN_POINT('',(99.,34.9999999999992,7.00000000000444));
#4189=VECTOR('',#4190,1.);
#4190=DIRECTION('',(-1.,0.,0.));
#4191=CARTESIAN_POINT('',(97.,31.,7.00000000001041));
#4192=CARTESIAN_POINT('',(97.,34.9999999999992,7.00000000000444));
#4193=VECTOR('',#4194,1.);
#4194=DIRECTION('',(0.,-1.,4.0982772731021E-12));
#4195=CARTESIAN_POINT('',(77.,31.,7.00000000001041));
#4196=CARTESIAN_POINT('',(97.,31.,7.00000000001041));
#4197=VECTOR('',#4198,1.);
#4198=DIRECTION('',(-1.,-1.77635683940025E-16,0.));
#4199=CARTESIAN_POINT('',(77.,34.9999999999992,7.00000000000444));
#4200=CARTESIAN_POINT('',(77.,31.,7.00000000002083));
#4201=VECTOR('',#4202,1.);
#4202=DIRECTION('',(0.,1.,-4.09849931770703E-12));
#4203=CARTESIAN_POINT('',(75.,34.9999999999992,7.00000000000444));
#4204=CARTESIAN_POINT('',(77.,34.9999999999992,7.00000000000444));
#4205=VECTOR('',#4206,1.);
#4206=DIRECTION('',(-1.,0.,0.));
#4207=CARTESIAN_POINT('',(75.,31.,7.00000000001041));
#4208=CARTESIAN_POINT('',(75.,34.9999999999992,7.00000000000444));
#4209=VECTOR('',#4210,1.);
#4210=DIRECTION('',(0.,-1.,4.09849931770703E-12));
#4211=CARTESIAN_POINT('',(55.,31.,7.00000000001041));
#4212=CARTESIAN_POINT('',(75.,31.,7.00000000001041));
#4213=VECTOR('',#4214,1.);
#4214=DIRECTION('',(-1.,0.,0.));
#4215=CARTESIAN_POINT('',(55.,34.9999999999992,7.00000000000444));
#4216=CARTESIAN_POINT('',(55.,31.,7.00000000002083));
#4217=VECTOR('',#4218,1.);
#4218=DIRECTION('',(0.,1.,-4.09849931770703E-12));
#4219=CARTESIAN_POINT('',(53.,34.9999999999992,7.00000000000444));
#4220=CARTESIAN_POINT('',(55.,34.9999999999992,7.00000000000444));
#4221=VECTOR('',#4222,1.);
#4222=DIRECTION('',(-1.,0.,0.));
#4223=CARTESIAN_POINT('',(53.,31.,7.00000000001041));
#4224=CARTESIAN_POINT('',(53.,34.9999999999992,7.00000000000444));
#4225=VECTOR('',#4226,1.);
#4226=DIRECTION('',(0.,-1.,4.09849931770703E-12));
#4227=CARTESIAN_POINT('',(33.,31.,7.00000000001041));
#4228=CARTESIAN_POINT('',(53.,31.,7.00000000001041));
#4229=VECTOR('',#4230,1.);
#4230=DIRECTION('',(-1.,-1.77635683940025E-16,4.44089209850063E-17));
#4231=CARTESIAN_POINT('',(33.,34.9999999999992,7.00000000000444));
#4232=CARTESIAN_POINT('',(33.,31.,7.00000000002083));
#4233=VECTOR('',#4234,1.);
#4234=DIRECTION('',(0.,1.,-4.0982772731021E-12));
#4235=CARTESIAN_POINT('',(33.,34.9999999999992,7.00000000000444));
#4236=VECTOR('',#4237,1.);
#4237=DIRECTION('',(-1.,0.,0.));
#4238=CARTESIAN_POINT('',(33.,52.5,22.));
#4239=CARTESIAN_POINT('',(33.,52.5,22.));
#4240=VECTOR('',#4241,1.);
#4241=DIRECTION('',(-1.,0.,0.));
#4242=CARTESIAN_POINT('',(33.,34.9999999999992,7.00000000000444));
#4243=VECTOR('',#4244,1.);
#4244=DIRECTION('',(0.,0.759256602365406,0.650791373455841));
#4245=CARTESIAN_POINT('',(33.,52.5,22.));
#4246=VECTOR('',#4247,1.);
#4247=DIRECTION('',(0.,1.,0.));
#4248=CARTESIAN_POINT('',(33.,31.,2.));
#4249=CARTESIAN_POINT('',(33.,31.,2.));
#4250=VECTOR('',#4251,1.);
#4251=DIRECTION('',(0.,0.,1.));
#4252=CARTESIAN_POINT('',(33.,31.,2.));
#4253=VECTOR('',#4254,1.);
#4254=DIRECTION('',(0.,1.,0.));
#4255=CARTESIAN_POINT('',(53.,31.,2.));
#4256=CARTESIAN_POINT('',(53.,31.,2.));
#4257=VECTOR('',#4258,1.);
#4258=DIRECTION('',(-1.,0.,0.));
#4259=CARTESIAN_POINT('',(53.,58.,2.));
#4260=VECTOR('',#4261,1.);
#4261=DIRECTION('',(0.,-1.,0.));
#4262=CARTESIAN_POINT('',(53.,31.,7.));
#4263=VECTOR('',#4264,1.);
#4264=DIRECTION('',(0.,0.,-1.));
#4265=CARTESIAN_POINT('',(53.,52.5,22.));
#4266=CARTESIAN_POINT('',(53.,52.5,22.));
#4267=VECTOR('',#4268,1.);
#4268=DIRECTION('',(0.,-0.759256602365406,-0.650791373455841));
#4269=CARTESIAN_POINT('',(53.,58.,22.));
#4270=VECTOR('',#4271,1.);
#4271=DIRECTION('',(0.,-1.,0.));
#4272=CARTESIAN_POINT('',(55.,52.5,22.));
#4273=CARTESIAN_POINT('',(55.,52.5,22.));
#4274=VECTOR('',#4275,1.);
#4275=DIRECTION('',(-1.,0.,0.));
#4276=CARTESIAN_POINT('',(55.,52.5,22.));
#4277=VECTOR('',#4278,1.);
#4278=DIRECTION('',(0.,1.,0.));
#4279=CARTESIAN_POINT('',(55.,31.,2.));
#4280=CARTESIAN_POINT('',(55.,31.,2.));
#4281=VECTOR('',#4282,1.);
#4282=DIRECTION('',(0.,0.,1.));
#4283=CARTESIAN_POINT('',(55.,31.,2.));
#4284=VECTOR('',#4285,1.);
#4285=DIRECTION('',(0.,1.,0.));
#4286=CARTESIAN_POINT('',(55.,34.9999999999992,7.00000000000444));
#4287=VECTOR('',#4288,1.);
#4288=DIRECTION('',(0.,0.759256602365406,0.650791373455841));
#4289=CARTESIAN_POINT('',(75.,31.,2.));
#4290=CARTESIAN_POINT('',(75.,31.,2.));
#4291=VECTOR('',#4292,1.);
#4292=DIRECTION('',(-1.,0.,0.));
#4293=CARTESIAN_POINT('',(75.,58.,2.));
#4294=VECTOR('',#4295,1.);
#4295=DIRECTION('',(0.,-1.,0.));
#4296=CARTESIAN_POINT('',(75.,31.,7.));
#4297=VECTOR('',#4298,1.);
#4298=DIRECTION('',(0.,0.,-1.));
#4299=CARTESIAN_POINT('',(75.,52.5,22.));
#4300=CARTESIAN_POINT('',(75.,52.5,22.));
#4301=VECTOR('',#4302,1.);
#4302=DIRECTION('',(0.,-0.759256602365406,-0.650791373455841));
#4303=CARTESIAN_POINT('',(75.,58.,22.));
#4304=VECTOR('',#4305,1.);
#4305=DIRECTION('',(0.,-1.,0.));
#4306=CARTESIAN_POINT('',(77.,52.5,22.));
#4307=CARTESIAN_POINT('',(77.,52.5,22.));
#4308=VECTOR('',#4309,1.);
#4309=DIRECTION('',(-1.,0.,0.));
#4310=CARTESIAN_POINT('',(77.,52.5,22.));
#4311=VECTOR('',#4312,1.);
#4312=DIRECTION('',(0.,1.,0.));
#4313=CARTESIAN_POINT('',(77.,31.,2.));
#4314=CARTESIAN_POINT('',(77.,31.,2.));
#4315=VECTOR('',#4316,1.);
#4316=DIRECTION('',(0.,0.,1.));
#4317=CARTESIAN_POINT('',(77.,31.,2.));
#4318=VECTOR('',#4319,1.);
#4319=DIRECTION('',(0.,1.,0.));
#4320=CARTESIAN_POINT('',(77.,34.9999999999992,7.00000000000444));
#4321=VECTOR('',#4322,1.);
#4322=DIRECTION('',(0.,0.759256602365406,0.650791373455841));
#4323=CARTESIAN_POINT('',(97.,31.,2.));
#4324=CARTESIAN_POINT('',(97.,31.,2.));
#4325=VECTOR('',#4326,1.);
#4326=DIRECTION('',(-1.,0.,0.));
#4327=CARTESIAN_POINT('',(97.,58.,2.));
#4328=VECTOR('',#4329,1.);
#4329=DIRECTION('',(0.,-1.,0.));
#4330=CARTESIAN_POINT('',(97.,31.,7.));
#4331=VECTOR('',#4332,1.);
#4332=DIRECTION('',(0.,0.,-1.));
#4333=CARTESIAN_POINT('',(97.,52.5,22.));
#4334=CARTESIAN_POINT('',(97.,52.5,22.));
#4335=VECTOR('',#4336,1.);
#4336=DIRECTION('',(0.,-0.759256602365406,-0.650791373455841));
#4337=CARTESIAN_POINT('',(97.,58.,22.));
#4338=VECTOR('',#4339,1.);
#4339=DIRECTION('',(0.,-1.,0.));
#4340=CARTESIAN_POINT('',(99.,52.5,22.));
#4341=CARTESIAN_POINT('',(99.,52.5,22.));
#4342=VECTOR('',#4343,1.);
#4343=DIRECTION('',(-1.,0.,0.));
#4344=CARTESIAN_POINT('',(99.,52.5,22.));
#4345=VECTOR('',#4346,1.);
#4346=DIRECTION('',(0.,1.,0.));
#4347=CARTESIAN_POINT('',(99.,31.,2.));
#4348=CARTESIAN_POINT('',(99.,31.,2.));
#4349=VECTOR('',#4350,1.);
#4350=DIRECTION('',(0.,0.,1.));
#4351=CARTESIAN_POINT('',(99.,31.,2.));
#4352=VECTOR('',#4353,1.);
#4353=DIRECTION('',(0.,1.,0.));
#4354=CARTESIAN_POINT('',(99.,34.9999999999992,7.00000000000444));
#4355=VECTOR('',#4356,1.);
#4356=DIRECTION('',(0.,0.759256602365406,0.650791373455841));
#4357=CARTESIAN_POINT('',(119.,31.,2.));
#4358=CARTESIAN_POINT('',(119.,31.,2.));
#4359=VECTOR('',#4360,1.);
#4360=DIRECTION('',(-1.,0.,0.));
#4361=CARTESIAN_POINT('',(119.,58.,2.));
#4362=VECTOR('',#4363,1.);
#4363=DIRECTION('',(0.,-1.,0.));
#4364=CARTESIAN_POINT('',(119.,31.,7.));
#4365=VECTOR('',#4366,1.);
#4366=DIRECTION('',(0.,0.,-1.));
#4367=CARTESIAN_POINT('',(119.,52.5,22.));
#4368=CARTESIAN_POINT('',(119.,52.5,22.));
#4369=VECTOR('',#4370,1.);
#4370=DIRECTION('',(0.,-0.759256602365406,-0.650791373455841));
#4371=CARTESIAN_POINT('',(119.,58.,22.));
#4372=VECTOR('',#4373,1.);
#4373=DIRECTION('',(0.,-1.,0.));
#4374=CARTESIAN_POINT('',(121.,52.5,22.));
#4375=CARTESIAN_POINT('',(121.,52.5,22.));
#4376=VECTOR('',#4377,1.);
#4377=DIRECTION('',(-1.,0.,0.));
#4378=CARTESIAN_POINT('',(121.,52.5,22.));
#4379=VECTOR('',#4380,1.);
#4380=DIRECTION('',(0.,1.,0.));
#4381=CARTESIAN_POINT('',(121.,31.,2.));
#4382=CARTESIAN_POINT('',(121.,31.,2.));
#4383=VECTOR('',#4384,1.);
#4384=DIRECTION('',(0.,0.,1.));
#4385=CARTESIAN_POINT('',(121.,31.,2.));
#4386=VECTOR('',#4387,1.);
#4387=DIRECTION('',(0.,1.,0.));
#4388=CARTESIAN_POINT('',(121.,34.9999999999992,7.00000000000444));
#4389=VECTOR('',#4390,1.);
#4390=DIRECTION('',(0.,0.759256602365406,0.650791373455841));
#4391=CARTESIAN_POINT('',(141.,31.,2.));
#4392=CARTESIAN_POINT('',(141.,31.,2.));
#4393=VECTOR('',#4394,1.);
#4394=DIRECTION('',(-1.,-1.77635683940025E-16,0.));
#4395=CARTESIAN_POINT('',(141.,58.,2.));
#4396=VECTOR('',#4397,1.);
#4397=DIRECTION('',(0.,-1.,0.));
#4398=CARTESIAN_POINT('',(141.,31.,7.));
#4399=VECTOR('',#4400,1.);
#4400=DIRECTION('',(0.,0.,-1.));
#4401=CARTESIAN_POINT('',(141.,52.5,22.));
#4402=CARTESIAN_POINT('',(141.,52.5,22.));
#4403=VECTOR('',#4404,1.);
#4404=DIRECTION('',(0.,-0.759256602365406,-0.650791373455841));
#4405=CARTESIAN_POINT('',(141.,58.,22.));
#4406=VECTOR('',#4407,1.);
#4407=DIRECTION('',(0.,-1.,0.));
#4408=CARTESIAN_POINT('',(143.,52.5,22.));
#4409=CARTESIAN_POINT('',(143.,52.5,22.));
#4410=VECTOR('',#4411,1.);
#4411=DIRECTION('',(-1.,0.,0.));
#4412=CARTESIAN_POINT('',(143.,52.5,22.));
#4413=VECTOR('',#4414,1.);
#4414=DIRECTION('',(0.,1.,0.));
#4415=CARTESIAN_POINT('',(143.,31.,2.));
#4416=CARTESIAN_POINT('',(143.,31.,2.));
#4417=VECTOR('',#4418,1.);
#4418=DIRECTION('',(0.,0.,1.));
#4419=CARTESIAN_POINT('',(143.,31.,2.));
#4420=VECTOR('',#4421,1.);
#4421=DIRECTION('',(0.,1.,0.));
#4422=CARTESIAN_POINT('',(143.,34.9999999999992,7.00000000000444));
#4423=VECTOR('',#4424,1.);
#4424=DIRECTION('',(0.,0.759256602365406,0.650791373455841));
#4425=CARTESIAN_POINT('',(152.298294076517,31.,2.));
#4426=CARTESIAN_POINT('',(152.298294076517,58.,2.));
#4427=VECTOR('',#4428,1.);
#4428=DIRECTION('',(0.,-1.,0.));
#4429=CARTESIAN_POINT('',(152.298294076517,31.,2.));
#4430=VECTOR('',#4431,1.);
#4431=DIRECTION('',(-1.,-3.8208230989089E-16,0.));
#4432=CARTESIAN_POINT('',(152.298294076517,31.,2.));
#4433=VECTOR('',#4434,1.);
#4434=DIRECTION('',(0.500000000036361,0.,0.866025403763446));
#4435=CARTESIAN_POINT('',(152.298294076517,29.,2.));
#4436=CARTESIAN_POINT('',(155.185045422745,29.,7.));
#4437=VECTOR('',#4438,1.);
#4438=DIRECTION('',(-0.500000000036364,0.,-0.866025403763444));
#4439=CARTESIAN_POINT('',(152.298294076517,29.,2.));
#4440=VECTOR('',#4441,1.);
#4441=DIRECTION('',(0.,-1.,0.));
#4442=CARTESIAN_POINT('',(162.690598922938,2.,20.));
#4443=VECTOR('',#4444,1.);
#4444=DIRECTION('',(0.,1.,0.));
#4445=CARTESIAN_POINT('',(163.,2.,20.));
#4446=VECTOR('',#4447,1.);
#4447=DIRECTION('',(0.,1.,0.));
#4448=CARTESIAN_POINT('',(163.,58.,70.));
#4449=VECTOR('',#4450,1.);
#4450=DIRECTION('',(0.,-1.,0.));
#4451=CARTESIAN_POINT('',(163.,22.5,55.));
#4452=CARTESIAN_POINT('',(163.,22.5,49.));
#4453=CARTESIAN_POINT('',(163.,22.5,49.));
#4454=VECTOR('',#4455,1.);
#4455=DIRECTION('',(0.,1.1842378929335E-15,1.));
#4456=CARTESIAN_POINT('',(163.,37.5,49.));
#4457=CARTESIAN_POINT('',(163.,37.5,49.));
#4458=VECTOR('',#4459,1.);
#4459=DIRECTION('',(0.,-1.,0.));
#4460=CARTESIAN_POINT('',(163.,37.5000000000001,55.));
#4461=CARTESIAN_POINT('',(163.,37.5000000000001,55.));
#4462=VECTOR('',#4463,1.);
#4463=DIRECTION('',(0.,-1.06581410364015E-14,-1.));
#4464=CARTESIAN_POINT('',(163.,22.5,55.0000000000001));
#4465=VECTOR('',#4466,1.);
#4466=DIRECTION('',(0.,1.,-8.52651282912109E-15));
#4467=CARTESIAN_POINT('',(165.,0.,70.));
#4468=VECTOR('',#4469,1.);
#4469=DIRECTION('',(0.,1.,0.));
#4470=CARTESIAN_POINT('',(0.,60.,70.));
#4471=VECTOR('',#4472,1.);
#4472=DIRECTION('',(0.,-1.,0.));
#4473=CARTESIAN_POINT('',(0.,2.,70.));
#4474=VECTOR('',#4475,1.);
#4475=DIRECTION('',(0.,-1.,0.));
#4476=CARTESIAN_POINT('',(-6.18980636588253E-19,58.,21.));
#4477=VECTOR('',#4478,1.);
#4478=DIRECTION('',(-3.06161699786838E-17,-1.,0.));
#4479=CARTESIAN_POINT('',(165.,22.5,49.));
#4480=CARTESIAN_POINT('',(165.,22.5,55.));
#4481=CARTESIAN_POINT('',(165.,22.5,55.));
#4482=VECTOR('',#4483,1.);
#4483=DIRECTION('',(0.,-1.1842378929335E-15,-1.));
#4484=CARTESIAN_POINT('',(165.,37.5000000000001,55.));
#4485=CARTESIAN_POINT('',(165.,37.5000000000002,55.));
#4486=VECTOR('',#4487,1.);
#4487=DIRECTION('',(0.,-1.,8.52651282912109E-15));
#4488=CARTESIAN_POINT('',(165.,37.5,49.));
#4489=CARTESIAN_POINT('',(165.,37.5,49.));
#4490=VECTOR('',#4491,1.);
#4491=DIRECTION('',(0.,1.06581410364015E-14,1.));
#4492=CARTESIAN_POINT('',(165.,22.5,49.));
#4493=VECTOR('',#4494,1.);
#4494=DIRECTION('',(0.,1.,0.));
#4495=CARTESIAN_POINT('',(12.5,1.,55.));
#4496=CARTESIAN_POINT('',(12.5,1.,55.));
#4497=VECTOR('',#4498,1.);
#4498=DIRECTION('',(0.,-1.,0.));
#4499=CARTESIAN_POINT('',(32.5,1.,55.));
#4500=AXIS2_PLACEMENT_3D('',#4501,#4502,#4503);
#4501=CARTESIAN_POINT('',(22.5,1.,55.));
#4502=DIRECTION('',(0.,-1.,0.));
#4503=DIRECTION('',(1.,0.,0.));
#4504=CARTESIAN_POINT('',(32.5,1.,55.));
#4505=VECTOR('',#4506,1.);
#4506=DIRECTION('',(0.,-1.,0.));
#4507=CARTESIAN_POINT('',(32.5,1.,20.));
#4508=CARTESIAN_POINT('',(32.5,1.,20.));
#4509=VECTOR('',#4510,1.);
#4510=DIRECTION('',(0.,0.,1.));
#4511=CARTESIAN_POINT('',(32.5,1.,20.));
#4512=VECTOR('',#4513,1.);
#4513=DIRECTION('',(0.,-1.,0.));
#4514=CARTESIAN_POINT('',(12.5,1.,20.));
#4515=AXIS2_PLACEMENT_3D('',#4516,#4517,#4518);
#4516=CARTESIAN_POINT('',(22.5,1.,20.));
#4517=DIRECTION('',(0.,-1.,0.));
#4518=DIRECTION('',(-1.,0.,0.));
#4519=CARTESIAN_POINT('',(12.5,1.,20.));
#4520=VECTOR('',#4521,1.);
#4521=DIRECTION('',(0.,-1.,0.));
#4522=CARTESIAN_POINT('',(12.5,1.,55.));
#4523=VECTOR('',#4524,1.);
#4524=DIRECTION('',(-5.07530525542929E-17,0.,-1.));
#4525=CARTESIAN_POINT('',(72.5,1.,20.));
#4526=CARTESIAN_POINT('',(72.5,1.,20.));
#4527=VECTOR('',#4528,1.);
#4528=DIRECTION('',(0.,-1.,0.));
#4529=CARTESIAN_POINT('',(52.5,1.,20.));
#4530=AXIS2_PLACEMENT_3D('',#4531,#4532,#4533);
#4531=CARTESIAN_POINT('',(62.5,1.,20.));
#4532=DIRECTION('',(0.,-1.,0.));
#4533=DIRECTION('',(-1.,0.,0.));
#4534=CARTESIAN_POINT('',(52.5,1.,20.));
#4535=VECTOR('',#4536,1.);
#4536=DIRECTION('',(0.,-1.,0.));
#4537=CARTESIAN_POINT('',(52.5,1.,55.));
#4538=CARTESIAN_POINT('',(52.5,1.,55.));
#4539=VECTOR('',#4540,1.);
#4540=DIRECTION('',(0.,0.,-1.));
#4541=CARTESIAN_POINT('',(52.5,1.,55.));
#4542=VECTOR('',#4543,1.);
#4543=DIRECTION('',(0.,-1.,0.));
#4544=CARTESIAN_POINT('',(72.5,1.,55.));
#4545=AXIS2_PLACEMENT_3D('',#4546,#4547,#4548);
#4546=CARTESIAN_POINT('',(62.5,1.,55.));
#4547=DIRECTION('',(0.,-1.,0.));
#4548=DIRECTION('',(1.,0.,0.));
#4549=CARTESIAN_POINT('',(72.5,1.,55.));
#4550=VECTOR('',#4551,1.);
#4551=DIRECTION('',(0.,-1.,0.));
#4552=CARTESIAN_POINT('',(72.5,1.,20.));
#4553=VECTOR('',#4554,1.);
#4554=DIRECTION('',(0.,0.,1.));
#4555=CARTESIAN_POINT('',(112.5,1.,20.));
#4556=CARTESIAN_POINT('',(112.5,1.,20.));
#4557=VECTOR('',#4558,1.);
#4558=DIRECTION('',(0.,-1.,0.));
#4559=CARTESIAN_POINT('',(92.5,1.,20.));
#4560=AXIS2_PLACEMENT_3D('',#4561,#4562,#4563);
#4561=CARTESIAN_POINT('',(102.5,1.,20.));
#4562=DIRECTION('',(0.,-1.,0.));
#4563=DIRECTION('',(-1.,0.,0.));
#4564=CARTESIAN_POINT('',(92.5,1.,20.));
#4565=VECTOR('',#4566,1.);
#4566=DIRECTION('',(0.,-1.,0.));
#4567=CARTESIAN_POINT('',(92.5,1.,55.));
#4568=CARTESIAN_POINT('',(92.5,1.,55.));
#4569=VECTOR('',#4570,1.);
#4570=DIRECTION('',(0.,0.,-1.));
#4571=CARTESIAN_POINT('',(92.5,1.,55.));
#4572=VECTOR('',#4573,1.);
#4573=DIRECTION('',(0.,-1.,0.));
#4574=CARTESIAN_POINT('',(112.5,1.,55.));
#4575=AXIS2_PLACEMENT_3D('',#4576,#4577,#4578);
#4576=CARTESIAN_POINT('',(102.5,1.,55.));
#4577=DIRECTION('',(0.,-1.,0.));
#4578=DIRECTION('',(1.,0.,0.));
#4579=CARTESIAN_POINT('',(112.5,1.,55.));
#4580=VECTOR('',#4581,1.);
#4581=DIRECTION('',(0.,-1.,0.));
#4582=CARTESIAN_POINT('',(112.5,1.,20.));
#4583=VECTOR('',#4584,1.);
#4584=DIRECTION('',(0.,0.,1.));
#4585=CARTESIAN_POINT('',(152.5,1.,20.));
#4586=CARTESIAN_POINT('',(152.5,1.,20.));
#4587=VECTOR('',#4588,1.);
#4588=DIRECTION('',(0.,-1.,0.));
#4589=CARTESIAN_POINT('',(132.5,1.,20.));
#4590=AXIS2_PLACEMENT_3D('',#4591,#4592,#4593);
#4591=CARTESIAN_POINT('',(142.5,1.,20.));
#4592=DIRECTION('',(0.,-1.,0.));
#4593=DIRECTION('',(-1.,0.,0.));
#4594=CARTESIAN_POINT('',(132.5,1.,20.));
#4595=VECTOR('',#4596,1.);
#4596=DIRECTION('',(0.,-1.,0.));
#4597=CARTESIAN_POINT('',(132.5,1.,55.));
#4598=CARTESIAN_POINT('',(132.5,1.,55.));
#4599=VECTOR('',#4600,1.);
#4600=DIRECTION('',(0.,0.,-1.));
#4601=CARTESIAN_POINT('',(132.5,1.,55.));
#4602=VECTOR('',#4603,1.);
#4603=DIRECTION('',(0.,-1.,0.));
#4604=CARTESIAN_POINT('',(152.5,1.,55.));
#4605=AXIS2_PLACEMENT_3D('',#4606,#4607,#4608);
#4606=CARTESIAN_POINT('',(142.5,1.,55.));
#4607=DIRECTION('',(0.,-1.,0.));
#4608=DIRECTION('',(1.,0.,1.4210854715202E-15));
#4609=CARTESIAN_POINT('',(152.5,1.,55.));
#4610=VECTOR('',#4611,1.);
#4611=DIRECTION('',(0.,-1.,0.));
#4612=CARTESIAN_POINT('',(152.5,1.,20.));
#4613=VECTOR('',#4614,1.);
#4614=DIRECTION('',(0.,0.,1.));
#4615=CARTESIAN_POINT('',(9.91303078849382,55.,4.83012701885358));
#4616=CARTESIAN_POINT('',(9.91303078849382,55.,4.83012701885358));
#4617=VECTOR('',#4618,1.);
#4618=DIRECTION('',(-0.866025403763445,0.,-0.500000000036362));
#4619=CARTESIAN_POINT('',(3.36602540394526,55.,16.1698729812191));
#4620=CARTESIAN_POINT('',(3.36602540394526,55.,16.1698729812191));
#4621=VECTOR('',#4622,1.);
#4622=DIRECTION('',(0.500000000036362,0.,-0.866025403763445));
#4623=CARTESIAN_POINT('',(3.36602540394526,55.,16.1698729812191));
#4624=VECTOR('',#4625,1.);
#4625=DIRECTION('',(-0.866025403763445,0.,-0.500000000036362));
#4626=CARTESIAN_POINT('',(3.36602540394526,5.,16.1698729812191));
#4627=CARTESIAN_POINT('',(3.36602540394526,5.,16.1698729812191));
#4628=VECTOR('',#4629,1.);
#4629=DIRECTION('',(-8.88178419700125E-17,1.,7.105427357601E-17));
#4630=CARTESIAN_POINT('',(3.36602540394526,5.,16.1698729812191));
#4631=VECTOR('',#4632,1.);
#4632=DIRECTION('',(-0.866025403763445,0.,-0.500000000036362));
#4633=CARTESIAN_POINT('',(9.91303078849382,5.,4.83012701885357));
#4634=CARTESIAN_POINT('',(9.91303078849382,5.,4.83012701885357));
#4635=VECTOR('',#4636,1.);
#4636=DIRECTION('',(-0.500000000036362,-6.78308911934674E-17,0.866025403763445));
#4637=CARTESIAN_POINT('',(9.91303078849382,5.,4.83012701885357));
#4638=VECTOR('',#4639,1.);
#4639=DIRECTION('',(-0.866025403763445,0.,-0.500000000036362));
#4640=CARTESIAN_POINT('',(9.91303078849382,55.,4.83012701885358));
#4641=VECTOR('',#4642,1.);
#4642=DIRECTION('',(7.105427357601E-17,-1.,-3.5527136788005E-17));
#4643=CARTESIAN_POINT('',(132.5,59.,55.));
#4644=CARTESIAN_POINT('',(132.5,59.,55.));
#4645=VECTOR('',#4646,1.);
#4646=DIRECTION('',(0.,1.,0.));
#4647=CARTESIAN_POINT('',(152.5,59.,55.));
#4648=CARTESIAN_POINT('',(152.5,59.,55.));
#4649=VECTOR('',#4650,1.);
#4650=DIRECTION('',(0.,1.,0.));
#4651=AXIS2_PLACEMENT_3D('',#4652,#4653,#4654);
#4652=CARTESIAN_POINT('',(142.5,59.,55.));
#4653=DIRECTION('',(0.,1.,0.));
#4654=DIRECTION('',(-1.,0.,1.4210854715202E-15));
#4655=CARTESIAN_POINT('',(132.5,59.,20.));
#4656=CARTESIAN_POINT('',(132.5,59.,20.));
#4657=VECTOR('',#4658,1.);
#4658=DIRECTION('',(0.,0.,1.));
#4659=CARTESIAN_POINT('',(132.5,59.,20.));
#4660=VECTOR('',#4661,1.);
#4661=DIRECTION('',(0.,1.,0.));
#4662=CARTESIAN_POINT('',(152.5,59.,20.));
#4663=CARTESIAN_POINT('',(152.5,59.,20.));
#4664=VECTOR('',#4665,1.);
#4665=DIRECTION('',(0.,1.,0.));
#4666=AXIS2_PLACEMENT_3D('',#4667,#4668,#4669);
#4667=CARTESIAN_POINT('',(142.5,59.,20.));
#4668=DIRECTION('',(0.,1.,0.));
#4669=DIRECTION('',(1.,0.,0.));
#4670=CARTESIAN_POINT('',(152.5,59.,55.));
#4671=VECTOR('',#4672,1.);
#4672=DIRECTION('',(0.,0.,-1.));
#4673=CARTESIAN_POINT('',(92.5,59.,55.));
#4674=CARTESIAN_POINT('',(92.5,59.,55.));
#4675=VECTOR('',#4676,1.);
#4676=DIRECTION('',(0.,1.,0.));
#4677=CARTESIAN_POINT('',(112.5,59.,55.));
#4678=CARTESIAN_POINT('',(112.5,59.,55.));
#4679=VECTOR('',#4680,1.);
#4680=DIRECTION('',(0.,1.,0.));
#4681=AXIS2_PLACEMENT_3D('',#4682,#4683,#4684);
#4682=CARTESIAN_POINT('',(102.5,59.,55.));
#4683=DIRECTION('',(0.,1.,0.));
#4684=DIRECTION('',(-1.,0.,0.));
#4685=CARTESIAN_POINT('',(92.5,59.,20.));
#4686=CARTESIAN_POINT('',(92.5,59.,20.));
#4687=VECTOR('',#4688,1.);
#4688=DIRECTION('',(0.,0.,1.));
#4689=CARTESIAN_POINT('',(92.5,59.,20.));
#4690=VECTOR('',#4691,1.);
#4691=DIRECTION('',(0.,1.,0.));
#4692=CARTESIAN_POINT('',(112.5,59.,20.));
#4693=CARTESIAN_POINT('',(112.5,59.,20.));
#4694=VECTOR('',#4695,1.);
#4695=DIRECTION('',(0.,1.,0.));
#4696=AXIS2_PLACEMENT_3D('',#4697,#4698,#4699);
#4697=CARTESIAN_POINT('',(102.5,59.,20.));
#4698=DIRECTION('',(0.,1.,0.));
#4699=DIRECTION('',(1.,0.,0.));
#4700=CARTESIAN_POINT('',(112.5,59.,55.));
#4701=VECTOR('',#4702,1.);
#4702=DIRECTION('',(0.,0.,-1.));
#4703=CARTESIAN_POINT('',(52.5,59.,55.));
#4704=CARTESIAN_POINT('',(52.5,59.,55.));
#4705=VECTOR('',#4706,1.);
#4706=DIRECTION('',(0.,1.,0.));
#4707=CARTESIAN_POINT('',(72.5,59.,55.));
#4708=CARTESIAN_POINT('',(72.5,59.,55.));
#4709=VECTOR('',#4710,1.);
#4710=DIRECTION('',(0.,1.,0.));
#4711=AXIS2_PLACEMENT_3D('',#4712,#4713,#4714);
#4712=CARTESIAN_POINT('',(62.5,59.,55.));
#4713=DIRECTION('',(0.,1.,0.));
#4714=DIRECTION('',(-1.,0.,0.));
#4715=CARTESIAN_POINT('',(52.5,59.,20.));
#4716=CARTESIAN_POINT('',(52.5,59.,20.));
#4717=VECTOR('',#4718,1.);
#4718=DIRECTION('',(0.,0.,1.));
#4719=CARTESIAN_POINT('',(52.5,59.,20.));
#4720=VECTOR('',#4721,1.);
#4721=DIRECTION('',(0.,1.,0.));
#4722=CARTESIAN_POINT('',(72.5,59.,20.));
#4723=CARTESIAN_POINT('',(72.5,59.,20.));
#4724=VECTOR('',#4725,1.);
#4725=DIRECTION('',(0.,1.,0.));
#4726=AXIS2_PLACEMENT_3D('',#4727,#4728,#4729);
#4727=CARTESIAN_POINT('',(62.5,59.,20.));
#4728=DIRECTION('',(0.,1.,0.));
#4729=DIRECTION('',(1.,0.,0.));
#4730=CARTESIAN_POINT('',(72.5,59.,55.));
#4731=VECTOR('',#4732,1.);
#4732=DIRECTION('',(0.,0.,-1.));
#4733=CARTESIAN_POINT('',(32.5,59.,55.));
#4734=CARTESIAN_POINT('',(32.5,60.,55.));
#4735=VECTOR('',#4736,1.);
#4736=DIRECTION('',(0.,-1.,0.));
#4737=CARTESIAN_POINT('',(12.5,59.,55.));
#4738=AXIS2_PLACEMENT_3D('',#4739,#4740,#4741);
#4739=CARTESIAN_POINT('',(22.5,59.,55.));
#4740=DIRECTION('',(0.,-1.,0.));
#4741=DIRECTION('',(1.,0.,0.));
#4742=CARTESIAN_POINT('',(12.5,60.,55.));
#4743=VECTOR('',#4744,1.);
#4744=DIRECTION('',(0.,-1.,0.));
#4745=CARTESIAN_POINT('',(12.5,59.,20.));
#4746=CARTESIAN_POINT('',(12.5,59.,20.));
#4747=VECTOR('',#4748,1.);
#4748=DIRECTION('',(0.,0.,1.));
#4749=CARTESIAN_POINT('',(12.5,60.,20.));
#4750=VECTOR('',#4751,1.);
#4751=DIRECTION('',(0.,-1.,0.));
#4752=CARTESIAN_POINT('',(32.5,59.,20.));
#4753=AXIS2_PLACEMENT_3D('',#4754,#4755,#4756);
#4754=CARTESIAN_POINT('',(22.5,59.,20.));
#4755=DIRECTION('',(0.,-1.,0.));
#4756=DIRECTION('',(-1.,0.,-7.105427357601E-16));
#4757=CARTESIAN_POINT('',(32.5,60.,20.));
#4758=VECTOR('',#4759,1.);
#4759=DIRECTION('',(0.,-1.,0.));
#4760=CARTESIAN_POINT('',(32.5,59.,55.));
#4761=VECTOR('',#4762,1.);
#4762=DIRECTION('',(0.,0.,-1.));
#4763=CARTESIAN_POINT('',(155.086969211506,5.,4.83012701885359));
#4764=CARTESIAN_POINT('',(155.086969211506,5.,4.83012701885359));
#4765=VECTOR('',#4766,1.);
#4766=DIRECTION('',(0.866025403763443,0.,-0.500000000036365));
#4767=CARTESIAN_POINT('',(161.633974596055,5.,16.1698729812191));
#4768=CARTESIAN_POINT('',(161.633974596055,5.,16.1698729812191));
#4769=VECTOR('',#4770,1.);
#4770=DIRECTION('',(-0.500000000036362,6.78308911934674E-17,-0.866025403763445));
#4771=CARTESIAN_POINT('',(161.633974596055,5.,16.1698729812191));
#4772=VECTOR('',#4773,1.);
#4773=DIRECTION('',(0.866025403763443,0.,-0.500000000036365));
#4774=CARTESIAN_POINT('',(161.633974596055,55.,16.1698729812192));
#4775=CARTESIAN_POINT('',(161.633974596055,55.,16.1698729812192));
#4776=VECTOR('',#4777,1.);
#4777=DIRECTION('',(-5.6843418860808E-16,-1.,-2.8421709430404E-16));
#4778=CARTESIAN_POINT('',(161.633974596055,55.,16.1698729812192));
#4779=VECTOR('',#4780,1.);
#4780=DIRECTION('',(0.866025403763443,0.,-0.500000000036365));
#4781=CARTESIAN_POINT('',(155.086969211506,55.,4.83012701885359));
#4782=CARTESIAN_POINT('',(155.086969211506,55.,4.83012701885359));
#4783=VECTOR('',#4784,1.);
#4784=DIRECTION('',(0.500000000036363,0.,0.866025403763444));
#4785=CARTESIAN_POINT('',(155.086969211506,55.,4.83012701885359));
#4786=VECTOR('',#4787,1.);
#4787=DIRECTION('',(0.866025403763443,0.,-0.500000000036365));
#4788=CARTESIAN_POINT('',(155.086969211506,5.,4.83012701885359));
#4789=VECTOR('',#4790,1.);
#4790=DIRECTION('',(0.,1.,0.));
#4791=CARTESIAN_POINT('',(143.,29.,2.));
#4792=CARTESIAN_POINT('',(143.,29.,2.));
#4793=VECTOR('',#4794,1.);
#4794=DIRECTION('',(1.,3.8208230989089E-16,0.));
#4795=CARTESIAN_POINT('',(143.,2.,2.));
#4796=VECTOR('',#4797,1.);
#4797=DIRECTION('',(0.,1.,0.));
#4798=CARTESIAN_POINT('',(143.,29.,7.));
#4799=VECTOR('',#4800,1.);
#4800=DIRECTION('',(0.,0.,-1.));
#4801=CARTESIAN_POINT('',(143.,7.49999999999999,22.));
#4802=CARTESIAN_POINT('',(143.,7.5,22.));
#4803=VECTOR('',#4804,1.);
#4804=DIRECTION('',(0.,0.759256602366284,-0.650791373454816));
#4805=CARTESIAN_POINT('',(143.,2.,22.));
#4806=VECTOR('',#4807,1.);
#4807=DIRECTION('',(0.,1.,0.));
#4808=CARTESIAN_POINT('',(141.,7.50000000000001,22.));
#4809=CARTESIAN_POINT('',(141.,7.5,22.));
#4810=VECTOR('',#4811,1.);
#4811=DIRECTION('',(1.,0.,0.));
#4812=CARTESIAN_POINT('',(141.,7.50000000000001,22.));
#4813=VECTOR('',#4814,1.);
#4814=DIRECTION('',(0.,-1.,0.));
#4815=CARTESIAN_POINT('',(141.,29.,2.));
#4816=CARTESIAN_POINT('',(141.,29.,2.));
#4817=VECTOR('',#4818,1.);
#4818=DIRECTION('',(0.,0.,1.));
#4819=CARTESIAN_POINT('',(141.,29.,2.));
#4820=VECTOR('',#4821,1.);
#4821=DIRECTION('',(0.,-1.,0.));
#4822=CARTESIAN_POINT('',(141.,25.0000000000008,7.00000000004542));
#4823=VECTOR('',#4824,1.);
#4824=DIRECTION('',(0.,-0.759256602366284,0.650791373454816));
#4825=CARTESIAN_POINT('',(121.,29.,2.));
#4826=CARTESIAN_POINT('',(121.,29.,2.));
#4827=VECTOR('',#4828,1.);
#4828=DIRECTION('',(1.,1.77635683940025E-16,0.));
#4829=CARTESIAN_POINT('',(121.,2.,2.));
#4830=VECTOR('',#4831,1.);
#4831=DIRECTION('',(0.,1.,0.));
#4832=CARTESIAN_POINT('',(121.,29.,7.));
#4833=VECTOR('',#4834,1.);
#4834=DIRECTION('',(0.,0.,-1.));
#4835=CARTESIAN_POINT('',(121.,7.50000000000001,22.));
#4836=CARTESIAN_POINT('',(121.,7.5,22.));
#4837=VECTOR('',#4838,1.);
#4838=DIRECTION('',(0.,0.759256602366284,-0.650791373454816));
#4839=CARTESIAN_POINT('',(121.,2.,22.));
#4840=VECTOR('',#4841,1.);
#4841=DIRECTION('',(0.,1.,0.));
#4842=CARTESIAN_POINT('',(119.,7.50000000000001,22.));
#4843=CARTESIAN_POINT('',(119.,7.5,22.));
#4844=VECTOR('',#4845,1.);
#4845=DIRECTION('',(1.,0.,0.));
#4846=CARTESIAN_POINT('',(119.,7.50000000000001,22.));
#4847=VECTOR('',#4848,1.);
#4848=DIRECTION('',(0.,-1.,0.));
#4849=CARTESIAN_POINT('',(119.,29.,2.));
#4850=CARTESIAN_POINT('',(119.,29.,2.));
#4851=VECTOR('',#4852,1.);
#4852=DIRECTION('',(0.,0.,1.));
#4853=CARTESIAN_POINT('',(119.,29.,2.));
#4854=VECTOR('',#4855,1.);
#4855=DIRECTION('',(0.,-1.,0.));
#4856=CARTESIAN_POINT('',(119.,25.0000000000008,7.00000000004542));
#4857=VECTOR('',#4858,1.);
#4858=DIRECTION('',(0.,-0.759256602366284,0.650791373454816));
#4859=CARTESIAN_POINT('',(99.,29.,2.));
#4860=CARTESIAN_POINT('',(99.,29.,2.));
#4861=VECTOR('',#4862,1.);
#4862=DIRECTION('',(1.,0.,0.));
#4863=CARTESIAN_POINT('',(99.,2.,2.));
#4864=VECTOR('',#4865,1.);
#4865=DIRECTION('',(0.,1.,0.));
#4866=CARTESIAN_POINT('',(99.,29.,7.));
#4867=VECTOR('',#4868,1.);
#4868=DIRECTION('',(0.,0.,-1.));
#4869=CARTESIAN_POINT('',(99.,7.50000000000001,22.));
#4870=CARTESIAN_POINT('',(99.,7.5,22.));
#4871=VECTOR('',#4872,1.);
#4872=DIRECTION('',(0.,0.759256602366284,-0.650791373454816));
#4873=CARTESIAN_POINT('',(99.,2.,22.));
#4874=VECTOR('',#4875,1.);
#4875=DIRECTION('',(0.,1.,0.));
#4876=CARTESIAN_POINT('',(97.,7.50000000000001,22.));
#4877=CARTESIAN_POINT('',(97.,7.5,22.));
#4878=VECTOR('',#4879,1.);
#4879=DIRECTION('',(1.,0.,0.));
#4880=CARTESIAN_POINT('',(97.,7.50000000000001,22.));
#4881=VECTOR('',#4882,1.);
#4882=DIRECTION('',(0.,-1.,0.));
#4883=CARTESIAN_POINT('',(97.,29.,2.));
#4884=CARTESIAN_POINT('',(97.,29.,2.));
#4885=VECTOR('',#4886,1.);
#4886=DIRECTION('',(0.,0.,1.));
#4887=CARTESIAN_POINT('',(97.,29.,2.));
#4888=VECTOR('',#4889,1.);
#4889=DIRECTION('',(0.,-1.,0.));
#4890=CARTESIAN_POINT('',(97.,25.0000000000008,7.00000000004542));
#4891=VECTOR('',#4892,1.);
#4892=DIRECTION('',(0.,-0.759256602366284,0.650791373454816));
#4893=CARTESIAN_POINT('',(77.,29.,2.));
#4894=CARTESIAN_POINT('',(77.,29.,2.));
#4895=VECTOR('',#4896,1.);
#4896=DIRECTION('',(1.,1.77635683940025E-16,0.));
#4897=CARTESIAN_POINT('',(77.,2.,2.));
#4898=VECTOR('',#4899,1.);
#4899=DIRECTION('',(0.,1.,0.));
#4900=CARTESIAN_POINT('',(77.,29.,7.));
#4901=VECTOR('',#4902,1.);
#4902=DIRECTION('',(0.,0.,-1.));
#4903=CARTESIAN_POINT('',(77.,7.50000000000001,22.));
#4904=CARTESIAN_POINT('',(77.,7.5,22.));
#4905=VECTOR('',#4906,1.);
#4906=DIRECTION('',(0.,0.759256602366284,-0.650791373454816));
#4907=CARTESIAN_POINT('',(77.,2.,22.));
#4908=VECTOR('',#4909,1.);
#4909=DIRECTION('',(0.,1.,0.));
#4910=CARTESIAN_POINT('',(75.,7.50000000000002,22.));
#4911=CARTESIAN_POINT('',(75.,7.5,22.));
#4912=VECTOR('',#4913,1.);
#4913=DIRECTION('',(1.,0.,0.));
#4914=CARTESIAN_POINT('',(75.,7.50000000000002,22.));
#4915=VECTOR('',#4916,1.);
#4916=DIRECTION('',(0.,-1.,0.));
#4917=CARTESIAN_POINT('',(75.,29.,2.));
#4918=CARTESIAN_POINT('',(75.,29.,2.));
#4919=VECTOR('',#4920,1.);
#4920=DIRECTION('',(0.,0.,1.));
#4921=CARTESIAN_POINT('',(75.,29.,2.));
#4922=VECTOR('',#4923,1.);
#4923=DIRECTION('',(0.,-1.,0.));
#4924=CARTESIAN_POINT('',(75.,25.0000000000008,7.00000000004542));
#4925=VECTOR('',#4926,1.);
#4926=DIRECTION('',(0.,-0.759256602366284,0.650791373454816));
#4927=CARTESIAN_POINT('',(55.,29.,2.));
#4928=CARTESIAN_POINT('',(55.,29.,2.));
#4929=VECTOR('',#4930,1.);
#4930=DIRECTION('',(1.,0.,0.));
#4931=CARTESIAN_POINT('',(55.,2.,2.));
#4932=VECTOR('',#4933,1.);
#4933=DIRECTION('',(0.,1.,0.));
#4934=CARTESIAN_POINT('',(55.,29.,7.));
#4935=VECTOR('',#4936,1.);
#4936=DIRECTION('',(0.,0.,-1.));
#4937=CARTESIAN_POINT('',(55.,7.50000000000001,22.));
#4938=CARTESIAN_POINT('',(55.,7.5,22.));
#4939=VECTOR('',#4940,1.);
#4940=DIRECTION('',(0.,0.759256602366284,-0.650791373454816));
#4941=CARTESIAN_POINT('',(55.,2.,22.));
#4942=VECTOR('',#4943,1.);
#4943=DIRECTION('',(0.,1.,0.));
#4944=CARTESIAN_POINT('',(53.,7.50000000000001,22.));
#4945=CARTESIAN_POINT('',(53.,7.5,22.));
#4946=VECTOR('',#4947,1.);
#4947=DIRECTION('',(1.,0.,0.));
#4948=CARTESIAN_POINT('',(53.,7.50000000000001,22.));
#4949=VECTOR('',#4950,1.);
#4950=DIRECTION('',(0.,-1.,0.));
#4951=CARTESIAN_POINT('',(53.,29.,2.));
#4952=CARTESIAN_POINT('',(53.,29.,2.));
#4953=VECTOR('',#4954,1.);
#4954=DIRECTION('',(0.,0.,1.));
#4955=CARTESIAN_POINT('',(53.,29.,2.));
#4956=VECTOR('',#4957,1.);
#4957=DIRECTION('',(0.,-1.,0.));
#4958=CARTESIAN_POINT('',(53.,25.0000000000008,7.00000000004542));
#4959=VECTOR('',#4960,1.);
#4960=DIRECTION('',(0.,-0.759256602366284,0.650791373454816));
#4961=CARTESIAN_POINT('',(33.,29.,2.));
#4962=CARTESIAN_POINT('',(33.,29.,2.));
#4963=VECTOR('',#4964,1.);
#4964=DIRECTION('',(1.,0.,0.));
#4965=CARTESIAN_POINT('',(33.,2.,2.));
#4966=VECTOR('',#4967,1.);
#4967=DIRECTION('',(0.,1.,0.));
#4968=CARTESIAN_POINT('',(33.,29.,7.));
#4969=VECTOR('',#4970,1.);
#4970=DIRECTION('',(0.,0.,-1.));
#4971=CARTESIAN_POINT('',(33.,7.50000000000001,22.));
#4972=CARTESIAN_POINT('',(33.,7.5,22.));
#4973=VECTOR('',#4974,1.);
#4974=DIRECTION('',(0.,0.759256602366284,-0.650791373454816));
#4975=CARTESIAN_POINT('',(33.,2.,22.));
#4976=VECTOR('',#4977,1.);
#4977=DIRECTION('',(0.,1.,0.));
#4978=CARTESIAN_POINT('',(31.,7.50000000000001,22.));
#4979=CARTESIAN_POINT('',(31.,7.5,22.));
#4980=VECTOR('',#4981,1.);
#4981=DIRECTION('',(1.,0.,0.));
#4982=CARTESIAN_POINT('',(31.,7.50000000000001,22.));
#4983=VECTOR('',#4984,1.);
#4984=DIRECTION('',(0.,-1.,0.));
#4985=CARTESIAN_POINT('',(31.,25.0000000000008,7.00000000004542));
#4986=VECTOR('',#4987,1.);
#4987=DIRECTION('',(0.,-0.759256602366284,0.650791373454816));
#4988=CARTESIAN_POINT('',(163.,22.5,55.));
#4989=VECTOR('',#4990,1.);
#4990=DIRECTION('',(1.,0.,0.));
#4991=CARTESIAN_POINT('',(163.,22.5,49.));
#4992=VECTOR('',#4993,1.);
#4993=DIRECTION('',(1.,0.,0.));
#4994=CARTESIAN_POINT('',(163.,37.5,49.));
#4995=VECTOR('',#4996,1.);
#4996=DIRECTION('',(1.,0.,0.));
#4997=CARTESIAN_POINT('',(163.,37.5000000000001,55.));
#4998=VECTOR('',#4999,1.);
#4999=DIRECTION('',(1.,0.,0.));
ENDSEC;
END-ISO-10303-21;
