ISO-10303-21;
HEADER;
FILE_DESCRIPTION(('STEP AP242'),
    '1');
FILE_NAME('Крышка корпуса для электроники',
    '',
    ('UNSPECIFIED'),
    ('UNSPECIFIED'),
    'C3D Converter',
    'C3D Toolkit',
    '');
FILE_SCHEMA(('AP242_MANAGED_MODEL_BASED_3D_ENGINEERING_MIM_LF { 1 0 10303 442 1 1 4 }'));
ENDSEC;

DATA;
#1=PRODUCT_DEFINITION('','UNSPECIFIED',#28,#31);
#2=SHAPE_DEFINITION_REPRESENTATION(#26,#3);
#3=SHAPE_REPRESENTATION('NONE',(#4),#8);
#4=AXIS2_PLACEMENT_3D('',#5,#6,#7);
#5=CARTESIAN_POINT('',(0.,0.,0.));
#6=DIRECTION('',(0.,0.,1.));
#7=DIRECTION('',(1.,0.,0.));
#8=(GEOMETRIC_REPRESENTATION_CONTEXT(3)GLOBAL_UNCERTAINTY_ASSIGNED_CONTEXT((#10))
GLOBAL_UNIT_ASSIGNED_CONTEXT((#9,#11,#12))REPRESENTATION_CONTEXT('NONE','NONE'));
#9=(LENGTH_UNIT()NAMED_UNIT(*)SI_UNIT(.MILLI.,.METRE.));
#10=UNCERTAINTY_MEASURE_WITH_UNIT(LENGTH_MEASURE(1.E-5),#9,'NONE','NONE');
#11=(NAMED_UNIT(*)PLANE_ANGLE_UNIT()SI_UNIT($,.RADIAN.));
#12=(NAMED_UNIT(*)SI_UNIT($,.STERADIAN.)SOLID_ANGLE_UNIT());
#13=MANIFOLD_SOLID_BREP('',#14);
#14=CLOSED_SHELL('',(#53,#54,#55,#56,#57,#58,#59,#60,#61,#62,#63,#64,#65,#66,#67,
#68,#69,#70,#71,#72,#73,#74,#75,#76,#77,#78,#79,#80,#81,#82,#83,#84,#85,#86,#87,
#88,#89,#90,#91,#92,#93,#94,#95,#96,#97,#98,#99,#100,#101,#102,#103,#104,#105,#106,
#107,#108,#109,#110,#111,#112,#113,#114,#115,#116,#117,#118,#119,#120,#121,#122,
#123,#124,#125,#126,#127,#128,#129,#130,#131,#132,#133,#134,#135,#136,#137,#138,
#139,#140,#141,#142,#143,#144,#145,#146,#147,#148,#149,#150,#151,#152,#153,#154,
#155,#156,#157,#158,#159,#160,#161,#162,#163,#164,#165,#166,#167,#168,#169,#170,
#171,#172,#173,#174,#175,#176,#177,#178,#179,#180,#181,#182,#183,#184,#185,#186,
#187,#188,#189,#190,#191,#192,#193,#194,#195,#196,#197,#198,#199,#200,#201,#202,
#203,#204,#205,#206,#207,#208,#209));
#15=COLOUR_RGB('',0.564705882352941,0.564705882352941,0.564705882352941);
#16=FILL_AREA_STYLE_COLOUR('',#15);
#17=FILL_AREA_STYLE($,(#16));
#18=SURFACE_STYLE_FILL_AREA(#17);
#19=SURFACE_SIDE_STYLE('',(#18));
#20=SURFACE_STYLE_USAGE(.BOTH.,#19);
#21=PRESENTATION_STYLE_ASSIGNMENT((#20));
#22=MECHANICAL_DESIGN_GEOMETRIC_PRESENTATION_REPRESENTATION('NONE',(#23),#8);
#23=STYLED_ITEM('',(#21),#13);
#24=ADVANCED_BREP_SHAPE_REPRESENTATION('NONE',(#13),#8);
#25=SHAPE_REPRESENTATION_RELATIONSHIP('','',#3,#24);
#26=PRODUCT_DEFINITION_SHAPE('NONE','NONE',#1);
#27=MECHANICAL_CONTEXT('NONE',#32,'mechanical');
#28=PRODUCT_DEFINITION_FORMATION_WITH_SPECIFIED_SOURCE('ANY','UNSPECIFIED',#29,.NOT_KNOWN.);
#29=PRODUCT('','\X2\0414043504420430043B044C\X0\','NONE',(#27));
#30=PRODUCT_RELATED_PRODUCT_CATEGORY('detail','',(#29));
#31=DESIGN_CONTEXT('detailed design',#32,'design');
#32=APPLICATION_CONTEXT('configuration controlled 3d designs of mechanical parts and assemblies');
#33=APPLICATION_PROTOCOL_DEFINITION('international standard','config_control_design',
1994,#32);
#34=CC_DESIGN_DATE_AND_TIME_ASSIGNMENT(#35,#39,(#1));
#35=DATE_AND_TIME(#36,#37);
#36=CALENDAR_DATE(0,1,1);
#37=LOCAL_TIME(0,0,0.,#38);
#38=COORDINATED_UNIVERSAL_TIME_OFFSET(0,0,.AHEAD.);
#39=DATE_TIME_ROLE('creation_date');
#40=CC_DESIGN_APPROVAL(#41,(#1));
#41=APPROVAL(#42,'UNSPECIFIED');
#42=APPROVAL_STATUS('not_yet_approved');
#43=APPROVAL_DATE_TIME(#44,#41);
#44=DATE_AND_TIME(#45,#46);
#45=CALENDAR_DATE(0,1,1);
#46=LOCAL_TIME(0,0,0.,#47);
#47=COORDINATED_UNIVERSAL_TIME_OFFSET(0,0,.AHEAD.);
#48=PERSON('UNSPECIFIED','Cybermeatball','UNSPECIFIED',('UNSPECIFIED'),('UNSPECIFIED'),
('UNSPECIFIED'));
#49=ORGANIZATION('UNSPECIFIED','UNSPECIFIED','UNSPECIFIED');
#50=PERSON_AND_ORGANIZATION(#48,#49);
#51=PERSON_AND_ORGANIZATION_ROLE('creator');
#52=CC_DESIGN_PERSON_AND_ORGANIZATION_ASSIGNMENT(#50,#51,(#28,#1));
#53=ADVANCED_FACE('',(#210,#212,#214,#216),#218,.T.);
#54=ADVANCED_FACE('',(#223,#225,#227,#229),#231,.F.);
#55=ADVANCED_FACE('',(#236,#238),#240,.F.);
#56=ADVANCED_FACE('',(#245,#247),#249,.F.);
#57=ADVANCED_FACE('',(#254),#256,.T.);
#58=ADVANCED_FACE('',(#261),#263,.T.);
#59=ADVANCED_FACE('',(#268,#270,#272),#274,.T.);
#60=ADVANCED_FACE('',(#279),#281,.T.);
#61=ADVANCED_FACE('',(#286),#288,.F.);
#62=ADVANCED_FACE('',(#293),#295,.F.);
#63=ADVANCED_FACE('',(#300),#302,.F.);
#64=ADVANCED_FACE('',(#307),#309,.F.);
#65=ADVANCED_FACE('',(#314,#316,#318,#320,#322,#324,#326),#328,.T.);
#66=ADVANCED_FACE('',(#333,#335),#337,.F.);
#67=ADVANCED_FACE('',(#342,#344,#346,#348,#350,#352,#354),#356,.T.);
#68=ADVANCED_FACE('',(#361,#363),#365,.F.);
#69=ADVANCED_FACE('',(#370),#372,.F.);
#70=ADVANCED_FACE('',(#377),#379,.F.);
#71=ADVANCED_FACE('',(#384),#386,.T.);
#72=ADVANCED_FACE('',(#391),#393,.T.);
#73=ADVANCED_FACE('',(#398),#400,.T.);
#74=ADVANCED_FACE('',(#405),#407,.T.);
#75=ADVANCED_FACE('',(#412),#414,.T.);
#76=ADVANCED_FACE('',(#419),#421,.T.);
#77=ADVANCED_FACE('',(#426),#428,.T.);
#78=ADVANCED_FACE('',(#433),#435,.T.);
#79=ADVANCED_FACE('',(#440),#442,.T.);
#80=ADVANCED_FACE('',(#447),#449,.T.);
#81=ADVANCED_FACE('',(#454),#456,.T.);
#82=ADVANCED_FACE('',(#461),#463,.T.);
#83=ADVANCED_FACE('',(#468),#470,.T.);
#84=ADVANCED_FACE('',(#475),#477,.T.);
#85=ADVANCED_FACE('',(#482),#484,.T.);
#86=ADVANCED_FACE('',(#489),#491,.T.);
#87=ADVANCED_FACE('',(#496),#498,.T.);
#88=ADVANCED_FACE('',(#503),#505,.T.);
#89=ADVANCED_FACE('',(#510),#512,.T.);
#90=ADVANCED_FACE('',(#517),#519,.T.);
#91=ADVANCED_FACE('',(#524),#526,.T.);
#92=ADVANCED_FACE('',(#531),#533,.T.);
#93=ADVANCED_FACE('',(#538),#540,.T.);
#94=ADVANCED_FACE('',(#545),#547,.T.);
#95=ADVANCED_FACE('',(#552),#554,.T.);
#96=ADVANCED_FACE('',(#559),#561,.T.);
#97=ADVANCED_FACE('',(#566,#568),#570,.T.);
#98=ADVANCED_FACE('',(#575),#577,.T.);
#99=ADVANCED_FACE('',(#582),#584,.T.);
#100=ADVANCED_FACE('',(#589),#591,.T.);
#101=ADVANCED_FACE('',(#596,#598),#600,.F.);
#102=ADVANCED_FACE('',(#605,#607),#609,.F.);
#103=ADVANCED_FACE('',(#614),#616,.F.);
#104=ADVANCED_FACE('',(#621,#623),#625,.T.);
#105=ADVANCED_FACE('',(#630),#632,.F.);
#106=ADVANCED_FACE('',(#637),#639,.F.);
#107=ADVANCED_FACE('',(#644),#646,.F.);
#108=ADVANCED_FACE('',(#651),#653,.F.);
#109=ADVANCED_FACE('',(#658),#660,.F.);
#110=ADVANCED_FACE('',(#665),#667,.F.);
#111=ADVANCED_FACE('',(#672),#674,.F.);
#112=ADVANCED_FACE('',(#679),#681,.F.);
#113=ADVANCED_FACE('',(#686),#688,.F.);
#114=ADVANCED_FACE('',(#693),#695,.F.);
#115=ADVANCED_FACE('',(#700),#702,.F.);
#116=ADVANCED_FACE('',(#707),#709,.F.);
#117=ADVANCED_FACE('',(#714),#716,.F.);
#118=ADVANCED_FACE('',(#721),#723,.F.);
#119=ADVANCED_FACE('',(#728),#730,.F.);
#120=ADVANCED_FACE('',(#735),#737,.F.);
#121=ADVANCED_FACE('',(#742,#744),#746,.F.);
#122=ADVANCED_FACE('',(#751,#753),#755,.F.);
#123=ADVANCED_FACE('',(#760),#762,.F.);
#124=ADVANCED_FACE('',(#767),#769,.F.);
#125=ADVANCED_FACE('',(#774),#776,.F.);
#126=ADVANCED_FACE('',(#781),#783,.F.);
#127=ADVANCED_FACE('',(#788),#790,.F.);
#128=ADVANCED_FACE('',(#795),#797,.F.);
#129=ADVANCED_FACE('',(#802),#804,.F.);
#130=ADVANCED_FACE('',(#809),#811,.F.);
#131=ADVANCED_FACE('',(#816),#818,.F.);
#132=ADVANCED_FACE('',(#823),#825,.F.);
#133=ADVANCED_FACE('',(#830),#832,.F.);
#134=ADVANCED_FACE('',(#837),#839,.F.);
#135=ADVANCED_FACE('',(#844),#846,.F.);
#136=ADVANCED_FACE('',(#851),#853,.F.);
#137=ADVANCED_FACE('',(#858),#860,.F.);
#138=ADVANCED_FACE('',(#865),#867,.F.);
#139=ADVANCED_FACE('',(#872),#874,.F.);
#140=ADVANCED_FACE('',(#879),#881,.F.);
#141=ADVANCED_FACE('',(#886),#888,.F.);
#142=ADVANCED_FACE('',(#893),#895,.F.);
#143=ADVANCED_FACE('',(#900),#902,.F.);
#144=ADVANCED_FACE('',(#907),#909,.F.);
#145=ADVANCED_FACE('',(#914),#916,.F.);
#146=ADVANCED_FACE('',(#921),#923,.F.);
#147=ADVANCED_FACE('',(#928),#930,.T.);
#148=ADVANCED_FACE('',(#935),#937,.T.);
#149=ADVANCED_FACE('',(#942),#944,.F.);
#150=ADVANCED_FACE('',(#949),#951,.T.);
#151=ADVANCED_FACE('',(#956),#958,.T.);
#152=ADVANCED_FACE('',(#963),#965,.T.);
#153=ADVANCED_FACE('',(#970),#972,.F.);
#154=ADVANCED_FACE('',(#977),#979,.T.);
#155=ADVANCED_FACE('',(#984),#986,.T.);
#156=ADVANCED_FACE('',(#991),#993,.T.);
#157=ADVANCED_FACE('',(#998),#1000,.F.);
#158=ADVANCED_FACE('',(#1005),#1007,.T.);
#159=ADVANCED_FACE('',(#1012),#1014,.T.);
#160=ADVANCED_FACE('',(#1019),#1021,.T.);
#161=ADVANCED_FACE('',(#1026),#1028,.F.);
#162=ADVANCED_FACE('',(#1033),#1035,.T.);
#163=ADVANCED_FACE('',(#1040),#1042,.T.);
#164=ADVANCED_FACE('',(#1047),#1049,.T.);
#165=ADVANCED_FACE('',(#1054),#1056,.F.);
#166=ADVANCED_FACE('',(#1061),#1063,.T.);
#167=ADVANCED_FACE('',(#1068),#1070,.T.);
#168=ADVANCED_FACE('',(#1075),#1077,.T.);
#169=ADVANCED_FACE('',(#1082),#1084,.F.);
#170=ADVANCED_FACE('',(#1089),#1091,.T.);
#171=ADVANCED_FACE('',(#1096),#1098,.T.);
#172=ADVANCED_FACE('',(#1103),#1105,.T.);
#173=ADVANCED_FACE('',(#1110),#1112,.F.);
#174=ADVANCED_FACE('',(#1117),#1119,.T.);
#175=ADVANCED_FACE('',(#1124),#1126,.F.);
#176=ADVANCED_FACE('',(#1131),#1133,.T.);
#177=ADVANCED_FACE('',(#1138),#1140,.F.);
#178=ADVANCED_FACE('',(#1145),#1147,.T.);
#179=ADVANCED_FACE('',(#1152),#1154,.T.);
#180=ADVANCED_FACE('',(#1159),#1161,.F.);
#181=ADVANCED_FACE('',(#1166),#1168,.T.);
#182=ADVANCED_FACE('',(#1173,#1175,#1177),#1179,.T.);
#183=ADVANCED_FACE('',(#1184),#1186,.T.);
#184=ADVANCED_FACE('',(#1191),#1193,.T.);
#185=ADVANCED_FACE('',(#1198),#1200,.F.);
#186=ADVANCED_FACE('',(#1205),#1207,.F.);
#187=ADVANCED_FACE('',(#1212),#1214,.F.);
#188=ADVANCED_FACE('',(#1219),#1221,.F.);
#189=ADVANCED_FACE('',(#1226),#1228,.T.);
#190=ADVANCED_FACE('',(#1233),#1235,.T.);
#191=ADVANCED_FACE('',(#1240),#1242,.T.);
#192=ADVANCED_FACE('',(#1247),#1249,.T.);
#193=ADVANCED_FACE('',(#1254),#1256,.T.);
#194=ADVANCED_FACE('',(#1261),#1263,.T.);
#195=ADVANCED_FACE('',(#1268),#1270,.T.);
#196=ADVANCED_FACE('',(#1275),#1277,.T.);
#197=ADVANCED_FACE('',(#1282),#1284,.T.);
#198=ADVANCED_FACE('',(#1289),#1291,.T.);
#199=ADVANCED_FACE('',(#1296),#1298,.T.);
#200=ADVANCED_FACE('',(#1303),#1305,.T.);
#201=ADVANCED_FACE('',(#1310),#1312,.T.);
#202=ADVANCED_FACE('',(#1317),#1319,.T.);
#203=ADVANCED_FACE('',(#1324),#1326,.T.);
#204=ADVANCED_FACE('',(#1331),#1333,.T.);
#205=ADVANCED_FACE('',(#1338),#1340,.T.);
#206=ADVANCED_FACE('',(#1345),#1347,.T.);
#207=ADVANCED_FACE('',(#1352),#1354,.T.);
#208=ADVANCED_FACE('',(#1359),#1361,.T.);
#209=ADVANCED_FACE('',(#1366),#1368,.T.);
#210=FACE_BOUND('',#211,.T.);
#211=EDGE_LOOP('',(#1373,#1374,#1375,#1376));
#212=FACE_BOUND('',#213,.T.);
#213=EDGE_LOOP('',(#1377));
#214=FACE_BOUND('',#215,.T.);
#215=EDGE_LOOP('',(#1378));
#216=FACE_BOUND('',#217,.T.);
#217=EDGE_LOOP('',(#1379,#1380,#1381,#1382));
#218=PLANE('',#219);
#219=AXIS2_PLACEMENT_3D('',#220,#221,#222);
#220=CARTESIAN_POINT('',(0.,0.,2.));
#221=DIRECTION('',(0.,0.,1.));
#222=DIRECTION('',(1.,0.,0.));
#223=FACE_BOUND('',#224,.T.);
#224=EDGE_LOOP('',(#1383,#1384,#1385,#1386));
#225=FACE_BOUND('',#226,.T.);
#226=EDGE_LOOP('',(#1387));
#227=FACE_BOUND('',#228,.T.);
#228=EDGE_LOOP('',(#1388));
#229=FACE_BOUND('',#230,.T.);
#230=EDGE_LOOP('',(#1389,#1390,#1391,#1392));
#231=PLANE('',#232);
#232=AXIS2_PLACEMENT_3D('',#233,#234,#235);
#233=CARTESIAN_POINT('',(0.,0.,0.));
#234=DIRECTION('',(0.,0.,1.));
#235=DIRECTION('',(1.,0.,0.));
#236=FACE_OUTER_BOUND('',#237,.T.);
#237=EDGE_LOOP('',(#1393));
#238=FACE_OUTER_BOUND('',#239,.T.);
#239=EDGE_LOOP('',(#1394));
#240=CYLINDRICAL_SURFACE('',#241,1.6);
#241=AXIS2_PLACEMENT_3D('',#242,#243,#244);
#242=CARTESIAN_POINT('',(69.5,34.,0.));
#243=DIRECTION('',(0.,0.,1.));
#244=DIRECTION('',(1.,0.,0.));
#245=FACE_OUTER_BOUND('',#246,.T.);
#246=EDGE_LOOP('',(#1395));
#247=FACE_OUTER_BOUND('',#248,.T.);
#248=EDGE_LOOP('',(#1396));
#249=CYLINDRICAL_SURFACE('',#250,1.6);
#250=AXIS2_PLACEMENT_3D('',#251,#252,#253);
#251=CARTESIAN_POINT('',(69.5,55.,0.));
#252=DIRECTION('',(0.,0.,1.));
#253=DIRECTION('',(1.,0.,0.));
#254=FACE_BOUND('',#255,.T.);
#255=EDGE_LOOP('',(#1397,#1398,#1399,#1400));
#256=PLANE('',#257);
#257=AXIS2_PLACEMENT_3D('',#258,#259,#260);
#258=CARTESIAN_POINT('',(163.,31.,2.));
#259=DIRECTION('',(-6.61996337664689E-17,1.,0.));
#260=DIRECTION('',(-1.,-6.61996337664689E-17,0.));
#261=FACE_BOUND('',#262,.T.);
#262=EDGE_LOOP('',(#1401,#1402,#1403,#1404,#1405,#1406));
#263=PLANE('',#264);
#264=AXIS2_PLACEMENT_3D('',#265,#266,#267);
#265=CARTESIAN_POINT('',(75.,58.,2.));
#266=DIRECTION('',(-1.,0.,0.));
#267=DIRECTION('',(0.,-1.,0.));
#268=FACE_BOUND('',#269,.T.);
#269=EDGE_LOOP('',(#1407,#1408,#1409,#1410,#1411,#1412,#1413,#1414,#1415,#1416,#1417,
#1418,#1419,#1420,#1421,#1422,#1423,#1424,#1425,#1426,#1427,#1428,#1429,#1430,#1431,
#1432,#1433,#1434,#1435,#1436,#1437,#1438,#1439));
#270=FACE_BOUND('',#271,.T.);
#271=EDGE_LOOP('',(#1440));
#272=FACE_BOUND('',#273,.T.);
#273=EDGE_LOOP('',(#1441));
#274=PLANE('',#275);
#275=AXIS2_PLACEMENT_3D('',#276,#277,#278);
#276=CARTESIAN_POINT('',(0.,58.,2.));
#277=DIRECTION('',(0.,-1.,0.));
#278=DIRECTION('',(1.,0.,0.));
#279=FACE_BOUND('',#280,.T.);
#280=EDGE_LOOP('',(#1442,#1443,#1444,#1445,#1446,#1447));
#281=PLANE('',#282);
#282=AXIS2_PLACEMENT_3D('',#283,#284,#285);
#283=CARTESIAN_POINT('',(55.,2.,2.));
#284=DIRECTION('',(1.,0.,0.));
#285=DIRECTION('',(0.,1.,0.));
#286=FACE_BOUND('',#287,.T.);
#287=EDGE_LOOP('',(#1448,#1449,#1450,#1451));
#288=PLANE('',#289);
#289=AXIS2_PLACEMENT_3D('',#290,#291,#292);
#290=CARTESIAN_POINT('',(63.5,49.5,0.));
#291=DIRECTION('',(0.,1.,0.));
#292=DIRECTION('',(-1.,0.,0.));
#293=FACE_BOUND('',#294,.T.);
#294=EDGE_LOOP('',(#1452,#1453,#1454,#1455));
#295=PLANE('',#296);
#296=AXIS2_PLACEMENT_3D('',#297,#298,#299);
#297=CARTESIAN_POINT('',(63.5,39.5,0.));
#298=DIRECTION('',(1.,0.,0.));
#299=DIRECTION('',(0.,1.,0.));
#300=FACE_BOUND('',#301,.T.);
#301=EDGE_LOOP('',(#1456,#1457,#1458,#1459));
#302=PLANE('',#303);
#303=AXIS2_PLACEMENT_3D('',#304,#305,#306);
#304=CARTESIAN_POINT('',(58.5,39.5,0.));
#305=DIRECTION('',(0.,-1.,0.));
#306=DIRECTION('',(1.,0.,0.));
#307=FACE_BOUND('',#308,.T.);
#308=EDGE_LOOP('',(#1460,#1461,#1462,#1463));
#309=PLANE('',#310);
#310=AXIS2_PLACEMENT_3D('',#311,#312,#313);
#311=CARTESIAN_POINT('',(58.5,49.5,0.));
#312=DIRECTION('',(-1.,0.,0.));
#313=DIRECTION('',(0.,-1.,0.));
#314=FACE_BOUND('',#315,.T.);
#315=EDGE_LOOP('',(#1464,#1465,#1466,#1467,#1468,#1469));
#316=FACE_BOUND('',#317,.T.);
#317=EDGE_LOOP('',(#1470,#1471,#1472,#1473));
#318=FACE_BOUND('',#319,.T.);
#319=EDGE_LOOP('',(#1474,#1475,#1476,#1477));
#320=FACE_BOUND('',#321,.T.);
#321=EDGE_LOOP('',(#1478,#1479,#1480,#1481));
#322=FACE_BOUND('',#323,.T.);
#323=EDGE_LOOP('',(#1482,#1483,#1484,#1485));
#324=FACE_BOUND('',#325,.T.);
#325=EDGE_LOOP('',(#1486));
#326=FACE_BOUND('',#327,.T.);
#327=EDGE_LOOP('',(#1487));
#328=PLANE('',#329);
#329=AXIS2_PLACEMENT_3D('',#330,#331,#332);
#330=CARTESIAN_POINT('',(0.,0.,0.));
#331=DIRECTION('',(0.,-1.,0.));
#332=DIRECTION('',(1.,0.,0.));
#333=FACE_BOUND('',#334,.T.);
#334=EDGE_LOOP('',(#1488,#1489,#1490,#1491));
#335=FACE_BOUND('',#336,.T.);
#336=EDGE_LOOP('',(#1492,#1493,#1494,#1495));
#337=PLANE('',#338);
#338=AXIS2_PLACEMENT_3D('',#339,#340,#341);
#339=CARTESIAN_POINT('',(0.,0.,20.));
#340=DIRECTION('',(0.866025403763445,0.,0.500000000036362));
#341=DIRECTION('',(0.500000000036362,0.,-0.866025403763445));
#342=FACE_BOUND('',#343,.T.);
#343=EDGE_LOOP('',(#1496,#1497,#1498,#1499,#1500,#1501));
#344=FACE_BOUND('',#345,.T.);
#345=EDGE_LOOP('',(#1502,#1503,#1504,#1505));
#346=FACE_BOUND('',#347,.T.);
#347=EDGE_LOOP('',(#1506,#1507,#1508,#1509));
#348=FACE_BOUND('',#349,.T.);
#349=EDGE_LOOP('',(#1510,#1511,#1512,#1513));
#350=FACE_BOUND('',#351,.T.);
#351=EDGE_LOOP('',(#1514,#1515,#1516,#1517));
#352=FACE_BOUND('',#353,.T.);
#353=EDGE_LOOP('',(#1518));
#354=FACE_BOUND('',#355,.T.);
#355=EDGE_LOOP('',(#1519));
#356=PLANE('',#357);
#357=AXIS2_PLACEMENT_3D('',#358,#359,#360);
#358=CARTESIAN_POINT('',(165.,60.,0.));
#359=DIRECTION('',(0.,1.,0.));
#360=DIRECTION('',(-1.,0.,0.));
#361=FACE_BOUND('',#362,.T.);
#362=EDGE_LOOP('',(#1520,#1521,#1522,#1523));
#363=FACE_BOUND('',#364,.T.);
#364=EDGE_LOOP('',(#1524,#1525,#1526,#1527));
#365=PLANE('',#366);
#366=AXIS2_PLACEMENT_3D('',#367,#368,#369);
#367=CARTESIAN_POINT('',(153.452994615088,0.,5.28878604151092E-23));
#368=DIRECTION('',(-0.866025403763445,0.,0.500000000036362));
#369=DIRECTION('',(0.500000000036362,0.,0.866025403763445));
#370=FACE_BOUND('',#371,.T.);
#371=EDGE_LOOP('',(#1528,#1529,#1530,#1531,#1532,#1533,#1534,#1535,#1536,#1537,#1538,
#1539,#1540,#1541,#1542,#1543,#1544,#1545,#1546,#1547,#1548,#1549,#1550,#1551,#1552,
#1553,#1554,#1555,#1556,#1557,#1558,#1559,#1560,#1561,#1562,#1563,#1564,#1565,#1566,
#1567,#1568,#1569,#1570,#1571,#1572,#1573,#1574,#1575,#1576,#1577,#1578,#1579));
#372=PLANE('',#373);
#373=AXIS2_PLACEMENT_3D('',#374,#375,#376);
#374=CARTESIAN_POINT('',(144.,34.9999999999992,7.00000000000444));
#375=DIRECTION('',(0.,-4.09832168202292E-12,-1.));
#376=DIRECTION('',(0.,-1.,4.09832168202292E-12));
#377=FACE_BOUND('',#378,.T.);
#378=EDGE_LOOP('',(#1580,#1581,#1582,#1583));
#379=PLANE('',#380);
#380=AXIS2_PLACEMENT_3D('',#381,#382,#383);
#381=CARTESIAN_POINT('',(144.,52.5,22.));
#382=DIRECTION('',(0.,0.650791373455841,-0.759256602365406));
#383=DIRECTION('',(0.,-0.759256602365406,-0.650791373455841));
#384=FACE_BOUND('',#385,.T.);
#385=EDGE_LOOP('',(#1584,#1585,#1586,#1587));
#386=PLANE('',#387);
#387=AXIS2_PLACEMENT_3D('',#388,#389,#390);
#388=CARTESIAN_POINT('',(0.,0.,22.));
#389=DIRECTION('',(0.,0.,1.));
#390=DIRECTION('',(6.12323399573677E-17,-1.,0.));
#391=FACE_BOUND('',#392,.T.);
#392=EDGE_LOOP('',(#1588,#1589,#1590,#1591));
#393=PLANE('',#394);
#394=AXIS2_PLACEMENT_3D('',#395,#396,#397);
#395=CARTESIAN_POINT('',(2.30940107706176,2.,20.));
#396=DIRECTION('',(1.,-6.34413156928661E-17,0.));
#397=DIRECTION('',(6.34413156928661E-17,1.,0.));
#398=FACE_BOUND('',#399,.T.);
#399=EDGE_LOOP('',(#1592,#1593,#1594,#1595,#1596,#1597,#1598,#1599));
#400=PLANE('',#401);
#401=AXIS2_PLACEMENT_3D('',#402,#403,#404);
#402=CARTESIAN_POINT('',(2.30940107706176,-1.,20.));
#403=DIRECTION('',(0.866025403763445,0.,0.500000000036362));
#404=DIRECTION('',(0.500000000036362,0.,-0.866025403763445));
#405=FACE_BOUND('',#406,.T.);
#406=EDGE_LOOP('',(#1600,#1601,#1602,#1603));
#407=PLANE('',#408);
#408=AXIS2_PLACEMENT_3D('',#409,#410,#411);
#409=CARTESIAN_POINT('',(0.,0.,2.));
#410=DIRECTION('',(0.,0.,1.));
#411=DIRECTION('',(1.,0.,0.));
#412=FACE_BOUND('',#413,.T.);
#413=EDGE_LOOP('',(#1604,#1605,#1606,#1607,#1608,#1609));
#414=PLANE('',#415);
#415=AXIS2_PLACEMENT_3D('',#416,#417,#418);
#416=CARTESIAN_POINT('',(31.,58.,2.));
#417=DIRECTION('',(-1.,-6.34413156928661E-17,0.));
#418=DIRECTION('',(6.34413156928661E-17,-1.,0.));
#419=FACE_BOUND('',#420,.T.);
#420=EDGE_LOOP('',(#1610,#1611,#1612,#1613));
#421=PLANE('',#422);
#422=AXIS2_PLACEMENT_3D('',#423,#424,#425);
#423=CARTESIAN_POINT('',(0.,0.,22.));
#424=DIRECTION('',(0.,0.,1.));
#425=DIRECTION('',(6.12323399573677E-17,-1.,0.));
#426=FACE_BOUND('',#427,.T.);
#427=EDGE_LOOP('',(#1614,#1615,#1616,#1617,#1618,#1619));
#428=PLANE('',#429);
#429=AXIS2_PLACEMENT_3D('',#430,#431,#432);
#430=CARTESIAN_POINT('',(33.,2.,2.));
#431=DIRECTION('',(1.,0.,0.));
#432=DIRECTION('',(0.,1.,0.));
#433=FACE_BOUND('',#434,.T.);
#434=EDGE_LOOP('',(#1620,#1621,#1622,#1623));
#435=PLANE('',#436);
#436=AXIS2_PLACEMENT_3D('',#437,#438,#439);
#437=CARTESIAN_POINT('',(0.,0.,2.));
#438=DIRECTION('',(0.,0.,1.));
#439=DIRECTION('',(1.,0.,0.));
#440=FACE_BOUND('',#441,.T.);
#441=EDGE_LOOP('',(#1624,#1625,#1626,#1627,#1628,#1629));
#442=PLANE('',#443);
#443=AXIS2_PLACEMENT_3D('',#444,#445,#446);
#444=CARTESIAN_POINT('',(53.,58.,2.));
#445=DIRECTION('',(-1.,0.,0.));
#446=DIRECTION('',(0.,-1.,0.));
#447=FACE_BOUND('',#448,.T.);
#448=EDGE_LOOP('',(#1630,#1631,#1632,#1633));
#449=PLANE('',#450);
#450=AXIS2_PLACEMENT_3D('',#451,#452,#453);
#451=CARTESIAN_POINT('',(0.,0.,22.));
#452=DIRECTION('',(0.,0.,1.));
#453=DIRECTION('',(6.12323399573677E-17,-1.,0.));
#454=FACE_BOUND('',#455,.T.);
#455=EDGE_LOOP('',(#1634,#1635,#1636,#1637,#1638,#1639));
#456=PLANE('',#457);
#457=AXIS2_PLACEMENT_3D('',#458,#459,#460);
#458=CARTESIAN_POINT('',(77.,2.,2.));
#459=DIRECTION('',(1.,0.,0.));
#460=DIRECTION('',(0.,1.,0.));
#461=FACE_BOUND('',#462,.T.);
#462=EDGE_LOOP('',(#1640,#1641,#1642,#1643));
#463=PLANE('',#464);
#464=AXIS2_PLACEMENT_3D('',#465,#466,#467);
#465=CARTESIAN_POINT('',(0.,0.,2.));
#466=DIRECTION('',(0.,0.,1.));
#467=DIRECTION('',(1.,0.,0.));
#468=FACE_BOUND('',#469,.T.);
#469=EDGE_LOOP('',(#1644,#1645,#1646,#1647,#1648,#1649));
#470=PLANE('',#471);
#471=AXIS2_PLACEMENT_3D('',#472,#473,#474);
#472=CARTESIAN_POINT('',(97.,58.,2.));
#473=DIRECTION('',(-1.,0.,0.));
#474=DIRECTION('',(0.,-1.,0.));
#475=FACE_BOUND('',#476,.T.);
#476=EDGE_LOOP('',(#1650,#1651,#1652,#1653));
#477=PLANE('',#478);
#478=AXIS2_PLACEMENT_3D('',#479,#480,#481);
#479=CARTESIAN_POINT('',(0.,0.,22.));
#480=DIRECTION('',(0.,0.,1.));
#481=DIRECTION('',(6.12323399573677E-17,-1.,0.));
#482=FACE_BOUND('',#483,.T.);
#483=EDGE_LOOP('',(#1654,#1655,#1656,#1657,#1658,#1659));
#484=PLANE('',#485);
#485=AXIS2_PLACEMENT_3D('',#486,#487,#488);
#486=CARTESIAN_POINT('',(99.,2.,2.));
#487=DIRECTION('',(1.,0.,0.));
#488=DIRECTION('',(0.,1.,0.));
#489=FACE_BOUND('',#490,.T.);
#490=EDGE_LOOP('',(#1660,#1661,#1662,#1663));
#491=PLANE('',#492);
#492=AXIS2_PLACEMENT_3D('',#493,#494,#495);
#493=CARTESIAN_POINT('',(0.,0.,2.));
#494=DIRECTION('',(0.,0.,1.));
#495=DIRECTION('',(1.,0.,0.));
#496=FACE_BOUND('',#497,.T.);
#497=EDGE_LOOP('',(#1664,#1665,#1666,#1667,#1668,#1669));
#498=PLANE('',#499);
#499=AXIS2_PLACEMENT_3D('',#500,#501,#502);
#500=CARTESIAN_POINT('',(119.,58.,2.));
#501=DIRECTION('',(-1.,0.,0.));
#502=DIRECTION('',(0.,-1.,0.));
#503=FACE_BOUND('',#504,.T.);
#504=EDGE_LOOP('',(#1670,#1671,#1672,#1673));
#505=PLANE('',#506);
#506=AXIS2_PLACEMENT_3D('',#507,#508,#509);
#507=CARTESIAN_POINT('',(0.,0.,22.));
#508=DIRECTION('',(0.,0.,1.));
#509=DIRECTION('',(6.12323399573677E-17,-1.,0.));
#510=FACE_BOUND('',#511,.T.);
#511=EDGE_LOOP('',(#1674,#1675,#1676,#1677,#1678,#1679));
#512=PLANE('',#513);
#513=AXIS2_PLACEMENT_3D('',#514,#515,#516);
#514=CARTESIAN_POINT('',(121.,2.,2.));
#515=DIRECTION('',(1.,0.,0.));
#516=DIRECTION('',(0.,1.,0.));
#517=FACE_BOUND('',#518,.T.);
#518=EDGE_LOOP('',(#1680,#1681,#1682,#1683));
#519=PLANE('',#520);
#520=AXIS2_PLACEMENT_3D('',#521,#522,#523);
#521=CARTESIAN_POINT('',(0.,0.,2.));
#522=DIRECTION('',(0.,0.,1.));
#523=DIRECTION('',(1.,0.,0.));
#524=FACE_BOUND('',#525,.T.);
#525=EDGE_LOOP('',(#1684,#1685,#1686,#1687,#1688,#1689));
#526=PLANE('',#527);
#527=AXIS2_PLACEMENT_3D('',#528,#529,#530);
#528=CARTESIAN_POINT('',(141.,58.,2.));
#529=DIRECTION('',(-1.,0.,0.));
#530=DIRECTION('',(0.,-1.,0.));
#531=FACE_BOUND('',#532,.T.);
#532=EDGE_LOOP('',(#1690,#1691,#1692,#1693));
#533=PLANE('',#534);
#534=AXIS2_PLACEMENT_3D('',#535,#536,#537);
#535=CARTESIAN_POINT('',(0.,0.,22.));
#536=DIRECTION('',(0.,0.,1.));
#537=DIRECTION('',(6.12323399573677E-17,-1.,0.));
#538=FACE_BOUND('',#539,.T.);
#539=EDGE_LOOP('',(#1694,#1695,#1696,#1697,#1698,#1699));
#540=PLANE('',#541);
#541=AXIS2_PLACEMENT_3D('',#542,#543,#544);
#542=CARTESIAN_POINT('',(143.,2.,2.));
#543=DIRECTION('',(1.,0.,0.));
#544=DIRECTION('',(0.,1.,0.));
#545=FACE_BOUND('',#546,.T.);
#546=EDGE_LOOP('',(#1700,#1701,#1702,#1703));
#547=PLANE('',#548);
#548=AXIS2_PLACEMENT_3D('',#549,#550,#551);
#549=CARTESIAN_POINT('',(0.,0.,2.));
#550=DIRECTION('',(0.,0.,1.));
#551=DIRECTION('',(1.,0.,0.));
#552=FACE_BOUND('',#553,.T.);
#553=EDGE_LOOP('',(#1704,#1705,#1706,#1707,#1708,#1709,#1710,#1711));
#554=PLANE('',#555);
#555=AXIS2_PLACEMENT_3D('',#556,#557,#558);
#556=CARTESIAN_POINT('',(151.143593538026,-1.,5.16987882845642E-26));
#557=DIRECTION('',(-0.866025403763445,0.,0.500000000036362));
#558=DIRECTION('',(0.500000000036362,0.,0.866025403763445));
#559=FACE_BOUND('',#560,.T.);
#560=EDGE_LOOP('',(#1712,#1713,#1714,#1715));
#561=PLANE('',#562);
#562=AXIS2_PLACEMENT_3D('',#563,#564,#565);
#563=CARTESIAN_POINT('',(162.690598922938,-1.,20.));
#564=DIRECTION('',(4.61511044671454E-15,0.,1.));
#565=DIRECTION('',(1.,0.,-4.61511044671454E-15));
#566=FACE_BOUND('',#567,.T.);
#567=EDGE_LOOP('',(#1716,#1717,#1718,#1719));
#568=FACE_BOUND('',#569,.T.);
#569=EDGE_LOOP('',(#1720,#1721,#1722,#1723));
#570=PLANE('',#571);
#571=AXIS2_PLACEMENT_3D('',#572,#573,#574);
#572=CARTESIAN_POINT('',(163.,58.,2.));
#573=DIRECTION('',(-1.,0.,0.));
#574=DIRECTION('',(0.,-1.,0.));
#575=FACE_BOUND('',#576,.T.);
#576=EDGE_LOOP('',(#1724,#1725,#1726,#1727,#1728,#1729,#1730,#1731));
#577=PLANE('',#578);
#578=AXIS2_PLACEMENT_3D('',#579,#580,#581);
#579=CARTESIAN_POINT('',(0.,0.,70.));
#580=DIRECTION('',(0.,0.,1.));
#581=DIRECTION('',(1.,0.,0.));
#582=FACE_BOUND('',#583,.T.);
#583=EDGE_LOOP('',(#1732,#1733,#1734,#1735,#1736,#1737,#1738,#1739));
#584=PLANE('',#585);
#585=AXIS2_PLACEMENT_3D('',#586,#587,#588);
#586=CARTESIAN_POINT('',(0.,60.,0.));
#587=DIRECTION('',(-1.,0.,0.));
#588=DIRECTION('',(0.,-1.,0.));
#589=FACE_BOUND('',#590,.T.);
#590=EDGE_LOOP('',(#1740,#1741,#1742,#1743));
#591=PLANE('',#592);
#592=AXIS2_PLACEMENT_3D('',#593,#594,#595);
#593=CARTESIAN_POINT('',(0.,0.,21.));
#594=DIRECTION('',(0.,0.,1.));
#595=DIRECTION('',(6.12323399573677E-17,1.,0.));
#596=FACE_OUTER_BOUND('',#597,.T.);
#597=EDGE_LOOP('',(#1744));
#598=FACE_OUTER_BOUND('',#599,.T.);
#599=EDGE_LOOP('',(#1745));
#600=CYLINDRICAL_SURFACE('',#601,1.6);
#601=AXIS2_PLACEMENT_3D('',#602,#603,#604);
#602=CARTESIAN_POINT('',(4.99999999999999,-1.,40.));
#603=DIRECTION('',(0.,1.,0.));
#604=DIRECTION('',(-1.,0.,-1.22464679914735E-16));
#605=FACE_OUTER_BOUND('',#606,.T.);
#606=EDGE_LOOP('',(#1746));
#607=FACE_OUTER_BOUND('',#608,.T.);
#608=EDGE_LOOP('',(#1747));
#609=CYLINDRICAL_SURFACE('',#610,1.6);
#610=AXIS2_PLACEMENT_3D('',#611,#612,#613);
#611=CARTESIAN_POINT('',(160.,61.,67.));
#612=DIRECTION('',(0.,-1.,0.));
#613=DIRECTION('',(1.,0.,0.));
#614=FACE_BOUND('',#615,.T.);
#615=EDGE_LOOP('',(#1748,#1749,#1750,#1751));
#616=PLANE('',#617);
#617=AXIS2_PLACEMENT_3D('',#618,#619,#620);
#618=CARTESIAN_POINT('',(144.,52.5,22.));
#619=DIRECTION('',(0.,0.650791373455841,-0.759256602365406));
#620=DIRECTION('',(0.,-0.759256602365406,-0.650791373455841));
#621=FACE_BOUND('',#622,.T.);
#622=EDGE_LOOP('',(#1752,#1753,#1754,#1755));
#623=FACE_BOUND('',#624,.T.);
#624=EDGE_LOOP('',(#1756,#1757,#1758,#1759));
#625=PLANE('',#626);
#626=AXIS2_PLACEMENT_3D('',#627,#628,#629);
#627=CARTESIAN_POINT('',(165.,0.,0.));
#628=DIRECTION('',(1.,0.,0.));
#629=DIRECTION('',(0.,1.,0.));
#630=FACE_BOUND('',#631,.T.);
#631=EDGE_LOOP('',(#1760,#1761,#1762,#1763));
#632=CYLINDRICAL_SURFACE('',#633,10.);
#633=AXIS2_PLACEMENT_3D('',#634,#635,#636);
#634=CARTESIAN_POINT('',(22.5,1.,55.));
#635=DIRECTION('',(0.,-1.,0.));
#636=DIRECTION('',(1.,0.,-1.22464679914735E-16));
#637=FACE_BOUND('',#638,.T.);
#638=EDGE_LOOP('',(#1764,#1765,#1766,#1767));
#639=PLANE('',#640);
#640=AXIS2_PLACEMENT_3D('',#641,#642,#643);
#641=CARTESIAN_POINT('',(32.5,1.,20.));
#642=DIRECTION('',(1.,0.,0.));
#643=DIRECTION('',(0.,0.,1.));
#644=FACE_BOUND('',#645,.T.);
#645=EDGE_LOOP('',(#1768,#1769,#1770,#1771));
#646=CYLINDRICAL_SURFACE('',#647,10.);
#647=AXIS2_PLACEMENT_3D('',#648,#649,#650);
#648=CARTESIAN_POINT('',(22.5,1.,20.));
#649=DIRECTION('',(0.,-1.,0.));
#650=DIRECTION('',(-1.,0.,1.22464679914735E-16));
#651=FACE_BOUND('',#652,.T.);
#652=EDGE_LOOP('',(#1772,#1773,#1774,#1775));
#653=PLANE('',#654);
#654=AXIS2_PLACEMENT_3D('',#655,#656,#657);
#655=CARTESIAN_POINT('',(12.5,1.,55.));
#656=DIRECTION('',(-1.,0.,5.07530525542929E-17));
#657=DIRECTION('',(-5.07530525542929E-17,0.,-1.));
#658=FACE_BOUND('',#659,.T.);
#659=EDGE_LOOP('',(#1776,#1777,#1778,#1779));
#660=CYLINDRICAL_SURFACE('',#661,10.);
#661=AXIS2_PLACEMENT_3D('',#662,#663,#664);
#662=CARTESIAN_POINT('',(62.5,1.,20.));
#663=DIRECTION('',(0.,-1.,0.));
#664=DIRECTION('',(-1.,0.,1.22464679914735E-16));
#665=FACE_BOUND('',#666,.T.);
#666=EDGE_LOOP('',(#1780,#1781,#1782,#1783));
#667=PLANE('',#668);
#668=AXIS2_PLACEMENT_3D('',#669,#670,#671);
#669=CARTESIAN_POINT('',(52.5,1.,55.));
#670=DIRECTION('',(-1.,0.,0.));
#671=DIRECTION('',(0.,0.,-1.));
#672=FACE_BOUND('',#673,.T.);
#673=EDGE_LOOP('',(#1784,#1785,#1786,#1787));
#674=CYLINDRICAL_SURFACE('',#675,10.);
#675=AXIS2_PLACEMENT_3D('',#676,#677,#678);
#676=CARTESIAN_POINT('',(62.5,1.,55.));
#677=DIRECTION('',(0.,-1.,0.));
#678=DIRECTION('',(1.,0.,-1.22464679914735E-16));
#679=FACE_BOUND('',#680,.T.);
#680=EDGE_LOOP('',(#1788,#1789,#1790,#1791));
#681=PLANE('',#682);
#682=AXIS2_PLACEMENT_3D('',#683,#684,#685);
#683=CARTESIAN_POINT('',(72.5,1.,20.));
#684=DIRECTION('',(1.,0.,0.));
#685=DIRECTION('',(0.,0.,1.));
#686=FACE_BOUND('',#687,.T.);
#687=EDGE_LOOP('',(#1792,#1793,#1794,#1795));
#688=CYLINDRICAL_SURFACE('',#689,10.);
#689=AXIS2_PLACEMENT_3D('',#690,#691,#692);
#690=CARTESIAN_POINT('',(102.5,1.,20.));
#691=DIRECTION('',(0.,-1.,0.));
#692=DIRECTION('',(-1.,0.,1.22464679914735E-16));
#693=FACE_BOUND('',#694,.T.);
#694=EDGE_LOOP('',(#1796,#1797,#1798,#1799));
#695=PLANE('',#696);
#696=AXIS2_PLACEMENT_3D('',#697,#698,#699);
#697=CARTESIAN_POINT('',(92.5,1.,55.));
#698=DIRECTION('',(-1.,0.,0.));
#699=DIRECTION('',(0.,0.,-1.));
#700=FACE_BOUND('',#701,.T.);
#701=EDGE_LOOP('',(#1800,#1801,#1802,#1803));
#702=CYLINDRICAL_SURFACE('',#703,10.);
#703=AXIS2_PLACEMENT_3D('',#704,#705,#706);
#704=CARTESIAN_POINT('',(102.5,1.,55.));
#705=DIRECTION('',(0.,-1.,0.));
#706=DIRECTION('',(1.,0.,-1.22464679914735E-16));
#707=FACE_BOUND('',#708,.T.);
#708=EDGE_LOOP('',(#1804,#1805,#1806,#1807));
#709=PLANE('',#710);
#710=AXIS2_PLACEMENT_3D('',#711,#712,#713);
#711=CARTESIAN_POINT('',(112.5,1.,20.));
#712=DIRECTION('',(1.,0.,0.));
#713=DIRECTION('',(0.,0.,1.));
#714=FACE_BOUND('',#715,.T.);
#715=EDGE_LOOP('',(#1808,#1809,#1810,#1811));
#716=CYLINDRICAL_SURFACE('',#717,10.);
#717=AXIS2_PLACEMENT_3D('',#718,#719,#720);
#718=CARTESIAN_POINT('',(142.5,1.,20.));
#719=DIRECTION('',(0.,-1.,0.));
#720=DIRECTION('',(-1.,0.,1.22464679914735E-16));
#721=FACE_BOUND('',#722,.T.);
#722=EDGE_LOOP('',(#1812,#1813,#1814,#1815));
#723=PLANE('',#724);
#724=AXIS2_PLACEMENT_3D('',#725,#726,#727);
#725=CARTESIAN_POINT('',(132.5,1.,55.));
#726=DIRECTION('',(-1.,0.,0.));
#727=DIRECTION('',(0.,0.,-1.));
#728=FACE_BOUND('',#729,.T.);
#729=EDGE_LOOP('',(#1816,#1817,#1818,#1819));
#730=CYLINDRICAL_SURFACE('',#731,10.);
#731=AXIS2_PLACEMENT_3D('',#732,#733,#734);
#732=CARTESIAN_POINT('',(142.5,1.,55.));
#733=DIRECTION('',(0.,-1.,0.));
#734=DIRECTION('',(1.,0.,1.29862079160547E-15));
#735=FACE_BOUND('',#736,.T.);
#736=EDGE_LOOP('',(#1820,#1821,#1822,#1823));
#737=PLANE('',#738);
#738=AXIS2_PLACEMENT_3D('',#739,#740,#741);
#739=CARTESIAN_POINT('',(152.5,1.,20.));
#740=DIRECTION('',(1.,0.,0.));
#741=DIRECTION('',(0.,0.,1.));
#742=FACE_OUTER_BOUND('',#743,.T.);
#743=EDGE_LOOP('',(#1824));
#744=FACE_OUTER_BOUND('',#745,.T.);
#745=EDGE_LOOP('',(#1825));
#746=CYLINDRICAL_SURFACE('',#747,1.6);
#747=AXIS2_PLACEMENT_3D('',#748,#749,#750);
#748=CARTESIAN_POINT('',(160.,61.,67.));
#749=DIRECTION('',(0.,-1.,0.));
#750=DIRECTION('',(1.,0.,0.));
#751=FACE_OUTER_BOUND('',#752,.T.);
#752=EDGE_LOOP('',(#1826));
#753=FACE_OUTER_BOUND('',#754,.T.);
#754=EDGE_LOOP('',(#1827));
#755=CYLINDRICAL_SURFACE('',#756,1.6);
#756=AXIS2_PLACEMENT_3D('',#757,#758,#759);
#757=CARTESIAN_POINT('',(4.99999999999999,-1.,40.));
#758=DIRECTION('',(0.,1.,0.));
#759=DIRECTION('',(-1.,0.,-1.22464679914735E-16));
#760=FACE_BOUND('',#761,.T.);
#761=EDGE_LOOP('',(#1828,#1829,#1830,#1831));
#762=PLANE('',#763);
#763=AXIS2_PLACEMENT_3D('',#764,#765,#766);
#764=CARTESIAN_POINT('',(3.36602540394526,55.,16.1698729812191));
#765=DIRECTION('',(0.,1.,0.));
#766=DIRECTION('',(0.500000000036362,0.,-0.866025403763445));
#767=FACE_BOUND('',#768,.T.);
#768=EDGE_LOOP('',(#1832,#1833,#1834,#1835));
#769=PLANE('',#770);
#770=AXIS2_PLACEMENT_3D('',#771,#772,#773);
#771=CARTESIAN_POINT('',(3.36602540394526,5.,16.1698729812191));
#772=DIRECTION('',(-0.500000000036362,-1.05943726951018E-16,0.866025403763445));
#773=DIRECTION('',(-8.88178419700125E-17,1.,7.105427357601E-17));
#774=FACE_BOUND('',#775,.T.);
#775=EDGE_LOOP('',(#1836,#1837,#1838,#1839));
#776=PLANE('',#777);
#777=AXIS2_PLACEMENT_3D('',#778,#779,#780);
#778=CARTESIAN_POINT('',(9.91303078849382,5.,4.83012701885357));
#779=DIRECTION('',(3.39154455992002E-17,-1.,-5.87432749334569E-17));
#780=DIRECTION('',(-0.500000000036362,-6.78308911934674E-17,0.866025403763445));
#781=FACE_BOUND('',#782,.T.);
#782=EDGE_LOOP('',(#1840,#1841,#1842,#1843));
#783=PLANE('',#784);
#784=AXIS2_PLACEMENT_3D('',#785,#786,#787);
#785=CARTESIAN_POINT('',(9.91303078849382,55.,4.83012701885358));
#786=DIRECTION('',(0.500000000036362,6.62945397719799E-17,-0.866025403763445));
#787=DIRECTION('',(7.105427357601E-17,-1.,-3.5527136788005E-17));
#788=FACE_BOUND('',#789,.T.);
#789=EDGE_LOOP('',(#1844,#1845,#1846,#1847));
#790=CYLINDRICAL_SURFACE('',#791,10.);
#791=AXIS2_PLACEMENT_3D('',#792,#793,#794);
#792=CARTESIAN_POINT('',(142.5,60.,55.));
#793=DIRECTION('',(0.,-1.,0.));
#794=DIRECTION('',(-1.,0.,0.));
#795=FACE_BOUND('',#796,.T.);
#796=EDGE_LOOP('',(#1848,#1849,#1850,#1851));
#797=PLANE('',#798);
#798=AXIS2_PLACEMENT_3D('',#799,#800,#801);
#799=CARTESIAN_POINT('',(132.5,59.,10.));
#800=DIRECTION('',(-1.,0.,0.));
#801=DIRECTION('',(0.,0.,1.));
#802=FACE_BOUND('',#803,.T.);
#803=EDGE_LOOP('',(#1852,#1853,#1854,#1855));
#804=CYLINDRICAL_SURFACE('',#805,10.);
#805=AXIS2_PLACEMENT_3D('',#806,#807,#808);
#806=CARTESIAN_POINT('',(142.5,60.,20.));
#807=DIRECTION('',(0.,-1.,0.));
#808=DIRECTION('',(1.,0.,0.));
#809=FACE_BOUND('',#810,.T.);
#810=EDGE_LOOP('',(#1856,#1857,#1858,#1859));
#811=PLANE('',#812);
#812=AXIS2_PLACEMENT_3D('',#813,#814,#815);
#813=CARTESIAN_POINT('',(152.5,59.,65.));
#814=DIRECTION('',(1.,0.,0.));
#815=DIRECTION('',(0.,0.,-1.));
#816=FACE_BOUND('',#817,.T.);
#817=EDGE_LOOP('',(#1860,#1861,#1862,#1863));
#818=CYLINDRICAL_SURFACE('',#819,10.);
#819=AXIS2_PLACEMENT_3D('',#820,#821,#822);
#820=CARTESIAN_POINT('',(102.5,60.,55.));
#821=DIRECTION('',(0.,-1.,0.));
#822=DIRECTION('',(-1.,0.,0.));
#823=FACE_BOUND('',#824,.T.);
#824=EDGE_LOOP('',(#1864,#1865,#1866,#1867));
#825=PLANE('',#826);
#826=AXIS2_PLACEMENT_3D('',#827,#828,#829);
#827=CARTESIAN_POINT('',(92.5,59.,10.));
#828=DIRECTION('',(-1.,0.,0.));
#829=DIRECTION('',(0.,0.,1.));
#830=FACE_BOUND('',#831,.T.);
#831=EDGE_LOOP('',(#1868,#1869,#1870,#1871));
#832=CYLINDRICAL_SURFACE('',#833,10.);
#833=AXIS2_PLACEMENT_3D('',#834,#835,#836);
#834=CARTESIAN_POINT('',(102.5,60.,20.));
#835=DIRECTION('',(0.,-1.,0.));
#836=DIRECTION('',(1.,0.,0.));
#837=FACE_BOUND('',#838,.T.);
#838=EDGE_LOOP('',(#1872,#1873,#1874,#1875));
#839=PLANE('',#840);
#840=AXIS2_PLACEMENT_3D('',#841,#842,#843);
#841=CARTESIAN_POINT('',(112.5,59.,65.));
#842=DIRECTION('',(1.,0.,0.));
#843=DIRECTION('',(0.,0.,-1.));
#844=FACE_BOUND('',#845,.T.);
#845=EDGE_LOOP('',(#1876,#1877,#1878,#1879));
#846=CYLINDRICAL_SURFACE('',#847,10.);
#847=AXIS2_PLACEMENT_3D('',#848,#849,#850);
#848=CARTESIAN_POINT('',(62.5,60.,55.));
#849=DIRECTION('',(0.,-1.,0.));
#850=DIRECTION('',(-1.,0.,0.));
#851=FACE_BOUND('',#852,.T.);
#852=EDGE_LOOP('',(#1880,#1881,#1882,#1883));
#853=PLANE('',#854);
#854=AXIS2_PLACEMENT_3D('',#855,#856,#857);
#855=CARTESIAN_POINT('',(52.5,59.,10.));
#856=DIRECTION('',(-1.,0.,0.));
#857=DIRECTION('',(0.,0.,1.));
#858=FACE_BOUND('',#859,.T.);
#859=EDGE_LOOP('',(#1884,#1885,#1886,#1887));
#860=CYLINDRICAL_SURFACE('',#861,10.);
#861=AXIS2_PLACEMENT_3D('',#862,#863,#864);
#862=CARTESIAN_POINT('',(62.5,60.,20.));
#863=DIRECTION('',(0.,-1.,0.));
#864=DIRECTION('',(1.,0.,0.));
#865=FACE_BOUND('',#866,.T.);
#866=EDGE_LOOP('',(#1888,#1889,#1890,#1891));
#867=PLANE('',#868);
#868=AXIS2_PLACEMENT_3D('',#869,#870,#871);
#869=CARTESIAN_POINT('',(72.5,59.,65.));
#870=DIRECTION('',(1.,0.,0.));
#871=DIRECTION('',(0.,0.,-1.));
#872=FACE_BOUND('',#873,.T.);
#873=EDGE_LOOP('',(#1892,#1893,#1894,#1895));
#874=CYLINDRICAL_SURFACE('',#875,10.);
#875=AXIS2_PLACEMENT_3D('',#876,#877,#878);
#876=CARTESIAN_POINT('',(22.5,59.,55.));
#877=DIRECTION('',(0.,1.,0.));
#878=DIRECTION('',(1.,0.,0.));
#879=FACE_BOUND('',#880,.T.);
#880=EDGE_LOOP('',(#1896,#1897,#1898,#1899));
#881=PLANE('',#882);
#882=AXIS2_PLACEMENT_3D('',#883,#884,#885);
#883=CARTESIAN_POINT('',(12.5,59.,10.));
#884=DIRECTION('',(-1.,0.,3.22973970800046E-17));
#885=DIRECTION('',(3.22973970800046E-17,0.,1.));
#886=FACE_BOUND('',#887,.T.);
#887=EDGE_LOOP('',(#1900,#1901,#1902,#1903));
#888=CYLINDRICAL_SURFACE('',#889,10.);
#889=AXIS2_PLACEMENT_3D('',#890,#891,#892);
#890=CARTESIAN_POINT('',(22.5,59.,20.));
#891=DIRECTION('',(0.,1.,0.));
#892=DIRECTION('',(-1.,0.,0.));
#893=FACE_BOUND('',#894,.T.);
#894=EDGE_LOOP('',(#1904,#1905,#1906,#1907));
#895=PLANE('',#896);
#896=AXIS2_PLACEMENT_3D('',#897,#898,#899);
#897=CARTESIAN_POINT('',(32.5,59.,65.));
#898=DIRECTION('',(1.,0.,0.));
#899=DIRECTION('',(0.,0.,-1.));
#900=FACE_BOUND('',#901,.T.);
#901=EDGE_LOOP('',(#1908,#1909,#1910,#1911));
#902=PLANE('',#903);
#903=AXIS2_PLACEMENT_3D('',#904,#905,#906);
#904=CARTESIAN_POINT('',(161.633974596055,5.,16.1698729812191));
#905=DIRECTION('',(-3.39154455992004E-17,-1.,-5.87432749334568E-17));
#906=DIRECTION('',(-0.500000000036362,6.78308911934674E-17,-0.866025403763445));
#907=FACE_BOUND('',#908,.T.);
#908=EDGE_LOOP('',(#1912,#1913,#1914,#1915));
#909=PLANE('',#910);
#910=AXIS2_PLACEMENT_3D('',#911,#912,#913);
#911=CARTESIAN_POINT('',(161.633974596055,55.,16.1698729812192));
#912=DIRECTION('',(0.500000000036365,-5.3035631817584E-16,0.866025403763443));
#913=DIRECTION('',(-5.6843418860808E-16,-1.,-2.8421709430404E-16));
#914=FACE_BOUND('',#915,.T.);
#915=EDGE_LOOP('',(#1916,#1917,#1918,#1919));
#916=PLANE('',#917);
#917=AXIS2_PLACEMENT_3D('',#918,#919,#920);
#918=CARTESIAN_POINT('',(155.086969211506,55.,4.83012701885359));
#919=DIRECTION('',(0.,1.,0.));
#920=DIRECTION('',(0.500000000036363,0.,0.866025403763444));
#921=FACE_BOUND('',#922,.T.);
#922=EDGE_LOOP('',(#1920,#1921,#1922,#1923));
#923=PLANE('',#924);
#924=AXIS2_PLACEMENT_3D('',#925,#926,#927);
#925=CARTESIAN_POINT('',(155.086969211506,5.,4.83012701885359));
#926=DIRECTION('',(-0.500000000036365,0.,-0.866025403763443));
#927=DIRECTION('',(0.,1.,0.));
#928=FACE_BOUND('',#929,.T.);
#929=EDGE_LOOP('',(#1924,#1925,#1926,#1927));
#930=PLANE('',#931);
#931=AXIS2_PLACEMENT_3D('',#932,#933,#934);
#932=CARTESIAN_POINT('',(2.00000000000005,29.,2.));
#933=DIRECTION('',(6.6199633766469E-17,-1.,0.));
#934=DIRECTION('',(1.,6.6199633766469E-17,0.));
#935=FACE_BOUND('',#936,.T.);
#936=EDGE_LOOP('',(#1928,#1929,#1930,#1931,#1932,#1933));
#937=PLANE('',#938);
#938=AXIS2_PLACEMENT_3D('',#939,#940,#941);
#939=CARTESIAN_POINT('',(31.,58.,2.));
#940=DIRECTION('',(-1.,-6.34413156928661E-17,0.));
#941=DIRECTION('',(6.34413156928661E-17,-1.,0.));
#942=FACE_BOUND('',#943,.T.);
#943=EDGE_LOOP('',(#1934,#1935,#1936,#1937));
#944=PLANE('',#945);
#945=AXIS2_PLACEMENT_3D('',#946,#947,#948);
#946=CARTESIAN_POINT('',(144.,25.0000000000008,7.00000000004542));
#947=DIRECTION('',(0.,-0.650791373454816,-0.759256602366285));
#948=DIRECTION('',(0.,-0.759256602366285,0.650791373454816));
#949=FACE_BOUND('',#950,.T.);
#950=EDGE_LOOP('',(#1938,#1939,#1940,#1941,#1942,#1943));
#951=PLANE('',#952);
#952=AXIS2_PLACEMENT_3D('',#953,#954,#955);
#953=CARTESIAN_POINT('',(33.,2.,2.));
#954=DIRECTION('',(1.,0.,0.));
#955=DIRECTION('',(0.,1.,0.));
#956=FACE_BOUND('',#957,.T.);
#957=EDGE_LOOP('',(#1944,#1945,#1946,#1947));
#958=PLANE('',#959);
#959=AXIS2_PLACEMENT_3D('',#960,#961,#962);
#960=CARTESIAN_POINT('',(2.00000000000005,29.,2.));
#961=DIRECTION('',(6.6199633766469E-17,-1.,0.));
#962=DIRECTION('',(1.,6.6199633766469E-17,0.));
#963=FACE_BOUND('',#964,.T.);
#964=EDGE_LOOP('',(#1948,#1949,#1950,#1951,#1952,#1953));
#965=PLANE('',#966);
#966=AXIS2_PLACEMENT_3D('',#967,#968,#969);
#967=CARTESIAN_POINT('',(53.,58.,2.));
#968=DIRECTION('',(-1.,0.,0.));
#969=DIRECTION('',(0.,-1.,0.));
#970=FACE_BOUND('',#971,.T.);
#971=EDGE_LOOP('',(#1954,#1955,#1956,#1957));
#972=PLANE('',#973);
#973=AXIS2_PLACEMENT_3D('',#974,#975,#976);
#974=CARTESIAN_POINT('',(144.,25.0000000000008,7.00000000004542));
#975=DIRECTION('',(0.,-0.650791373454816,-0.759256602366285));
#976=DIRECTION('',(0.,-0.759256602366285,0.650791373454816));
#977=FACE_BOUND('',#978,.T.);
#978=EDGE_LOOP('',(#1958,#1959,#1960,#1961,#1962,#1963));
#979=PLANE('',#980);
#980=AXIS2_PLACEMENT_3D('',#981,#982,#983);
#981=CARTESIAN_POINT('',(55.,2.,2.));
#982=DIRECTION('',(1.,0.,0.));
#983=DIRECTION('',(0.,1.,0.));
#984=FACE_BOUND('',#985,.T.);
#985=EDGE_LOOP('',(#1964,#1965,#1966,#1967));
#986=PLANE('',#987);
#987=AXIS2_PLACEMENT_3D('',#988,#989,#990);
#988=CARTESIAN_POINT('',(2.00000000000005,29.,2.));
#989=DIRECTION('',(6.6199633766469E-17,-1.,0.));
#990=DIRECTION('',(1.,6.6199633766469E-17,0.));
#991=FACE_BOUND('',#992,.T.);
#992=EDGE_LOOP('',(#1968,#1969,#1970,#1971,#1972,#1973));
#993=PLANE('',#994);
#994=AXIS2_PLACEMENT_3D('',#995,#996,#997);
#995=CARTESIAN_POINT('',(75.,58.,2.));
#996=DIRECTION('',(-1.,0.,0.));
#997=DIRECTION('',(0.,-1.,0.));
#998=FACE_BOUND('',#999,.T.);
#999=EDGE_LOOP('',(#1974,#1975,#1976,#1977));
#1000=PLANE('',#1001);
#1001=AXIS2_PLACEMENT_3D('',#1002,#1003,#1004);
#1002=CARTESIAN_POINT('',(144.,25.0000000000008,7.00000000004542));
#1003=DIRECTION('',(0.,-0.650791373454816,-0.759256602366285));
#1004=DIRECTION('',(0.,-0.759256602366285,0.650791373454816));
#1005=FACE_BOUND('',#1006,.T.);
#1006=EDGE_LOOP('',(#1978,#1979,#1980,#1981,#1982,#1983));
#1007=PLANE('',#1008);
#1008=AXIS2_PLACEMENT_3D('',#1009,#1010,#1011);
#1009=CARTESIAN_POINT('',(77.,2.,2.));
#1010=DIRECTION('',(1.,0.,0.));
#1011=DIRECTION('',(0.,1.,0.));
#1012=FACE_BOUND('',#1013,.T.);
#1013=EDGE_LOOP('',(#1984,#1985,#1986,#1987));
#1014=PLANE('',#1015);
#1015=AXIS2_PLACEMENT_3D('',#1016,#1017,#1018);
#1016=CARTESIAN_POINT('',(2.00000000000005,29.,2.));
#1017=DIRECTION('',(6.6199633766469E-17,-1.,0.));
#1018=DIRECTION('',(1.,6.6199633766469E-17,0.));
#1019=FACE_BOUND('',#1020,.T.);
#1020=EDGE_LOOP('',(#1988,#1989,#1990,#1991,#1992,#1993));
#1021=PLANE('',#1022);
#1022=AXIS2_PLACEMENT_3D('',#1023,#1024,#1025);
#1023=CARTESIAN_POINT('',(97.,58.,2.));
#1024=DIRECTION('',(-1.,0.,0.));
#1025=DIRECTION('',(0.,-1.,0.));
#1026=FACE_BOUND('',#1027,.T.);
#1027=EDGE_LOOP('',(#1994,#1995,#1996,#1997));
#1028=PLANE('',#1029);
#1029=AXIS2_PLACEMENT_3D('',#1030,#1031,#1032);
#1030=CARTESIAN_POINT('',(144.,25.0000000000008,7.00000000004542));
#1031=DIRECTION('',(0.,-0.650791373454816,-0.759256602366285));
#1032=DIRECTION('',(0.,-0.759256602366285,0.650791373454816));
#1033=FACE_BOUND('',#1034,.T.);
#1034=EDGE_LOOP('',(#1998,#1999,#2000,#2001,#2002,#2003));
#1035=PLANE('',#1036);
#1036=AXIS2_PLACEMENT_3D('',#1037,#1038,#1039);
#1037=CARTESIAN_POINT('',(99.,2.,2.));
#1038=DIRECTION('',(1.,0.,0.));
#1039=DIRECTION('',(0.,1.,0.));
#1040=FACE_BOUND('',#1041,.T.);
#1041=EDGE_LOOP('',(#2004,#2005,#2006,#2007));
#1042=PLANE('',#1043);
#1043=AXIS2_PLACEMENT_3D('',#1044,#1045,#1046);
#1044=CARTESIAN_POINT('',(2.00000000000005,29.,2.));
#1045=DIRECTION('',(6.6199633766469E-17,-1.,0.));
#1046=DIRECTION('',(1.,6.6199633766469E-17,0.));
#1047=FACE_BOUND('',#1048,.T.);
#1048=EDGE_LOOP('',(#2008,#2009,#2010,#2011,#2012,#2013));
#1049=PLANE('',#1050);
#1050=AXIS2_PLACEMENT_3D('',#1051,#1052,#1053);
#1051=CARTESIAN_POINT('',(119.,58.,2.));
#1052=DIRECTION('',(-1.,0.,0.));
#1053=DIRECTION('',(0.,-1.,0.));
#1054=FACE_BOUND('',#1055,.T.);
#1055=EDGE_LOOP('',(#2014,#2015,#2016,#2017));
#1056=PLANE('',#1057);
#1057=AXIS2_PLACEMENT_3D('',#1058,#1059,#1060);
#1058=CARTESIAN_POINT('',(144.,25.0000000000008,7.00000000004542));
#1059=DIRECTION('',(0.,-0.650791373454816,-0.759256602366285));
#1060=DIRECTION('',(0.,-0.759256602366285,0.650791373454816));
#1061=FACE_BOUND('',#1062,.T.);
#1062=EDGE_LOOP('',(#2018,#2019,#2020,#2021,#2022,#2023));
#1063=PLANE('',#1064);
#1064=AXIS2_PLACEMENT_3D('',#1065,#1066,#1067);
#1065=CARTESIAN_POINT('',(121.,2.,2.));
#1066=DIRECTION('',(1.,0.,0.));
#1067=DIRECTION('',(0.,1.,0.));
#1068=FACE_BOUND('',#1069,.T.);
#1069=EDGE_LOOP('',(#2024,#2025,#2026,#2027));
#1070=PLANE('',#1071);
#1071=AXIS2_PLACEMENT_3D('',#1072,#1073,#1074);
#1072=CARTESIAN_POINT('',(2.00000000000005,29.,2.));
#1073=DIRECTION('',(6.6199633766469E-17,-1.,0.));
#1074=DIRECTION('',(1.,6.6199633766469E-17,0.));
#1075=FACE_BOUND('',#1076,.T.);
#1076=EDGE_LOOP('',(#2028,#2029,#2030,#2031,#2032,#2033));
#1077=PLANE('',#1078);
#1078=AXIS2_PLACEMENT_3D('',#1079,#1080,#1081);
#1079=CARTESIAN_POINT('',(141.,58.,2.));
#1080=DIRECTION('',(-1.,0.,0.));
#1081=DIRECTION('',(0.,-1.,0.));
#1082=FACE_BOUND('',#1083,.T.);
#1083=EDGE_LOOP('',(#2034,#2035,#2036,#2037));
#1084=PLANE('',#1085);
#1085=AXIS2_PLACEMENT_3D('',#1086,#1087,#1088);
#1086=CARTESIAN_POINT('',(144.,25.0000000000008,7.00000000004542));
#1087=DIRECTION('',(0.,-0.650791373454816,-0.759256602366285));
#1088=DIRECTION('',(0.,-0.759256602366285,0.650791373454816));
#1089=FACE_BOUND('',#1090,.T.);
#1090=EDGE_LOOP('',(#2038,#2039,#2040,#2041,#2042,#2043));
#1091=PLANE('',#1092);
#1092=AXIS2_PLACEMENT_3D('',#1093,#1094,#1095);
#1093=CARTESIAN_POINT('',(143.,2.,2.));
#1094=DIRECTION('',(1.,0.,0.));
#1095=DIRECTION('',(0.,1.,0.));
#1096=FACE_BOUND('',#1097,.T.);
#1097=EDGE_LOOP('',(#2044,#2045,#2046,#2047));
#1098=PLANE('',#1099);
#1099=AXIS2_PLACEMENT_3D('',#1100,#1101,#1102);
#1100=CARTESIAN_POINT('',(2.00000000000005,29.,2.));
#1101=DIRECTION('',(6.6199633766469E-17,-1.,0.));
#1102=DIRECTION('',(1.,6.6199633766469E-17,0.));
#1103=FACE_BOUND('',#1104,.T.);
#1104=EDGE_LOOP('',(#2048,#2049,#2050,#2051));
#1105=PLANE('',#1106);
#1106=AXIS2_PLACEMENT_3D('',#1107,#1108,#1109);
#1107=CARTESIAN_POINT('',(163.,31.,2.));
#1108=DIRECTION('',(-6.61996337664689E-17,1.,0.));
#1109=DIRECTION('',(-1.,-6.61996337664689E-17,0.));
#1110=FACE_BOUND('',#1111,.T.);
#1111=EDGE_LOOP('',(#2052,#2053,#2054,#2055));
#1112=PLANE('',#1113);
#1113=AXIS2_PLACEMENT_3D('',#1114,#1115,#1116);
#1114=CARTESIAN_POINT('',(144.,52.5,22.));
#1115=DIRECTION('',(0.,0.650791373455841,-0.759256602365406));
#1116=DIRECTION('',(0.,-0.759256602365406,-0.650791373455841));
#1117=FACE_BOUND('',#1118,.T.);
#1118=EDGE_LOOP('',(#2056,#2057,#2058,#2059));
#1119=PLANE('',#1120);
#1120=AXIS2_PLACEMENT_3D('',#1121,#1122,#1123);
#1121=CARTESIAN_POINT('',(163.,31.,2.));
#1122=DIRECTION('',(-6.61996337664689E-17,1.,0.));
#1123=DIRECTION('',(-1.,-6.61996337664689E-17,0.));
#1124=FACE_BOUND('',#1125,.T.);
#1125=EDGE_LOOP('',(#2060,#2061,#2062,#2063));
#1126=PLANE('',#1127);
#1127=AXIS2_PLACEMENT_3D('',#1128,#1129,#1130);
#1128=CARTESIAN_POINT('',(144.,52.5,22.));
#1129=DIRECTION('',(0.,0.650791373455841,-0.759256602365406));
#1130=DIRECTION('',(0.,-0.759256602365406,-0.650791373455841));
#1131=FACE_BOUND('',#1132,.T.);
#1132=EDGE_LOOP('',(#2064,#2065,#2066,#2067));
#1133=PLANE('',#1134);
#1134=AXIS2_PLACEMENT_3D('',#1135,#1136,#1137);
#1135=CARTESIAN_POINT('',(163.,31.,2.));
#1136=DIRECTION('',(-6.61996337664689E-17,1.,0.));
#1137=DIRECTION('',(-1.,-6.61996337664689E-17,0.));
#1138=FACE_BOUND('',#1139,.T.);
#1139=EDGE_LOOP('',(#2068,#2069,#2070,#2071));
#1140=PLANE('',#1141);
#1141=AXIS2_PLACEMENT_3D('',#1142,#1143,#1144);
#1142=CARTESIAN_POINT('',(144.,52.5,22.));
#1143=DIRECTION('',(0.,0.650791373455841,-0.759256602365406));
#1144=DIRECTION('',(0.,-0.759256602365406,-0.650791373455841));
#1145=FACE_BOUND('',#1146,.T.);
#1146=EDGE_LOOP('',(#2072,#2073,#2074,#2075));
#1147=PLANE('',#1148);
#1148=AXIS2_PLACEMENT_3D('',#1149,#1150,#1151);
#1149=CARTESIAN_POINT('',(163.,31.,2.));
#1150=DIRECTION('',(-6.61996337664689E-17,1.,0.));
#1151=DIRECTION('',(-1.,-6.61996337664689E-17,0.));
#1152=FACE_BOUND('',#1153,.T.);
#1153=EDGE_LOOP('',(#2076,#2077,#2078,#2079));
#1154=PLANE('',#1155);
#1155=AXIS2_PLACEMENT_3D('',#1156,#1157,#1158);
#1156=CARTESIAN_POINT('',(163.,31.,2.));
#1157=DIRECTION('',(-6.61996337664689E-17,1.,0.));
#1158=DIRECTION('',(-1.,-6.61996337664689E-17,0.));
#1159=FACE_BOUND('',#1160,.T.);
#1160=EDGE_LOOP('',(#2080,#2081,#2082,#2083));
#1161=PLANE('',#1162);
#1162=AXIS2_PLACEMENT_3D('',#1163,#1164,#1165);
#1163=CARTESIAN_POINT('',(144.,52.5,22.));
#1164=DIRECTION('',(0.,0.650791373455841,-0.759256602365406));
#1165=DIRECTION('',(0.,-0.759256602365406,-0.650791373455841));
#1166=FACE_BOUND('',#1167,.T.);
#1167=EDGE_LOOP('',(#2084,#2085,#2086,#2087));
#1168=PLANE('',#1169);
#1169=AXIS2_PLACEMENT_3D('',#1170,#1171,#1172);
#1170=CARTESIAN_POINT('',(163.,31.,2.));
#1171=DIRECTION('',(-6.61996337664689E-17,1.,0.));
#1172=DIRECTION('',(-1.,-6.61996337664689E-17,0.));
#1173=FACE_BOUND('',#1174,.T.);
#1174=EDGE_LOOP('',(#2088,#2089,#2090,#2091,#2092,#2093,#2094,#2095,#2096,#2097,
#2098,#2099,#2100,#2101,#2102,#2103,#2104,#2105,#2106,#2107,#2108,#2109,#2110,#2111,
#2112,#2113,#2114,#2115,#2116,#2117,#2118,#2119,#2120));
#1175=FACE_BOUND('',#1176,.T.);
#1176=EDGE_LOOP('',(#2121));
#1177=FACE_BOUND('',#1178,.T.);
#1178=EDGE_LOOP('',(#2122));
#1179=PLANE('',#1180);
#1180=AXIS2_PLACEMENT_3D('',#1181,#1182,#1183);
#1181=CARTESIAN_POINT('',(163.,2.,2.));
#1182=DIRECTION('',(0.,1.,0.));
#1183=DIRECTION('',(-1.,0.,0.));
#1184=FACE_BOUND('',#1185,.T.);
#1185=EDGE_LOOP('',(#2123,#2124,#2125,#2126));
#1186=PLANE('',#1187);
#1187=AXIS2_PLACEMENT_3D('',#1188,#1189,#1190);
#1188=CARTESIAN_POINT('',(0.,0.,2.));
#1189=DIRECTION('',(0.,0.,1.));
#1190=DIRECTION('',(1.,0.,0.));
#1191=FACE_BOUND('',#1192,.T.);
#1192=EDGE_LOOP('',(#2127,#2128,#2129,#2130));
#1193=PLANE('',#1194);
#1194=AXIS2_PLACEMENT_3D('',#1195,#1196,#1197);
#1195=CARTESIAN_POINT('',(0.,0.,2.));
#1196=DIRECTION('',(0.,0.,1.));
#1197=DIRECTION('',(1.,0.,0.));
#1198=FACE_BOUND('',#1199,.T.);
#1199=EDGE_LOOP('',(#2131,#2132,#2133,#2134));
#1200=PLANE('',#1201);
#1201=AXIS2_PLACEMENT_3D('',#1202,#1203,#1204);
#1202=CARTESIAN_POINT('',(0.,22.5,55.));
#1203=DIRECTION('',(0.,-1.,1.1842378929335E-15));
#1204=DIRECTION('',(0.,-1.1842378929335E-15,-1.));
#1205=FACE_BOUND('',#1206,.T.);
#1206=EDGE_LOOP('',(#2135,#2136,#2137,#2138));
#1207=PLANE('',#1208);
#1208=AXIS2_PLACEMENT_3D('',#1209,#1210,#1211);
#1209=CARTESIAN_POINT('',(0.,22.5,49.));
#1210=DIRECTION('',(0.,0.,-1.));
#1211=DIRECTION('',(0.,1.,0.));
#1212=FACE_BOUND('',#1213,.T.);
#1213=EDGE_LOOP('',(#2139,#2140,#2141,#2142));
#1214=PLANE('',#1215);
#1215=AXIS2_PLACEMENT_3D('',#1216,#1217,#1218);
#1216=CARTESIAN_POINT('',(0.,37.5,49.));
#1217=DIRECTION('',(0.,1.,-1.06581410364015E-14));
#1218=DIRECTION('',(0.,1.06581410364015E-14,1.));
#1219=FACE_BOUND('',#1220,.T.);
#1220=EDGE_LOOP('',(#2143,#2144,#2145,#2146));
#1221=PLANE('',#1222);
#1222=AXIS2_PLACEMENT_3D('',#1223,#1224,#1225);
#1223=CARTESIAN_POINT('',(0.,37.5000000000002,55.));
#1224=DIRECTION('',(0.,8.52651282912109E-15,1.));
#1225=DIRECTION('',(0.,-1.,8.52651282912109E-15));
#1226=FACE_BOUND('',#1227,.T.);
#1227=EDGE_LOOP('',(#2147,#2148,#2149,#2150));
#1228=PLANE('',#1229);
#1229=AXIS2_PLACEMENT_3D('',#1230,#1231,#1232);
#1230=CARTESIAN_POINT('',(0.,1.,0.));
#1231=DIRECTION('',(0.,-1.,0.));
#1232=DIRECTION('',(-1.,0.,1.22464679914735E-16));
#1233=FACE_BOUND('',#1234,.T.);
#1234=EDGE_LOOP('',(#2151,#2152,#2153,#2154));
#1235=PLANE('',#1236);
#1236=AXIS2_PLACEMENT_3D('',#1237,#1238,#1239);
#1237=CARTESIAN_POINT('',(0.,1.,0.));
#1238=DIRECTION('',(0.,-1.,0.));
#1239=DIRECTION('',(-1.,0.,1.22464679914735E-16));
#1240=FACE_BOUND('',#1241,.T.);
#1241=EDGE_LOOP('',(#2155,#2156,#2157,#2158));
#1242=PLANE('',#1243);
#1243=AXIS2_PLACEMENT_3D('',#1244,#1245,#1246);
#1244=CARTESIAN_POINT('',(0.,1.,0.));
#1245=DIRECTION('',(0.,-1.,0.));
#1246=DIRECTION('',(-1.,0.,1.22464679914735E-16));
#1247=FACE_BOUND('',#1248,.T.);
#1248=EDGE_LOOP('',(#2159,#2160,#2161,#2162));
#1249=PLANE('',#1250);
#1250=AXIS2_PLACEMENT_3D('',#1251,#1252,#1253);
#1251=CARTESIAN_POINT('',(0.,1.,0.));
#1252=DIRECTION('',(0.,-1.,0.));
#1253=DIRECTION('',(-1.,0.,1.22464679914735E-16));
#1254=FACE_BOUND('',#1255,.T.);
#1255=EDGE_LOOP('',(#2163,#2164,#2165,#2166));
#1256=PLANE('',#1257);
#1257=AXIS2_PLACEMENT_3D('',#1258,#1259,#1260);
#1258=CARTESIAN_POINT('',(9.52627944202771,0.,5.5000000007636));
#1259=DIRECTION('',(-0.866025403763445,-5.55111512312578E-17,-0.500000000036362));
#1260=DIRECTION('',(-7.86902371393341E-17,1.,2.52731863173124E-17));
#1261=FACE_BOUND('',#1262,.T.);
#1262=EDGE_LOOP('',(#2167,#2168,#2169,#2170));
#1263=PLANE('',#1264);
#1264=AXIS2_PLACEMENT_3D('',#1265,#1266,#1267);
#1265=CARTESIAN_POINT('',(0.,59.,0.));
#1266=DIRECTION('',(0.,1.,0.));
#1267=DIRECTION('',(1.,0.,0.));
#1268=FACE_BOUND('',#1269,.T.);
#1269=EDGE_LOOP('',(#2171,#2172,#2173,#2174));
#1270=PLANE('',#1271);
#1271=AXIS2_PLACEMENT_3D('',#1272,#1273,#1274);
#1272=CARTESIAN_POINT('',(0.,59.,0.));
#1273=DIRECTION('',(0.,1.,0.));
#1274=DIRECTION('',(1.,0.,0.));
#1275=FACE_BOUND('',#1276,.T.);
#1276=EDGE_LOOP('',(#2175,#2176,#2177,#2178));
#1277=PLANE('',#1278);
#1278=AXIS2_PLACEMENT_3D('',#1279,#1280,#1281);
#1279=CARTESIAN_POINT('',(0.,59.,0.));
#1280=DIRECTION('',(0.,1.,0.));
#1281=DIRECTION('',(1.,0.,0.));
#1282=FACE_BOUND('',#1283,.T.);
#1283=EDGE_LOOP('',(#2179,#2180,#2181,#2182));
#1284=PLANE('',#1285);
#1285=AXIS2_PLACEMENT_3D('',#1286,#1287,#1288);
#1286=CARTESIAN_POINT('',(0.,59.,0.));
#1287=DIRECTION('',(0.,1.,0.));
#1288=DIRECTION('',(1.,0.,0.));
#1289=FACE_BOUND('',#1290,.T.);
#1290=EDGE_LOOP('',(#2183,#2184,#2185,#2186));
#1291=PLANE('',#1292);
#1292=AXIS2_PLACEMENT_3D('',#1293,#1294,#1295);
#1293=CARTESIAN_POINT('',(114.223720551973,0.,-65.9470958149166));
#1294=DIRECTION('',(0.866025403763445,-5.55111512312578E-17,-0.500000000036362));
#1295=DIRECTION('',(-7.86902371393341E-17,-1.,-2.52731863173124E-17));
#1296=FACE_BOUND('',#1297,.T.);
#1297=EDGE_LOOP('',(#2187,#2188,#2189,#2190));
#1298=PLANE('',#1299);
#1299=AXIS2_PLACEMENT_3D('',#1300,#1301,#1302);
#1300=CARTESIAN_POINT('',(0.,0.,22.));
#1301=DIRECTION('',(0.,0.,1.));
#1302=DIRECTION('',(6.12323399573677E-17,-1.,0.));
#1303=FACE_BOUND('',#1304,.T.);
#1304=EDGE_LOOP('',(#2191,#2192,#2193,#2194));
#1305=PLANE('',#1306);
#1306=AXIS2_PLACEMENT_3D('',#1307,#1308,#1309);
#1307=CARTESIAN_POINT('',(0.,0.,2.));
#1308=DIRECTION('',(0.,0.,1.));
#1309=DIRECTION('',(1.,0.,0.));
#1310=FACE_BOUND('',#1311,.T.);
#1311=EDGE_LOOP('',(#2195,#2196,#2197,#2198));
#1312=PLANE('',#1313);
#1313=AXIS2_PLACEMENT_3D('',#1314,#1315,#1316);
#1314=CARTESIAN_POINT('',(0.,0.,22.));
#1315=DIRECTION('',(0.,0.,1.));
#1316=DIRECTION('',(6.12323399573677E-17,-1.,0.));
#1317=FACE_BOUND('',#1318,.T.);
#1318=EDGE_LOOP('',(#2199,#2200,#2201,#2202));
#1319=PLANE('',#1320);
#1320=AXIS2_PLACEMENT_3D('',#1321,#1322,#1323);
#1321=CARTESIAN_POINT('',(0.,0.,2.));
#1322=DIRECTION('',(0.,0.,1.));
#1323=DIRECTION('',(1.,0.,0.));
#1324=FACE_BOUND('',#1325,.T.);
#1325=EDGE_LOOP('',(#2203,#2204,#2205,#2206));
#1326=PLANE('',#1327);
#1327=AXIS2_PLACEMENT_3D('',#1328,#1329,#1330);
#1328=CARTESIAN_POINT('',(0.,0.,22.));
#1329=DIRECTION('',(0.,0.,1.));
#1330=DIRECTION('',(6.12323399573677E-17,-1.,0.));
#1331=FACE_BOUND('',#1332,.T.);
#1332=EDGE_LOOP('',(#2207,#2208,#2209,#2210));
#1333=PLANE('',#1334);
#1334=AXIS2_PLACEMENT_3D('',#1335,#1336,#1337);
#1335=CARTESIAN_POINT('',(0.,0.,2.));
#1336=DIRECTION('',(0.,0.,1.));
#1337=DIRECTION('',(1.,0.,0.));
#1338=FACE_BOUND('',#1339,.T.);
#1339=EDGE_LOOP('',(#2211,#2212,#2213,#2214));
#1340=PLANE('',#1341);
#1341=AXIS2_PLACEMENT_3D('',#1342,#1343,#1344);
#1342=CARTESIAN_POINT('',(0.,0.,22.));
#1343=DIRECTION('',(0.,0.,1.));
#1344=DIRECTION('',(6.12323399573677E-17,-1.,0.));
#1345=FACE_BOUND('',#1346,.T.);
#1346=EDGE_LOOP('',(#2215,#2216,#2217,#2218));
#1347=PLANE('',#1348);
#1348=AXIS2_PLACEMENT_3D('',#1349,#1350,#1351);
#1349=CARTESIAN_POINT('',(0.,0.,2.));
#1350=DIRECTION('',(0.,0.,1.));
#1351=DIRECTION('',(1.,0.,0.));
#1352=FACE_BOUND('',#1353,.T.);
#1353=EDGE_LOOP('',(#2219,#2220,#2221,#2222));
#1354=PLANE('',#1355);
#1355=AXIS2_PLACEMENT_3D('',#1356,#1357,#1358);
#1356=CARTESIAN_POINT('',(0.,0.,22.));
#1357=DIRECTION('',(0.,0.,1.));
#1358=DIRECTION('',(6.12323399573677E-17,-1.,0.));
#1359=FACE_BOUND('',#1360,.T.);
#1360=EDGE_LOOP('',(#2223,#2224,#2225,#2226));
#1361=PLANE('',#1362);
#1362=AXIS2_PLACEMENT_3D('',#1363,#1364,#1365);
#1363=CARTESIAN_POINT('',(0.,0.,2.));
#1364=DIRECTION('',(0.,0.,1.));
#1365=DIRECTION('',(1.,0.,0.));
#1366=FACE_BOUND('',#1367,.T.);
#1367=EDGE_LOOP('',(#2227,#2228,#2229,#2230));
#1368=PLANE('',#1369);
#1369=AXIS2_PLACEMENT_3D('',#1370,#1371,#1372);
#1370=CARTESIAN_POINT('',(0.,0.,22.));
#1371=DIRECTION('',(0.,0.,1.));
#1372=DIRECTION('',(6.12323399573677E-17,-1.,0.));
#1373=ORIENTED_EDGE('',*,*,#2231,.F.);
#1374=ORIENTED_EDGE('',*,*,#2232,.F.);
#1375=ORIENTED_EDGE('',*,*,#2233,.F.);
#1376=ORIENTED_EDGE('',*,*,#2234,.F.);
#1377=ORIENTED_EDGE('',*,*,#2235,.T.);
#1378=ORIENTED_EDGE('',*,*,#2236,.T.);
#1379=ORIENTED_EDGE('',*,*,#2237,.T.);
#1380=ORIENTED_EDGE('',*,*,#2238,.T.);
#1381=ORIENTED_EDGE('',*,*,#2239,.T.);
#1382=ORIENTED_EDGE('',*,*,#2240,.T.);
#1383=ORIENTED_EDGE('',*,*,#2241,.F.);
#1384=ORIENTED_EDGE('',*,*,#2242,.T.);
#1385=ORIENTED_EDGE('',*,*,#2243,.F.);
#1386=ORIENTED_EDGE('',*,*,#2244,.T.);
#1387=ORIENTED_EDGE('',*,*,#2245,.T.);
#1388=ORIENTED_EDGE('',*,*,#2246,.T.);
#1389=ORIENTED_EDGE('',*,*,#2247,.T.);
#1390=ORIENTED_EDGE('',*,*,#2248,.T.);
#1391=ORIENTED_EDGE('',*,*,#2249,.T.);
#1392=ORIENTED_EDGE('',*,*,#2250,.T.);
#1393=ORIENTED_EDGE('',*,*,#2236,.F.);
#1394=ORIENTED_EDGE('',*,*,#2246,.F.);
#1395=ORIENTED_EDGE('',*,*,#2235,.F.);
#1396=ORIENTED_EDGE('',*,*,#2245,.F.);
#1397=ORIENTED_EDGE('',*,*,#2251,.T.);
#1398=ORIENTED_EDGE('',*,*,#2231,.T.);
#1399=ORIENTED_EDGE('',*,*,#2252,.T.);
#1400=ORIENTED_EDGE('',*,*,#2253,.F.);
#1401=ORIENTED_EDGE('',*,*,#2251,.F.);
#1402=ORIENTED_EDGE('',*,*,#2254,.T.);
#1403=ORIENTED_EDGE('',*,*,#2255,.T.);
#1404=ORIENTED_EDGE('',*,*,#2256,.F.);
#1405=ORIENTED_EDGE('',*,*,#2257,.T.);
#1406=ORIENTED_EDGE('',*,*,#2232,.T.);
#1407=ORIENTED_EDGE('',*,*,#2258,.F.);
#1408=ORIENTED_EDGE('',*,*,#2259,.F.);
#1409=ORIENTED_EDGE('',*,*,#2260,.T.);
#1410=ORIENTED_EDGE('',*,*,#2261,.F.);
#1411=ORIENTED_EDGE('',*,*,#2262,.F.);
#1412=ORIENTED_EDGE('',*,*,#2263,.F.);
#1413=ORIENTED_EDGE('',*,*,#2264,.T.);
#1414=ORIENTED_EDGE('',*,*,#2265,.F.);
#1415=ORIENTED_EDGE('',*,*,#2266,.F.);
#1416=ORIENTED_EDGE('',*,*,#2267,.F.);
#1417=ORIENTED_EDGE('',*,*,#2233,.T.);
#1418=ORIENTED_EDGE('',*,*,#2257,.F.);
#1419=ORIENTED_EDGE('',*,*,#2268,.F.);
#1420=ORIENTED_EDGE('',*,*,#2269,.F.);
#1421=ORIENTED_EDGE('',*,*,#2270,.T.);
#1422=ORIENTED_EDGE('',*,*,#2271,.F.);
#1423=ORIENTED_EDGE('',*,*,#2272,.F.);
#1424=ORIENTED_EDGE('',*,*,#2273,.F.);
#1425=ORIENTED_EDGE('',*,*,#2274,.T.);
#1426=ORIENTED_EDGE('',*,*,#2275,.F.);
#1427=ORIENTED_EDGE('',*,*,#2276,.F.);
#1428=ORIENTED_EDGE('',*,*,#2277,.F.);
#1429=ORIENTED_EDGE('',*,*,#2278,.T.);
#1430=ORIENTED_EDGE('',*,*,#2279,.F.);
#1431=ORIENTED_EDGE('',*,*,#2280,.F.);
#1432=ORIENTED_EDGE('',*,*,#2281,.F.);
#1433=ORIENTED_EDGE('',*,*,#2282,.T.);
#1434=ORIENTED_EDGE('',*,*,#2283,.F.);
#1435=ORIENTED_EDGE('',*,*,#2284,.F.);
#1436=ORIENTED_EDGE('',*,*,#2285,.T.);
#1437=ORIENTED_EDGE('',*,*,#2286,.F.);
#1438=ORIENTED_EDGE('',*,*,#2287,.F.);
#1439=ORIENTED_EDGE('',*,*,#2288,.F.);
#1440=ORIENTED_EDGE('',*,*,#2289,.T.);
#1441=ORIENTED_EDGE('',*,*,#2290,.T.);
#1442=ORIENTED_EDGE('',*,*,#2252,.F.);
#1443=ORIENTED_EDGE('',*,*,#2234,.T.);
#1444=ORIENTED_EDGE('',*,*,#2267,.T.);
#1445=ORIENTED_EDGE('',*,*,#2291,.F.);
#1446=ORIENTED_EDGE('',*,*,#2292,.T.);
#1447=ORIENTED_EDGE('',*,*,#2293,.T.);
#1448=ORIENTED_EDGE('',*,*,#2237,.F.);
#1449=ORIENTED_EDGE('',*,*,#2294,.F.);
#1450=ORIENTED_EDGE('',*,*,#2247,.F.);
#1451=ORIENTED_EDGE('',*,*,#2295,.T.);
#1452=ORIENTED_EDGE('',*,*,#2238,.F.);
#1453=ORIENTED_EDGE('',*,*,#2295,.F.);
#1454=ORIENTED_EDGE('',*,*,#2250,.F.);
#1455=ORIENTED_EDGE('',*,*,#2296,.T.);
#1456=ORIENTED_EDGE('',*,*,#2239,.F.);
#1457=ORIENTED_EDGE('',*,*,#2296,.F.);
#1458=ORIENTED_EDGE('',*,*,#2249,.F.);
#1459=ORIENTED_EDGE('',*,*,#2297,.T.);
#1460=ORIENTED_EDGE('',*,*,#2240,.F.);
#1461=ORIENTED_EDGE('',*,*,#2297,.F.);
#1462=ORIENTED_EDGE('',*,*,#2248,.F.);
#1463=ORIENTED_EDGE('',*,*,#2294,.T.);
#1464=ORIENTED_EDGE('',*,*,#2298,.T.);
#1465=ORIENTED_EDGE('',*,*,#2299,.F.);
#1466=ORIENTED_EDGE('',*,*,#2300,.F.);
#1467=ORIENTED_EDGE('',*,*,#2301,.T.);
#1468=ORIENTED_EDGE('',*,*,#2241,.T.);
#1469=ORIENTED_EDGE('',*,*,#2302,.T.);
#1470=ORIENTED_EDGE('',*,*,#2303,.T.);
#1471=ORIENTED_EDGE('',*,*,#2304,.T.);
#1472=ORIENTED_EDGE('',*,*,#2305,.T.);
#1473=ORIENTED_EDGE('',*,*,#2306,.T.);
#1474=ORIENTED_EDGE('',*,*,#2307,.T.);
#1475=ORIENTED_EDGE('',*,*,#2308,.T.);
#1476=ORIENTED_EDGE('',*,*,#2309,.T.);
#1477=ORIENTED_EDGE('',*,*,#2310,.T.);
#1478=ORIENTED_EDGE('',*,*,#2311,.T.);
#1479=ORIENTED_EDGE('',*,*,#2312,.T.);
#1480=ORIENTED_EDGE('',*,*,#2313,.T.);
#1481=ORIENTED_EDGE('',*,*,#2314,.T.);
#1482=ORIENTED_EDGE('',*,*,#2315,.T.);
#1483=ORIENTED_EDGE('',*,*,#2316,.T.);
#1484=ORIENTED_EDGE('',*,*,#2317,.T.);
#1485=ORIENTED_EDGE('',*,*,#2318,.T.);
#1486=ORIENTED_EDGE('',*,*,#2319,.T.);
#1487=ORIENTED_EDGE('',*,*,#2320,.T.);
#1488=ORIENTED_EDGE('',*,*,#2321,.F.);
#1489=ORIENTED_EDGE('',*,*,#2322,.F.);
#1490=ORIENTED_EDGE('',*,*,#2242,.F.);
#1491=ORIENTED_EDGE('',*,*,#2301,.F.);
#1492=ORIENTED_EDGE('',*,*,#2323,.T.);
#1493=ORIENTED_EDGE('',*,*,#2324,.T.);
#1494=ORIENTED_EDGE('',*,*,#2325,.T.);
#1495=ORIENTED_EDGE('',*,*,#2326,.T.);
#1496=ORIENTED_EDGE('',*,*,#2243,.T.);
#1497=ORIENTED_EDGE('',*,*,#2322,.T.);
#1498=ORIENTED_EDGE('',*,*,#2327,.T.);
#1499=ORIENTED_EDGE('',*,*,#2328,.F.);
#1500=ORIENTED_EDGE('',*,*,#2329,.F.);
#1501=ORIENTED_EDGE('',*,*,#2330,.T.);
#1502=ORIENTED_EDGE('',*,*,#2331,.F.);
#1503=ORIENTED_EDGE('',*,*,#2332,.T.);
#1504=ORIENTED_EDGE('',*,*,#2333,.F.);
#1505=ORIENTED_EDGE('',*,*,#2334,.T.);
#1506=ORIENTED_EDGE('',*,*,#2335,.F.);
#1507=ORIENTED_EDGE('',*,*,#2336,.T.);
#1508=ORIENTED_EDGE('',*,*,#2337,.F.);
#1509=ORIENTED_EDGE('',*,*,#2338,.T.);
#1510=ORIENTED_EDGE('',*,*,#2339,.F.);
#1511=ORIENTED_EDGE('',*,*,#2340,.T.);
#1512=ORIENTED_EDGE('',*,*,#2341,.F.);
#1513=ORIENTED_EDGE('',*,*,#2342,.T.);
#1514=ORIENTED_EDGE('',*,*,#2343,.T.);
#1515=ORIENTED_EDGE('',*,*,#2344,.T.);
#1516=ORIENTED_EDGE('',*,*,#2345,.T.);
#1517=ORIENTED_EDGE('',*,*,#2346,.T.);
#1518=ORIENTED_EDGE('',*,*,#2347,.T.);
#1519=ORIENTED_EDGE('',*,*,#2348,.T.);
#1520=ORIENTED_EDGE('',*,*,#2349,.F.);
#1521=ORIENTED_EDGE('',*,*,#2302,.F.);
#1522=ORIENTED_EDGE('',*,*,#2244,.F.);
#1523=ORIENTED_EDGE('',*,*,#2330,.F.);
#1524=ORIENTED_EDGE('',*,*,#2350,.T.);
#1525=ORIENTED_EDGE('',*,*,#2351,.T.);
#1526=ORIENTED_EDGE('',*,*,#2352,.T.);
#1527=ORIENTED_EDGE('',*,*,#2353,.T.);
#1528=ORIENTED_EDGE('',*,*,#2354,.F.);
#1529=ORIENTED_EDGE('',*,*,#2355,.T.);
#1530=ORIENTED_EDGE('',*,*,#2356,.F.);
#1531=ORIENTED_EDGE('',*,*,#2357,.F.);
#1532=ORIENTED_EDGE('',*,*,#2358,.F.);
#1533=ORIENTED_EDGE('',*,*,#2359,.T.);
#1534=ORIENTED_EDGE('',*,*,#2360,.F.);
#1535=ORIENTED_EDGE('',*,*,#2361,.F.);
#1536=ORIENTED_EDGE('',*,*,#2362,.F.);
#1537=ORIENTED_EDGE('',*,*,#2363,.T.);
#1538=ORIENTED_EDGE('',*,*,#2364,.F.);
#1539=ORIENTED_EDGE('',*,*,#2365,.F.);
#1540=ORIENTED_EDGE('',*,*,#2366,.F.);
#1541=ORIENTED_EDGE('',*,*,#2367,.T.);
#1542=ORIENTED_EDGE('',*,*,#2368,.F.);
#1543=ORIENTED_EDGE('',*,*,#2369,.F.);
#1544=ORIENTED_EDGE('',*,*,#2370,.F.);
#1545=ORIENTED_EDGE('',*,*,#2371,.T.);
#1546=ORIENTED_EDGE('',*,*,#2372,.F.);
#1547=ORIENTED_EDGE('',*,*,#2373,.F.);
#1548=ORIENTED_EDGE('',*,*,#2374,.F.);
#1549=ORIENTED_EDGE('',*,*,#2375,.T.);
#1550=ORIENTED_EDGE('',*,*,#2376,.F.);
#1551=ORIENTED_EDGE('',*,*,#2377,.F.);
#1552=ORIENTED_EDGE('',*,*,#2378,.F.);
#1553=ORIENTED_EDGE('',*,*,#2379,.T.);
#1554=ORIENTED_EDGE('',*,*,#2380,.F.);
#1555=ORIENTED_EDGE('',*,*,#2381,.T.);
#1556=ORIENTED_EDGE('',*,*,#2382,.F.);
#1557=ORIENTED_EDGE('',*,*,#2383,.T.);
#1558=ORIENTED_EDGE('',*,*,#2384,.F.);
#1559=ORIENTED_EDGE('',*,*,#2385,.T.);
#1560=ORIENTED_EDGE('',*,*,#2386,.F.);
#1561=ORIENTED_EDGE('',*,*,#2387,.T.);
#1562=ORIENTED_EDGE('',*,*,#2388,.F.);
#1563=ORIENTED_EDGE('',*,*,#2389,.T.);
#1564=ORIENTED_EDGE('',*,*,#2390,.F.);
#1565=ORIENTED_EDGE('',*,*,#2391,.T.);
#1566=ORIENTED_EDGE('',*,*,#2392,.F.);
#1567=ORIENTED_EDGE('',*,*,#2393,.T.);
#1568=ORIENTED_EDGE('',*,*,#2394,.F.);
#1569=ORIENTED_EDGE('',*,*,#2395,.T.);
#1570=ORIENTED_EDGE('',*,*,#2254,.F.);
#1571=ORIENTED_EDGE('',*,*,#2253,.T.);
#1572=ORIENTED_EDGE('',*,*,#2293,.F.);
#1573=ORIENTED_EDGE('',*,*,#2396,.T.);
#1574=ORIENTED_EDGE('',*,*,#2397,.F.);
#1575=ORIENTED_EDGE('',*,*,#2398,.T.);
#1576=ORIENTED_EDGE('',*,*,#2399,.F.);
#1577=ORIENTED_EDGE('',*,*,#2400,.T.);
#1578=ORIENTED_EDGE('',*,*,#2401,.F.);
#1579=ORIENTED_EDGE('',*,*,#2402,.T.);
#1580=ORIENTED_EDGE('',*,*,#2403,.F.);
#1581=ORIENTED_EDGE('',*,*,#2255,.F.);
#1582=ORIENTED_EDGE('',*,*,#2395,.F.);
#1583=ORIENTED_EDGE('',*,*,#2404,.F.);
#1584=ORIENTED_EDGE('',*,*,#2403,.T.);
#1585=ORIENTED_EDGE('',*,*,#2405,.T.);
#1586=ORIENTED_EDGE('',*,*,#2268,.T.);
#1587=ORIENTED_EDGE('',*,*,#2256,.T.);
#1588=ORIENTED_EDGE('',*,*,#2406,.T.);
#1589=ORIENTED_EDGE('',*,*,#2258,.T.);
#1590=ORIENTED_EDGE('',*,*,#2407,.F.);
#1591=ORIENTED_EDGE('',*,*,#2408,.T.);
#1592=ORIENTED_EDGE('',*,*,#2406,.F.);
#1593=ORIENTED_EDGE('',*,*,#2409,.T.);
#1594=ORIENTED_EDGE('',*,*,#2410,.T.);
#1595=ORIENTED_EDGE('',*,*,#2411,.T.);
#1596=ORIENTED_EDGE('',*,*,#2354,.T.);
#1597=ORIENTED_EDGE('',*,*,#2412,.T.);
#1598=ORIENTED_EDGE('',*,*,#2413,.T.);
#1599=ORIENTED_EDGE('',*,*,#2259,.T.);
#1600=ORIENTED_EDGE('',*,*,#2413,.F.);
#1601=ORIENTED_EDGE('',*,*,#2414,.F.);
#1602=ORIENTED_EDGE('',*,*,#2415,.F.);
#1603=ORIENTED_EDGE('',*,*,#2260,.F.);
#1604=ORIENTED_EDGE('',*,*,#2416,.F.);
#1605=ORIENTED_EDGE('',*,*,#2401,.T.);
#1606=ORIENTED_EDGE('',*,*,#2417,.T.);
#1607=ORIENTED_EDGE('',*,*,#2418,.F.);
#1608=ORIENTED_EDGE('',*,*,#2261,.T.);
#1609=ORIENTED_EDGE('',*,*,#2415,.T.);
#1610=ORIENTED_EDGE('',*,*,#2419,.T.);
#1611=ORIENTED_EDGE('',*,*,#2420,.T.);
#1612=ORIENTED_EDGE('',*,*,#2262,.T.);
#1613=ORIENTED_EDGE('',*,*,#2418,.T.);
#1614=ORIENTED_EDGE('',*,*,#2421,.F.);
#1615=ORIENTED_EDGE('',*,*,#2422,.T.);
#1616=ORIENTED_EDGE('',*,*,#2263,.T.);
#1617=ORIENTED_EDGE('',*,*,#2420,.F.);
#1618=ORIENTED_EDGE('',*,*,#2423,.T.);
#1619=ORIENTED_EDGE('',*,*,#2399,.T.);
#1620=ORIENTED_EDGE('',*,*,#2424,.F.);
#1621=ORIENTED_EDGE('',*,*,#2425,.F.);
#1622=ORIENTED_EDGE('',*,*,#2264,.F.);
#1623=ORIENTED_EDGE('',*,*,#2422,.F.);
#1624=ORIENTED_EDGE('',*,*,#2426,.F.);
#1625=ORIENTED_EDGE('',*,*,#2397,.T.);
#1626=ORIENTED_EDGE('',*,*,#2427,.T.);
#1627=ORIENTED_EDGE('',*,*,#2428,.F.);
#1628=ORIENTED_EDGE('',*,*,#2265,.T.);
#1629=ORIENTED_EDGE('',*,*,#2425,.T.);
#1630=ORIENTED_EDGE('',*,*,#2429,.T.);
#1631=ORIENTED_EDGE('',*,*,#2291,.T.);
#1632=ORIENTED_EDGE('',*,*,#2266,.T.);
#1633=ORIENTED_EDGE('',*,*,#2428,.T.);
#1634=ORIENTED_EDGE('',*,*,#2430,.F.);
#1635=ORIENTED_EDGE('',*,*,#2431,.T.);
#1636=ORIENTED_EDGE('',*,*,#2269,.T.);
#1637=ORIENTED_EDGE('',*,*,#2405,.F.);
#1638=ORIENTED_EDGE('',*,*,#2404,.T.);
#1639=ORIENTED_EDGE('',*,*,#2394,.T.);
#1640=ORIENTED_EDGE('',*,*,#2432,.F.);
#1641=ORIENTED_EDGE('',*,*,#2433,.F.);
#1642=ORIENTED_EDGE('',*,*,#2270,.F.);
#1643=ORIENTED_EDGE('',*,*,#2431,.F.);
#1644=ORIENTED_EDGE('',*,*,#2434,.F.);
#1645=ORIENTED_EDGE('',*,*,#2392,.T.);
#1646=ORIENTED_EDGE('',*,*,#2435,.T.);
#1647=ORIENTED_EDGE('',*,*,#2436,.F.);
#1648=ORIENTED_EDGE('',*,*,#2271,.T.);
#1649=ORIENTED_EDGE('',*,*,#2433,.T.);
#1650=ORIENTED_EDGE('',*,*,#2437,.T.);
#1651=ORIENTED_EDGE('',*,*,#2438,.T.);
#1652=ORIENTED_EDGE('',*,*,#2272,.T.);
#1653=ORIENTED_EDGE('',*,*,#2436,.T.);
#1654=ORIENTED_EDGE('',*,*,#2439,.F.);
#1655=ORIENTED_EDGE('',*,*,#2440,.T.);
#1656=ORIENTED_EDGE('',*,*,#2273,.T.);
#1657=ORIENTED_EDGE('',*,*,#2438,.F.);
#1658=ORIENTED_EDGE('',*,*,#2441,.T.);
#1659=ORIENTED_EDGE('',*,*,#2390,.T.);
#1660=ORIENTED_EDGE('',*,*,#2442,.F.);
#1661=ORIENTED_EDGE('',*,*,#2443,.F.);
#1662=ORIENTED_EDGE('',*,*,#2274,.F.);
#1663=ORIENTED_EDGE('',*,*,#2440,.F.);
#1664=ORIENTED_EDGE('',*,*,#2444,.F.);
#1665=ORIENTED_EDGE('',*,*,#2388,.T.);
#1666=ORIENTED_EDGE('',*,*,#2445,.T.);
#1667=ORIENTED_EDGE('',*,*,#2446,.F.);
#1668=ORIENTED_EDGE('',*,*,#2275,.T.);
#1669=ORIENTED_EDGE('',*,*,#2443,.T.);
#1670=ORIENTED_EDGE('',*,*,#2447,.T.);
#1671=ORIENTED_EDGE('',*,*,#2448,.T.);
#1672=ORIENTED_EDGE('',*,*,#2276,.T.);
#1673=ORIENTED_EDGE('',*,*,#2446,.T.);
#1674=ORIENTED_EDGE('',*,*,#2449,.F.);
#1675=ORIENTED_EDGE('',*,*,#2450,.T.);
#1676=ORIENTED_EDGE('',*,*,#2277,.T.);
#1677=ORIENTED_EDGE('',*,*,#2448,.F.);
#1678=ORIENTED_EDGE('',*,*,#2451,.T.);
#1679=ORIENTED_EDGE('',*,*,#2386,.T.);
#1680=ORIENTED_EDGE('',*,*,#2452,.F.);
#1681=ORIENTED_EDGE('',*,*,#2453,.F.);
#1682=ORIENTED_EDGE('',*,*,#2278,.F.);
#1683=ORIENTED_EDGE('',*,*,#2450,.F.);
#1684=ORIENTED_EDGE('',*,*,#2454,.F.);
#1685=ORIENTED_EDGE('',*,*,#2384,.T.);
#1686=ORIENTED_EDGE('',*,*,#2455,.T.);
#1687=ORIENTED_EDGE('',*,*,#2456,.F.);
#1688=ORIENTED_EDGE('',*,*,#2279,.T.);
#1689=ORIENTED_EDGE('',*,*,#2453,.T.);
#1690=ORIENTED_EDGE('',*,*,#2457,.T.);
#1691=ORIENTED_EDGE('',*,*,#2458,.T.);
#1692=ORIENTED_EDGE('',*,*,#2280,.T.);
#1693=ORIENTED_EDGE('',*,*,#2456,.T.);
#1694=ORIENTED_EDGE('',*,*,#2459,.F.);
#1695=ORIENTED_EDGE('',*,*,#2460,.T.);
#1696=ORIENTED_EDGE('',*,*,#2281,.T.);
#1697=ORIENTED_EDGE('',*,*,#2458,.F.);
#1698=ORIENTED_EDGE('',*,*,#2461,.T.);
#1699=ORIENTED_EDGE('',*,*,#2382,.T.);
#1700=ORIENTED_EDGE('',*,*,#2462,.F.);
#1701=ORIENTED_EDGE('',*,*,#2282,.F.);
#1702=ORIENTED_EDGE('',*,*,#2460,.F.);
#1703=ORIENTED_EDGE('',*,*,#2463,.F.);
#1704=ORIENTED_EDGE('',*,*,#2462,.T.);
#1705=ORIENTED_EDGE('',*,*,#2464,.T.);
#1706=ORIENTED_EDGE('',*,*,#2380,.T.);
#1707=ORIENTED_EDGE('',*,*,#2465,.T.);
#1708=ORIENTED_EDGE('',*,*,#2466,.T.);
#1709=ORIENTED_EDGE('',*,*,#2467,.T.);
#1710=ORIENTED_EDGE('',*,*,#2468,.T.);
#1711=ORIENTED_EDGE('',*,*,#2283,.T.);
#1712=ORIENTED_EDGE('',*,*,#2284,.T.);
#1713=ORIENTED_EDGE('',*,*,#2468,.F.);
#1714=ORIENTED_EDGE('',*,*,#2469,.T.);
#1715=ORIENTED_EDGE('',*,*,#2470,.T.);
#1716=ORIENTED_EDGE('',*,*,#2470,.F.);
#1717=ORIENTED_EDGE('',*,*,#2471,.T.);
#1718=ORIENTED_EDGE('',*,*,#2472,.F.);
#1719=ORIENTED_EDGE('',*,*,#2285,.F.);
#1720=ORIENTED_EDGE('',*,*,#2473,.T.);
#1721=ORIENTED_EDGE('',*,*,#2474,.T.);
#1722=ORIENTED_EDGE('',*,*,#2475,.T.);
#1723=ORIENTED_EDGE('',*,*,#2476,.T.);
#1724=ORIENTED_EDGE('',*,*,#2299,.T.);
#1725=ORIENTED_EDGE('',*,*,#2477,.T.);
#1726=ORIENTED_EDGE('',*,*,#2328,.T.);
#1727=ORIENTED_EDGE('',*,*,#2478,.T.);
#1728=ORIENTED_EDGE('',*,*,#2286,.T.);
#1729=ORIENTED_EDGE('',*,*,#2472,.T.);
#1730=ORIENTED_EDGE('',*,*,#2479,.T.);
#1731=ORIENTED_EDGE('',*,*,#2480,.T.);
#1732=ORIENTED_EDGE('',*,*,#2300,.T.);
#1733=ORIENTED_EDGE('',*,*,#2480,.F.);
#1734=ORIENTED_EDGE('',*,*,#2481,.F.);
#1735=ORIENTED_EDGE('',*,*,#2482,.F.);
#1736=ORIENTED_EDGE('',*,*,#2287,.T.);
#1737=ORIENTED_EDGE('',*,*,#2478,.F.);
#1738=ORIENTED_EDGE('',*,*,#2327,.F.);
#1739=ORIENTED_EDGE('',*,*,#2321,.T.);
#1740=ORIENTED_EDGE('',*,*,#2288,.T.);
#1741=ORIENTED_EDGE('',*,*,#2482,.T.);
#1742=ORIENTED_EDGE('',*,*,#2483,.T.);
#1743=ORIENTED_EDGE('',*,*,#2407,.T.);
#1744=ORIENTED_EDGE('',*,*,#2348,.F.);
#1745=ORIENTED_EDGE('',*,*,#2289,.F.);
#1746=ORIENTED_EDGE('',*,*,#2347,.F.);
#1747=ORIENTED_EDGE('',*,*,#2290,.F.);
#1748=ORIENTED_EDGE('',*,*,#2429,.F.);
#1749=ORIENTED_EDGE('',*,*,#2427,.F.);
#1750=ORIENTED_EDGE('',*,*,#2396,.F.);
#1751=ORIENTED_EDGE('',*,*,#2292,.F.);
#1752=ORIENTED_EDGE('',*,*,#2349,.T.);
#1753=ORIENTED_EDGE('',*,*,#2329,.T.);
#1754=ORIENTED_EDGE('',*,*,#2477,.F.);
#1755=ORIENTED_EDGE('',*,*,#2298,.F.);
#1756=ORIENTED_EDGE('',*,*,#2484,.T.);
#1757=ORIENTED_EDGE('',*,*,#2485,.T.);
#1758=ORIENTED_EDGE('',*,*,#2486,.T.);
#1759=ORIENTED_EDGE('',*,*,#2487,.T.);
#1760=ORIENTED_EDGE('',*,*,#2303,.F.);
#1761=ORIENTED_EDGE('',*,*,#2488,.F.);
#1762=ORIENTED_EDGE('',*,*,#2489,.F.);
#1763=ORIENTED_EDGE('',*,*,#2490,.T.);
#1764=ORIENTED_EDGE('',*,*,#2304,.F.);
#1765=ORIENTED_EDGE('',*,*,#2490,.F.);
#1766=ORIENTED_EDGE('',*,*,#2491,.F.);
#1767=ORIENTED_EDGE('',*,*,#2492,.T.);
#1768=ORIENTED_EDGE('',*,*,#2305,.F.);
#1769=ORIENTED_EDGE('',*,*,#2492,.F.);
#1770=ORIENTED_EDGE('',*,*,#2493,.F.);
#1771=ORIENTED_EDGE('',*,*,#2494,.T.);
#1772=ORIENTED_EDGE('',*,*,#2306,.F.);
#1773=ORIENTED_EDGE('',*,*,#2494,.F.);
#1774=ORIENTED_EDGE('',*,*,#2495,.F.);
#1775=ORIENTED_EDGE('',*,*,#2488,.T.);
#1776=ORIENTED_EDGE('',*,*,#2307,.F.);
#1777=ORIENTED_EDGE('',*,*,#2496,.F.);
#1778=ORIENTED_EDGE('',*,*,#2497,.F.);
#1779=ORIENTED_EDGE('',*,*,#2498,.T.);
#1780=ORIENTED_EDGE('',*,*,#2308,.F.);
#1781=ORIENTED_EDGE('',*,*,#2498,.F.);
#1782=ORIENTED_EDGE('',*,*,#2499,.F.);
#1783=ORIENTED_EDGE('',*,*,#2500,.T.);
#1784=ORIENTED_EDGE('',*,*,#2309,.F.);
#1785=ORIENTED_EDGE('',*,*,#2500,.F.);
#1786=ORIENTED_EDGE('',*,*,#2501,.F.);
#1787=ORIENTED_EDGE('',*,*,#2502,.T.);
#1788=ORIENTED_EDGE('',*,*,#2310,.F.);
#1789=ORIENTED_EDGE('',*,*,#2502,.F.);
#1790=ORIENTED_EDGE('',*,*,#2503,.F.);
#1791=ORIENTED_EDGE('',*,*,#2496,.T.);
#1792=ORIENTED_EDGE('',*,*,#2311,.F.);
#1793=ORIENTED_EDGE('',*,*,#2504,.F.);
#1794=ORIENTED_EDGE('',*,*,#2505,.F.);
#1795=ORIENTED_EDGE('',*,*,#2506,.T.);
#1796=ORIENTED_EDGE('',*,*,#2312,.F.);
#1797=ORIENTED_EDGE('',*,*,#2506,.F.);
#1798=ORIENTED_EDGE('',*,*,#2507,.F.);
#1799=ORIENTED_EDGE('',*,*,#2508,.T.);
#1800=ORIENTED_EDGE('',*,*,#2313,.F.);
#1801=ORIENTED_EDGE('',*,*,#2508,.F.);
#1802=ORIENTED_EDGE('',*,*,#2509,.F.);
#1803=ORIENTED_EDGE('',*,*,#2510,.T.);
#1804=ORIENTED_EDGE('',*,*,#2314,.F.);
#1805=ORIENTED_EDGE('',*,*,#2510,.F.);
#1806=ORIENTED_EDGE('',*,*,#2511,.F.);
#1807=ORIENTED_EDGE('',*,*,#2504,.T.);
#1808=ORIENTED_EDGE('',*,*,#2315,.F.);
#1809=ORIENTED_EDGE('',*,*,#2512,.F.);
#1810=ORIENTED_EDGE('',*,*,#2513,.F.);
#1811=ORIENTED_EDGE('',*,*,#2514,.T.);
#1812=ORIENTED_EDGE('',*,*,#2316,.F.);
#1813=ORIENTED_EDGE('',*,*,#2514,.F.);
#1814=ORIENTED_EDGE('',*,*,#2515,.F.);
#1815=ORIENTED_EDGE('',*,*,#2516,.T.);
#1816=ORIENTED_EDGE('',*,*,#2317,.F.);
#1817=ORIENTED_EDGE('',*,*,#2516,.F.);
#1818=ORIENTED_EDGE('',*,*,#2517,.F.);
#1819=ORIENTED_EDGE('',*,*,#2518,.T.);
#1820=ORIENTED_EDGE('',*,*,#2318,.F.);
#1821=ORIENTED_EDGE('',*,*,#2518,.F.);
#1822=ORIENTED_EDGE('',*,*,#2519,.F.);
#1823=ORIENTED_EDGE('',*,*,#2512,.T.);
#1824=ORIENTED_EDGE('',*,*,#2520,.F.);
#1825=ORIENTED_EDGE('',*,*,#2319,.F.);
#1826=ORIENTED_EDGE('',*,*,#2521,.F.);
#1827=ORIENTED_EDGE('',*,*,#2320,.F.);
#1828=ORIENTED_EDGE('',*,*,#2323,.F.);
#1829=ORIENTED_EDGE('',*,*,#2522,.F.);
#1830=ORIENTED_EDGE('',*,*,#2523,.F.);
#1831=ORIENTED_EDGE('',*,*,#2524,.T.);
#1832=ORIENTED_EDGE('',*,*,#2324,.F.);
#1833=ORIENTED_EDGE('',*,*,#2524,.F.);
#1834=ORIENTED_EDGE('',*,*,#2525,.F.);
#1835=ORIENTED_EDGE('',*,*,#2526,.T.);
#1836=ORIENTED_EDGE('',*,*,#2325,.F.);
#1837=ORIENTED_EDGE('',*,*,#2526,.F.);
#1838=ORIENTED_EDGE('',*,*,#2527,.F.);
#1839=ORIENTED_EDGE('',*,*,#2528,.T.);
#1840=ORIENTED_EDGE('',*,*,#2326,.F.);
#1841=ORIENTED_EDGE('',*,*,#2528,.F.);
#1842=ORIENTED_EDGE('',*,*,#2529,.F.);
#1843=ORIENTED_EDGE('',*,*,#2522,.T.);
#1844=ORIENTED_EDGE('',*,*,#2530,.F.);
#1845=ORIENTED_EDGE('',*,*,#2331,.T.);
#1846=ORIENTED_EDGE('',*,*,#2531,.T.);
#1847=ORIENTED_EDGE('',*,*,#2532,.F.);
#1848=ORIENTED_EDGE('',*,*,#2530,.T.);
#1849=ORIENTED_EDGE('',*,*,#2533,.F.);
#1850=ORIENTED_EDGE('',*,*,#2534,.F.);
#1851=ORIENTED_EDGE('',*,*,#2332,.F.);
#1852=ORIENTED_EDGE('',*,*,#2535,.F.);
#1853=ORIENTED_EDGE('',*,*,#2333,.T.);
#1854=ORIENTED_EDGE('',*,*,#2534,.T.);
#1855=ORIENTED_EDGE('',*,*,#2536,.F.);
#1856=ORIENTED_EDGE('',*,*,#2531,.F.);
#1857=ORIENTED_EDGE('',*,*,#2334,.F.);
#1858=ORIENTED_EDGE('',*,*,#2535,.T.);
#1859=ORIENTED_EDGE('',*,*,#2537,.F.);
#1860=ORIENTED_EDGE('',*,*,#2538,.F.);
#1861=ORIENTED_EDGE('',*,*,#2335,.T.);
#1862=ORIENTED_EDGE('',*,*,#2539,.T.);
#1863=ORIENTED_EDGE('',*,*,#2540,.F.);
#1864=ORIENTED_EDGE('',*,*,#2538,.T.);
#1865=ORIENTED_EDGE('',*,*,#2541,.F.);
#1866=ORIENTED_EDGE('',*,*,#2542,.F.);
#1867=ORIENTED_EDGE('',*,*,#2336,.F.);
#1868=ORIENTED_EDGE('',*,*,#2543,.F.);
#1869=ORIENTED_EDGE('',*,*,#2337,.T.);
#1870=ORIENTED_EDGE('',*,*,#2542,.T.);
#1871=ORIENTED_EDGE('',*,*,#2544,.F.);
#1872=ORIENTED_EDGE('',*,*,#2539,.F.);
#1873=ORIENTED_EDGE('',*,*,#2338,.F.);
#1874=ORIENTED_EDGE('',*,*,#2543,.T.);
#1875=ORIENTED_EDGE('',*,*,#2545,.F.);
#1876=ORIENTED_EDGE('',*,*,#2546,.F.);
#1877=ORIENTED_EDGE('',*,*,#2339,.T.);
#1878=ORIENTED_EDGE('',*,*,#2547,.T.);
#1879=ORIENTED_EDGE('',*,*,#2548,.F.);
#1880=ORIENTED_EDGE('',*,*,#2546,.T.);
#1881=ORIENTED_EDGE('',*,*,#2549,.F.);
#1882=ORIENTED_EDGE('',*,*,#2550,.F.);
#1883=ORIENTED_EDGE('',*,*,#2340,.F.);
#1884=ORIENTED_EDGE('',*,*,#2551,.F.);
#1885=ORIENTED_EDGE('',*,*,#2341,.T.);
#1886=ORIENTED_EDGE('',*,*,#2550,.T.);
#1887=ORIENTED_EDGE('',*,*,#2552,.F.);
#1888=ORIENTED_EDGE('',*,*,#2547,.F.);
#1889=ORIENTED_EDGE('',*,*,#2342,.F.);
#1890=ORIENTED_EDGE('',*,*,#2551,.T.);
#1891=ORIENTED_EDGE('',*,*,#2553,.F.);
#1892=ORIENTED_EDGE('',*,*,#2554,.F.);
#1893=ORIENTED_EDGE('',*,*,#2555,.T.);
#1894=ORIENTED_EDGE('',*,*,#2556,.T.);
#1895=ORIENTED_EDGE('',*,*,#2343,.F.);
#1896=ORIENTED_EDGE('',*,*,#2556,.F.);
#1897=ORIENTED_EDGE('',*,*,#2557,.F.);
#1898=ORIENTED_EDGE('',*,*,#2558,.T.);
#1899=ORIENTED_EDGE('',*,*,#2344,.F.);
#1900=ORIENTED_EDGE('',*,*,#2558,.F.);
#1901=ORIENTED_EDGE('',*,*,#2559,.T.);
#1902=ORIENTED_EDGE('',*,*,#2560,.T.);
#1903=ORIENTED_EDGE('',*,*,#2345,.F.);
#1904=ORIENTED_EDGE('',*,*,#2554,.T.);
#1905=ORIENTED_EDGE('',*,*,#2346,.F.);
#1906=ORIENTED_EDGE('',*,*,#2560,.F.);
#1907=ORIENTED_EDGE('',*,*,#2561,.F.);
#1908=ORIENTED_EDGE('',*,*,#2350,.F.);
#1909=ORIENTED_EDGE('',*,*,#2562,.F.);
#1910=ORIENTED_EDGE('',*,*,#2563,.F.);
#1911=ORIENTED_EDGE('',*,*,#2564,.T.);
#1912=ORIENTED_EDGE('',*,*,#2351,.F.);
#1913=ORIENTED_EDGE('',*,*,#2564,.F.);
#1914=ORIENTED_EDGE('',*,*,#2565,.F.);
#1915=ORIENTED_EDGE('',*,*,#2566,.T.);
#1916=ORIENTED_EDGE('',*,*,#2352,.F.);
#1917=ORIENTED_EDGE('',*,*,#2566,.F.);
#1918=ORIENTED_EDGE('',*,*,#2567,.F.);
#1919=ORIENTED_EDGE('',*,*,#2568,.T.);
#1920=ORIENTED_EDGE('',*,*,#2353,.F.);
#1921=ORIENTED_EDGE('',*,*,#2568,.F.);
#1922=ORIENTED_EDGE('',*,*,#2569,.F.);
#1923=ORIENTED_EDGE('',*,*,#2562,.T.);
#1924=ORIENTED_EDGE('',*,*,#2411,.F.);
#1925=ORIENTED_EDGE('',*,*,#2570,.T.);
#1926=ORIENTED_EDGE('',*,*,#2571,.T.);
#1927=ORIENTED_EDGE('',*,*,#2355,.F.);
#1928=ORIENTED_EDGE('',*,*,#2571,.F.);
#1929=ORIENTED_EDGE('',*,*,#2572,.T.);
#1930=ORIENTED_EDGE('',*,*,#2573,.T.);
#1931=ORIENTED_EDGE('',*,*,#2574,.F.);
#1932=ORIENTED_EDGE('',*,*,#2575,.T.);
#1933=ORIENTED_EDGE('',*,*,#2356,.T.);
#1934=ORIENTED_EDGE('',*,*,#2576,.F.);
#1935=ORIENTED_EDGE('',*,*,#2577,.F.);
#1936=ORIENTED_EDGE('',*,*,#2357,.T.);
#1937=ORIENTED_EDGE('',*,*,#2575,.F.);
#1938=ORIENTED_EDGE('',*,*,#2578,.F.);
#1939=ORIENTED_EDGE('',*,*,#2358,.T.);
#1940=ORIENTED_EDGE('',*,*,#2577,.T.);
#1941=ORIENTED_EDGE('',*,*,#2579,.F.);
#1942=ORIENTED_EDGE('',*,*,#2580,.T.);
#1943=ORIENTED_EDGE('',*,*,#2581,.T.);
#1944=ORIENTED_EDGE('',*,*,#2582,.T.);
#1945=ORIENTED_EDGE('',*,*,#2359,.F.);
#1946=ORIENTED_EDGE('',*,*,#2578,.T.);
#1947=ORIENTED_EDGE('',*,*,#2583,.T.);
#1948=ORIENTED_EDGE('',*,*,#2582,.F.);
#1949=ORIENTED_EDGE('',*,*,#2584,.T.);
#1950=ORIENTED_EDGE('',*,*,#2585,.T.);
#1951=ORIENTED_EDGE('',*,*,#2586,.F.);
#1952=ORIENTED_EDGE('',*,*,#2587,.T.);
#1953=ORIENTED_EDGE('',*,*,#2360,.T.);
#1954=ORIENTED_EDGE('',*,*,#2588,.F.);
#1955=ORIENTED_EDGE('',*,*,#2589,.F.);
#1956=ORIENTED_EDGE('',*,*,#2361,.T.);
#1957=ORIENTED_EDGE('',*,*,#2587,.F.);
#1958=ORIENTED_EDGE('',*,*,#2590,.F.);
#1959=ORIENTED_EDGE('',*,*,#2362,.T.);
#1960=ORIENTED_EDGE('',*,*,#2589,.T.);
#1961=ORIENTED_EDGE('',*,*,#2591,.F.);
#1962=ORIENTED_EDGE('',*,*,#2592,.T.);
#1963=ORIENTED_EDGE('',*,*,#2593,.T.);
#1964=ORIENTED_EDGE('',*,*,#2594,.T.);
#1965=ORIENTED_EDGE('',*,*,#2363,.F.);
#1966=ORIENTED_EDGE('',*,*,#2590,.T.);
#1967=ORIENTED_EDGE('',*,*,#2595,.T.);
#1968=ORIENTED_EDGE('',*,*,#2594,.F.);
#1969=ORIENTED_EDGE('',*,*,#2596,.T.);
#1970=ORIENTED_EDGE('',*,*,#2597,.T.);
#1971=ORIENTED_EDGE('',*,*,#2598,.F.);
#1972=ORIENTED_EDGE('',*,*,#2599,.T.);
#1973=ORIENTED_EDGE('',*,*,#2364,.T.);
#1974=ORIENTED_EDGE('',*,*,#2600,.F.);
#1975=ORIENTED_EDGE('',*,*,#2601,.F.);
#1976=ORIENTED_EDGE('',*,*,#2365,.T.);
#1977=ORIENTED_EDGE('',*,*,#2599,.F.);
#1978=ORIENTED_EDGE('',*,*,#2602,.F.);
#1979=ORIENTED_EDGE('',*,*,#2366,.T.);
#1980=ORIENTED_EDGE('',*,*,#2601,.T.);
#1981=ORIENTED_EDGE('',*,*,#2603,.F.);
#1982=ORIENTED_EDGE('',*,*,#2604,.T.);
#1983=ORIENTED_EDGE('',*,*,#2605,.T.);
#1984=ORIENTED_EDGE('',*,*,#2606,.T.);
#1985=ORIENTED_EDGE('',*,*,#2367,.F.);
#1986=ORIENTED_EDGE('',*,*,#2602,.T.);
#1987=ORIENTED_EDGE('',*,*,#2607,.T.);
#1988=ORIENTED_EDGE('',*,*,#2606,.F.);
#1989=ORIENTED_EDGE('',*,*,#2608,.T.);
#1990=ORIENTED_EDGE('',*,*,#2609,.T.);
#1991=ORIENTED_EDGE('',*,*,#2610,.F.);
#1992=ORIENTED_EDGE('',*,*,#2611,.T.);
#1993=ORIENTED_EDGE('',*,*,#2368,.T.);
#1994=ORIENTED_EDGE('',*,*,#2612,.F.);
#1995=ORIENTED_EDGE('',*,*,#2613,.F.);
#1996=ORIENTED_EDGE('',*,*,#2369,.T.);
#1997=ORIENTED_EDGE('',*,*,#2611,.F.);
#1998=ORIENTED_EDGE('',*,*,#2614,.F.);
#1999=ORIENTED_EDGE('',*,*,#2370,.T.);
#2000=ORIENTED_EDGE('',*,*,#2613,.T.);
#2001=ORIENTED_EDGE('',*,*,#2615,.F.);
#2002=ORIENTED_EDGE('',*,*,#2616,.T.);
#2003=ORIENTED_EDGE('',*,*,#2617,.T.);
#2004=ORIENTED_EDGE('',*,*,#2618,.T.);
#2005=ORIENTED_EDGE('',*,*,#2371,.F.);
#2006=ORIENTED_EDGE('',*,*,#2614,.T.);
#2007=ORIENTED_EDGE('',*,*,#2619,.T.);
#2008=ORIENTED_EDGE('',*,*,#2618,.F.);
#2009=ORIENTED_EDGE('',*,*,#2620,.T.);
#2010=ORIENTED_EDGE('',*,*,#2621,.T.);
#2011=ORIENTED_EDGE('',*,*,#2622,.F.);
#2012=ORIENTED_EDGE('',*,*,#2623,.T.);
#2013=ORIENTED_EDGE('',*,*,#2372,.T.);
#2014=ORIENTED_EDGE('',*,*,#2624,.F.);
#2015=ORIENTED_EDGE('',*,*,#2625,.F.);
#2016=ORIENTED_EDGE('',*,*,#2373,.T.);
#2017=ORIENTED_EDGE('',*,*,#2623,.F.);
#2018=ORIENTED_EDGE('',*,*,#2626,.F.);
#2019=ORIENTED_EDGE('',*,*,#2374,.T.);
#2020=ORIENTED_EDGE('',*,*,#2625,.T.);
#2021=ORIENTED_EDGE('',*,*,#2627,.F.);
#2022=ORIENTED_EDGE('',*,*,#2628,.T.);
#2023=ORIENTED_EDGE('',*,*,#2629,.T.);
#2024=ORIENTED_EDGE('',*,*,#2630,.T.);
#2025=ORIENTED_EDGE('',*,*,#2375,.F.);
#2026=ORIENTED_EDGE('',*,*,#2626,.T.);
#2027=ORIENTED_EDGE('',*,*,#2631,.T.);
#2028=ORIENTED_EDGE('',*,*,#2630,.F.);
#2029=ORIENTED_EDGE('',*,*,#2632,.T.);
#2030=ORIENTED_EDGE('',*,*,#2633,.T.);
#2031=ORIENTED_EDGE('',*,*,#2634,.F.);
#2032=ORIENTED_EDGE('',*,*,#2635,.T.);
#2033=ORIENTED_EDGE('',*,*,#2376,.T.);
#2034=ORIENTED_EDGE('',*,*,#2636,.F.);
#2035=ORIENTED_EDGE('',*,*,#2637,.F.);
#2036=ORIENTED_EDGE('',*,*,#2377,.T.);
#2037=ORIENTED_EDGE('',*,*,#2635,.F.);
#2038=ORIENTED_EDGE('',*,*,#2638,.F.);
#2039=ORIENTED_EDGE('',*,*,#2378,.T.);
#2040=ORIENTED_EDGE('',*,*,#2637,.T.);
#2041=ORIENTED_EDGE('',*,*,#2639,.F.);
#2042=ORIENTED_EDGE('',*,*,#2640,.T.);
#2043=ORIENTED_EDGE('',*,*,#2641,.T.);
#2044=ORIENTED_EDGE('',*,*,#2465,.F.);
#2045=ORIENTED_EDGE('',*,*,#2379,.F.);
#2046=ORIENTED_EDGE('',*,*,#2638,.T.);
#2047=ORIENTED_EDGE('',*,*,#2642,.T.);
#2048=ORIENTED_EDGE('',*,*,#2464,.F.);
#2049=ORIENTED_EDGE('',*,*,#2463,.T.);
#2050=ORIENTED_EDGE('',*,*,#2459,.T.);
#2051=ORIENTED_EDGE('',*,*,#2381,.F.);
#2052=ORIENTED_EDGE('',*,*,#2457,.F.);
#2053=ORIENTED_EDGE('',*,*,#2455,.F.);
#2054=ORIENTED_EDGE('',*,*,#2383,.F.);
#2055=ORIENTED_EDGE('',*,*,#2461,.F.);
#2056=ORIENTED_EDGE('',*,*,#2454,.T.);
#2057=ORIENTED_EDGE('',*,*,#2452,.T.);
#2058=ORIENTED_EDGE('',*,*,#2449,.T.);
#2059=ORIENTED_EDGE('',*,*,#2385,.F.);
#2060=ORIENTED_EDGE('',*,*,#2447,.F.);
#2061=ORIENTED_EDGE('',*,*,#2445,.F.);
#2062=ORIENTED_EDGE('',*,*,#2387,.F.);
#2063=ORIENTED_EDGE('',*,*,#2451,.F.);
#2064=ORIENTED_EDGE('',*,*,#2444,.T.);
#2065=ORIENTED_EDGE('',*,*,#2442,.T.);
#2066=ORIENTED_EDGE('',*,*,#2439,.T.);
#2067=ORIENTED_EDGE('',*,*,#2389,.F.);
#2068=ORIENTED_EDGE('',*,*,#2437,.F.);
#2069=ORIENTED_EDGE('',*,*,#2435,.F.);
#2070=ORIENTED_EDGE('',*,*,#2391,.F.);
#2071=ORIENTED_EDGE('',*,*,#2441,.F.);
#2072=ORIENTED_EDGE('',*,*,#2434,.T.);
#2073=ORIENTED_EDGE('',*,*,#2432,.T.);
#2074=ORIENTED_EDGE('',*,*,#2430,.T.);
#2075=ORIENTED_EDGE('',*,*,#2393,.F.);
#2076=ORIENTED_EDGE('',*,*,#2426,.T.);
#2077=ORIENTED_EDGE('',*,*,#2424,.T.);
#2078=ORIENTED_EDGE('',*,*,#2421,.T.);
#2079=ORIENTED_EDGE('',*,*,#2398,.F.);
#2080=ORIENTED_EDGE('',*,*,#2419,.F.);
#2081=ORIENTED_EDGE('',*,*,#2417,.F.);
#2082=ORIENTED_EDGE('',*,*,#2400,.F.);
#2083=ORIENTED_EDGE('',*,*,#2423,.F.);
#2084=ORIENTED_EDGE('',*,*,#2412,.F.);
#2085=ORIENTED_EDGE('',*,*,#2402,.F.);
#2086=ORIENTED_EDGE('',*,*,#2416,.T.);
#2087=ORIENTED_EDGE('',*,*,#2414,.T.);
#2088=ORIENTED_EDGE('',*,*,#2408,.F.);
#2089=ORIENTED_EDGE('',*,*,#2483,.F.);
#2090=ORIENTED_EDGE('',*,*,#2481,.T.);
#2091=ORIENTED_EDGE('',*,*,#2479,.F.);
#2092=ORIENTED_EDGE('',*,*,#2471,.F.);
#2093=ORIENTED_EDGE('',*,*,#2469,.F.);
#2094=ORIENTED_EDGE('',*,*,#2467,.F.);
#2095=ORIENTED_EDGE('',*,*,#2643,.T.);
#2096=ORIENTED_EDGE('',*,*,#2640,.F.);
#2097=ORIENTED_EDGE('',*,*,#2644,.F.);
#2098=ORIENTED_EDGE('',*,*,#2633,.F.);
#2099=ORIENTED_EDGE('',*,*,#2645,.T.);
#2100=ORIENTED_EDGE('',*,*,#2628,.F.);
#2101=ORIENTED_EDGE('',*,*,#2646,.F.);
#2102=ORIENTED_EDGE('',*,*,#2621,.F.);
#2103=ORIENTED_EDGE('',*,*,#2647,.T.);
#2104=ORIENTED_EDGE('',*,*,#2616,.F.);
#2105=ORIENTED_EDGE('',*,*,#2648,.F.);
#2106=ORIENTED_EDGE('',*,*,#2609,.F.);
#2107=ORIENTED_EDGE('',*,*,#2649,.T.);
#2108=ORIENTED_EDGE('',*,*,#2604,.F.);
#2109=ORIENTED_EDGE('',*,*,#2650,.F.);
#2110=ORIENTED_EDGE('',*,*,#2597,.F.);
#2111=ORIENTED_EDGE('',*,*,#2651,.T.);
#2112=ORIENTED_EDGE('',*,*,#2592,.F.);
#2113=ORIENTED_EDGE('',*,*,#2652,.F.);
#2114=ORIENTED_EDGE('',*,*,#2585,.F.);
#2115=ORIENTED_EDGE('',*,*,#2653,.T.);
#2116=ORIENTED_EDGE('',*,*,#2580,.F.);
#2117=ORIENTED_EDGE('',*,*,#2654,.F.);
#2118=ORIENTED_EDGE('',*,*,#2573,.F.);
#2119=ORIENTED_EDGE('',*,*,#2655,.T.);
#2120=ORIENTED_EDGE('',*,*,#2409,.F.);
#2121=ORIENTED_EDGE('',*,*,#2521,.T.);
#2122=ORIENTED_EDGE('',*,*,#2520,.T.);
#2123=ORIENTED_EDGE('',*,*,#2410,.F.);
#2124=ORIENTED_EDGE('',*,*,#2655,.F.);
#2125=ORIENTED_EDGE('',*,*,#2572,.F.);
#2126=ORIENTED_EDGE('',*,*,#2570,.F.);
#2127=ORIENTED_EDGE('',*,*,#2466,.F.);
#2128=ORIENTED_EDGE('',*,*,#2642,.F.);
#2129=ORIENTED_EDGE('',*,*,#2641,.F.);
#2130=ORIENTED_EDGE('',*,*,#2643,.F.);
#2131=ORIENTED_EDGE('',*,*,#2473,.F.);
#2132=ORIENTED_EDGE('',*,*,#2656,.T.);
#2133=ORIENTED_EDGE('',*,*,#2484,.F.);
#2134=ORIENTED_EDGE('',*,*,#2657,.F.);
#2135=ORIENTED_EDGE('',*,*,#2474,.F.);
#2136=ORIENTED_EDGE('',*,*,#2657,.T.);
#2137=ORIENTED_EDGE('',*,*,#2487,.F.);
#2138=ORIENTED_EDGE('',*,*,#2658,.F.);
#2139=ORIENTED_EDGE('',*,*,#2475,.F.);
#2140=ORIENTED_EDGE('',*,*,#2658,.T.);
#2141=ORIENTED_EDGE('',*,*,#2486,.F.);
#2142=ORIENTED_EDGE('',*,*,#2659,.F.);
#2143=ORIENTED_EDGE('',*,*,#2476,.F.);
#2144=ORIENTED_EDGE('',*,*,#2659,.T.);
#2145=ORIENTED_EDGE('',*,*,#2485,.F.);
#2146=ORIENTED_EDGE('',*,*,#2656,.F.);
#2147=ORIENTED_EDGE('',*,*,#2489,.T.);
#2148=ORIENTED_EDGE('',*,*,#2495,.T.);
#2149=ORIENTED_EDGE('',*,*,#2493,.T.);
#2150=ORIENTED_EDGE('',*,*,#2491,.T.);
#2151=ORIENTED_EDGE('',*,*,#2497,.T.);
#2152=ORIENTED_EDGE('',*,*,#2503,.T.);
#2153=ORIENTED_EDGE('',*,*,#2501,.T.);
#2154=ORIENTED_EDGE('',*,*,#2499,.T.);
#2155=ORIENTED_EDGE('',*,*,#2505,.T.);
#2156=ORIENTED_EDGE('',*,*,#2511,.T.);
#2157=ORIENTED_EDGE('',*,*,#2509,.T.);
#2158=ORIENTED_EDGE('',*,*,#2507,.T.);
#2159=ORIENTED_EDGE('',*,*,#2513,.T.);
#2160=ORIENTED_EDGE('',*,*,#2519,.T.);
#2161=ORIENTED_EDGE('',*,*,#2517,.T.);
#2162=ORIENTED_EDGE('',*,*,#2515,.T.);
#2163=ORIENTED_EDGE('',*,*,#2523,.T.);
#2164=ORIENTED_EDGE('',*,*,#2529,.T.);
#2165=ORIENTED_EDGE('',*,*,#2527,.T.);
#2166=ORIENTED_EDGE('',*,*,#2525,.T.);
#2167=ORIENTED_EDGE('',*,*,#2532,.T.);
#2168=ORIENTED_EDGE('',*,*,#2537,.T.);
#2169=ORIENTED_EDGE('',*,*,#2536,.T.);
#2170=ORIENTED_EDGE('',*,*,#2533,.T.);
#2171=ORIENTED_EDGE('',*,*,#2540,.T.);
#2172=ORIENTED_EDGE('',*,*,#2545,.T.);
#2173=ORIENTED_EDGE('',*,*,#2544,.T.);
#2174=ORIENTED_EDGE('',*,*,#2541,.T.);
#2175=ORIENTED_EDGE('',*,*,#2548,.T.);
#2176=ORIENTED_EDGE('',*,*,#2553,.T.);
#2177=ORIENTED_EDGE('',*,*,#2552,.T.);
#2178=ORIENTED_EDGE('',*,*,#2549,.T.);
#2179=ORIENTED_EDGE('',*,*,#2555,.F.);
#2180=ORIENTED_EDGE('',*,*,#2561,.T.);
#2181=ORIENTED_EDGE('',*,*,#2559,.F.);
#2182=ORIENTED_EDGE('',*,*,#2557,.T.);
#2183=ORIENTED_EDGE('',*,*,#2563,.T.);
#2184=ORIENTED_EDGE('',*,*,#2569,.T.);
#2185=ORIENTED_EDGE('',*,*,#2567,.T.);
#2186=ORIENTED_EDGE('',*,*,#2565,.T.);
#2187=ORIENTED_EDGE('',*,*,#2576,.T.);
#2188=ORIENTED_EDGE('',*,*,#2574,.T.);
#2189=ORIENTED_EDGE('',*,*,#2654,.T.);
#2190=ORIENTED_EDGE('',*,*,#2579,.T.);
#2191=ORIENTED_EDGE('',*,*,#2583,.F.);
#2192=ORIENTED_EDGE('',*,*,#2581,.F.);
#2193=ORIENTED_EDGE('',*,*,#2653,.F.);
#2194=ORIENTED_EDGE('',*,*,#2584,.F.);
#2195=ORIENTED_EDGE('',*,*,#2588,.T.);
#2196=ORIENTED_EDGE('',*,*,#2586,.T.);
#2197=ORIENTED_EDGE('',*,*,#2652,.T.);
#2198=ORIENTED_EDGE('',*,*,#2591,.T.);
#2199=ORIENTED_EDGE('',*,*,#2595,.F.);
#2200=ORIENTED_EDGE('',*,*,#2593,.F.);
#2201=ORIENTED_EDGE('',*,*,#2651,.F.);
#2202=ORIENTED_EDGE('',*,*,#2596,.F.);
#2203=ORIENTED_EDGE('',*,*,#2600,.T.);
#2204=ORIENTED_EDGE('',*,*,#2598,.T.);
#2205=ORIENTED_EDGE('',*,*,#2650,.T.);
#2206=ORIENTED_EDGE('',*,*,#2603,.T.);
#2207=ORIENTED_EDGE('',*,*,#2607,.F.);
#2208=ORIENTED_EDGE('',*,*,#2605,.F.);
#2209=ORIENTED_EDGE('',*,*,#2649,.F.);
#2210=ORIENTED_EDGE('',*,*,#2608,.F.);
#2211=ORIENTED_EDGE('',*,*,#2612,.T.);
#2212=ORIENTED_EDGE('',*,*,#2610,.T.);
#2213=ORIENTED_EDGE('',*,*,#2648,.T.);
#2214=ORIENTED_EDGE('',*,*,#2615,.T.);
#2215=ORIENTED_EDGE('',*,*,#2619,.F.);
#2216=ORIENTED_EDGE('',*,*,#2617,.F.);
#2217=ORIENTED_EDGE('',*,*,#2647,.F.);
#2218=ORIENTED_EDGE('',*,*,#2620,.F.);
#2219=ORIENTED_EDGE('',*,*,#2624,.T.);
#2220=ORIENTED_EDGE('',*,*,#2622,.T.);
#2221=ORIENTED_EDGE('',*,*,#2646,.T.);
#2222=ORIENTED_EDGE('',*,*,#2627,.T.);
#2223=ORIENTED_EDGE('',*,*,#2631,.F.);
#2224=ORIENTED_EDGE('',*,*,#2629,.F.);
#2225=ORIENTED_EDGE('',*,*,#2645,.F.);
#2226=ORIENTED_EDGE('',*,*,#2632,.F.);
#2227=ORIENTED_EDGE('',*,*,#2636,.T.);
#2228=ORIENTED_EDGE('',*,*,#2634,.T.);
#2229=ORIENTED_EDGE('',*,*,#2644,.T.);
#2230=ORIENTED_EDGE('',*,*,#2639,.T.);
#2231=EDGE_CURVE('',#2660,#2661,#2662,.T.);
#2232=EDGE_CURVE('',#2663,#2660,#2664,.T.);
#2233=EDGE_CURVE('',#2665,#2663,#2666,.T.);
#2234=EDGE_CURVE('',#2661,#2665,#2667,.T.);
#2235=EDGE_CURVE('',#2668,#2668,#2669,.F.);
#2236=EDGE_CURVE('',#2670,#2670,#2671,.F.);
#2237=EDGE_CURVE('',#2672,#2673,#2674,.F.);
#2238=EDGE_CURVE('',#2673,#2675,#2676,.F.);
#2239=EDGE_CURVE('',#2675,#2677,#2678,.F.);
#2240=EDGE_CURVE('',#2677,#2672,#2679,.F.);
#2241=EDGE_CURVE('',#2680,#2681,#2682,.T.);
#2242=EDGE_CURVE('',#2680,#2683,#2684,.T.);
#2243=EDGE_CURVE('',#2685,#2683,#2686,.T.);
#2244=EDGE_CURVE('',#2685,#2681,#2687,.T.);
#2245=EDGE_CURVE('',#2688,#2688,#2689,.T.);
#2246=EDGE_CURVE('',#2690,#2690,#2691,.T.);
#2247=EDGE_CURVE('',#2692,#2693,#2694,.T.);
#2248=EDGE_CURVE('',#2693,#2695,#2696,.T.);
#2249=EDGE_CURVE('',#2695,#2697,#2698,.T.);
#2250=EDGE_CURVE('',#2697,#2692,#2699,.T.);
#2251=EDGE_CURVE('',#2700,#2660,#2701,.T.);
#2252=EDGE_CURVE('',#2661,#2702,#2703,.T.);
#2253=EDGE_CURVE('',#2700,#2702,#2704,.T.);
#2254=EDGE_CURVE('',#2700,#2705,#2706,.F.);
#2255=EDGE_CURVE('',#2705,#2707,#2708,.F.);
#2256=EDGE_CURVE('',#2709,#2707,#2710,.T.);
#2257=EDGE_CURVE('',#2709,#2663,#2711,.T.);
#2258=EDGE_CURVE('',#2712,#2713,#2714,.T.);
#2259=EDGE_CURVE('',#2715,#2712,#2716,.T.);
#2260=EDGE_CURVE('',#2715,#2717,#2718,.T.);
#2261=EDGE_CURVE('',#2719,#2717,#2720,.T.);
#2262=EDGE_CURVE('',#2721,#2719,#2722,.T.);
#2263=EDGE_CURVE('',#2723,#2721,#2724,.T.);
#2264=EDGE_CURVE('',#2723,#2725,#2726,.T.);
#2265=EDGE_CURVE('',#2727,#2725,#2728,.T.);
#2266=EDGE_CURVE('',#2729,#2727,#2730,.T.);
#2267=EDGE_CURVE('',#2665,#2729,#2731,.T.);
#2268=EDGE_CURVE('',#2732,#2709,#2733,.T.);
#2269=EDGE_CURVE('',#2734,#2732,#2735,.T.);
#2270=EDGE_CURVE('',#2734,#2736,#2737,.T.);
#2271=EDGE_CURVE('',#2738,#2736,#2739,.T.);
#2272=EDGE_CURVE('',#2740,#2738,#2741,.T.);
#2273=EDGE_CURVE('',#2742,#2740,#2743,.T.);
#2274=EDGE_CURVE('',#2742,#2744,#2745,.T.);
#2275=EDGE_CURVE('',#2746,#2744,#2747,.T.);
#2276=EDGE_CURVE('',#2748,#2746,#2749,.T.);
#2277=EDGE_CURVE('',#2750,#2748,#2751,.T.);
#2278=EDGE_CURVE('',#2750,#2752,#2753,.T.);
#2279=EDGE_CURVE('',#2754,#2752,#2755,.T.);
#2280=EDGE_CURVE('',#2756,#2754,#2757,.T.);
#2281=EDGE_CURVE('',#2758,#2756,#2759,.T.);
#2282=EDGE_CURVE('',#2758,#2760,#2761,.T.);
#2283=EDGE_CURVE('',#2762,#2760,#2763,.T.);
#2284=EDGE_CURVE('',#2764,#2762,#2765,.T.);
#2285=EDGE_CURVE('',#2764,#2766,#2767,.T.);
#2286=EDGE_CURVE('',#2768,#2766,#2769,.T.);
#2287=EDGE_CURVE('',#2770,#2768,#2771,.T.);
#2288=EDGE_CURVE('',#2713,#2770,#2772,.T.);
#2289=EDGE_CURVE('',#2773,#2773,#2774,.T.);
#2290=EDGE_CURVE('',#2775,#2775,#2776,.F.);
#2291=EDGE_CURVE('',#2777,#2729,#2778,.T.);
#2292=EDGE_CURVE('',#2777,#2779,#2780,.F.);
#2293=EDGE_CURVE('',#2779,#2702,#2781,.F.);
#2294=EDGE_CURVE('',#2693,#2672,#2782,.T.);
#2295=EDGE_CURVE('',#2692,#2673,#2783,.T.);
#2296=EDGE_CURVE('',#2697,#2675,#2784,.T.);
#2297=EDGE_CURVE('',#2695,#2677,#2785,.T.);
#2298=EDGE_CURVE('',#2786,#2787,#2788,.T.);
#2299=EDGE_CURVE('',#2789,#2787,#2790,.T.);
#2300=EDGE_CURVE('',#2791,#2789,#2792,.T.);
#2301=EDGE_CURVE('',#2791,#2680,#2793,.F.);
#2302=EDGE_CURVE('',#2681,#2786,#2794,.F.);
#2303=EDGE_CURVE('',#2795,#2796,#2797,.F.);
#2304=EDGE_CURVE('',#2796,#2798,#2799,.F.);
#2305=EDGE_CURVE('',#2798,#2800,#2801,.F.);
#2306=EDGE_CURVE('',#2800,#2795,#2802,.F.);
#2307=EDGE_CURVE('',#2803,#2804,#2805,.F.);
#2308=EDGE_CURVE('',#2804,#2806,#2807,.F.);
#2309=EDGE_CURVE('',#2806,#2808,#2809,.F.);
#2310=EDGE_CURVE('',#2808,#2803,#2810,.F.);
#2311=EDGE_CURVE('',#2811,#2812,#2813,.F.);
#2312=EDGE_CURVE('',#2812,#2814,#2815,.F.);
#2313=EDGE_CURVE('',#2814,#2816,#2817,.F.);
#2314=EDGE_CURVE('',#2816,#2811,#2818,.F.);
#2315=EDGE_CURVE('',#2819,#2820,#2821,.F.);
#2316=EDGE_CURVE('',#2820,#2822,#2823,.F.);
#2317=EDGE_CURVE('',#2822,#2824,#2825,.F.);
#2318=EDGE_CURVE('',#2824,#2819,#2826,.F.);
#2319=EDGE_CURVE('',#2827,#2827,#2828,.F.);
#2320=EDGE_CURVE('',#2829,#2829,#2830,.T.);
#2321=EDGE_CURVE('',#2831,#2791,#2832,.T.);
#2322=EDGE_CURVE('',#2683,#2831,#2833,.F.);
#2323=EDGE_CURVE('',#2834,#2835,#2836,.T.);
#2324=EDGE_CURVE('',#2835,#2837,#2838,.T.);
#2325=EDGE_CURVE('',#2837,#2839,#2840,.T.);
#2326=EDGE_CURVE('',#2839,#2834,#2841,.T.);
#2327=EDGE_CURVE('',#2831,#2842,#2843,.T.);
#2328=EDGE_CURVE('',#2844,#2842,#2845,.T.);
#2329=EDGE_CURVE('',#2846,#2844,#2847,.T.);
#2330=EDGE_CURVE('',#2846,#2685,#2848,.F.);
#2331=EDGE_CURVE('',#2849,#2850,#2851,.T.);
#2332=EDGE_CURVE('',#2849,#2852,#2853,.F.);
#2333=EDGE_CURVE('',#2854,#2852,#2855,.T.);
#2334=EDGE_CURVE('',#2854,#2850,#2856,.F.);
#2335=EDGE_CURVE('',#2857,#2858,#2859,.T.);
#2336=EDGE_CURVE('',#2857,#2860,#2861,.F.);
#2337=EDGE_CURVE('',#2862,#2860,#2863,.T.);
#2338=EDGE_CURVE('',#2862,#2858,#2864,.F.);
#2339=EDGE_CURVE('',#2865,#2866,#2867,.T.);
#2340=EDGE_CURVE('',#2865,#2868,#2869,.F.);
#2341=EDGE_CURVE('',#2870,#2868,#2871,.T.);
#2342=EDGE_CURVE('',#2870,#2866,#2872,.F.);
#2343=EDGE_CURVE('',#2873,#2874,#2875,.T.);
#2344=EDGE_CURVE('',#2874,#2876,#2877,.F.);
#2345=EDGE_CURVE('',#2876,#2878,#2879,.T.);
#2346=EDGE_CURVE('',#2878,#2873,#2880,.F.);
#2347=EDGE_CURVE('',#2881,#2881,#2882,.T.);
#2348=EDGE_CURVE('',#2883,#2883,#2884,.F.);
#2349=EDGE_CURVE('',#2786,#2846,#2885,.F.);
#2350=EDGE_CURVE('',#2886,#2887,#2888,.T.);
#2351=EDGE_CURVE('',#2887,#2889,#2890,.T.);
#2352=EDGE_CURVE('',#2889,#2891,#2892,.T.);
#2353=EDGE_CURVE('',#2891,#2886,#2893,.T.);
#2354=EDGE_CURVE('',#2894,#2895,#2896,.F.);
#2355=EDGE_CURVE('',#2894,#2897,#2898,.T.);
#2356=EDGE_CURVE('',#2899,#2897,#2900,.F.);
#2357=EDGE_CURVE('',#2901,#2899,#2902,.T.);
#2358=EDGE_CURVE('',#2903,#2901,#2904,.F.);
#2359=EDGE_CURVE('',#2903,#2905,#2906,.T.);
#2360=EDGE_CURVE('',#2907,#2905,#2908,.F.);
#2361=EDGE_CURVE('',#2909,#2907,#2910,.T.);
#2362=EDGE_CURVE('',#2911,#2909,#2912,.F.);
#2363=EDGE_CURVE('',#2911,#2913,#2914,.T.);
#2364=EDGE_CURVE('',#2915,#2913,#2916,.F.);
#2365=EDGE_CURVE('',#2917,#2915,#2918,.T.);
#2366=EDGE_CURVE('',#2919,#2917,#2920,.F.);
#2367=EDGE_CURVE('',#2919,#2921,#2922,.T.);
#2368=EDGE_CURVE('',#2923,#2921,#2924,.F.);
#2369=EDGE_CURVE('',#2925,#2923,#2926,.T.);
#2370=EDGE_CURVE('',#2927,#2925,#2928,.F.);
#2371=EDGE_CURVE('',#2927,#2929,#2930,.T.);
#2372=EDGE_CURVE('',#2931,#2929,#2932,.F.);
#2373=EDGE_CURVE('',#2933,#2931,#2934,.T.);
#2374=EDGE_CURVE('',#2935,#2933,#2936,.F.);
#2375=EDGE_CURVE('',#2935,#2937,#2938,.T.);
#2376=EDGE_CURVE('',#2939,#2937,#2940,.F.);
#2377=EDGE_CURVE('',#2941,#2939,#2942,.T.);
#2378=EDGE_CURVE('',#2943,#2941,#2944,.F.);
#2379=EDGE_CURVE('',#2943,#2945,#2946,.T.);
#2380=EDGE_CURVE('',#2947,#2945,#2948,.F.);
#2381=EDGE_CURVE('',#2947,#2949,#2950,.T.);
#2382=EDGE_CURVE('',#2951,#2949,#2952,.F.);
#2383=EDGE_CURVE('',#2951,#2953,#2954,.T.);
#2384=EDGE_CURVE('',#2955,#2953,#2956,.F.);
#2385=EDGE_CURVE('',#2955,#2957,#2958,.T.);
#2386=EDGE_CURVE('',#2959,#2957,#2960,.F.);
#2387=EDGE_CURVE('',#2959,#2961,#2962,.T.);
#2388=EDGE_CURVE('',#2963,#2961,#2964,.F.);
#2389=EDGE_CURVE('',#2963,#2965,#2966,.T.);
#2390=EDGE_CURVE('',#2967,#2965,#2968,.F.);
#2391=EDGE_CURVE('',#2967,#2969,#2970,.T.);
#2392=EDGE_CURVE('',#2971,#2969,#2972,.F.);
#2393=EDGE_CURVE('',#2971,#2973,#2974,.T.);
#2394=EDGE_CURVE('',#2975,#2973,#2976,.F.);
#2395=EDGE_CURVE('',#2975,#2705,#2977,.T.);
#2396=EDGE_CURVE('',#2779,#2978,#2979,.T.);
#2397=EDGE_CURVE('',#2980,#2978,#2981,.F.);
#2398=EDGE_CURVE('',#2980,#2982,#2983,.T.);
#2399=EDGE_CURVE('',#2984,#2982,#2985,.F.);
#2400=EDGE_CURVE('',#2984,#2986,#2987,.T.);
#2401=EDGE_CURVE('',#2988,#2986,#2989,.F.);
#2402=EDGE_CURVE('',#2988,#2895,#2990,.T.);
#2403=EDGE_CURVE('',#2707,#2991,#2992,.F.);
#2404=EDGE_CURVE('',#2991,#2975,#2993,.F.);
#2405=EDGE_CURVE('',#2991,#2732,#2994,.T.);
#2406=EDGE_CURVE('',#2995,#2712,#2996,.T.);
#2407=EDGE_CURVE('',#2997,#2713,#2998,.T.);
#2408=EDGE_CURVE('',#2997,#2995,#2999,.T.);
#2409=EDGE_CURVE('',#2995,#3000,#3001,.T.);
#2410=EDGE_CURVE('',#3000,#3002,#3003,.T.);
#2411=EDGE_CURVE('',#3002,#2894,#3004,.T.);
#2412=EDGE_CURVE('',#2895,#3005,#3006,.T.);
#2413=EDGE_CURVE('',#3005,#2715,#3007,.T.);
#2414=EDGE_CURVE('',#3008,#3005,#3009,.T.);
#2415=EDGE_CURVE('',#2717,#3008,#3010,.T.);
#2416=EDGE_CURVE('',#2988,#3008,#3011,.T.);
#2417=EDGE_CURVE('',#2986,#3012,#3013,.F.);
#2418=EDGE_CURVE('',#2719,#3012,#3014,.T.);
#2419=EDGE_CURVE('',#3012,#3015,#3016,.F.);
#2420=EDGE_CURVE('',#3015,#2721,#3017,.T.);
#2421=EDGE_CURVE('',#3018,#2982,#3019,.T.);
#2422=EDGE_CURVE('',#3018,#2723,#3020,.T.);
#2423=EDGE_CURVE('',#3015,#2984,#3021,.F.);
#2424=EDGE_CURVE('',#3022,#3018,#3023,.T.);
#2425=EDGE_CURVE('',#2725,#3022,#3024,.T.);
#2426=EDGE_CURVE('',#2980,#3022,#3025,.T.);
#2427=EDGE_CURVE('',#2978,#3026,#3027,.F.);
#2428=EDGE_CURVE('',#2727,#3026,#3028,.T.);
#2429=EDGE_CURVE('',#3026,#2777,#3029,.F.);
#2430=EDGE_CURVE('',#3030,#2973,#3031,.T.);
#2431=EDGE_CURVE('',#3030,#2734,#3032,.T.);
#2432=EDGE_CURVE('',#3033,#3030,#3034,.T.);
#2433=EDGE_CURVE('',#2736,#3033,#3035,.T.);
#2434=EDGE_CURVE('',#2971,#3033,#3036,.T.);
#2435=EDGE_CURVE('',#2969,#3037,#3038,.F.);
#2436=EDGE_CURVE('',#2738,#3037,#3039,.T.);
#2437=EDGE_CURVE('',#3037,#3040,#3041,.F.);
#2438=EDGE_CURVE('',#3040,#2740,#3042,.T.);
#2439=EDGE_CURVE('',#3043,#2965,#3044,.T.);
#2440=EDGE_CURVE('',#3043,#2742,#3045,.T.);
#2441=EDGE_CURVE('',#3040,#2967,#3046,.F.);
#2442=EDGE_CURVE('',#3047,#3043,#3048,.T.);
#2443=EDGE_CURVE('',#2744,#3047,#3049,.T.);
#2444=EDGE_CURVE('',#2963,#3047,#3050,.T.);
#2445=EDGE_CURVE('',#2961,#3051,#3052,.F.);
#2446=EDGE_CURVE('',#2746,#3051,#3053,.T.);
#2447=EDGE_CURVE('',#3051,#3054,#3055,.F.);
#2448=EDGE_CURVE('',#3054,#2748,#3056,.T.);
#2449=EDGE_CURVE('',#3057,#2957,#3058,.T.);
#2450=EDGE_CURVE('',#3057,#2750,#3059,.T.);
#2451=EDGE_CURVE('',#3054,#2959,#3060,.F.);
#2452=EDGE_CURVE('',#3061,#3057,#3062,.T.);
#2453=EDGE_CURVE('',#2752,#3061,#3063,.T.);
#2454=EDGE_CURVE('',#2955,#3061,#3064,.T.);
#2455=EDGE_CURVE('',#2953,#3065,#3066,.F.);
#2456=EDGE_CURVE('',#2754,#3065,#3067,.T.);
#2457=EDGE_CURVE('',#3065,#3068,#3069,.F.);
#2458=EDGE_CURVE('',#3068,#2756,#3070,.T.);
#2459=EDGE_CURVE('',#3071,#2949,#3072,.T.);
#2460=EDGE_CURVE('',#3071,#2758,#3073,.T.);
#2461=EDGE_CURVE('',#3068,#2951,#3074,.F.);
#2462=EDGE_CURVE('',#2760,#3075,#3076,.T.);
#2463=EDGE_CURVE('',#3075,#3071,#3077,.T.);
#2464=EDGE_CURVE('',#3075,#2947,#3078,.T.);
#2465=EDGE_CURVE('',#2945,#3079,#3080,.T.);
#2466=EDGE_CURVE('',#3079,#3081,#3082,.T.);
#2467=EDGE_CURVE('',#3081,#3083,#3084,.T.);
#2468=EDGE_CURVE('',#3083,#2762,#3085,.T.);
#2469=EDGE_CURVE('',#3083,#3086,#3087,.T.);
#2470=EDGE_CURVE('',#3086,#2764,#3088,.T.);
#2471=EDGE_CURVE('',#3086,#3089,#3090,.T.);
#2472=EDGE_CURVE('',#2766,#3089,#3091,.T.);
#2473=EDGE_CURVE('',#3092,#3093,#3094,.F.);
#2474=EDGE_CURVE('',#3093,#3095,#3096,.F.);
#2475=EDGE_CURVE('',#3095,#3097,#3098,.F.);
#2476=EDGE_CURVE('',#3097,#3092,#3099,.F.);
#2477=EDGE_CURVE('',#2787,#2844,#3100,.T.);
#2478=EDGE_CURVE('',#2842,#2768,#3101,.T.);
#2479=EDGE_CURVE('',#3089,#3102,#3103,.T.);
#2480=EDGE_CURVE('',#3102,#2789,#3104,.T.);
#2481=EDGE_CURVE('',#3105,#3102,#3106,.T.);
#2482=EDGE_CURVE('',#2770,#3105,#3107,.T.);
#2483=EDGE_CURVE('',#3105,#2997,#3108,.T.);
#2484=EDGE_CURVE('',#3109,#3110,#3111,.F.);
#2485=EDGE_CURVE('',#3110,#3112,#3113,.F.);
#2486=EDGE_CURVE('',#3112,#3114,#3115,.F.);
#2487=EDGE_CURVE('',#3114,#3109,#3116,.F.);
#2488=EDGE_CURVE('',#3117,#2795,#3118,.T.);
#2489=EDGE_CURVE('',#3119,#3117,#3120,.T.);
#2490=EDGE_CURVE('',#3119,#2796,#3121,.T.);
#2491=EDGE_CURVE('',#3122,#3119,#3123,.T.);
#2492=EDGE_CURVE('',#3122,#2798,#3124,.T.);
#2493=EDGE_CURVE('',#3125,#3122,#3126,.T.);
#2494=EDGE_CURVE('',#3125,#2800,#3127,.T.);
#2495=EDGE_CURVE('',#3117,#3125,#3128,.T.);
#2496=EDGE_CURVE('',#3129,#2803,#3130,.T.);
#2497=EDGE_CURVE('',#3131,#3129,#3132,.T.);
#2498=EDGE_CURVE('',#3131,#2804,#3133,.T.);
#2499=EDGE_CURVE('',#3134,#3131,#3135,.T.);
#2500=EDGE_CURVE('',#3134,#2806,#3136,.T.);
#2501=EDGE_CURVE('',#3137,#3134,#3138,.T.);
#2502=EDGE_CURVE('',#3137,#2808,#3139,.T.);
#2503=EDGE_CURVE('',#3129,#3137,#3140,.T.);
#2504=EDGE_CURVE('',#3141,#2811,#3142,.T.);
#2505=EDGE_CURVE('',#3143,#3141,#3144,.T.);
#2506=EDGE_CURVE('',#3143,#2812,#3145,.T.);
#2507=EDGE_CURVE('',#3146,#3143,#3147,.T.);
#2508=EDGE_CURVE('',#3146,#2814,#3148,.T.);
#2509=EDGE_CURVE('',#3149,#3146,#3150,.T.);
#2510=EDGE_CURVE('',#3149,#2816,#3151,.T.);
#2511=EDGE_CURVE('',#3141,#3149,#3152,.T.);
#2512=EDGE_CURVE('',#3153,#2819,#3154,.T.);
#2513=EDGE_CURVE('',#3155,#3153,#3156,.T.);
#2514=EDGE_CURVE('',#3155,#2820,#3157,.T.);
#2515=EDGE_CURVE('',#3158,#3155,#3159,.T.);
#2516=EDGE_CURVE('',#3158,#2822,#3160,.T.);
#2517=EDGE_CURVE('',#3161,#3158,#3162,.T.);
#2518=EDGE_CURVE('',#3161,#2824,#3163,.T.);
#2519=EDGE_CURVE('',#3153,#3161,#3164,.T.);
#2520=EDGE_CURVE('',#3165,#3165,#3166,.T.);
#2521=EDGE_CURVE('',#3167,#3167,#3168,.F.);
#2522=EDGE_CURVE('',#3169,#2834,#3170,.T.);
#2523=EDGE_CURVE('',#3171,#3169,#3172,.T.);
#2524=EDGE_CURVE('',#3171,#2835,#3173,.T.);
#2525=EDGE_CURVE('',#3174,#3171,#3175,.T.);
#2526=EDGE_CURVE('',#3174,#2837,#3176,.T.);
#2527=EDGE_CURVE('',#3177,#3174,#3178,.T.);
#2528=EDGE_CURVE('',#3177,#2839,#3179,.T.);
#2529=EDGE_CURVE('',#3169,#3177,#3180,.T.);
#2530=EDGE_CURVE('',#2849,#3181,#3182,.F.);
#2531=EDGE_CURVE('',#2850,#3183,#3184,.F.);
#2532=EDGE_CURVE('',#3181,#3183,#3185,.T.);
#2533=EDGE_CURVE('',#3186,#3181,#3187,.T.);
#2534=EDGE_CURVE('',#2852,#3186,#3188,.F.);
#2535=EDGE_CURVE('',#2854,#3189,#3190,.F.);
#2536=EDGE_CURVE('',#3189,#3186,#3191,.T.);
#2537=EDGE_CURVE('',#3183,#3189,#3192,.T.);
#2538=EDGE_CURVE('',#2857,#3193,#3194,.F.);
#2539=EDGE_CURVE('',#2858,#3195,#3196,.F.);
#2540=EDGE_CURVE('',#3193,#3195,#3197,.T.);
#2541=EDGE_CURVE('',#3198,#3193,#3199,.T.);
#2542=EDGE_CURVE('',#2860,#3198,#3200,.F.);
#2543=EDGE_CURVE('',#2862,#3201,#3202,.F.);
#2544=EDGE_CURVE('',#3201,#3198,#3203,.T.);
#2545=EDGE_CURVE('',#3195,#3201,#3204,.T.);
#2546=EDGE_CURVE('',#2865,#3205,#3206,.F.);
#2547=EDGE_CURVE('',#2866,#3207,#3208,.F.);
#2548=EDGE_CURVE('',#3205,#3207,#3209,.T.);
#2549=EDGE_CURVE('',#3210,#3205,#3211,.T.);
#2550=EDGE_CURVE('',#2868,#3210,#3212,.F.);
#2551=EDGE_CURVE('',#2870,#3213,#3214,.F.);
#2552=EDGE_CURVE('',#3213,#3210,#3215,.T.);
#2553=EDGE_CURVE('',#3207,#3213,#3216,.T.);
#2554=EDGE_CURVE('',#3217,#2873,#3218,.F.);
#2555=EDGE_CURVE('',#3217,#3219,#3220,.T.);
#2556=EDGE_CURVE('',#3219,#2874,#3221,.F.);
#2557=EDGE_CURVE('',#3222,#3219,#3223,.T.);
#2558=EDGE_CURVE('',#3222,#2876,#3224,.F.);
#2559=EDGE_CURVE('',#3222,#3225,#3226,.T.);
#2560=EDGE_CURVE('',#3225,#2878,#3227,.F.);
#2561=EDGE_CURVE('',#3217,#3225,#3228,.T.);
#2562=EDGE_CURVE('',#3229,#2886,#3230,.T.);
#2563=EDGE_CURVE('',#3231,#3229,#3232,.T.);
#2564=EDGE_CURVE('',#3231,#2887,#3233,.T.);
#2565=EDGE_CURVE('',#3234,#3231,#3235,.T.);
#2566=EDGE_CURVE('',#3234,#2889,#3236,.T.);
#2567=EDGE_CURVE('',#3237,#3234,#3238,.T.);
#2568=EDGE_CURVE('',#3237,#2891,#3239,.T.);
#2569=EDGE_CURVE('',#3229,#3237,#3240,.T.);
#2570=EDGE_CURVE('',#3002,#3241,#3242,.T.);
#2571=EDGE_CURVE('',#3241,#2897,#3243,.T.);
#2572=EDGE_CURVE('',#3241,#3244,#3245,.T.);
#2573=EDGE_CURVE('',#3244,#3246,#3247,.T.);
#2574=EDGE_CURVE('',#3248,#3246,#3249,.T.);
#2575=EDGE_CURVE('',#3248,#2899,#3250,.F.);
#2576=EDGE_CURVE('',#3251,#3248,#3252,.F.);
#2577=EDGE_CURVE('',#2901,#3251,#3253,.F.);
#2578=EDGE_CURVE('',#2903,#3254,#3255,.T.);
#2579=EDGE_CURVE('',#3256,#3251,#3257,.T.);
#2580=EDGE_CURVE('',#3256,#3258,#3259,.T.);
#2581=EDGE_CURVE('',#3258,#3254,#3260,.T.);
#2582=EDGE_CURVE('',#3261,#2905,#3262,.T.);
#2583=EDGE_CURVE('',#3254,#3261,#3263,.T.);
#2584=EDGE_CURVE('',#3261,#3264,#3265,.T.);
#2585=EDGE_CURVE('',#3264,#3266,#3267,.T.);
#2586=EDGE_CURVE('',#3268,#3266,#3269,.T.);
#2587=EDGE_CURVE('',#3268,#2907,#3270,.F.);
#2588=EDGE_CURVE('',#3271,#3268,#3272,.F.);
#2589=EDGE_CURVE('',#2909,#3271,#3273,.F.);
#2590=EDGE_CURVE('',#2911,#3274,#3275,.T.);
#2591=EDGE_CURVE('',#3276,#3271,#3277,.T.);
#2592=EDGE_CURVE('',#3276,#3278,#3279,.T.);
#2593=EDGE_CURVE('',#3278,#3274,#3280,.T.);
#2594=EDGE_CURVE('',#3281,#2913,#3282,.T.);
#2595=EDGE_CURVE('',#3274,#3281,#3283,.T.);
#2596=EDGE_CURVE('',#3281,#3284,#3285,.T.);
#2597=EDGE_CURVE('',#3284,#3286,#3287,.T.);
#2598=EDGE_CURVE('',#3288,#3286,#3289,.T.);
#2599=EDGE_CURVE('',#3288,#2915,#3290,.F.);
#2600=EDGE_CURVE('',#3291,#3288,#3292,.F.);
#2601=EDGE_CURVE('',#2917,#3291,#3293,.F.);
#2602=EDGE_CURVE('',#2919,#3294,#3295,.T.);
#2603=EDGE_CURVE('',#3296,#3291,#3297,.T.);
#2604=EDGE_CURVE('',#3296,#3298,#3299,.T.);
#2605=EDGE_CURVE('',#3298,#3294,#3300,.T.);
#2606=EDGE_CURVE('',#3301,#2921,#3302,.T.);
#2607=EDGE_CURVE('',#3294,#3301,#3303,.T.);
#2608=EDGE_CURVE('',#3301,#3304,#3305,.T.);
#2609=EDGE_CURVE('',#3304,#3306,#3307,.T.);
#2610=EDGE_CURVE('',#3308,#3306,#3309,.T.);
#2611=EDGE_CURVE('',#3308,#2923,#3310,.F.);
#2612=EDGE_CURVE('',#3311,#3308,#3312,.F.);
#2613=EDGE_CURVE('',#2925,#3311,#3313,.F.);
#2614=EDGE_CURVE('',#2927,#3314,#3315,.T.);
#2615=EDGE_CURVE('',#3316,#3311,#3317,.T.);
#2616=EDGE_CURVE('',#3316,#3318,#3319,.T.);
#2617=EDGE_CURVE('',#3318,#3314,#3320,.T.);
#2618=EDGE_CURVE('',#3321,#2929,#3322,.T.);
#2619=EDGE_CURVE('',#3314,#3321,#3323,.T.);
#2620=EDGE_CURVE('',#3321,#3324,#3325,.T.);
#2621=EDGE_CURVE('',#3324,#3326,#3327,.T.);
#2622=EDGE_CURVE('',#3328,#3326,#3329,.T.);
#2623=EDGE_CURVE('',#3328,#2931,#3330,.F.);
#2624=EDGE_CURVE('',#3331,#3328,#3332,.F.);
#2625=EDGE_CURVE('',#2933,#3331,#3333,.F.);
#2626=EDGE_CURVE('',#2935,#3334,#3335,.T.);
#2627=EDGE_CURVE('',#3336,#3331,#3337,.T.);
#2628=EDGE_CURVE('',#3336,#3338,#3339,.T.);
#2629=EDGE_CURVE('',#3338,#3334,#3340,.T.);
#2630=EDGE_CURVE('',#3341,#2937,#3342,.T.);
#2631=EDGE_CURVE('',#3334,#3341,#3343,.T.);
#2632=EDGE_CURVE('',#3341,#3344,#3345,.T.);
#2633=EDGE_CURVE('',#3344,#3346,#3347,.T.);
#2634=EDGE_CURVE('',#3348,#3346,#3349,.T.);
#2635=EDGE_CURVE('',#3348,#2939,#3350,.F.);
#2636=EDGE_CURVE('',#3351,#3348,#3352,.F.);
#2637=EDGE_CURVE('',#2941,#3351,#3353,.F.);
#2638=EDGE_CURVE('',#2943,#3354,#3355,.T.);
#2639=EDGE_CURVE('',#3356,#3351,#3357,.T.);
#2640=EDGE_CURVE('',#3356,#3358,#3359,.T.);
#2641=EDGE_CURVE('',#3358,#3354,#3360,.T.);
#2642=EDGE_CURVE('',#3354,#3079,#3361,.T.);
#2643=EDGE_CURVE('',#3081,#3358,#3362,.T.);
#2644=EDGE_CURVE('',#3346,#3356,#3363,.T.);
#2645=EDGE_CURVE('',#3344,#3338,#3364,.T.);
#2646=EDGE_CURVE('',#3326,#3336,#3365,.T.);
#2647=EDGE_CURVE('',#3324,#3318,#3366,.T.);
#2648=EDGE_CURVE('',#3306,#3316,#3367,.T.);
#2649=EDGE_CURVE('',#3304,#3298,#3368,.T.);
#2650=EDGE_CURVE('',#3286,#3296,#3369,.T.);
#2651=EDGE_CURVE('',#3284,#3278,#3370,.T.);
#2652=EDGE_CURVE('',#3266,#3276,#3371,.T.);
#2653=EDGE_CURVE('',#3264,#3258,#3372,.T.);
#2654=EDGE_CURVE('',#3246,#3256,#3373,.T.);
#2655=EDGE_CURVE('',#3244,#3000,#3374,.T.);
#2656=EDGE_CURVE('',#3092,#3110,#3375,.T.);
#2657=EDGE_CURVE('',#3093,#3109,#3376,.T.);
#2658=EDGE_CURVE('',#3095,#3114,#3377,.T.);
#2659=EDGE_CURVE('',#3097,#3112,#3378,.T.);
#2660=VERTEX_POINT('',#3379);
#2661=VERTEX_POINT('',#3380);
#2662=LINE('',#3381,#3382);
#2663=VERTEX_POINT('',#3384);
#2664=LINE('',#3385,#3386);
#2665=VERTEX_POINT('',#3388);
#2666=LINE('',#3389,#3390);
#2667=LINE('',#3392,#3393);
#2668=VERTEX_POINT('',#3395);
#2669=CIRCLE('',#3396,1.6);
#2670=VERTEX_POINT('',#3400);
#2671=CIRCLE('',#3401,1.6);
#2672=VERTEX_POINT('',#3405);
#2673=VERTEX_POINT('',#3406);
#2674=LINE('',#3407,#3408);
#2675=VERTEX_POINT('',#3410);
#2676=LINE('',#3411,#3412);
#2677=VERTEX_POINT('',#3414);
#2678=LINE('',#3415,#3416);
#2679=LINE('',#3418,#3419);
#2680=VERTEX_POINT('',#3421);
#2681=VERTEX_POINT('',#3422);
#2682=LINE('',#3423,#3424);
#2683=VERTEX_POINT('',#3426);
#2684=LINE('',#3427,#3428);
#2685=VERTEX_POINT('',#3430);
#2686=LINE('',#3431,#3432);
#2687=LINE('',#3434,#3435);
#2688=VERTEX_POINT('',#3437);
#2689=CIRCLE('',#3438,1.6);
#2690=VERTEX_POINT('',#3442);
#2691=CIRCLE('',#3443,1.6);
#2692=VERTEX_POINT('',#3447);
#2693=VERTEX_POINT('',#3448);
#2694=LINE('',#3449,#3450);
#2695=VERTEX_POINT('',#3452);
#2696=LINE('',#3453,#3454);
#2697=VERTEX_POINT('',#3456);
#2698=LINE('',#3457,#3458);
#2699=LINE('',#3460,#3461);
#2700=VERTEX_POINT('',#3463);
#2701=LINE('',#3464,#3465);
#2702=VERTEX_POINT('',#3467);
#2703=LINE('',#3468,#3469);
#2704=LINE('',#3471,#3472);
#2705=VERTEX_POINT('',#3474);
#2706=LINE('',#3475,#3476);
#2707=VERTEX_POINT('',#3478);
#2708=LINE('',#3479,#3480);
#2709=VERTEX_POINT('',#3482);
#2710=LINE('',#3483,#3484);
#2711=LINE('',#3486,#3487);
#2712=VERTEX_POINT('',#3489);
#2713=VERTEX_POINT('',#3490);
#2714=LINE('',#3491,#3492);
#2715=VERTEX_POINT('',#3494);
#2716=LINE('',#3495,#3496);
#2717=VERTEX_POINT('',#3498);
#2718=LINE('',#3499,#3500);
#2719=VERTEX_POINT('',#3502);
#2720=LINE('',#3503,#3504);
#2721=VERTEX_POINT('',#3506);
#2722=LINE('',#3507,#3508);
#2723=VERTEX_POINT('',#3510);
#2724=LINE('',#3511,#3512);
#2725=VERTEX_POINT('',#3514);
#2726=LINE('',#3515,#3516);
#2727=VERTEX_POINT('',#3518);
#2728=LINE('',#3519,#3520);
#2729=VERTEX_POINT('',#3522);
#2730=LINE('',#3523,#3524);
#2731=LINE('',#3526,#3527);
#2732=VERTEX_POINT('',#3529);
#2733=LINE('',#3530,#3531);
#2734=VERTEX_POINT('',#3533);
#2735=LINE('',#3534,#3535);
#2736=VERTEX_POINT('',#3537);
#2737=LINE('',#3538,#3539);
#2738=VERTEX_POINT('',#3541);
#2739=LINE('',#3542,#3543);
#2740=VERTEX_POINT('',#3545);
#2741=LINE('',#3546,#3547);
#2742=VERTEX_POINT('',#3549);
#2743=LINE('',#3550,#3551);
#2744=VERTEX_POINT('',#3553);
#2745=LINE('',#3554,#3555);
#2746=VERTEX_POINT('',#3557);
#2747=LINE('',#3558,#3559);
#2748=VERTEX_POINT('',#3561);
#2749=LINE('',#3562,#3563);
#2750=VERTEX_POINT('',#3565);
#2751=LINE('',#3566,#3567);
#2752=VERTEX_POINT('',#3569);
#2753=LINE('',#3570,#3571);
#2754=VERTEX_POINT('',#3573);
#2755=LINE('',#3574,#3575);
#2756=VERTEX_POINT('',#3577);
#2757=LINE('',#3578,#3579);
#2758=VERTEX_POINT('',#3581);
#2759=LINE('',#3582,#3583);
#2760=VERTEX_POINT('',#3585);
#2761=LINE('',#3586,#3587);
#2762=VERTEX_POINT('',#3589);
#2763=LINE('',#3590,#3591);
#2764=VERTEX_POINT('',#3593);
#2765=LINE('',#3594,#3595);
#2766=VERTEX_POINT('',#3597);
#2767=LINE('',#3598,#3599);
#2768=VERTEX_POINT('',#3601);
#2769=LINE('',#3602,#3603);
#2770=VERTEX_POINT('',#3605);
#2771=LINE('',#3606,#3607);
#2772=LINE('',#3609,#3610);
#2773=VERTEX_POINT('',#3612);
#2774=CIRCLE('',#3613,1.6);
#2775=VERTEX_POINT('',#3617);
#2776=CIRCLE('',#3618,1.6);
#2777=VERTEX_POINT('',#3622);
#2778=LINE('',#3623,#3624);
#2779=VERTEX_POINT('',#3626);
#2780=LINE('',#3627,#3628);
#2781=LINE('',#3630,#3631);
#2782=LINE('',#3633,#3634);
#2783=LINE('',#3636,#3637);
#2784=LINE('',#3639,#3640);
#2785=LINE('',#3642,#3643);
#2786=VERTEX_POINT('',#3645);
#2787=VERTEX_POINT('',#3646);
#2788=LINE('',#3647,#3648);
#2789=VERTEX_POINT('',#3650);
#2790=LINE('',#3651,#3652);
#2791=VERTEX_POINT('',#3654);
#2792=LINE('',#3655,#3656);
#2793=LINE('',#3658,#3659);
#2794=LINE('',#3661,#3662);
#2795=VERTEX_POINT('',#3664);
#2796=VERTEX_POINT('',#3665);
#2797=CIRCLE('',#3666,10.);
#2798=VERTEX_POINT('',#3670);
#2799=LINE('',#3671,#3672);
#2800=VERTEX_POINT('',#3674);
#2801=CIRCLE('',#3675,10.);
#2802=LINE('',#3679,#3680);
#2803=VERTEX_POINT('',#3682);
#2804=VERTEX_POINT('',#3683);
#2805=CIRCLE('',#3684,10.);
#2806=VERTEX_POINT('',#3688);
#2807=LINE('',#3689,#3690);
#2808=VERTEX_POINT('',#3692);
#2809=CIRCLE('',#3693,10.);
#2810=LINE('',#3697,#3698);
#2811=VERTEX_POINT('',#3700);
#2812=VERTEX_POINT('',#3701);
#2813=CIRCLE('',#3702,10.);
#2814=VERTEX_POINT('',#3706);
#2815=LINE('',#3707,#3708);
#2816=VERTEX_POINT('',#3710);
#2817=CIRCLE('',#3711,10.);
#2818=LINE('',#3715,#3716);
#2819=VERTEX_POINT('',#3718);
#2820=VERTEX_POINT('',#3719);
#2821=CIRCLE('',#3720,10.);
#2822=VERTEX_POINT('',#3724);
#2823=LINE('',#3725,#3726);
#2824=VERTEX_POINT('',#3728);
#2825=CIRCLE('',#3729,10.);
#2826=LINE('',#3733,#3734);
#2827=VERTEX_POINT('',#3736);
#2828=CIRCLE('',#3737,1.6);
#2829=VERTEX_POINT('',#3741);
#2830=CIRCLE('',#3742,1.6);
#2831=VERTEX_POINT('',#3746);
#2832=LINE('',#3747,#3748);
#2833=LINE('',#3750,#3751);
#2834=VERTEX_POINT('',#3753);
#2835=VERTEX_POINT('',#3754);
#2836=LINE('',#3755,#3756);
#2837=VERTEX_POINT('',#3758);
#2838=LINE('',#3759,#3760);
#2839=VERTEX_POINT('',#3762);
#2840=LINE('',#3763,#3764);
#2841=LINE('',#3766,#3767);
#2842=VERTEX_POINT('',#3769);
#2843=LINE('',#3770,#3771);
#2844=VERTEX_POINT('',#3773);
#2845=LINE('',#3774,#3775);
#2846=VERTEX_POINT('',#3777);
#2847=LINE('',#3778,#3779);
#2848=LINE('',#3781,#3782);
#2849=VERTEX_POINT('',#3784);
#2850=VERTEX_POINT('',#3785);
#2851=CIRCLE('',#3786,10.);
#2852=VERTEX_POINT('',#3790);
#2853=LINE('',#3791,#3792);
#2854=VERTEX_POINT('',#3794);
#2855=CIRCLE('',#3795,10.);
#2856=LINE('',#3799,#3800);
#2857=VERTEX_POINT('',#3802);
#2858=VERTEX_POINT('',#3803);
#2859=CIRCLE('',#3804,10.);
#2860=VERTEX_POINT('',#3808);
#2861=LINE('',#3809,#3810);
#2862=VERTEX_POINT('',#3812);
#2863=CIRCLE('',#3813,10.);
#2864=LINE('',#3817,#3818);
#2865=VERTEX_POINT('',#3820);
#2866=VERTEX_POINT('',#3821);
#2867=CIRCLE('',#3822,10.);
#2868=VERTEX_POINT('',#3826);
#2869=LINE('',#3827,#3828);
#2870=VERTEX_POINT('',#3830);
#2871=CIRCLE('',#3831,10.);
#2872=LINE('',#3835,#3836);
#2873=VERTEX_POINT('',#3838);
#2874=VERTEX_POINT('',#3839);
#2875=CIRCLE('',#3840,10.);
#2876=VERTEX_POINT('',#3844);
#2877=LINE('',#3845,#3846);
#2878=VERTEX_POINT('',#3848);
#2879=CIRCLE('',#3849,10.);
#2880=LINE('',#3853,#3854);
#2881=VERTEX_POINT('',#3856);
#2882=CIRCLE('',#3857,1.6);
#2883=VERTEX_POINT('',#3861);
#2884=CIRCLE('',#3862,1.6);
#2885=LINE('',#3866,#3867);
#2886=VERTEX_POINT('',#3869);
#2887=VERTEX_POINT('',#3870);
#2888=LINE('',#3871,#3872);
#2889=VERTEX_POINT('',#3874);
#2890=LINE('',#3875,#3876);
#2891=VERTEX_POINT('',#3878);
#2892=LINE('',#3879,#3880);
#2893=LINE('',#3882,#3883);
#2894=VERTEX_POINT('',#3885);
#2895=VERTEX_POINT('',#3886);
#2896=LINE('',#3887,#3888);
#2897=VERTEX_POINT('',#3890);
#2898=LINE('',#3891,#3892);
#2899=VERTEX_POINT('',#3894);
#2900=LINE('',#3895,#3896);
#2901=VERTEX_POINT('',#3898);
#2902=LINE('',#3899,#3900);
#2903=VERTEX_POINT('',#3902);
#2904=LINE('',#3903,#3904);
#2905=VERTEX_POINT('',#3906);
#2906=LINE('',#3907,#3908);
#2907=VERTEX_POINT('',#3910);
#2908=LINE('',#3911,#3912);
#2909=VERTEX_POINT('',#3914);
#2910=LINE('',#3915,#3916);
#2911=VERTEX_POINT('',#3918);
#2912=LINE('',#3919,#3920);
#2913=VERTEX_POINT('',#3922);
#2914=LINE('',#3923,#3924);
#2915=VERTEX_POINT('',#3926);
#2916=LINE('',#3927,#3928);
#2917=VERTEX_POINT('',#3930);
#2918=LINE('',#3931,#3932);
#2919=VERTEX_POINT('',#3934);
#2920=LINE('',#3935,#3936);
#2921=VERTEX_POINT('',#3938);
#2922=LINE('',#3939,#3940);
#2923=VERTEX_POINT('',#3942);
#2924=LINE('',#3943,#3944);
#2925=VERTEX_POINT('',#3946);
#2926=LINE('',#3947,#3948);
#2927=VERTEX_POINT('',#3950);
#2928=LINE('',#3951,#3952);
#2929=VERTEX_POINT('',#3954);
#2930=LINE('',#3955,#3956);
#2931=VERTEX_POINT('',#3958);
#2932=LINE('',#3959,#3960);
#2933=VERTEX_POINT('',#3962);
#2934=LINE('',#3963,#3964);
#2935=VERTEX_POINT('',#3966);
#2936=LINE('',#3967,#3968);
#2937=VERTEX_POINT('',#3970);
#2938=LINE('',#3971,#3972);
#2939=VERTEX_POINT('',#3974);
#2940=LINE('',#3975,#3976);
#2941=VERTEX_POINT('',#3978);
#2942=LINE('',#3979,#3980);
#2943=VERTEX_POINT('',#3982);
#2944=LINE('',#3983,#3984);
#2945=VERTEX_POINT('',#3986);
#2946=LINE('',#3987,#3988);
#2947=VERTEX_POINT('',#3990);
#2948=LINE('',#3991,#3992);
#2949=VERTEX_POINT('',#3994);
#2950=LINE('',#3995,#3996);
#2951=VERTEX_POINT('',#3998);
#2952=LINE('',#3999,#4000);
#2953=VERTEX_POINT('',#4002);
#2954=LINE('',#4003,#4004);
#2955=VERTEX_POINT('',#4006);
#2956=LINE('',#4007,#4008);
#2957=VERTEX_POINT('',#4010);
#2958=LINE('',#4011,#4012);
#2959=VERTEX_POINT('',#4014);
#2960=LINE('',#4015,#4016);
#2961=VERTEX_POINT('',#4018);
#2962=LINE('',#4019,#4020);
#2963=VERTEX_POINT('',#4022);
#2964=LINE('',#4023,#4024);
#2965=VERTEX_POINT('',#4026);
#2966=LINE('',#4027,#4028);
#2967=VERTEX_POINT('',#4030);
#2968=LINE('',#4031,#4032);
#2969=VERTEX_POINT('',#4034);
#2970=LINE('',#4035,#4036);
#2971=VERTEX_POINT('',#4038);
#2972=LINE('',#4039,#4040);
#2973=VERTEX_POINT('',#4042);
#2974=LINE('',#4043,#4044);
#2975=VERTEX_POINT('',#4046);
#2976=LINE('',#4047,#4048);
#2977=LINE('',#4050,#4051);
#2978=VERTEX_POINT('',#4053);
#2979=LINE('',#4054,#4055);
#2980=VERTEX_POINT('',#4057);
#2981=LINE('',#4058,#4059);
#2982=VERTEX_POINT('',#4061);
#2983=LINE('',#4062,#4063);
#2984=VERTEX_POINT('',#4065);
#2985=LINE('',#4066,#4067);
#2986=VERTEX_POINT('',#4069);
#2987=LINE('',#4070,#4071);
#2988=VERTEX_POINT('',#4073);
#2989=LINE('',#4074,#4075);
#2990=LINE('',#4077,#4078);
#2991=VERTEX_POINT('',#4080);
#2992=LINE('',#4081,#4082);
#2993=LINE('',#4084,#4085);
#2994=LINE('',#4087,#4088);
#2995=VERTEX_POINT('',#4090);
#2996=LINE('',#4091,#4092);
#2997=VERTEX_POINT('',#4094);
#2998=LINE('',#4095,#4096);
#2999=LINE('',#4098,#4099);
#3000=VERTEX_POINT('',#4101);
#3001=LINE('',#4102,#4103);
#3002=VERTEX_POINT('',#4105);
#3003=LINE('',#4106,#4107);
#3004=LINE('',#4109,#4110);
#3005=VERTEX_POINT('',#4112);
#3006=LINE('',#4113,#4114);
#3007=LINE('',#4116,#4117);
#3008=VERTEX_POINT('',#4119);
#3009=LINE('',#4120,#4121);
#3010=LINE('',#4123,#4124);
#3011=LINE('',#4126,#4127);
#3012=VERTEX_POINT('',#4129);
#3013=LINE('',#4130,#4131);
#3014=LINE('',#4133,#4134);
#3015=VERTEX_POINT('',#4136);
#3016=LINE('',#4137,#4138);
#3017=LINE('',#4140,#4141);
#3018=VERTEX_POINT('',#4143);
#3019=LINE('',#4144,#4145);
#3020=LINE('',#4147,#4148);
#3021=LINE('',#4150,#4151);
#3022=VERTEX_POINT('',#4153);
#3023=LINE('',#4154,#4155);
#3024=LINE('',#4157,#4158);
#3025=LINE('',#4160,#4161);
#3026=VERTEX_POINT('',#4163);
#3027=LINE('',#4164,#4165);
#3028=LINE('',#4167,#4168);
#3029=LINE('',#4170,#4171);
#3030=VERTEX_POINT('',#4173);
#3031=LINE('',#4174,#4175);
#3032=LINE('',#4177,#4178);
#3033=VERTEX_POINT('',#4180);
#3034=LINE('',#4181,#4182);
#3035=LINE('',#4184,#4185);
#3036=LINE('',#4187,#4188);
#3037=VERTEX_POINT('',#4190);
#3038=LINE('',#4191,#4192);
#3039=LINE('',#4194,#4195);
#3040=VERTEX_POINT('',#4197);
#3041=LINE('',#4198,#4199);
#3042=LINE('',#4201,#4202);
#3043=VERTEX_POINT('',#4204);
#3044=LINE('',#4205,#4206);
#3045=LINE('',#4208,#4209);
#3046=LINE('',#4211,#4212);
#3047=VERTEX_POINT('',#4214);
#3048=LINE('',#4215,#4216);
#3049=LINE('',#4218,#4219);
#3050=LINE('',#4221,#4222);
#3051=VERTEX_POINT('',#4224);
#3052=LINE('',#4225,#4226);
#3053=LINE('',#4228,#4229);
#3054=VERTEX_POINT('',#4231);
#3055=LINE('',#4232,#4233);
#3056=LINE('',#4235,#4236);
#3057=VERTEX_POINT('',#4238);
#3058=LINE('',#4239,#4240);
#3059=LINE('',#4242,#4243);
#3060=LINE('',#4245,#4246);
#3061=VERTEX_POINT('',#4248);
#3062=LINE('',#4249,#4250);
#3063=LINE('',#4252,#4253);
#3064=LINE('',#4255,#4256);
#3065=VERTEX_POINT('',#4258);
#3066=LINE('',#4259,#4260);
#3067=LINE('',#4262,#4263);
#3068=VERTEX_POINT('',#4265);
#3069=LINE('',#4266,#4267);
#3070=LINE('',#4269,#4270);
#3071=VERTEX_POINT('',#4272);
#3072=LINE('',#4273,#4274);
#3073=LINE('',#4276,#4277);
#3074=LINE('',#4279,#4280);
#3075=VERTEX_POINT('',#4282);
#3076=LINE('',#4283,#4284);
#3077=LINE('',#4286,#4287);
#3078=LINE('',#4289,#4290);
#3079=VERTEX_POINT('',#4292);
#3080=LINE('',#4293,#4294);
#3081=VERTEX_POINT('',#4296);
#3082=LINE('',#4297,#4298);
#3083=VERTEX_POINT('',#4300);
#3084=LINE('',#4301,#4302);
#3085=LINE('',#4304,#4305);
#3086=VERTEX_POINT('',#4307);
#3087=LINE('',#4308,#4309);
#3088=LINE('',#4311,#4312);
#3089=VERTEX_POINT('',#4314);
#3090=LINE('',#4315,#4316);
#3091=LINE('',#4318,#4319);
#3092=VERTEX_POINT('',#4321);
#3093=VERTEX_POINT('',#4322);
#3094=LINE('',#4323,#4324);
#3095=VERTEX_POINT('',#4326);
#3096=LINE('',#4327,#4328);
#3097=VERTEX_POINT('',#4330);
#3098=LINE('',#4331,#4332);
#3099=LINE('',#4334,#4335);
#3100=LINE('',#4337,#4338);
#3101=LINE('',#4340,#4341);
#3102=VERTEX_POINT('',#4343);
#3103=LINE('',#4344,#4345);
#3104=LINE('',#4347,#4348);
#3105=VERTEX_POINT('',#4350);
#3106=LINE('',#4351,#4352);
#3107=LINE('',#4354,#4355);
#3108=LINE('',#4357,#4358);
#3109=VERTEX_POINT('',#4360);
#3110=VERTEX_POINT('',#4361);
#3111=LINE('',#4362,#4363);
#3112=VERTEX_POINT('',#4365);
#3113=LINE('',#4366,#4367);
#3114=VERTEX_POINT('',#4369);
#3115=LINE('',#4370,#4371);
#3116=LINE('',#4373,#4374);
#3117=VERTEX_POINT('',#4376);
#3118=LINE('',#4377,#4378);
#3119=VERTEX_POINT('',#4380);
#3120=CIRCLE('',#4381,10.);
#3121=LINE('',#4385,#4386);
#3122=VERTEX_POINT('',#4388);
#3123=LINE('',#4389,#4390);
#3124=LINE('',#4392,#4393);
#3125=VERTEX_POINT('',#4395);
#3126=CIRCLE('',#4396,10.);
#3127=LINE('',#4400,#4401);
#3128=LINE('',#4403,#4404);
#3129=VERTEX_POINT('',#4406);
#3130=LINE('',#4407,#4408);
#3131=VERTEX_POINT('',#4410);
#3132=CIRCLE('',#4411,10.);
#3133=LINE('',#4415,#4416);
#3134=VERTEX_POINT('',#4418);
#3135=LINE('',#4419,#4420);
#3136=LINE('',#4422,#4423);
#3137=VERTEX_POINT('',#4425);
#3138=CIRCLE('',#4426,10.);
#3139=LINE('',#4430,#4431);
#3140=LINE('',#4433,#4434);
#3141=VERTEX_POINT('',#4436);
#3142=LINE('',#4437,#4438);
#3143=VERTEX_POINT('',#4440);
#3144=CIRCLE('',#4441,10.);
#3145=LINE('',#4445,#4446);
#3146=VERTEX_POINT('',#4448);
#3147=LINE('',#4449,#4450);
#3148=LINE('',#4452,#4453);
#3149=VERTEX_POINT('',#4455);
#3150=CIRCLE('',#4456,10.);
#3151=LINE('',#4460,#4461);
#3152=LINE('',#4463,#4464);
#3153=VERTEX_POINT('',#4466);
#3154=LINE('',#4467,#4468);
#3155=VERTEX_POINT('',#4470);
#3156=CIRCLE('',#4471,10.);
#3157=LINE('',#4475,#4476);
#3158=VERTEX_POINT('',#4478);
#3159=LINE('',#4479,#4480);
#3160=LINE('',#4482,#4483);
#3161=VERTEX_POINT('',#4485);
#3162=CIRCLE('',#4486,10.);
#3163=LINE('',#4490,#4491);
#3164=LINE('',#4493,#4494);
#3165=VERTEX_POINT('',#4496);
#3166=CIRCLE('',#4497,1.6);
#3167=VERTEX_POINT('',#4501);
#3168=CIRCLE('',#4502,1.6);
#3169=VERTEX_POINT('',#4506);
#3170=LINE('',#4507,#4508);
#3171=VERTEX_POINT('',#4510);
#3172=LINE('',#4511,#4512);
#3173=LINE('',#4514,#4515);
#3174=VERTEX_POINT('',#4517);
#3175=LINE('',#4518,#4519);
#3176=LINE('',#4521,#4522);
#3177=VERTEX_POINT('',#4524);
#3178=LINE('',#4525,#4526);
#3179=LINE('',#4528,#4529);
#3180=LINE('',#4531,#4532);
#3181=VERTEX_POINT('',#4534);
#3182=LINE('',#4535,#4536);
#3183=VERTEX_POINT('',#4538);
#3184=LINE('',#4539,#4540);
#3185=CIRCLE('',#4542,10.);
#3186=VERTEX_POINT('',#4546);
#3187=LINE('',#4547,#4548);
#3188=LINE('',#4550,#4551);
#3189=VERTEX_POINT('',#4553);
#3190=LINE('',#4554,#4555);
#3191=CIRCLE('',#4557,10.);
#3192=LINE('',#4561,#4562);
#3193=VERTEX_POINT('',#4564);
#3194=LINE('',#4565,#4566);
#3195=VERTEX_POINT('',#4568);
#3196=LINE('',#4569,#4570);
#3197=CIRCLE('',#4572,10.);
#3198=VERTEX_POINT('',#4576);
#3199=LINE('',#4577,#4578);
#3200=LINE('',#4580,#4581);
#3201=VERTEX_POINT('',#4583);
#3202=LINE('',#4584,#4585);
#3203=CIRCLE('',#4587,10.);
#3204=LINE('',#4591,#4592);
#3205=VERTEX_POINT('',#4594);
#3206=LINE('',#4595,#4596);
#3207=VERTEX_POINT('',#4598);
#3208=LINE('',#4599,#4600);
#3209=CIRCLE('',#4602,10.);
#3210=VERTEX_POINT('',#4606);
#3211=LINE('',#4607,#4608);
#3212=LINE('',#4610,#4611);
#3213=VERTEX_POINT('',#4613);
#3214=LINE('',#4614,#4615);
#3215=CIRCLE('',#4617,10.);
#3216=LINE('',#4621,#4622);
#3217=VERTEX_POINT('',#4624);
#3218=LINE('',#4625,#4626);
#3219=VERTEX_POINT('',#4628);
#3220=CIRCLE('',#4629,10.);
#3221=LINE('',#4633,#4634);
#3222=VERTEX_POINT('',#4636);
#3223=LINE('',#4637,#4638);
#3224=LINE('',#4640,#4641);
#3225=VERTEX_POINT('',#4643);
#3226=CIRCLE('',#4644,10.);
#3227=LINE('',#4648,#4649);
#3228=LINE('',#4651,#4652);
#3229=VERTEX_POINT('',#4654);
#3230=LINE('',#4655,#4656);
#3231=VERTEX_POINT('',#4658);
#3232=LINE('',#4659,#4660);
#3233=LINE('',#4662,#4663);
#3234=VERTEX_POINT('',#4665);
#3235=LINE('',#4666,#4667);
#3236=LINE('',#4669,#4670);
#3237=VERTEX_POINT('',#4672);
#3238=LINE('',#4673,#4674);
#3239=LINE('',#4676,#4677);
#3240=LINE('',#4679,#4680);
#3241=VERTEX_POINT('',#4682);
#3242=LINE('',#4683,#4684);
#3243=LINE('',#4686,#4687);
#3244=VERTEX_POINT('',#4689);
#3245=LINE('',#4690,#4691);
#3246=VERTEX_POINT('',#4693);
#3247=LINE('',#4694,#4695);
#3248=VERTEX_POINT('',#4697);
#3249=LINE('',#4698,#4699);
#3250=LINE('',#4701,#4702);
#3251=VERTEX_POINT('',#4704);
#3252=LINE('',#4705,#4706);
#3253=LINE('',#4708,#4709);
#3254=VERTEX_POINT('',#4711);
#3255=LINE('',#4712,#4713);
#3256=VERTEX_POINT('',#4715);
#3257=LINE('',#4716,#4717);
#3258=VERTEX_POINT('',#4719);
#3259=LINE('',#4720,#4721);
#3260=LINE('',#4723,#4724);
#3261=VERTEX_POINT('',#4726);
#3262=LINE('',#4727,#4728);
#3263=LINE('',#4730,#4731);
#3264=VERTEX_POINT('',#4733);
#3265=LINE('',#4734,#4735);
#3266=VERTEX_POINT('',#4737);
#3267=LINE('',#4738,#4739);
#3268=VERTEX_POINT('',#4741);
#3269=LINE('',#4742,#4743);
#3270=LINE('',#4745,#4746);
#3271=VERTEX_POINT('',#4748);
#3272=LINE('',#4749,#4750);
#3273=LINE('',#4752,#4753);
#3274=VERTEX_POINT('',#4755);
#3275=LINE('',#4756,#4757);
#3276=VERTEX_POINT('',#4759);
#3277=LINE('',#4760,#4761);
#3278=VERTEX_POINT('',#4763);
#3279=LINE('',#4764,#4765);
#3280=LINE('',#4767,#4768);
#3281=VERTEX_POINT('',#4770);
#3282=LINE('',#4771,#4772);
#3283=LINE('',#4774,#4775);
#3284=VERTEX_POINT('',#4777);
#3285=LINE('',#4778,#4779);
#3286=VERTEX_POINT('',#4781);
#3287=LINE('',#4782,#4783);
#3288=VERTEX_POINT('',#4785);
#3289=LINE('',#4786,#4787);
#3290=LINE('',#4789,#4790);
#3291=VERTEX_POINT('',#4792);
#3292=LINE('',#4793,#4794);
#3293=LINE('',#4796,#4797);
#3294=VERTEX_POINT('',#4799);
#3295=LINE('',#4800,#4801);
#3296=VERTEX_POINT('',#4803);
#3297=LINE('',#4804,#4805);
#3298=VERTEX_POINT('',#4807);
#3299=LINE('',#4808,#4809);
#3300=LINE('',#4811,#4812);
#3301=VERTEX_POINT('',#4814);
#3302=LINE('',#4815,#4816);
#3303=LINE('',#4818,#4819);
#3304=VERTEX_POINT('',#4821);
#3305=LINE('',#4822,#4823);
#3306=VERTEX_POINT('',#4825);
#3307=LINE('',#4826,#4827);
#3308=VERTEX_POINT('',#4829);
#3309=LINE('',#4830,#4831);
#3310=LINE('',#4833,#4834);
#3311=VERTEX_POINT('',#4836);
#3312=LINE('',#4837,#4838);
#3313=LINE('',#4840,#4841);
#3314=VERTEX_POINT('',#4843);
#3315=LINE('',#4844,#4845);
#3316=VERTEX_POINT('',#4847);
#3317=LINE('',#4848,#4849);
#3318=VERTEX_POINT('',#4851);
#3319=LINE('',#4852,#4853);
#3320=LINE('',#4855,#4856);
#3321=VERTEX_POINT('',#4858);
#3322=LINE('',#4859,#4860);
#3323=LINE('',#4862,#4863);
#3324=VERTEX_POINT('',#4865);
#3325=LINE('',#4866,#4867);
#3326=VERTEX_POINT('',#4869);
#3327=LINE('',#4870,#4871);
#3328=VERTEX_POINT('',#4873);
#3329=LINE('',#4874,#4875);
#3330=LINE('',#4877,#4878);
#3331=VERTEX_POINT('',#4880);
#3332=LINE('',#4881,#4882);
#3333=LINE('',#4884,#4885);
#3334=VERTEX_POINT('',#4887);
#3335=LINE('',#4888,#4889);
#3336=VERTEX_POINT('',#4891);
#3337=LINE('',#4892,#4893);
#3338=VERTEX_POINT('',#4895);
#3339=LINE('',#4896,#4897);
#3340=LINE('',#4899,#4900);
#3341=VERTEX_POINT('',#4902);
#3342=LINE('',#4903,#4904);
#3343=LINE('',#4906,#4907);
#3344=VERTEX_POINT('',#4909);
#3345=LINE('',#4910,#4911);
#3346=VERTEX_POINT('',#4913);
#3347=LINE('',#4914,#4915);
#3348=VERTEX_POINT('',#4917);
#3349=LINE('',#4918,#4919);
#3350=LINE('',#4921,#4922);
#3351=VERTEX_POINT('',#4924);
#3352=LINE('',#4925,#4926);
#3353=LINE('',#4928,#4929);
#3354=VERTEX_POINT('',#4931);
#3355=LINE('',#4932,#4933);
#3356=VERTEX_POINT('',#4935);
#3357=LINE('',#4936,#4937);
#3358=VERTEX_POINT('',#4939);
#3359=LINE('',#4940,#4941);
#3360=LINE('',#4943,#4944);
#3361=LINE('',#4946,#4947);
#3362=LINE('',#4949,#4950);
#3363=LINE('',#4952,#4953);
#3364=LINE('',#4955,#4956);
#3365=LINE('',#4958,#4959);
#3366=LINE('',#4961,#4962);
#3367=LINE('',#4964,#4965);
#3368=LINE('',#4967,#4968);
#3369=LINE('',#4970,#4971);
#3370=LINE('',#4973,#4974);
#3371=LINE('',#4976,#4977);
#3372=LINE('',#4979,#4980);
#3373=LINE('',#4982,#4983);
#3374=LINE('',#4985,#4986);
#3375=LINE('',#4988,#4989);
#3376=LINE('',#4991,#4992);
#3377=LINE('',#4994,#4995);
#3378=LINE('',#4997,#4998);
#3379=CARTESIAN_POINT('',(75.,31.,2.));
#3380=CARTESIAN_POINT('',(55.,31.,2.));
#3381=CARTESIAN_POINT('',(75.,31.,2.));
#3382=VECTOR('',#3383,1.);
#3383=DIRECTION('',(-1.,0.,0.));
#3384=CARTESIAN_POINT('',(75.,58.,2.));
#3385=CARTESIAN_POINT('',(75.,58.,2.));
#3386=VECTOR('',#3387,1.);
#3387=DIRECTION('',(0.,-1.,0.));
#3388=CARTESIAN_POINT('',(55.,58.,2.));
#3389=CARTESIAN_POINT('',(55.,58.,2.));
#3390=VECTOR('',#3391,1.);
#3391=DIRECTION('',(1.,0.,0.));
#3392=CARTESIAN_POINT('',(55.,31.,2.));
#3393=VECTOR('',#3394,1.);
#3394=DIRECTION('',(0.,1.,0.));
#3395=CARTESIAN_POINT('',(71.1,55.,2.));
#3396=AXIS2_PLACEMENT_3D('',#3397,#3398,#3399);
#3397=CARTESIAN_POINT('',(69.5,55.,2.));
#3398=DIRECTION('',(0.,0.,1.));
#3399=DIRECTION('',(1.,0.,0.));
#3400=CARTESIAN_POINT('',(71.1,34.,2.));
#3401=AXIS2_PLACEMENT_3D('',#3402,#3403,#3404);
#3402=CARTESIAN_POINT('',(69.5,34.,2.));
#3403=DIRECTION('',(0.,0.,1.));
#3404=DIRECTION('',(1.,0.,0.));
#3405=CARTESIAN_POINT('',(58.5,49.5,2.));
#3406=CARTESIAN_POINT('',(63.5,49.5,2.));
#3407=CARTESIAN_POINT('',(63.5,49.5,2.));
#3408=VECTOR('',#3409,1.);
#3409=DIRECTION('',(-1.,0.,0.));
#3410=CARTESIAN_POINT('',(63.5,39.5,2.));
#3411=CARTESIAN_POINT('',(63.5,39.5,2.));
#3412=VECTOR('',#3413,1.);
#3413=DIRECTION('',(0.,1.,0.));
#3414=CARTESIAN_POINT('',(58.5,39.5,2.));
#3415=CARTESIAN_POINT('',(58.5,39.5,2.));
#3416=VECTOR('',#3417,1.);
#3417=DIRECTION('',(1.,0.,0.));
#3418=CARTESIAN_POINT('',(58.5,49.5,2.));
#3419=VECTOR('',#3420,1.);
#3420=DIRECTION('',(0.,-1.,0.));
#3421=CARTESIAN_POINT('',(11.5470053849122,0.,0.));
#3422=CARTESIAN_POINT('',(153.452994615088,0.,0.));
#3423=CARTESIAN_POINT('',(11.5470053849122,0.,0.));
#3424=VECTOR('',#3425,1.);
#3425=DIRECTION('',(1.,0.,0.));
#3426=CARTESIAN_POINT('',(11.5470053849122,60.,0.));
#3427=CARTESIAN_POINT('',(11.5470053849122,0.,0.));
#3428=VECTOR('',#3429,1.);
#3429=DIRECTION('',(0.,1.,0.));
#3430=CARTESIAN_POINT('',(153.452994615088,60.,0.));
#3431=CARTESIAN_POINT('',(153.452994615088,60.,0.));
#3432=VECTOR('',#3433,1.);
#3433=DIRECTION('',(-1.,0.,0.));
#3434=CARTESIAN_POINT('',(153.452994615088,60.,6.61098255285021E-24));
#3435=VECTOR('',#3436,1.);
#3436=DIRECTION('',(0.,-1.,0.));
#3437=CARTESIAN_POINT('',(71.1,55.,0.));
#3438=AXIS2_PLACEMENT_3D('',#3439,#3440,#3441);
#3439=CARTESIAN_POINT('',(69.5,55.,0.));
#3440=DIRECTION('',(0.,0.,1.));
#3441=DIRECTION('',(1.,0.,0.));
#3442=CARTESIAN_POINT('',(71.1,34.,0.));
#3443=AXIS2_PLACEMENT_3D('',#3444,#3445,#3446);
#3444=CARTESIAN_POINT('',(69.5,34.,0.));
#3445=DIRECTION('',(0.,0.,1.));
#3446=DIRECTION('',(1.,0.,0.));
#3447=CARTESIAN_POINT('',(63.5,49.5,0.));
#3448=CARTESIAN_POINT('',(58.5,49.5,0.));
#3449=CARTESIAN_POINT('',(63.5,49.5,0.));
#3450=VECTOR('',#3451,1.);
#3451=DIRECTION('',(-1.,0.,0.));
#3452=CARTESIAN_POINT('',(58.5,39.5,0.));
#3453=CARTESIAN_POINT('',(58.5,49.5,0.));
#3454=VECTOR('',#3455,1.);
#3455=DIRECTION('',(0.,-1.,0.));
#3456=CARTESIAN_POINT('',(63.5,39.5,0.));
#3457=CARTESIAN_POINT('',(58.5,39.5,0.));
#3458=VECTOR('',#3459,1.);
#3459=DIRECTION('',(1.,0.,0.));
#3460=CARTESIAN_POINT('',(63.5,39.5,0.));
#3461=VECTOR('',#3462,1.);
#3462=DIRECTION('',(0.,1.,0.));
#3463=CARTESIAN_POINT('',(75.,31.,7.00000000001041));
#3464=CARTESIAN_POINT('',(75.,31.,7.));
#3465=VECTOR('',#3466,1.);
#3466=DIRECTION('',(0.,0.,-1.));
#3467=CARTESIAN_POINT('',(55.,31.,7.00000000001041));
#3468=CARTESIAN_POINT('',(55.,31.,2.));
#3469=VECTOR('',#3470,1.);
#3470=DIRECTION('',(0.,0.,1.));
#3471=CARTESIAN_POINT('',(75.,31.,7.00000000001041));
#3472=VECTOR('',#3473,1.);
#3473=DIRECTION('',(-1.,0.,0.));
#3474=CARTESIAN_POINT('',(75.,34.9999999999992,7.00000000000444));
#3475=CARTESIAN_POINT('',(75.,34.9999999999992,7.00000000000444));
#3476=VECTOR('',#3477,1.);
#3477=DIRECTION('',(0.,-1.,4.09849931770703E-12));
#3478=CARTESIAN_POINT('',(75.,52.5,22.));
#3479=CARTESIAN_POINT('',(75.,52.5,22.));
#3480=VECTOR('',#3481,1.);
#3481=DIRECTION('',(0.,-0.759256602365406,-0.650791373455841));
#3482=CARTESIAN_POINT('',(75.,58.,22.));
#3483=CARTESIAN_POINT('',(75.,58.,22.));
#3484=VECTOR('',#3485,1.);
#3485=DIRECTION('',(0.,-1.,0.));
#3486=CARTESIAN_POINT('',(75.,58.,22.));
#3487=VECTOR('',#3488,1.);
#3488=DIRECTION('',(0.,0.,-1.));
#3489=CARTESIAN_POINT('',(2.30940107706176,58.,20.));
#3490=CARTESIAN_POINT('',(2.30940107706176,58.,21.));
#3491=CARTESIAN_POINT('',(2.30940107706176,58.,20.));
#3492=VECTOR('',#3493,1.);
#3493=DIRECTION('',(0.,0.,1.));
#3494=CARTESIAN_POINT('',(12.7017059234827,58.,2.));
#3495=CARTESIAN_POINT('',(12.7017059234827,58.,2.));
#3496=VECTOR('',#3497,1.);
#3497=DIRECTION('',(-0.500000000036362,0.,0.866025403763445));
#3498=CARTESIAN_POINT('',(31.,58.,2.));
#3499=CARTESIAN_POINT('',(12.7017059234827,58.,2.));
#3500=VECTOR('',#3501,1.);
#3501=DIRECTION('',(1.,0.,0.));
#3502=CARTESIAN_POINT('',(31.,58.,22.));
#3503=CARTESIAN_POINT('',(31.,58.,22.));
#3504=VECTOR('',#3505,1.);
#3505=DIRECTION('',(0.,0.,-1.));
#3506=CARTESIAN_POINT('',(33.,58.,22.));
#3507=CARTESIAN_POINT('',(33.,58.,22.));
#3508=VECTOR('',#3509,1.);
#3509=DIRECTION('',(-1.,0.,0.));
#3510=CARTESIAN_POINT('',(33.,58.,2.));
#3511=CARTESIAN_POINT('',(33.,58.,2.));
#3512=VECTOR('',#3513,1.);
#3513=DIRECTION('',(0.,0.,1.));
#3514=CARTESIAN_POINT('',(53.,58.,2.));
#3515=CARTESIAN_POINT('',(33.,58.,2.));
#3516=VECTOR('',#3517,1.);
#3517=DIRECTION('',(1.,0.,0.));
#3518=CARTESIAN_POINT('',(53.,58.,22.));
#3519=CARTESIAN_POINT('',(53.,58.,22.));
#3520=VECTOR('',#3521,1.);
#3521=DIRECTION('',(0.,0.,-1.));
#3522=CARTESIAN_POINT('',(55.,58.,22.));
#3523=CARTESIAN_POINT('',(55.,58.,22.));
#3524=VECTOR('',#3525,1.);
#3525=DIRECTION('',(-1.,0.,0.));
#3526=CARTESIAN_POINT('',(55.,58.,2.));
#3527=VECTOR('',#3528,1.);
#3528=DIRECTION('',(0.,0.,1.));
#3529=CARTESIAN_POINT('',(77.,58.,22.));
#3530=CARTESIAN_POINT('',(77.,58.,22.));
#3531=VECTOR('',#3532,1.);
#3532=DIRECTION('',(-1.,0.,0.));
#3533=CARTESIAN_POINT('',(77.,58.,2.));
#3534=CARTESIAN_POINT('',(77.,58.,2.));
#3535=VECTOR('',#3536,1.);
#3536=DIRECTION('',(0.,0.,1.));
#3537=CARTESIAN_POINT('',(97.,58.,2.));
#3538=CARTESIAN_POINT('',(77.,58.,2.));
#3539=VECTOR('',#3540,1.);
#3540=DIRECTION('',(1.,0.,0.));
#3541=CARTESIAN_POINT('',(97.,58.,22.));
#3542=CARTESIAN_POINT('',(97.,58.,22.));
#3543=VECTOR('',#3544,1.);
#3544=DIRECTION('',(0.,0.,-1.));
#3545=CARTESIAN_POINT('',(99.,58.,22.));
#3546=CARTESIAN_POINT('',(99.,58.,22.));
#3547=VECTOR('',#3548,1.);
#3548=DIRECTION('',(-1.,0.,0.));
#3549=CARTESIAN_POINT('',(99.,58.,2.));
#3550=CARTESIAN_POINT('',(99.,58.,2.));
#3551=VECTOR('',#3552,1.);
#3552=DIRECTION('',(0.,0.,1.));
#3553=CARTESIAN_POINT('',(119.,58.,2.));
#3554=CARTESIAN_POINT('',(99.,58.,2.));
#3555=VECTOR('',#3556,1.);
#3556=DIRECTION('',(1.,0.,0.));
#3557=CARTESIAN_POINT('',(119.,58.,22.));
#3558=CARTESIAN_POINT('',(119.,58.,22.));
#3559=VECTOR('',#3560,1.);
#3560=DIRECTION('',(0.,0.,-1.));
#3561=CARTESIAN_POINT('',(121.,58.,22.));
#3562=CARTESIAN_POINT('',(121.,58.,22.));
#3563=VECTOR('',#3564,1.);
#3564=DIRECTION('',(-1.,0.,0.));
#3565=CARTESIAN_POINT('',(121.,58.,2.));
#3566=CARTESIAN_POINT('',(121.,58.,2.));
#3567=VECTOR('',#3568,1.);
#3568=DIRECTION('',(0.,0.,1.));
#3569=CARTESIAN_POINT('',(141.,58.,2.));
#3570=CARTESIAN_POINT('',(121.,58.,2.));
#3571=VECTOR('',#3572,1.);
#3572=DIRECTION('',(1.,0.,0.));
#3573=CARTESIAN_POINT('',(141.,58.,22.));
#3574=CARTESIAN_POINT('',(141.,58.,22.));
#3575=VECTOR('',#3576,1.);
#3576=DIRECTION('',(0.,0.,-1.));
#3577=CARTESIAN_POINT('',(143.,58.,22.));
#3578=CARTESIAN_POINT('',(143.,58.,22.));
#3579=VECTOR('',#3580,1.);
#3580=DIRECTION('',(-1.,0.,0.));
#3581=CARTESIAN_POINT('',(143.,58.,2.));
#3582=CARTESIAN_POINT('',(143.,58.,2.));
#3583=VECTOR('',#3584,1.);
#3584=DIRECTION('',(0.,0.,1.));
#3585=CARTESIAN_POINT('',(152.298294076517,58.,2.));
#3586=CARTESIAN_POINT('',(143.,58.,2.));
#3587=VECTOR('',#3588,1.);
#3588=DIRECTION('',(1.,0.,0.));
#3589=CARTESIAN_POINT('',(162.690598922938,58.,20.));
#3590=CARTESIAN_POINT('',(162.690598922938,58.,20.));
#3591=VECTOR('',#3592,1.);
#3592=DIRECTION('',(-0.500000000036362,0.,-0.866025403763445));
#3593=CARTESIAN_POINT('',(163.,58.,20.));
#3594=CARTESIAN_POINT('',(163.,58.,20.));
#3595=VECTOR('',#3596,1.);
#3596=DIRECTION('',(-1.,0.,0.));
#3597=CARTESIAN_POINT('',(163.,58.,70.));
#3598=CARTESIAN_POINT('',(163.,58.,20.));
#3599=VECTOR('',#3600,1.);
#3600=DIRECTION('',(0.,0.,1.));
#3601=CARTESIAN_POINT('',(0.,58.,70.));
#3602=CARTESIAN_POINT('',(0.,58.,70.));
#3603=VECTOR('',#3604,1.);
#3604=DIRECTION('',(1.,0.,0.));
#3605=CARTESIAN_POINT('',(-2.06326878862751E-19,58.,21.));
#3606=CARTESIAN_POINT('',(0.,58.,21.));
#3607=VECTOR('',#3608,1.);
#3608=DIRECTION('',(0.,0.,1.));
#3609=CARTESIAN_POINT('',(2.30940107706176,58.,21.));
#3610=VECTOR('',#3611,1.);
#3611=DIRECTION('',(-1.,0.,0.));
#3612=CARTESIAN_POINT('',(3.39999999999999,58.,40.));
#3613=AXIS2_PLACEMENT_3D('',#3614,#3615,#3616);
#3614=CARTESIAN_POINT('',(4.99999999999999,58.,40.));
#3615=DIRECTION('',(0.,1.,0.));
#3616=DIRECTION('',(-1.,0.,-1.22464679914735E-16));
#3617=CARTESIAN_POINT('',(161.6,58.,67.));
#3618=AXIS2_PLACEMENT_3D('',#3619,#3620,#3621);
#3619=CARTESIAN_POINT('',(160.,58.,67.));
#3620=DIRECTION('',(0.,-1.,0.));
#3621=DIRECTION('',(1.,0.,0.));
#3622=CARTESIAN_POINT('',(55.,52.5,22.));
#3623=CARTESIAN_POINT('',(55.,52.5,22.));
#3624=VECTOR('',#3625,1.);
#3625=DIRECTION('',(0.,1.,0.));
#3626=CARTESIAN_POINT('',(55.,34.9999999999992,7.00000000000444));
#3627=CARTESIAN_POINT('',(55.,34.9999999999992,7.00000000000444));
#3628=VECTOR('',#3629,1.);
#3629=DIRECTION('',(0.,0.759256602365406,0.650791373455841));
#3630=CARTESIAN_POINT('',(55.,31.,7.00000000002083));
#3631=VECTOR('',#3632,1.);
#3632=DIRECTION('',(0.,1.,-4.09849931770703E-12));
#3633=CARTESIAN_POINT('',(58.5,49.5,0.));
#3634=VECTOR('',#3635,1.);
#3635=DIRECTION('',(0.,0.,1.));
#3636=CARTESIAN_POINT('',(63.5,49.5,0.));
#3637=VECTOR('',#3638,1.);
#3638=DIRECTION('',(0.,0.,1.));
#3639=CARTESIAN_POINT('',(63.5,39.5,0.));
#3640=VECTOR('',#3641,1.);
#3641=DIRECTION('',(0.,0.,1.));
#3642=CARTESIAN_POINT('',(58.5,39.5,0.));
#3643=VECTOR('',#3644,1.);
#3644=DIRECTION('',(0.,0.,1.));
#3645=CARTESIAN_POINT('',(165.,0.,20.));
#3646=CARTESIAN_POINT('',(165.,0.,70.));
#3647=CARTESIAN_POINT('',(165.,0.,20.));
#3648=VECTOR('',#3649,1.);
#3649=DIRECTION('',(0.,0.,1.));
#3650=CARTESIAN_POINT('',(0.,0.,70.));
#3651=CARTESIAN_POINT('',(0.,0.,70.));
#3652=VECTOR('',#3653,1.);
#3653=DIRECTION('',(1.,0.,0.));
#3654=CARTESIAN_POINT('',(0.,0.,20.));
#3655=CARTESIAN_POINT('',(0.,0.,20.));
#3656=VECTOR('',#3657,1.);
#3657=DIRECTION('',(0.,0.,1.));
#3658=CARTESIAN_POINT('',(11.5470053849122,0.,0.));
#3659=VECTOR('',#3660,1.);
#3660=DIRECTION('',(-0.500000000036362,0.,0.866025403763445));
#3661=CARTESIAN_POINT('',(165.,0.,20.));
#3662=VECTOR('',#3663,1.);
#3663=DIRECTION('',(-0.500000000036362,0.,-0.866025403763445));
#3664=CARTESIAN_POINT('',(12.5,0.,55.));
#3665=CARTESIAN_POINT('',(32.5,0.,55.));
#3666=AXIS2_PLACEMENT_3D('',#3667,#3668,#3669);
#3667=CARTESIAN_POINT('',(22.5,0.,55.));
#3668=DIRECTION('',(0.,-1.,0.));
#3669=DIRECTION('',(1.,0.,0.));
#3670=CARTESIAN_POINT('',(32.5,0.,20.));
#3671=CARTESIAN_POINT('',(32.5,0.,20.));
#3672=VECTOR('',#3673,1.);
#3673=DIRECTION('',(0.,0.,1.));
#3674=CARTESIAN_POINT('',(12.5,0.,20.));
#3675=AXIS2_PLACEMENT_3D('',#3676,#3677,#3678);
#3676=CARTESIAN_POINT('',(22.5,0.,20.));
#3677=DIRECTION('',(0.,-1.,0.));
#3678=DIRECTION('',(-1.,0.,0.));
#3679=CARTESIAN_POINT('',(12.5,0.,55.));
#3680=VECTOR('',#3681,1.);
#3681=DIRECTION('',(-5.07530525542929E-17,0.,-1.));
#3682=CARTESIAN_POINT('',(72.5,0.,20.));
#3683=CARTESIAN_POINT('',(52.5,0.,20.));
#3684=AXIS2_PLACEMENT_3D('',#3685,#3686,#3687);
#3685=CARTESIAN_POINT('',(62.5,0.,20.));
#3686=DIRECTION('',(0.,-1.,0.));
#3687=DIRECTION('',(-1.,0.,0.));
#3688=CARTESIAN_POINT('',(52.5,0.,55.));
#3689=CARTESIAN_POINT('',(52.5,0.,55.));
#3690=VECTOR('',#3691,1.);
#3691=DIRECTION('',(0.,0.,-1.));
#3692=CARTESIAN_POINT('',(72.5,0.,55.));
#3693=AXIS2_PLACEMENT_3D('',#3694,#3695,#3696);
#3694=CARTESIAN_POINT('',(62.5,0.,55.));
#3695=DIRECTION('',(0.,-1.,0.));
#3696=DIRECTION('',(1.,0.,0.));
#3697=CARTESIAN_POINT('',(72.5,0.,20.));
#3698=VECTOR('',#3699,1.);
#3699=DIRECTION('',(0.,0.,1.));
#3700=CARTESIAN_POINT('',(112.5,0.,20.));
#3701=CARTESIAN_POINT('',(92.5,0.,20.));
#3702=AXIS2_PLACEMENT_3D('',#3703,#3704,#3705);
#3703=CARTESIAN_POINT('',(102.5,0.,20.));
#3704=DIRECTION('',(0.,-1.,0.));
#3705=DIRECTION('',(-1.,0.,0.));
#3706=CARTESIAN_POINT('',(92.5,0.,55.));
#3707=CARTESIAN_POINT('',(92.5,0.,55.));
#3708=VECTOR('',#3709,1.);
#3709=DIRECTION('',(0.,0.,-1.));
#3710=CARTESIAN_POINT('',(112.5,0.,55.));
#3711=AXIS2_PLACEMENT_3D('',#3712,#3713,#3714);
#3712=CARTESIAN_POINT('',(102.5,0.,55.));
#3713=DIRECTION('',(0.,-1.,0.));
#3714=DIRECTION('',(1.,0.,0.));
#3715=CARTESIAN_POINT('',(112.5,0.,20.));
#3716=VECTOR('',#3717,1.);
#3717=DIRECTION('',(0.,0.,1.));
#3718=CARTESIAN_POINT('',(152.5,0.,20.));
#3719=CARTESIAN_POINT('',(132.5,0.,20.));
#3720=AXIS2_PLACEMENT_3D('',#3721,#3722,#3723);
#3721=CARTESIAN_POINT('',(142.5,0.,20.));
#3722=DIRECTION('',(0.,-1.,0.));
#3723=DIRECTION('',(-1.,0.,0.));
#3724=CARTESIAN_POINT('',(132.5,0.,55.));
#3725=CARTESIAN_POINT('',(132.5,0.,55.));
#3726=VECTOR('',#3727,1.);
#3727=DIRECTION('',(0.,0.,-1.));
#3728=CARTESIAN_POINT('',(152.5,0.,55.));
#3729=AXIS2_PLACEMENT_3D('',#3730,#3731,#3732);
#3730=CARTESIAN_POINT('',(142.5,0.,55.));
#3731=DIRECTION('',(0.,-1.,0.));
#3732=DIRECTION('',(1.,0.,1.4210854715202E-15));
#3733=CARTESIAN_POINT('',(152.5,0.,20.));
#3734=VECTOR('',#3735,1.);
#3735=DIRECTION('',(0.,0.,1.));
#3736=CARTESIAN_POINT('',(161.6,0.,67.));
#3737=AXIS2_PLACEMENT_3D('',#3738,#3739,#3740);
#3738=CARTESIAN_POINT('',(160.,0.,67.));
#3739=DIRECTION('',(0.,-1.,0.));
#3740=DIRECTION('',(1.,0.,0.));
#3741=CARTESIAN_POINT('',(3.39999999999999,0.,40.));
#3742=AXIS2_PLACEMENT_3D('',#3743,#3744,#3745);
#3743=CARTESIAN_POINT('',(4.99999999999999,0.,40.));
#3744=DIRECTION('',(0.,1.,0.));
#3745=DIRECTION('',(-1.,0.,-1.22464679914735E-16));
#3746=CARTESIAN_POINT('',(0.,60.,20.));
#3747=CARTESIAN_POINT('',(0.,60.,20.));
#3748=VECTOR('',#3749,1.);
#3749=DIRECTION('',(0.,-1.,0.));
#3750=CARTESIAN_POINT('',(1.77635683952943E-15,60.,20.));
#3751=VECTOR('',#3752,1.);
#3752=DIRECTION('',(0.500000000036362,0.,-0.866025403763445));
#3753=CARTESIAN_POINT('',(9.04700538473037,55.,4.33012701881721));
#3754=CARTESIAN_POINT('',(2.50000000018181,55.,15.6698729811828));
#3755=CARTESIAN_POINT('',(9.04700538473038,55.,4.33012701881721));
#3756=VECTOR('',#3757,1.);
#3757=DIRECTION('',(-0.500000000036362,0.,0.866025403763445));
#3758=CARTESIAN_POINT('',(2.50000000018182,5.,15.6698729811828));
#3759=CARTESIAN_POINT('',(2.50000000018181,55.,15.6698729811828));
#3760=VECTOR('',#3761,1.);
#3761=DIRECTION('',(7.105427357601E-17,-1.,-7.105427357601E-17));
#3762=CARTESIAN_POINT('',(9.04700538473038,5.,4.33012701881721));
#3763=CARTESIAN_POINT('',(2.50000000018182,5.,15.6698729811828));
#3764=VECTOR('',#3765,1.);
#3765=DIRECTION('',(0.500000000036362,0.,-0.866025403763445));
#3766=CARTESIAN_POINT('',(9.04700538473038,5.,4.33012701881721));
#3767=VECTOR('',#3768,1.);
#3768=DIRECTION('',(-3.5527136788005E-17,1.,7.105427357601E-17));
#3769=CARTESIAN_POINT('',(0.,60.,70.));
#3770=CARTESIAN_POINT('',(0.,60.,20.));
#3771=VECTOR('',#3772,1.);
#3772=DIRECTION('',(0.,0.,1.));
#3773=CARTESIAN_POINT('',(165.,60.,70.));
#3774=CARTESIAN_POINT('',(165.,60.,70.));
#3775=VECTOR('',#3776,1.);
#3776=DIRECTION('',(-1.,0.,0.));
#3777=CARTESIAN_POINT('',(165.,60.,20.));
#3778=CARTESIAN_POINT('',(165.,60.,20.));
#3779=VECTOR('',#3780,1.);
#3780=DIRECTION('',(0.,0.,1.));
#3781=CARTESIAN_POINT('',(153.452994615088,60.,4.23051796282915E-15));
#3782=VECTOR('',#3783,1.);
#3783=DIRECTION('',(0.500000000036362,0.,0.866025403763445));
#3784=CARTESIAN_POINT('',(132.5,60.,55.));
#3785=CARTESIAN_POINT('',(152.5,60.,55.));
#3786=AXIS2_PLACEMENT_3D('',#3787,#3788,#3789);
#3787=CARTESIAN_POINT('',(142.5,60.,55.));
#3788=DIRECTION('',(0.,1.,0.));
#3789=DIRECTION('',(-1.,0.,0.));
#3790=CARTESIAN_POINT('',(132.5,60.,20.));
#3791=CARTESIAN_POINT('',(132.5,60.,20.));
#3792=VECTOR('',#3793,1.);
#3793=DIRECTION('',(0.,0.,1.));
#3794=CARTESIAN_POINT('',(152.5,60.,20.));
#3795=AXIS2_PLACEMENT_3D('',#3796,#3797,#3798);
#3796=CARTESIAN_POINT('',(142.5,60.,20.));
#3797=DIRECTION('',(0.,1.,0.));
#3798=DIRECTION('',(1.,0.,-3.5527136788005E-16));
#3799=CARTESIAN_POINT('',(152.5,60.,55.));
#3800=VECTOR('',#3801,1.);
#3801=DIRECTION('',(0.,0.,-1.));
#3802=CARTESIAN_POINT('',(92.5,60.,55.));
#3803=CARTESIAN_POINT('',(112.5,60.,55.));
#3804=AXIS2_PLACEMENT_3D('',#3805,#3806,#3807);
#3805=CARTESIAN_POINT('',(102.5,60.,55.));
#3806=DIRECTION('',(0.,1.,0.));
#3807=DIRECTION('',(-1.,0.,0.));
#3808=CARTESIAN_POINT('',(92.5,60.,20.));
#3809=CARTESIAN_POINT('',(92.5,60.,20.));
#3810=VECTOR('',#3811,1.);
#3811=DIRECTION('',(0.,0.,1.));
#3812=CARTESIAN_POINT('',(112.5,60.,20.));
#3813=AXIS2_PLACEMENT_3D('',#3814,#3815,#3816);
#3814=CARTESIAN_POINT('',(102.5,60.,20.));
#3815=DIRECTION('',(0.,1.,0.));
#3816=DIRECTION('',(1.,0.,7.105427357601E-16));
#3817=CARTESIAN_POINT('',(112.5,60.,55.));
#3818=VECTOR('',#3819,1.);
#3819=DIRECTION('',(0.,0.,-1.));
#3820=CARTESIAN_POINT('',(52.5,60.,55.));
#3821=CARTESIAN_POINT('',(72.5,60.,55.));
#3822=AXIS2_PLACEMENT_3D('',#3823,#3824,#3825);
#3823=CARTESIAN_POINT('',(62.5,60.,55.));
#3824=DIRECTION('',(0.,1.,0.));
#3825=DIRECTION('',(-1.,0.,0.));
#3826=CARTESIAN_POINT('',(52.5,60.,20.));
#3827=CARTESIAN_POINT('',(52.5,60.,20.));
#3828=VECTOR('',#3829,1.);
#3829=DIRECTION('',(-2.03012210217171E-16,0.,1.));
#3830=CARTESIAN_POINT('',(72.5,60.,20.));
#3831=AXIS2_PLACEMENT_3D('',#3832,#3833,#3834);
#3832=CARTESIAN_POINT('',(62.5,60.,20.));
#3833=DIRECTION('',(0.,1.,0.));
#3834=DIRECTION('',(1.,0.,7.105427357601E-16));
#3835=CARTESIAN_POINT('',(72.5,60.,55.));
#3836=VECTOR('',#3837,1.);
#3837=DIRECTION('',(0.,0.,-1.));
#3838=CARTESIAN_POINT('',(32.5,60.,55.));
#3839=CARTESIAN_POINT('',(12.5,60.,55.));
#3840=AXIS2_PLACEMENT_3D('',#3841,#3842,#3843);
#3841=CARTESIAN_POINT('',(22.5,60.,55.));
#3842=DIRECTION('',(0.,-1.,0.));
#3843=DIRECTION('',(1.,0.,0.));
#3844=CARTESIAN_POINT('',(12.5,60.,20.));
#3845=CARTESIAN_POINT('',(12.5,60.,20.));
#3846=VECTOR('',#3847,1.);
#3847=DIRECTION('',(0.,0.,1.));
#3848=CARTESIAN_POINT('',(32.5,60.,20.));
#3849=AXIS2_PLACEMENT_3D('',#3850,#3851,#3852);
#3850=CARTESIAN_POINT('',(22.5,60.,20.));
#3851=DIRECTION('',(0.,-1.,0.));
#3852=DIRECTION('',(-1.,0.,0.));
#3853=CARTESIAN_POINT('',(32.5,60.,55.));
#3854=VECTOR('',#3855,1.);
#3855=DIRECTION('',(0.,0.,-1.));
#3856=CARTESIAN_POINT('',(161.6,60.,67.));
#3857=AXIS2_PLACEMENT_3D('',#3858,#3859,#3860);
#3858=CARTESIAN_POINT('',(160.,60.,67.));
#3859=DIRECTION('',(0.,-1.,0.));
#3860=DIRECTION('',(1.,0.,0.));
#3861=CARTESIAN_POINT('',(3.4,60.,40.));
#3862=AXIS2_PLACEMENT_3D('',#3863,#3864,#3865);
#3863=CARTESIAN_POINT('',(5.,60.,40.));
#3864=DIRECTION('',(0.,1.,0.));
#3865=DIRECTION('',(-1.,0.,-1.22464679914735E-16));
#3866=CARTESIAN_POINT('',(165.,60.,20.));
#3867=VECTOR('',#3868,1.);
#3868=DIRECTION('',(0.,-1.,0.));
#3869=CARTESIAN_POINT('',(155.95299461527,5.,4.33012701881722));
#3870=CARTESIAN_POINT('',(162.499999999818,5.,15.6698729811828));
#3871=CARTESIAN_POINT('',(155.95299461527,5.,4.33012701881722));
#3872=VECTOR('',#3873,1.);
#3873=DIRECTION('',(0.500000000036362,-6.78308911934674E-17,0.866025403763445));
#3874=CARTESIAN_POINT('',(162.499999999818,55.,15.6698729811828));
#3875=CARTESIAN_POINT('',(162.499999999818,5.,15.6698729811828));
#3876=VECTOR('',#3877,1.);
#3877=DIRECTION('',(5.6843418860808E-16,1.,3.90798504668055E-16));
#3878=CARTESIAN_POINT('',(155.95299461527,55.,4.33012701881722));
#3879=CARTESIAN_POINT('',(162.499999999818,55.,15.6698729811828));
#3880=VECTOR('',#3881,1.);
#3881=DIRECTION('',(-0.500000000036363,0.,-0.866025403763445));
#3882=CARTESIAN_POINT('',(155.95299461527,55.,4.33012701881722));
#3883=VECTOR('',#3884,1.);
#3884=DIRECTION('',(0.,-1.,0.));
#3885=CARTESIAN_POINT('',(9.81495457725469,29.,7.00000000001451));
#3886=CARTESIAN_POINT('',(9.81495457725467,31.,7.00000000001041));
#3887=CARTESIAN_POINT('',(9.81495457724266,31.,7.00000000002082));
#3888=VECTOR('',#3889,1.);
#3889=DIRECTION('',(-2.36966002375993E-12,-1.,4.09849931770623E-12));
#3890=CARTESIAN_POINT('',(31.,29.,7.00000000001451));
#3891=CARTESIAN_POINT('',(9.81495457725469,29.,7.00000000001451));
#3892=VECTOR('',#3893,1.);
#3893=DIRECTION('',(1.,1.6769912964105E-16,0.));
#3894=CARTESIAN_POINT('',(31.,25.0000000000008,7.00000000004542));
#3895=CARTESIAN_POINT('',(31.,29.,7.00000000002903));
#3896=VECTOR('',#3897,1.);
#3897=DIRECTION('',(-1.77635683940059E-15,-1.,4.09827727310208E-12));
#3898=CARTESIAN_POINT('',(33.,25.0000000000008,7.00000000004542));
#3899=CARTESIAN_POINT('',(33.,25.0000000000008,7.00000000004542));
#3900=VECTOR('',#3901,1.);
#3901=DIRECTION('',(-1.,0.,0.));
#3902=CARTESIAN_POINT('',(33.,29.,7.00000000001451));
#3903=CARTESIAN_POINT('',(33.,25.0000000000008,7.00000000004542));
#3904=VECTOR('',#3905,1.);
#3905=DIRECTION('',(0.,1.,-4.09827727310207E-12));
#3906=CARTESIAN_POINT('',(53.,29.,7.00000000001451));
#3907=CARTESIAN_POINT('',(33.,29.,7.00000000001451));
#3908=VECTOR('',#3909,1.);
#3909=DIRECTION('',(1.,0.,0.));
#3910=CARTESIAN_POINT('',(53.,25.0000000000008,7.00000000004542));
#3911=CARTESIAN_POINT('',(53.,29.,7.00000000002903));
#3912=VECTOR('',#3913,1.);
#3913=DIRECTION('',(0.,-1.,4.09827727310208E-12));
#3914=CARTESIAN_POINT('',(55.,25.0000000000008,7.00000000004542));
#3915=CARTESIAN_POINT('',(55.,25.0000000000008,7.00000000004542));
#3916=VECTOR('',#3917,1.);
#3917=DIRECTION('',(-1.,0.,0.));
#3918=CARTESIAN_POINT('',(55.,29.,7.00000000001451));
#3919=CARTESIAN_POINT('',(55.,25.0000000000008,7.00000000004542));
#3920=VECTOR('',#3921,1.);
#3921=DIRECTION('',(0.,1.,-4.09827727310208E-12));
#3922=CARTESIAN_POINT('',(75.,29.,7.00000000001451));
#3923=CARTESIAN_POINT('',(55.,29.,7.00000000001451));
#3924=VECTOR('',#3925,1.);
#3925=DIRECTION('',(1.,0.,0.));
#3926=CARTESIAN_POINT('',(75.,25.0000000000008,7.00000000004542));
#3927=CARTESIAN_POINT('',(75.,29.,7.00000000002903));
#3928=VECTOR('',#3929,1.);
#3929=DIRECTION('',(0.,-1.,4.09827727310208E-12));
#3930=CARTESIAN_POINT('',(77.,25.0000000000008,7.00000000004542));
#3931=CARTESIAN_POINT('',(77.,25.0000000000008,7.00000000004542));
#3932=VECTOR('',#3933,1.);
#3933=DIRECTION('',(-1.,0.,0.));
#3934=CARTESIAN_POINT('',(77.,29.,7.00000000001451));
#3935=CARTESIAN_POINT('',(77.,25.0000000000008,7.00000000004542));
#3936=VECTOR('',#3937,1.);
#3937=DIRECTION('',(0.,1.,-4.09827727310208E-12));
#3938=CARTESIAN_POINT('',(97.,29.,7.00000000001451));
#3939=CARTESIAN_POINT('',(77.,29.,7.00000000001451));
#3940=VECTOR('',#3941,1.);
#3941=DIRECTION('',(1.,1.77635683940025E-16,0.));
#3942=CARTESIAN_POINT('',(97.,25.0000000000008,7.00000000004542));
#3943=CARTESIAN_POINT('',(97.,29.,7.00000000002903));
#3944=VECTOR('',#3945,1.);
#3945=DIRECTION('',(0.,-1.,4.09827727310207E-12));
#3946=CARTESIAN_POINT('',(99.,25.0000000000008,7.00000000004542));
#3947=CARTESIAN_POINT('',(99.,25.0000000000008,7.00000000004542));
#3948=VECTOR('',#3949,1.);
#3949=DIRECTION('',(-1.,0.,0.));
#3950=CARTESIAN_POINT('',(99.,29.,7.00000000001451));
#3951=CARTESIAN_POINT('',(99.,25.0000000000008,7.00000000004542));
#3952=VECTOR('',#3953,1.);
#3953=DIRECTION('',(0.,1.,-4.09827727310207E-12));
#3954=CARTESIAN_POINT('',(119.,29.,7.00000000001451));
#3955=CARTESIAN_POINT('',(99.,29.,7.00000000001451));
#3956=VECTOR('',#3957,1.);
#3957=DIRECTION('',(1.,0.,0.));
#3958=CARTESIAN_POINT('',(119.,25.0000000000008,7.00000000004542));
#3959=CARTESIAN_POINT('',(119.,29.,7.00000000002903));
#3960=VECTOR('',#3961,1.);
#3961=DIRECTION('',(0.,-1.,4.09827727310207E-12));
#3962=CARTESIAN_POINT('',(121.,25.0000000000008,7.00000000004542));
#3963=CARTESIAN_POINT('',(121.,25.0000000000008,7.00000000004542));
#3964=VECTOR('',#3965,1.);
#3965=DIRECTION('',(-1.,0.,0.));
#3966=CARTESIAN_POINT('',(121.,29.,7.00000000001451));
#3967=CARTESIAN_POINT('',(121.,25.0000000000008,7.00000000004542));
#3968=VECTOR('',#3969,1.);
#3969=DIRECTION('',(0.,1.,-4.09827727310207E-12));
#3970=CARTESIAN_POINT('',(141.,29.,7.00000000001451));
#3971=CARTESIAN_POINT('',(121.,29.,7.00000000001451));
#3972=VECTOR('',#3973,1.);
#3973=DIRECTION('',(1.,0.,0.));
#3974=CARTESIAN_POINT('',(141.,25.0000000000008,7.00000000004542));
#3975=CARTESIAN_POINT('',(141.,29.,7.00000000002903));
#3976=VECTOR('',#3977,1.);
#3977=DIRECTION('',(0.,-1.,4.09827727310207E-12));
#3978=CARTESIAN_POINT('',(143.,25.0000000000008,7.00000000004542));
#3979=CARTESIAN_POINT('',(143.,25.0000000000008,7.00000000004542));
#3980=VECTOR('',#3981,1.);
#3981=DIRECTION('',(-1.,0.,0.));
#3982=CARTESIAN_POINT('',(143.,29.,7.00000000001451));
#3983=CARTESIAN_POINT('',(143.,25.0000000000008,7.00000000004542));
#3984=VECTOR('',#3985,1.);
#3985=DIRECTION('',(0.,1.,-4.09827727310207E-12));
#3986=CARTESIAN_POINT('',(155.185045422745,29.,7.00000000001451));
#3987=CARTESIAN_POINT('',(143.,29.,7.00000000001451));
#3988=VECTOR('',#3989,1.);
#3989=DIRECTION('',(1.,0.,0.));
#3990=CARTESIAN_POINT('',(155.185045422757,31.,7.00000000001041));
#3991=CARTESIAN_POINT('',(155.185045422762,29.,7.00000000002903));
#3992=VECTOR('',#3993,1.);
#3993=DIRECTION('',(-2.37321273743873E-12,1.,-4.09849931770621E-12));
#3994=CARTESIAN_POINT('',(143.,31.,7.00000000001041));
#3995=CARTESIAN_POINT('',(155.185045422757,31.,7.00000000001041));
#3996=VECTOR('',#3997,1.);
#3997=DIRECTION('',(-1.,0.,0.));
#3998=CARTESIAN_POINT('',(143.,34.9999999999992,7.00000000000444));
#3999=CARTESIAN_POINT('',(143.,31.,7.00000000002083));
#4000=VECTOR('',#4001,1.);
#4001=DIRECTION('',(0.,1.,-4.09827727310211E-12));
#4002=CARTESIAN_POINT('',(141.,34.9999999999992,7.00000000000444));
#4003=CARTESIAN_POINT('',(143.,34.9999999999992,7.00000000000444));
#4004=VECTOR('',#4005,1.);
#4005=DIRECTION('',(-1.,0.,0.));
#4006=CARTESIAN_POINT('',(141.,31.,7.00000000001041));
#4007=CARTESIAN_POINT('',(141.,34.9999999999992,7.00000000000444));
#4008=VECTOR('',#4009,1.);
#4009=DIRECTION('',(0.,-1.,4.09849931770703E-12));
#4010=CARTESIAN_POINT('',(121.,31.,7.00000000001041));
#4011=CARTESIAN_POINT('',(141.,31.,7.00000000001041));
#4012=VECTOR('',#4013,1.);
#4013=DIRECTION('',(-1.,0.,0.));
#4014=CARTESIAN_POINT('',(121.,34.9999999999992,7.00000000000444));
#4015=CARTESIAN_POINT('',(121.,31.,7.00000000002083));
#4016=VECTOR('',#4017,1.);
#4017=DIRECTION('',(0.,1.,-4.0982772731021E-12));
#4018=CARTESIAN_POINT('',(119.,34.9999999999992,7.00000000000444));
#4019=CARTESIAN_POINT('',(121.,34.9999999999992,7.00000000000444));
#4020=VECTOR('',#4021,1.);
#4021=DIRECTION('',(-1.,0.,0.));
#4022=CARTESIAN_POINT('',(119.,31.,7.00000000001041));
#4023=CARTESIAN_POINT('',(119.,34.9999999999992,7.00000000000444));
#4024=VECTOR('',#4025,1.);
#4025=DIRECTION('',(0.,-1.,4.0982772731021E-12));
#4026=CARTESIAN_POINT('',(99.,31.,7.00000000001041));
#4027=CARTESIAN_POINT('',(119.,31.,7.00000000001041));
#4028=VECTOR('',#4029,1.);
#4029=DIRECTION('',(-1.,0.,0.));
#4030=CARTESIAN_POINT('',(99.,34.9999999999992,7.00000000000444));
#4031=CARTESIAN_POINT('',(99.,31.,7.00000000002083));
#4032=VECTOR('',#4033,1.);
#4033=DIRECTION('',(0.,1.,-4.0982772731021E-12));
#4034=CARTESIAN_POINT('',(97.,34.9999999999992,7.00000000000444));
#4035=CARTESIAN_POINT('',(99.,34.9999999999992,7.00000000000444));
#4036=VECTOR('',#4037,1.);
#4037=DIRECTION('',(-1.,0.,0.));
#4038=CARTESIAN_POINT('',(97.,31.,7.00000000001041));
#4039=CARTESIAN_POINT('',(97.,34.9999999999992,7.00000000000444));
#4040=VECTOR('',#4041,1.);
#4041=DIRECTION('',(0.,-1.,4.0982772731021E-12));
#4042=CARTESIAN_POINT('',(77.,31.,7.00000000001041));
#4043=CARTESIAN_POINT('',(97.,31.,7.00000000001041));
#4044=VECTOR('',#4045,1.);
#4045=DIRECTION('',(-1.,-1.77635683940025E-16,0.));
#4046=CARTESIAN_POINT('',(77.,34.9999999999992,7.00000000000444));
#4047=CARTESIAN_POINT('',(77.,31.,7.00000000002083));
#4048=VECTOR('',#4049,1.);
#4049=DIRECTION('',(0.,1.,-4.09849931770703E-12));
#4050=CARTESIAN_POINT('',(77.,34.9999999999992,7.00000000000444));
#4051=VECTOR('',#4052,1.);
#4052=DIRECTION('',(-1.,0.,0.));
#4053=CARTESIAN_POINT('',(53.,34.9999999999992,7.00000000000444));
#4054=CARTESIAN_POINT('',(55.,34.9999999999992,7.00000000000444));
#4055=VECTOR('',#4056,1.);
#4056=DIRECTION('',(-1.,0.,0.));
#4057=CARTESIAN_POINT('',(53.,31.,7.00000000001041));
#4058=CARTESIAN_POINT('',(53.,34.9999999999992,7.00000000000444));
#4059=VECTOR('',#4060,1.);
#4060=DIRECTION('',(0.,-1.,4.09849931770703E-12));
#4061=CARTESIAN_POINT('',(33.,31.,7.00000000001041));
#4062=CARTESIAN_POINT('',(53.,31.,7.00000000001041));
#4063=VECTOR('',#4064,1.);
#4064=DIRECTION('',(-1.,-1.77635683940025E-16,4.44089209850063E-17));
#4065=CARTESIAN_POINT('',(33.,34.9999999999992,7.00000000000444));
#4066=CARTESIAN_POINT('',(33.,31.,7.00000000002083));
#4067=VECTOR('',#4068,1.);
#4068=DIRECTION('',(0.,1.,-4.0982772731021E-12));
#4069=CARTESIAN_POINT('',(31.,34.9999999999992,7.00000000000444));
#4070=CARTESIAN_POINT('',(33.,34.9999999999992,7.00000000000444));
#4071=VECTOR('',#4072,1.);
#4072=DIRECTION('',(-1.,0.,0.));
#4073=CARTESIAN_POINT('',(31.,31.,7.00000000001041));
#4074=CARTESIAN_POINT('',(31.,34.9999999999992,7.00000000000444));
#4075=VECTOR('',#4076,1.);
#4076=DIRECTION('',(0.,-1.,4.09849931770703E-12));
#4077=CARTESIAN_POINT('',(31.,31.,7.00000000001041));
#4078=VECTOR('',#4079,1.);
#4079=DIRECTION('',(-1.,-1.6769912964105E-16,0.));
#4080=CARTESIAN_POINT('',(77.,52.5,22.));
#4081=CARTESIAN_POINT('',(77.,52.5,22.));
#4082=VECTOR('',#4083,1.);
#4083=DIRECTION('',(-1.,0.,0.));
#4084=CARTESIAN_POINT('',(77.,34.9999999999992,7.00000000000444));
#4085=VECTOR('',#4086,1.);
#4086=DIRECTION('',(0.,0.759256602365406,0.650791373455841));
#4087=CARTESIAN_POINT('',(77.,52.5,22.));
#4088=VECTOR('',#4089,1.);
#4089=DIRECTION('',(0.,1.,0.));
#4090=CARTESIAN_POINT('',(2.30940107706176,2.,20.));
#4091=CARTESIAN_POINT('',(2.30940107706176,2.,20.));
#4092=VECTOR('',#4093,1.);
#4093=DIRECTION('',(3.1720657846433E-17,1.,0.));
#4094=CARTESIAN_POINT('',(2.30940107706176,2.,21.));
#4095=CARTESIAN_POINT('',(2.30940107706176,2.,21.));
#4096=VECTOR('',#4097,1.);
#4097=DIRECTION('',(6.34413156928661E-17,1.,0.));
#4098=CARTESIAN_POINT('',(2.30940107706175,2.,21.));
#4099=VECTOR('',#4100,1.);
#4100=DIRECTION('',(0.,0.,-1.));
#4101=CARTESIAN_POINT('',(12.7017059234827,2.,2.));
#4102=CARTESIAN_POINT('',(2.30940107706175,2.,20.));
#4103=VECTOR('',#4104,1.);
#4104=DIRECTION('',(0.500000000036362,0.,-0.866025403763445));
#4105=CARTESIAN_POINT('',(12.7017059234827,29.,2.));
#4106=CARTESIAN_POINT('',(12.7017059234827,2.,2.));
#4107=VECTOR('',#4108,1.);
#4108=DIRECTION('',(0.,1.,0.));
#4109=CARTESIAN_POINT('',(12.7017059234827,29.,2.));
#4110=VECTOR('',#4111,1.);
#4111=DIRECTION('',(-0.500000000036362,0.,0.866025403763445));
#4112=CARTESIAN_POINT('',(12.7017059234827,31.,2.));
#4113=CARTESIAN_POINT('',(9.81495457725467,31.,7.));
#4114=VECTOR('',#4115,1.);
#4115=DIRECTION('',(0.500000000036364,0.,-0.866025403763444));
#4116=CARTESIAN_POINT('',(12.7017059234827,31.,2.));
#4117=VECTOR('',#4118,1.);
#4118=DIRECTION('',(0.,1.,0.));
#4119=CARTESIAN_POINT('',(31.,31.,2.));
#4120=CARTESIAN_POINT('',(31.,31.,2.));
#4121=VECTOR('',#4122,1.);
#4122=DIRECTION('',(-1.,0.,0.));
#4123=CARTESIAN_POINT('',(31.,58.,2.));
#4124=VECTOR('',#4125,1.);
#4125=DIRECTION('',(1.31581988103722E-16,-1.,0.));
#4126=CARTESIAN_POINT('',(31.,31.,7.));
#4127=VECTOR('',#4128,1.);
#4128=DIRECTION('',(0.,0.,-1.));
#4129=CARTESIAN_POINT('',(31.,52.5,22.));
#4130=CARTESIAN_POINT('',(31.,52.5,22.));
#4131=VECTOR('',#4132,1.);
#4132=DIRECTION('',(0.,-0.759256602365406,-0.650791373455841));
#4133=CARTESIAN_POINT('',(31.,58.,22.));
#4134=VECTOR('',#4135,1.);
#4135=DIRECTION('',(0.,-1.,0.));
#4136=CARTESIAN_POINT('',(33.,52.5,22.));
#4137=CARTESIAN_POINT('',(33.,52.5,22.));
#4138=VECTOR('',#4139,1.);
#4139=DIRECTION('',(-1.,0.,0.));
#4140=CARTESIAN_POINT('',(33.,52.5,22.));
#4141=VECTOR('',#4142,1.);
#4142=DIRECTION('',(0.,1.,0.));
#4143=CARTESIAN_POINT('',(33.,31.,2.));
#4144=CARTESIAN_POINT('',(33.,31.,2.));
#4145=VECTOR('',#4146,1.);
#4146=DIRECTION('',(0.,0.,1.));
#4147=CARTESIAN_POINT('',(33.,31.,2.));
#4148=VECTOR('',#4149,1.);
#4149=DIRECTION('',(0.,1.,0.));
#4150=CARTESIAN_POINT('',(33.,34.9999999999992,7.00000000000444));
#4151=VECTOR('',#4152,1.);
#4152=DIRECTION('',(0.,0.759256602365406,0.650791373455841));
#4153=CARTESIAN_POINT('',(53.,31.,2.));
#4154=CARTESIAN_POINT('',(53.,31.,2.));
#4155=VECTOR('',#4156,1.);
#4156=DIRECTION('',(-1.,0.,0.));
#4157=CARTESIAN_POINT('',(53.,58.,2.));
#4158=VECTOR('',#4159,1.);
#4159=DIRECTION('',(0.,-1.,0.));
#4160=CARTESIAN_POINT('',(53.,31.,7.));
#4161=VECTOR('',#4162,1.);
#4162=DIRECTION('',(0.,0.,-1.));
#4163=CARTESIAN_POINT('',(53.,52.5,22.));
#4164=CARTESIAN_POINT('',(53.,52.5,22.));
#4165=VECTOR('',#4166,1.);
#4166=DIRECTION('',(0.,-0.759256602365406,-0.650791373455841));
#4167=CARTESIAN_POINT('',(53.,58.,22.));
#4168=VECTOR('',#4169,1.);
#4169=DIRECTION('',(0.,-1.,0.));
#4170=CARTESIAN_POINT('',(55.,52.5,22.));
#4171=VECTOR('',#4172,1.);
#4172=DIRECTION('',(-1.,0.,0.));
#4173=CARTESIAN_POINT('',(77.,31.,2.));
#4174=CARTESIAN_POINT('',(77.,31.,2.));
#4175=VECTOR('',#4176,1.);
#4176=DIRECTION('',(0.,0.,1.));
#4177=CARTESIAN_POINT('',(77.,31.,2.));
#4178=VECTOR('',#4179,1.);
#4179=DIRECTION('',(0.,1.,0.));
#4180=CARTESIAN_POINT('',(97.,31.,2.));
#4181=CARTESIAN_POINT('',(97.,31.,2.));
#4182=VECTOR('',#4183,1.);
#4183=DIRECTION('',(-1.,0.,0.));
#4184=CARTESIAN_POINT('',(97.,58.,2.));
#4185=VECTOR('',#4186,1.);
#4186=DIRECTION('',(0.,-1.,0.));
#4187=CARTESIAN_POINT('',(97.,31.,7.));
#4188=VECTOR('',#4189,1.);
#4189=DIRECTION('',(0.,0.,-1.));
#4190=CARTESIAN_POINT('',(97.,52.5,22.));
#4191=CARTESIAN_POINT('',(97.,52.5,22.));
#4192=VECTOR('',#4193,1.);
#4193=DIRECTION('',(0.,-0.759256602365406,-0.650791373455841));
#4194=CARTESIAN_POINT('',(97.,58.,22.));
#4195=VECTOR('',#4196,1.);
#4196=DIRECTION('',(0.,-1.,0.));
#4197=CARTESIAN_POINT('',(99.,52.5,22.));
#4198=CARTESIAN_POINT('',(99.,52.5,22.));
#4199=VECTOR('',#4200,1.);
#4200=DIRECTION('',(-1.,0.,0.));
#4201=CARTESIAN_POINT('',(99.,52.5,22.));
#4202=VECTOR('',#4203,1.);
#4203=DIRECTION('',(0.,1.,0.));
#4204=CARTESIAN_POINT('',(99.,31.,2.));
#4205=CARTESIAN_POINT('',(99.,31.,2.));
#4206=VECTOR('',#4207,1.);
#4207=DIRECTION('',(0.,0.,1.));
#4208=CARTESIAN_POINT('',(99.,31.,2.));
#4209=VECTOR('',#4210,1.);
#4210=DIRECTION('',(0.,1.,0.));
#4211=CARTESIAN_POINT('',(99.,34.9999999999992,7.00000000000444));
#4212=VECTOR('',#4213,1.);
#4213=DIRECTION('',(0.,0.759256602365406,0.650791373455841));
#4214=CARTESIAN_POINT('',(119.,31.,2.));
#4215=CARTESIAN_POINT('',(119.,31.,2.));
#4216=VECTOR('',#4217,1.);
#4217=DIRECTION('',(-1.,0.,0.));
#4218=CARTESIAN_POINT('',(119.,58.,2.));
#4219=VECTOR('',#4220,1.);
#4220=DIRECTION('',(0.,-1.,0.));
#4221=CARTESIAN_POINT('',(119.,31.,7.));
#4222=VECTOR('',#4223,1.);
#4223=DIRECTION('',(0.,0.,-1.));
#4224=CARTESIAN_POINT('',(119.,52.5,22.));
#4225=CARTESIAN_POINT('',(119.,52.5,22.));
#4226=VECTOR('',#4227,1.);
#4227=DIRECTION('',(0.,-0.759256602365406,-0.650791373455841));
#4228=CARTESIAN_POINT('',(119.,58.,22.));
#4229=VECTOR('',#4230,1.);
#4230=DIRECTION('',(0.,-1.,0.));
#4231=CARTESIAN_POINT('',(121.,52.5,22.));
#4232=CARTESIAN_POINT('',(121.,52.5,22.));
#4233=VECTOR('',#4234,1.);
#4234=DIRECTION('',(-1.,0.,0.));
#4235=CARTESIAN_POINT('',(121.,52.5,22.));
#4236=VECTOR('',#4237,1.);
#4237=DIRECTION('',(0.,1.,0.));
#4238=CARTESIAN_POINT('',(121.,31.,2.));
#4239=CARTESIAN_POINT('',(121.,31.,2.));
#4240=VECTOR('',#4241,1.);
#4241=DIRECTION('',(0.,0.,1.));
#4242=CARTESIAN_POINT('',(121.,31.,2.));
#4243=VECTOR('',#4244,1.);
#4244=DIRECTION('',(0.,1.,0.));
#4245=CARTESIAN_POINT('',(121.,34.9999999999992,7.00000000000444));
#4246=VECTOR('',#4247,1.);
#4247=DIRECTION('',(0.,0.759256602365406,0.650791373455841));
#4248=CARTESIAN_POINT('',(141.,31.,2.));
#4249=CARTESIAN_POINT('',(141.,31.,2.));
#4250=VECTOR('',#4251,1.);
#4251=DIRECTION('',(-1.,-1.77635683940025E-16,0.));
#4252=CARTESIAN_POINT('',(141.,58.,2.));
#4253=VECTOR('',#4254,1.);
#4254=DIRECTION('',(0.,-1.,0.));
#4255=CARTESIAN_POINT('',(141.,31.,7.));
#4256=VECTOR('',#4257,1.);
#4257=DIRECTION('',(0.,0.,-1.));
#4258=CARTESIAN_POINT('',(141.,52.5,22.));
#4259=CARTESIAN_POINT('',(141.,52.5,22.));
#4260=VECTOR('',#4261,1.);
#4261=DIRECTION('',(0.,-0.759256602365406,-0.650791373455841));
#4262=CARTESIAN_POINT('',(141.,58.,22.));
#4263=VECTOR('',#4264,1.);
#4264=DIRECTION('',(0.,-1.,0.));
#4265=CARTESIAN_POINT('',(143.,52.5,22.));
#4266=CARTESIAN_POINT('',(143.,52.5,22.));
#4267=VECTOR('',#4268,1.);
#4268=DIRECTION('',(-1.,0.,0.));
#4269=CARTESIAN_POINT('',(143.,52.5,22.));
#4270=VECTOR('',#4271,1.);
#4271=DIRECTION('',(0.,1.,0.));
#4272=CARTESIAN_POINT('',(143.,31.,2.));
#4273=CARTESIAN_POINT('',(143.,31.,2.));
#4274=VECTOR('',#4275,1.);
#4275=DIRECTION('',(0.,0.,1.));
#4276=CARTESIAN_POINT('',(143.,31.,2.));
#4277=VECTOR('',#4278,1.);
#4278=DIRECTION('',(0.,1.,0.));
#4279=CARTESIAN_POINT('',(143.,34.9999999999992,7.00000000000444));
#4280=VECTOR('',#4281,1.);
#4281=DIRECTION('',(0.,0.759256602365406,0.650791373455841));
#4282=CARTESIAN_POINT('',(152.298294076517,31.,2.));
#4283=CARTESIAN_POINT('',(152.298294076517,58.,2.));
#4284=VECTOR('',#4285,1.);
#4285=DIRECTION('',(0.,-1.,0.));
#4286=CARTESIAN_POINT('',(152.298294076517,31.,2.));
#4287=VECTOR('',#4288,1.);
#4288=DIRECTION('',(-1.,-3.8208230989089E-16,0.));
#4289=CARTESIAN_POINT('',(152.298294076517,31.,2.));
#4290=VECTOR('',#4291,1.);
#4291=DIRECTION('',(0.500000000036361,0.,0.866025403763446));
#4292=CARTESIAN_POINT('',(152.298294076517,29.,2.));
#4293=CARTESIAN_POINT('',(155.185045422745,29.,7.));
#4294=VECTOR('',#4295,1.);
#4295=DIRECTION('',(-0.500000000036364,0.,-0.866025403763444));
#4296=CARTESIAN_POINT('',(152.298294076517,2.,2.));
#4297=CARTESIAN_POINT('',(152.298294076517,29.,2.));
#4298=VECTOR('',#4299,1.);
#4299=DIRECTION('',(0.,-1.,0.));
#4300=CARTESIAN_POINT('',(162.690598922938,2.,20.));
#4301=CARTESIAN_POINT('',(152.298294076517,2.,2.));
#4302=VECTOR('',#4303,1.);
#4303=DIRECTION('',(0.500000000036362,0.,0.866025403763445));
#4304=CARTESIAN_POINT('',(162.690598922938,2.,20.));
#4305=VECTOR('',#4306,1.);
#4306=DIRECTION('',(0.,1.,0.));
#4307=CARTESIAN_POINT('',(163.,2.,20.));
#4308=CARTESIAN_POINT('',(162.690598922938,2.,20.));
#4309=VECTOR('',#4310,1.);
#4310=DIRECTION('',(1.,0.,0.));
#4311=CARTESIAN_POINT('',(163.,2.,20.));
#4312=VECTOR('',#4313,1.);
#4313=DIRECTION('',(0.,1.,0.));
#4314=CARTESIAN_POINT('',(163.,2.,70.));
#4315=CARTESIAN_POINT('',(163.,2.,20.));
#4316=VECTOR('',#4317,1.);
#4317=DIRECTION('',(0.,0.,1.));
#4318=CARTESIAN_POINT('',(163.,58.,70.));
#4319=VECTOR('',#4320,1.);
#4320=DIRECTION('',(0.,-1.,0.));
#4321=CARTESIAN_POINT('',(163.,22.5,55.));
#4322=CARTESIAN_POINT('',(163.,22.5,49.));
#4323=CARTESIAN_POINT('',(163.,22.5,49.));
#4324=VECTOR('',#4325,1.);
#4325=DIRECTION('',(0.,1.1842378929335E-15,1.));
#4326=CARTESIAN_POINT('',(163.,37.5,49.));
#4327=CARTESIAN_POINT('',(163.,37.5,49.));
#4328=VECTOR('',#4329,1.);
#4329=DIRECTION('',(0.,-1.,0.));
#4330=CARTESIAN_POINT('',(163.,37.5000000000001,55.));
#4331=CARTESIAN_POINT('',(163.,37.5000000000001,55.));
#4332=VECTOR('',#4333,1.);
#4333=DIRECTION('',(0.,-1.06581410364015E-14,-1.));
#4334=CARTESIAN_POINT('',(163.,22.5,55.0000000000001));
#4335=VECTOR('',#4336,1.);
#4336=DIRECTION('',(0.,1.,-8.52651282912109E-15));
#4337=CARTESIAN_POINT('',(165.,0.,70.));
#4338=VECTOR('',#4339,1.);
#4339=DIRECTION('',(0.,1.,0.));
#4340=CARTESIAN_POINT('',(0.,60.,70.));
#4341=VECTOR('',#4342,1.);
#4342=DIRECTION('',(0.,-1.,0.));
#4343=CARTESIAN_POINT('',(0.,2.,70.));
#4344=CARTESIAN_POINT('',(163.,2.,70.));
#4345=VECTOR('',#4346,1.);
#4346=DIRECTION('',(-1.,0.,0.));
#4347=CARTESIAN_POINT('',(0.,2.,70.));
#4348=VECTOR('',#4349,1.);
#4349=DIRECTION('',(0.,-1.,0.));
#4350=CARTESIAN_POINT('',(-5.71708166480961E-16,2.,21.));
#4351=CARTESIAN_POINT('',(0.,2.,21.));
#4352=VECTOR('',#4353,1.);
#4353=DIRECTION('',(0.,0.,1.));
#4354=CARTESIAN_POINT('',(-6.18980636588253E-19,58.,21.));
#4355=VECTOR('',#4356,1.);
#4356=DIRECTION('',(-3.06161699786838E-17,-1.,0.));
#4357=CARTESIAN_POINT('',(0.,2.,21.));
#4358=VECTOR('',#4359,1.);
#4359=DIRECTION('',(1.,0.,0.));
#4360=CARTESIAN_POINT('',(165.,22.5,49.));
#4361=CARTESIAN_POINT('',(165.,22.5,55.));
#4362=CARTESIAN_POINT('',(165.,22.5,55.));
#4363=VECTOR('',#4364,1.);
#4364=DIRECTION('',(0.,-1.1842378929335E-15,-1.));
#4365=CARTESIAN_POINT('',(165.,37.5000000000001,55.));
#4366=CARTESIAN_POINT('',(165.,37.5000000000002,55.));
#4367=VECTOR('',#4368,1.);
#4368=DIRECTION('',(0.,-1.,8.52651282912109E-15));
#4369=CARTESIAN_POINT('',(165.,37.5,49.));
#4370=CARTESIAN_POINT('',(165.,37.5,49.));
#4371=VECTOR('',#4372,1.);
#4372=DIRECTION('',(0.,1.06581410364015E-14,1.));
#4373=CARTESIAN_POINT('',(165.,22.5,49.));
#4374=VECTOR('',#4375,1.);
#4375=DIRECTION('',(0.,1.,0.));
#4376=CARTESIAN_POINT('',(12.5,1.,55.));
#4377=CARTESIAN_POINT('',(12.5,1.,55.));
#4378=VECTOR('',#4379,1.);
#4379=DIRECTION('',(0.,-1.,0.));
#4380=CARTESIAN_POINT('',(32.5,1.,55.));
#4381=AXIS2_PLACEMENT_3D('',#4382,#4383,#4384);
#4382=CARTESIAN_POINT('',(22.5,1.,55.));
#4383=DIRECTION('',(0.,-1.,0.));
#4384=DIRECTION('',(1.,0.,0.));
#4385=CARTESIAN_POINT('',(32.5,1.,55.));
#4386=VECTOR('',#4387,1.);
#4387=DIRECTION('',(0.,-1.,0.));
#4388=CARTESIAN_POINT('',(32.5,1.,20.));
#4389=CARTESIAN_POINT('',(32.5,1.,20.));
#4390=VECTOR('',#4391,1.);
#4391=DIRECTION('',(0.,0.,1.));
#4392=CARTESIAN_POINT('',(32.5,1.,20.));
#4393=VECTOR('',#4394,1.);
#4394=DIRECTION('',(0.,-1.,0.));
#4395=CARTESIAN_POINT('',(12.5,1.,20.));
#4396=AXIS2_PLACEMENT_3D('',#4397,#4398,#4399);
#4397=CARTESIAN_POINT('',(22.5,1.,20.));
#4398=DIRECTION('',(0.,-1.,0.));
#4399=DIRECTION('',(-1.,0.,0.));
#4400=CARTESIAN_POINT('',(12.5,1.,20.));
#4401=VECTOR('',#4402,1.);
#4402=DIRECTION('',(0.,-1.,0.));
#4403=CARTESIAN_POINT('',(12.5,1.,55.));
#4404=VECTOR('',#4405,1.);
#4405=DIRECTION('',(-5.07530525542929E-17,0.,-1.));
#4406=CARTESIAN_POINT('',(72.5,1.,20.));
#4407=CARTESIAN_POINT('',(72.5,1.,20.));
#4408=VECTOR('',#4409,1.);
#4409=DIRECTION('',(0.,-1.,0.));
#4410=CARTESIAN_POINT('',(52.5,1.,20.));
#4411=AXIS2_PLACEMENT_3D('',#4412,#4413,#4414);
#4412=CARTESIAN_POINT('',(62.5,1.,20.));
#4413=DIRECTION('',(0.,-1.,0.));
#4414=DIRECTION('',(-1.,0.,0.));
#4415=CARTESIAN_POINT('',(52.5,1.,20.));
#4416=VECTOR('',#4417,1.);
#4417=DIRECTION('',(0.,-1.,0.));
#4418=CARTESIAN_POINT('',(52.5,1.,55.));
#4419=CARTESIAN_POINT('',(52.5,1.,55.));
#4420=VECTOR('',#4421,1.);
#4421=DIRECTION('',(0.,0.,-1.));
#4422=CARTESIAN_POINT('',(52.5,1.,55.));
#4423=VECTOR('',#4424,1.);
#4424=DIRECTION('',(0.,-1.,0.));
#4425=CARTESIAN_POINT('',(72.5,1.,55.));
#4426=AXIS2_PLACEMENT_3D('',#4427,#4428,#4429);
#4427=CARTESIAN_POINT('',(62.5,1.,55.));
#4428=DIRECTION('',(0.,-1.,0.));
#4429=DIRECTION('',(1.,0.,0.));
#4430=CARTESIAN_POINT('',(72.5,1.,55.));
#4431=VECTOR('',#4432,1.);
#4432=DIRECTION('',(0.,-1.,0.));
#4433=CARTESIAN_POINT('',(72.5,1.,20.));
#4434=VECTOR('',#4435,1.);
#4435=DIRECTION('',(0.,0.,1.));
#4436=CARTESIAN_POINT('',(112.5,1.,20.));
#4437=CARTESIAN_POINT('',(112.5,1.,20.));
#4438=VECTOR('',#4439,1.);
#4439=DIRECTION('',(0.,-1.,0.));
#4440=CARTESIAN_POINT('',(92.5,1.,20.));
#4441=AXIS2_PLACEMENT_3D('',#4442,#4443,#4444);
#4442=CARTESIAN_POINT('',(102.5,1.,20.));
#4443=DIRECTION('',(0.,-1.,0.));
#4444=DIRECTION('',(-1.,0.,0.));
#4445=CARTESIAN_POINT('',(92.5,1.,20.));
#4446=VECTOR('',#4447,1.);
#4447=DIRECTION('',(0.,-1.,0.));
#4448=CARTESIAN_POINT('',(92.5,1.,55.));
#4449=CARTESIAN_POINT('',(92.5,1.,55.));
#4450=VECTOR('',#4451,1.);
#4451=DIRECTION('',(0.,0.,-1.));
#4452=CARTESIAN_POINT('',(92.5,1.,55.));
#4453=VECTOR('',#4454,1.);
#4454=DIRECTION('',(0.,-1.,0.));
#4455=CARTESIAN_POINT('',(112.5,1.,55.));
#4456=AXIS2_PLACEMENT_3D('',#4457,#4458,#4459);
#4457=CARTESIAN_POINT('',(102.5,1.,55.));
#4458=DIRECTION('',(0.,-1.,0.));
#4459=DIRECTION('',(1.,0.,0.));
#4460=CARTESIAN_POINT('',(112.5,1.,55.));
#4461=VECTOR('',#4462,1.);
#4462=DIRECTION('',(0.,-1.,0.));
#4463=CARTESIAN_POINT('',(112.5,1.,20.));
#4464=VECTOR('',#4465,1.);
#4465=DIRECTION('',(0.,0.,1.));
#4466=CARTESIAN_POINT('',(152.5,1.,20.));
#4467=CARTESIAN_POINT('',(152.5,1.,20.));
#4468=VECTOR('',#4469,1.);
#4469=DIRECTION('',(0.,-1.,0.));
#4470=CARTESIAN_POINT('',(132.5,1.,20.));
#4471=AXIS2_PLACEMENT_3D('',#4472,#4473,#4474);
#4472=CARTESIAN_POINT('',(142.5,1.,20.));
#4473=DIRECTION('',(0.,-1.,0.));
#4474=DIRECTION('',(-1.,0.,0.));
#4475=CARTESIAN_POINT('',(132.5,1.,20.));
#4476=VECTOR('',#4477,1.);
#4477=DIRECTION('',(0.,-1.,0.));
#4478=CARTESIAN_POINT('',(132.5,1.,55.));
#4479=CARTESIAN_POINT('',(132.5,1.,55.));
#4480=VECTOR('',#4481,1.);
#4481=DIRECTION('',(0.,0.,-1.));
#4482=CARTESIAN_POINT('',(132.5,1.,55.));
#4483=VECTOR('',#4484,1.);
#4484=DIRECTION('',(0.,-1.,0.));
#4485=CARTESIAN_POINT('',(152.5,1.,55.));
#4486=AXIS2_PLACEMENT_3D('',#4487,#4488,#4489);
#4487=CARTESIAN_POINT('',(142.5,1.,55.));
#4488=DIRECTION('',(0.,-1.,0.));
#4489=DIRECTION('',(1.,0.,1.4210854715202E-15));
#4490=CARTESIAN_POINT('',(152.5,1.,55.));
#4491=VECTOR('',#4492,1.);
#4492=DIRECTION('',(0.,-1.,0.));
#4493=CARTESIAN_POINT('',(152.5,1.,20.));
#4494=VECTOR('',#4495,1.);
#4495=DIRECTION('',(0.,0.,1.));
#4496=CARTESIAN_POINT('',(161.6,1.99999999999999,67.));
#4497=AXIS2_PLACEMENT_3D('',#4498,#4499,#4500);
#4498=CARTESIAN_POINT('',(160.,2.,67.));
#4499=DIRECTION('',(0.,-1.,0.));
#4500=DIRECTION('',(1.,0.,0.));
#4501=CARTESIAN_POINT('',(3.39999999999999,2.,40.));
#4502=AXIS2_PLACEMENT_3D('',#4503,#4504,#4505);
#4503=CARTESIAN_POINT('',(5.,2.,40.));
#4504=DIRECTION('',(0.,1.,0.));
#4505=DIRECTION('',(-1.,0.,-1.22464679914735E-16));
#4506=CARTESIAN_POINT('',(9.91303078849382,55.,4.83012701885358));
#4507=CARTESIAN_POINT('',(9.91303078849382,55.,4.83012701885358));
#4508=VECTOR('',#4509,1.);
#4509=DIRECTION('',(-0.866025403763445,0.,-0.500000000036362));
#4510=CARTESIAN_POINT('',(3.36602540394526,55.,16.1698729812191));
#4511=CARTESIAN_POINT('',(3.36602540394526,55.,16.1698729812191));
#4512=VECTOR('',#4513,1.);
#4513=DIRECTION('',(0.500000000036362,0.,-0.866025403763445));
#4514=CARTESIAN_POINT('',(3.36602540394526,55.,16.1698729812191));
#4515=VECTOR('',#4516,1.);
#4516=DIRECTION('',(-0.866025403763445,0.,-0.500000000036362));
#4517=CARTESIAN_POINT('',(3.36602540394526,5.,16.1698729812191));
#4518=CARTESIAN_POINT('',(3.36602540394526,5.,16.1698729812191));
#4519=VECTOR('',#4520,1.);
#4520=DIRECTION('',(-8.88178419700125E-17,1.,7.105427357601E-17));
#4521=CARTESIAN_POINT('',(3.36602540394526,5.,16.1698729812191));
#4522=VECTOR('',#4523,1.);
#4523=DIRECTION('',(-0.866025403763445,0.,-0.500000000036362));
#4524=CARTESIAN_POINT('',(9.91303078849382,5.,4.83012701885357));
#4525=CARTESIAN_POINT('',(9.91303078849382,5.,4.83012701885357));
#4526=VECTOR('',#4527,1.);
#4527=DIRECTION('',(-0.500000000036362,-6.78308911934674E-17,0.866025403763445));
#4528=CARTESIAN_POINT('',(9.91303078849382,5.,4.83012701885357));
#4529=VECTOR('',#4530,1.);
#4530=DIRECTION('',(-0.866025403763445,0.,-0.500000000036362));
#4531=CARTESIAN_POINT('',(9.91303078849382,55.,4.83012701885358));
#4532=VECTOR('',#4533,1.);
#4533=DIRECTION('',(7.105427357601E-17,-1.,-3.5527136788005E-17));
#4534=CARTESIAN_POINT('',(132.5,59.,55.));
#4535=CARTESIAN_POINT('',(132.5,59.,55.));
#4536=VECTOR('',#4537,1.);
#4537=DIRECTION('',(0.,1.,0.));
#4538=CARTESIAN_POINT('',(152.5,59.,55.));
#4539=CARTESIAN_POINT('',(152.5,59.,55.));
#4540=VECTOR('',#4541,1.);
#4541=DIRECTION('',(0.,1.,0.));
#4542=AXIS2_PLACEMENT_3D('',#4543,#4544,#4545);
#4543=CARTESIAN_POINT('',(142.5,59.,55.));
#4544=DIRECTION('',(0.,1.,0.));
#4545=DIRECTION('',(-1.,0.,1.4210854715202E-15));
#4546=CARTESIAN_POINT('',(132.5,59.,20.));
#4547=CARTESIAN_POINT('',(132.5,59.,20.));
#4548=VECTOR('',#4549,1.);
#4549=DIRECTION('',(0.,0.,1.));
#4550=CARTESIAN_POINT('',(132.5,59.,20.));
#4551=VECTOR('',#4552,1.);
#4552=DIRECTION('',(0.,1.,0.));
#4553=CARTESIAN_POINT('',(152.5,59.,20.));
#4554=CARTESIAN_POINT('',(152.5,59.,20.));
#4555=VECTOR('',#4556,1.);
#4556=DIRECTION('',(0.,1.,0.));
#4557=AXIS2_PLACEMENT_3D('',#4558,#4559,#4560);
#4558=CARTESIAN_POINT('',(142.5,59.,20.));
#4559=DIRECTION('',(0.,1.,0.));
#4560=DIRECTION('',(1.,0.,0.));
#4561=CARTESIAN_POINT('',(152.5,59.,55.));
#4562=VECTOR('',#4563,1.);
#4563=DIRECTION('',(0.,0.,-1.));
#4564=CARTESIAN_POINT('',(92.5,59.,55.));
#4565=CARTESIAN_POINT('',(92.5,59.,55.));
#4566=VECTOR('',#4567,1.);
#4567=DIRECTION('',(0.,1.,0.));
#4568=CARTESIAN_POINT('',(112.5,59.,55.));
#4569=CARTESIAN_POINT('',(112.5,59.,55.));
#4570=VECTOR('',#4571,1.);
#4571=DIRECTION('',(0.,1.,0.));
#4572=AXIS2_PLACEMENT_3D('',#4573,#4574,#4575);
#4573=CARTESIAN_POINT('',(102.5,59.,55.));
#4574=DIRECTION('',(0.,1.,0.));
#4575=DIRECTION('',(-1.,0.,0.));
#4576=CARTESIAN_POINT('',(92.5,59.,20.));
#4577=CARTESIAN_POINT('',(92.5,59.,20.));
#4578=VECTOR('',#4579,1.);
#4579=DIRECTION('',(0.,0.,1.));
#4580=CARTESIAN_POINT('',(92.5,59.,20.));
#4581=VECTOR('',#4582,1.);
#4582=DIRECTION('',(0.,1.,0.));
#4583=CARTESIAN_POINT('',(112.5,59.,20.));
#4584=CARTESIAN_POINT('',(112.5,59.,20.));
#4585=VECTOR('',#4586,1.);
#4586=DIRECTION('',(0.,1.,0.));
#4587=AXIS2_PLACEMENT_3D('',#4588,#4589,#4590);
#4588=CARTESIAN_POINT('',(102.5,59.,20.));
#4589=DIRECTION('',(0.,1.,0.));
#4590=DIRECTION('',(1.,0.,0.));
#4591=CARTESIAN_POINT('',(112.5,59.,55.));
#4592=VECTOR('',#4593,1.);
#4593=DIRECTION('',(0.,0.,-1.));
#4594=CARTESIAN_POINT('',(52.5,59.,55.));
#4595=CARTESIAN_POINT('',(52.5,59.,55.));
#4596=VECTOR('',#4597,1.);
#4597=DIRECTION('',(0.,1.,0.));
#4598=CARTESIAN_POINT('',(72.5,59.,55.));
#4599=CARTESIAN_POINT('',(72.5,59.,55.));
#4600=VECTOR('',#4601,1.);
#4601=DIRECTION('',(0.,1.,0.));
#4602=AXIS2_PLACEMENT_3D('',#4603,#4604,#4605);
#4603=CARTESIAN_POINT('',(62.5,59.,55.));
#4604=DIRECTION('',(0.,1.,0.));
#4605=DIRECTION('',(-1.,0.,0.));
#4606=CARTESIAN_POINT('',(52.5,59.,20.));
#4607=CARTESIAN_POINT('',(52.5,59.,20.));
#4608=VECTOR('',#4609,1.);
#4609=DIRECTION('',(0.,0.,1.));
#4610=CARTESIAN_POINT('',(52.5,59.,20.));
#4611=VECTOR('',#4612,1.);
#4612=DIRECTION('',(0.,1.,0.));
#4613=CARTESIAN_POINT('',(72.5,59.,20.));
#4614=CARTESIAN_POINT('',(72.5,59.,20.));
#4615=VECTOR('',#4616,1.);
#4616=DIRECTION('',(0.,1.,0.));
#4617=AXIS2_PLACEMENT_3D('',#4618,#4619,#4620);
#4618=CARTESIAN_POINT('',(62.5,59.,20.));
#4619=DIRECTION('',(0.,1.,0.));
#4620=DIRECTION('',(1.,0.,0.));
#4621=CARTESIAN_POINT('',(72.5,59.,55.));
#4622=VECTOR('',#4623,1.);
#4623=DIRECTION('',(0.,0.,-1.));
#4624=CARTESIAN_POINT('',(32.5,59.,55.));
#4625=CARTESIAN_POINT('',(32.5,60.,55.));
#4626=VECTOR('',#4627,1.);
#4627=DIRECTION('',(0.,-1.,0.));
#4628=CARTESIAN_POINT('',(12.5,59.,55.));
#4629=AXIS2_PLACEMENT_3D('',#4630,#4631,#4632);
#4630=CARTESIAN_POINT('',(22.5,59.,55.));
#4631=DIRECTION('',(0.,-1.,0.));
#4632=DIRECTION('',(1.,0.,0.));
#4633=CARTESIAN_POINT('',(12.5,60.,55.));
#4634=VECTOR('',#4635,1.);
#4635=DIRECTION('',(0.,-1.,0.));
#4636=CARTESIAN_POINT('',(12.5,59.,20.));
#4637=CARTESIAN_POINT('',(12.5,59.,20.));
#4638=VECTOR('',#4639,1.);
#4639=DIRECTION('',(0.,0.,1.));
#4640=CARTESIAN_POINT('',(12.5,60.,20.));
#4641=VECTOR('',#4642,1.);
#4642=DIRECTION('',(0.,-1.,0.));
#4643=CARTESIAN_POINT('',(32.5,59.,20.));
#4644=AXIS2_PLACEMENT_3D('',#4645,#4646,#4647);
#4645=CARTESIAN_POINT('',(22.5,59.,20.));
#4646=DIRECTION('',(0.,-1.,0.));
#4647=DIRECTION('',(-1.,0.,-7.105427357601E-16));
#4648=CARTESIAN_POINT('',(32.5,60.,20.));
#4649=VECTOR('',#4650,1.);
#4650=DIRECTION('',(0.,-1.,0.));
#4651=CARTESIAN_POINT('',(32.5,59.,55.));
#4652=VECTOR('',#4653,1.);
#4653=DIRECTION('',(0.,0.,-1.));
#4654=CARTESIAN_POINT('',(155.086969211506,5.,4.83012701885359));
#4655=CARTESIAN_POINT('',(155.086969211506,5.,4.83012701885359));
#4656=VECTOR('',#4657,1.);
#4657=DIRECTION('',(0.866025403763443,0.,-0.500000000036365));
#4658=CARTESIAN_POINT('',(161.633974596055,5.,16.1698729812191));
#4659=CARTESIAN_POINT('',(161.633974596055,5.,16.1698729812191));
#4660=VECTOR('',#4661,1.);
#4661=DIRECTION('',(-0.500000000036362,6.78308911934674E-17,-0.866025403763445));
#4662=CARTESIAN_POINT('',(161.633974596055,5.,16.1698729812191));
#4663=VECTOR('',#4664,1.);
#4664=DIRECTION('',(0.866025403763443,0.,-0.500000000036365));
#4665=CARTESIAN_POINT('',(161.633974596055,55.,16.1698729812192));
#4666=CARTESIAN_POINT('',(161.633974596055,55.,16.1698729812192));
#4667=VECTOR('',#4668,1.);
#4668=DIRECTION('',(-5.6843418860808E-16,-1.,-2.8421709430404E-16));
#4669=CARTESIAN_POINT('',(161.633974596055,55.,16.1698729812192));
#4670=VECTOR('',#4671,1.);
#4671=DIRECTION('',(0.866025403763443,0.,-0.500000000036365));
#4672=CARTESIAN_POINT('',(155.086969211506,55.,4.83012701885359));
#4673=CARTESIAN_POINT('',(155.086969211506,55.,4.83012701885359));
#4674=VECTOR('',#4675,1.);
#4675=DIRECTION('',(0.500000000036363,0.,0.866025403763444));
#4676=CARTESIAN_POINT('',(155.086969211506,55.,4.83012701885359));
#4677=VECTOR('',#4678,1.);
#4678=DIRECTION('',(0.866025403763443,0.,-0.500000000036365));
#4679=CARTESIAN_POINT('',(155.086969211506,5.,4.83012701885359));
#4680=VECTOR('',#4681,1.);
#4681=DIRECTION('',(0.,1.,0.));
#4682=CARTESIAN_POINT('',(31.,29.,2.));
#4683=CARTESIAN_POINT('',(12.7017059234827,29.,2.));
#4684=VECTOR('',#4685,1.);
#4685=DIRECTION('',(1.,1.94155458642442E-16,0.));
#4686=CARTESIAN_POINT('',(31.,29.,2.));
#4687=VECTOR('',#4688,1.);
#4688=DIRECTION('',(0.,0.,1.));
#4689=CARTESIAN_POINT('',(31.,2.,2.));
#4690=CARTESIAN_POINT('',(31.,29.,2.));
#4691=VECTOR('',#4692,1.);
#4692=DIRECTION('',(0.,-1.,0.));
#4693=CARTESIAN_POINT('',(31.,2.,22.));
#4694=CARTESIAN_POINT('',(31.,2.,2.));
#4695=VECTOR('',#4696,1.);
#4696=DIRECTION('',(0.,0.,1.));
#4697=CARTESIAN_POINT('',(31.,7.50000000000001,22.));
#4698=CARTESIAN_POINT('',(31.,7.50000000000001,22.));
#4699=VECTOR('',#4700,1.);
#4700=DIRECTION('',(0.,-1.,0.));
#4701=CARTESIAN_POINT('',(31.,25.0000000000008,7.00000000004542));
#4702=VECTOR('',#4703,1.);
#4703=DIRECTION('',(0.,-0.759256602366284,0.650791373454816));
#4704=CARTESIAN_POINT('',(33.,7.50000000000001,22.));
#4705=CARTESIAN_POINT('',(31.,7.5,22.));
#4706=VECTOR('',#4707,1.);
#4707=DIRECTION('',(1.,0.,0.));
#4708=CARTESIAN_POINT('',(33.,7.5,22.));
#4709=VECTOR('',#4710,1.);
#4710=DIRECTION('',(0.,0.759256602366284,-0.650791373454816));
#4711=CARTESIAN_POINT('',(33.,29.,2.));
#4712=CARTESIAN_POINT('',(33.,29.,7.));
#4713=VECTOR('',#4714,1.);
#4714=DIRECTION('',(0.,0.,-1.));
#4715=CARTESIAN_POINT('',(33.,2.,22.));
#4716=CARTESIAN_POINT('',(33.,2.,22.));
#4717=VECTOR('',#4718,1.);
#4718=DIRECTION('',(0.,1.,0.));
#4719=CARTESIAN_POINT('',(33.,2.,2.));
#4720=CARTESIAN_POINT('',(33.,2.,22.));
#4721=VECTOR('',#4722,1.);
#4722=DIRECTION('',(0.,0.,-1.));
#4723=CARTESIAN_POINT('',(33.,2.,2.));
#4724=VECTOR('',#4725,1.);
#4725=DIRECTION('',(0.,1.,0.));
#4726=CARTESIAN_POINT('',(53.,29.,2.));
#4727=CARTESIAN_POINT('',(53.,29.,2.));
#4728=VECTOR('',#4729,1.);
#4729=DIRECTION('',(0.,0.,1.));
#4730=CARTESIAN_POINT('',(33.,29.,2.));
#4731=VECTOR('',#4732,1.);
#4732=DIRECTION('',(1.,0.,0.));
#4733=CARTESIAN_POINT('',(53.,2.,2.));
#4734=CARTESIAN_POINT('',(53.,29.,2.));
#4735=VECTOR('',#4736,1.);
#4736=DIRECTION('',(0.,-1.,0.));
#4737=CARTESIAN_POINT('',(53.,2.,22.));
#4738=CARTESIAN_POINT('',(53.,2.,2.));
#4739=VECTOR('',#4740,1.);
#4740=DIRECTION('',(0.,0.,1.));
#4741=CARTESIAN_POINT('',(53.,7.50000000000001,22.));
#4742=CARTESIAN_POINT('',(53.,7.50000000000001,22.));
#4743=VECTOR('',#4744,1.);
#4744=DIRECTION('',(0.,-1.,0.));
#4745=CARTESIAN_POINT('',(53.,25.0000000000008,7.00000000004542));
#4746=VECTOR('',#4747,1.);
#4747=DIRECTION('',(0.,-0.759256602366284,0.650791373454816));
#4748=CARTESIAN_POINT('',(55.,7.50000000000001,22.));
#4749=CARTESIAN_POINT('',(53.,7.5,22.));
#4750=VECTOR('',#4751,1.);
#4751=DIRECTION('',(1.,0.,0.));
#4752=CARTESIAN_POINT('',(55.,7.5,22.));
#4753=VECTOR('',#4754,1.);
#4754=DIRECTION('',(0.,0.759256602366284,-0.650791373454816));
#4755=CARTESIAN_POINT('',(55.,29.,2.));
#4756=CARTESIAN_POINT('',(55.,29.,7.));
#4757=VECTOR('',#4758,1.);
#4758=DIRECTION('',(0.,0.,-1.));
#4759=CARTESIAN_POINT('',(55.,2.,22.));
#4760=CARTESIAN_POINT('',(55.,2.,22.));
#4761=VECTOR('',#4762,1.);
#4762=DIRECTION('',(0.,1.,0.));
#4763=CARTESIAN_POINT('',(55.,2.,2.));
#4764=CARTESIAN_POINT('',(55.,2.,22.));
#4765=VECTOR('',#4766,1.);
#4766=DIRECTION('',(0.,0.,-1.));
#4767=CARTESIAN_POINT('',(55.,2.,2.));
#4768=VECTOR('',#4769,1.);
#4769=DIRECTION('',(0.,1.,0.));
#4770=CARTESIAN_POINT('',(75.,29.,2.));
#4771=CARTESIAN_POINT('',(75.,29.,2.));
#4772=VECTOR('',#4773,1.);
#4773=DIRECTION('',(0.,0.,1.));
#4774=CARTESIAN_POINT('',(55.,29.,2.));
#4775=VECTOR('',#4776,1.);
#4776=DIRECTION('',(1.,0.,0.));
#4777=CARTESIAN_POINT('',(75.,2.,2.));
#4778=CARTESIAN_POINT('',(75.,29.,2.));
#4779=VECTOR('',#4780,1.);
#4780=DIRECTION('',(0.,-1.,0.));
#4781=CARTESIAN_POINT('',(75.,2.,22.));
#4782=CARTESIAN_POINT('',(75.,2.,2.));
#4783=VECTOR('',#4784,1.);
#4784=DIRECTION('',(0.,0.,1.));
#4785=CARTESIAN_POINT('',(75.,7.50000000000002,22.));
#4786=CARTESIAN_POINT('',(75.,7.50000000000002,22.));
#4787=VECTOR('',#4788,1.);
#4788=DIRECTION('',(0.,-1.,0.));
#4789=CARTESIAN_POINT('',(75.,25.0000000000008,7.00000000004542));
#4790=VECTOR('',#4791,1.);
#4791=DIRECTION('',(0.,-0.759256602366284,0.650791373454816));
#4792=CARTESIAN_POINT('',(77.,7.50000000000001,22.));
#4793=CARTESIAN_POINT('',(75.,7.5,22.));
#4794=VECTOR('',#4795,1.);
#4795=DIRECTION('',(1.,0.,0.));
#4796=CARTESIAN_POINT('',(77.,7.5,22.));
#4797=VECTOR('',#4798,1.);
#4798=DIRECTION('',(0.,0.759256602366284,-0.650791373454816));
#4799=CARTESIAN_POINT('',(77.,29.,2.));
#4800=CARTESIAN_POINT('',(77.,29.,7.));
#4801=VECTOR('',#4802,1.);
#4802=DIRECTION('',(0.,0.,-1.));
#4803=CARTESIAN_POINT('',(77.,2.,22.));
#4804=CARTESIAN_POINT('',(77.,2.,22.));
#4805=VECTOR('',#4806,1.);
#4806=DIRECTION('',(0.,1.,0.));
#4807=CARTESIAN_POINT('',(77.,2.,2.));
#4808=CARTESIAN_POINT('',(77.,2.,22.));
#4809=VECTOR('',#4810,1.);
#4810=DIRECTION('',(0.,0.,-1.));
#4811=CARTESIAN_POINT('',(77.,2.,2.));
#4812=VECTOR('',#4813,1.);
#4813=DIRECTION('',(0.,1.,0.));
#4814=CARTESIAN_POINT('',(97.,29.,2.));
#4815=CARTESIAN_POINT('',(97.,29.,2.));
#4816=VECTOR('',#4817,1.);
#4817=DIRECTION('',(0.,0.,1.));
#4818=CARTESIAN_POINT('',(77.,29.,2.));
#4819=VECTOR('',#4820,1.);
#4820=DIRECTION('',(1.,1.77635683940025E-16,0.));
#4821=CARTESIAN_POINT('',(97.,2.,2.));
#4822=CARTESIAN_POINT('',(97.,29.,2.));
#4823=VECTOR('',#4824,1.);
#4824=DIRECTION('',(0.,-1.,0.));
#4825=CARTESIAN_POINT('',(97.,2.,22.));
#4826=CARTESIAN_POINT('',(97.,2.,2.));
#4827=VECTOR('',#4828,1.);
#4828=DIRECTION('',(0.,0.,1.));
#4829=CARTESIAN_POINT('',(97.,7.50000000000001,22.));
#4830=CARTESIAN_POINT('',(97.,7.50000000000001,22.));
#4831=VECTOR('',#4832,1.);
#4832=DIRECTION('',(0.,-1.,0.));
#4833=CARTESIAN_POINT('',(97.,25.0000000000008,7.00000000004542));
#4834=VECTOR('',#4835,1.);
#4835=DIRECTION('',(0.,-0.759256602366284,0.650791373454816));
#4836=CARTESIAN_POINT('',(99.,7.50000000000001,22.));
#4837=CARTESIAN_POINT('',(97.,7.5,22.));
#4838=VECTOR('',#4839,1.);
#4839=DIRECTION('',(1.,0.,0.));
#4840=CARTESIAN_POINT('',(99.,7.5,22.));
#4841=VECTOR('',#4842,1.);
#4842=DIRECTION('',(0.,0.759256602366284,-0.650791373454816));
#4843=CARTESIAN_POINT('',(99.,29.,2.));
#4844=CARTESIAN_POINT('',(99.,29.,7.));
#4845=VECTOR('',#4846,1.);
#4846=DIRECTION('',(0.,0.,-1.));
#4847=CARTESIAN_POINT('',(99.,2.,22.));
#4848=CARTESIAN_POINT('',(99.,2.,22.));
#4849=VECTOR('',#4850,1.);
#4850=DIRECTION('',(0.,1.,0.));
#4851=CARTESIAN_POINT('',(99.,2.,2.));
#4852=CARTESIAN_POINT('',(99.,2.,22.));
#4853=VECTOR('',#4854,1.);
#4854=DIRECTION('',(0.,0.,-1.));
#4855=CARTESIAN_POINT('',(99.,2.,2.));
#4856=VECTOR('',#4857,1.);
#4857=DIRECTION('',(0.,1.,0.));
#4858=CARTESIAN_POINT('',(119.,29.,2.));
#4859=CARTESIAN_POINT('',(119.,29.,2.));
#4860=VECTOR('',#4861,1.);
#4861=DIRECTION('',(0.,0.,1.));
#4862=CARTESIAN_POINT('',(99.,29.,2.));
#4863=VECTOR('',#4864,1.);
#4864=DIRECTION('',(1.,0.,0.));
#4865=CARTESIAN_POINT('',(119.,2.,2.));
#4866=CARTESIAN_POINT('',(119.,29.,2.));
#4867=VECTOR('',#4868,1.);
#4868=DIRECTION('',(0.,-1.,0.));
#4869=CARTESIAN_POINT('',(119.,2.,22.));
#4870=CARTESIAN_POINT('',(119.,2.,2.));
#4871=VECTOR('',#4872,1.);
#4872=DIRECTION('',(0.,0.,1.));
#4873=CARTESIAN_POINT('',(119.,7.50000000000001,22.));
#4874=CARTESIAN_POINT('',(119.,7.50000000000001,22.));
#4875=VECTOR('',#4876,1.);
#4876=DIRECTION('',(0.,-1.,0.));
#4877=CARTESIAN_POINT('',(119.,25.0000000000008,7.00000000004542));
#4878=VECTOR('',#4879,1.);
#4879=DIRECTION('',(0.,-0.759256602366284,0.650791373454816));
#4880=CARTESIAN_POINT('',(121.,7.50000000000001,22.));
#4881=CARTESIAN_POINT('',(119.,7.5,22.));
#4882=VECTOR('',#4883,1.);
#4883=DIRECTION('',(1.,0.,0.));
#4884=CARTESIAN_POINT('',(121.,7.5,22.));
#4885=VECTOR('',#4886,1.);
#4886=DIRECTION('',(0.,0.759256602366284,-0.650791373454816));
#4887=CARTESIAN_POINT('',(121.,29.,2.));
#4888=CARTESIAN_POINT('',(121.,29.,7.));
#4889=VECTOR('',#4890,1.);
#4890=DIRECTION('',(0.,0.,-1.));
#4891=CARTESIAN_POINT('',(121.,2.,22.));
#4892=CARTESIAN_POINT('',(121.,2.,22.));
#4893=VECTOR('',#4894,1.);
#4894=DIRECTION('',(0.,1.,0.));
#4895=CARTESIAN_POINT('',(121.,2.,2.));
#4896=CARTESIAN_POINT('',(121.,2.,22.));
#4897=VECTOR('',#4898,1.);
#4898=DIRECTION('',(0.,0.,-1.));
#4899=CARTESIAN_POINT('',(121.,2.,2.));
#4900=VECTOR('',#4901,1.);
#4901=DIRECTION('',(0.,1.,0.));
#4902=CARTESIAN_POINT('',(141.,29.,2.));
#4903=CARTESIAN_POINT('',(141.,29.,2.));
#4904=VECTOR('',#4905,1.);
#4905=DIRECTION('',(0.,0.,1.));
#4906=CARTESIAN_POINT('',(121.,29.,2.));
#4907=VECTOR('',#4908,1.);
#4908=DIRECTION('',(1.,1.77635683940025E-16,0.));
#4909=CARTESIAN_POINT('',(141.,2.,2.));
#4910=CARTESIAN_POINT('',(141.,29.,2.));
#4911=VECTOR('',#4912,1.);
#4912=DIRECTION('',(0.,-1.,0.));
#4913=CARTESIAN_POINT('',(141.,2.,22.));
#4914=CARTESIAN_POINT('',(141.,2.,2.));
#4915=VECTOR('',#4916,1.);
#4916=DIRECTION('',(0.,0.,1.));
#4917=CARTESIAN_POINT('',(141.,7.50000000000001,22.));
#4918=CARTESIAN_POINT('',(141.,7.50000000000001,22.));
#4919=VECTOR('',#4920,1.);
#4920=DIRECTION('',(0.,-1.,0.));
#4921=CARTESIAN_POINT('',(141.,25.0000000000008,7.00000000004542));
#4922=VECTOR('',#4923,1.);
#4923=DIRECTION('',(0.,-0.759256602366284,0.650791373454816));
#4924=CARTESIAN_POINT('',(143.,7.49999999999999,22.));
#4925=CARTESIAN_POINT('',(141.,7.5,22.));
#4926=VECTOR('',#4927,1.);
#4927=DIRECTION('',(1.,0.,0.));
#4928=CARTESIAN_POINT('',(143.,7.5,22.));
#4929=VECTOR('',#4930,1.);
#4930=DIRECTION('',(0.,0.759256602366284,-0.650791373454816));
#4931=CARTESIAN_POINT('',(143.,29.,2.));
#4932=CARTESIAN_POINT('',(143.,29.,7.));
#4933=VECTOR('',#4934,1.);
#4934=DIRECTION('',(0.,0.,-1.));
#4935=CARTESIAN_POINT('',(143.,2.,22.));
#4936=CARTESIAN_POINT('',(143.,2.,22.));
#4937=VECTOR('',#4938,1.);
#4938=DIRECTION('',(0.,1.,0.));
#4939=CARTESIAN_POINT('',(143.,2.,2.));
#4940=CARTESIAN_POINT('',(143.,2.,22.));
#4941=VECTOR('',#4942,1.);
#4942=DIRECTION('',(0.,0.,-1.));
#4943=CARTESIAN_POINT('',(143.,2.,2.));
#4944=VECTOR('',#4945,1.);
#4945=DIRECTION('',(0.,1.,0.));
#4946=CARTESIAN_POINT('',(143.,29.,2.));
#4947=VECTOR('',#4948,1.);
#4948=DIRECTION('',(1.,3.8208230989089E-16,0.));
#4949=CARTESIAN_POINT('',(152.298294076517,2.,2.));
#4950=VECTOR('',#4951,1.);
#4951=DIRECTION('',(-1.,0.,0.));
#4952=CARTESIAN_POINT('',(141.,2.,22.));
#4953=VECTOR('',#4954,1.);
#4954=DIRECTION('',(1.,0.,0.));
#4955=CARTESIAN_POINT('',(141.,2.,2.));
#4956=VECTOR('',#4957,1.);
#4957=DIRECTION('',(-1.,0.,0.));
#4958=CARTESIAN_POINT('',(119.,2.,22.));
#4959=VECTOR('',#4960,1.);
#4960=DIRECTION('',(1.,0.,0.));
#4961=CARTESIAN_POINT('',(119.,2.,2.));
#4962=VECTOR('',#4963,1.);
#4963=DIRECTION('',(-1.,0.,0.));
#4964=CARTESIAN_POINT('',(97.,2.,22.));
#4965=VECTOR('',#4966,1.);
#4966=DIRECTION('',(1.,0.,0.));
#4967=CARTESIAN_POINT('',(97.,2.,2.));
#4968=VECTOR('',#4969,1.);
#4969=DIRECTION('',(-1.,0.,0.));
#4970=CARTESIAN_POINT('',(75.,2.,22.));
#4971=VECTOR('',#4972,1.);
#4972=DIRECTION('',(1.,0.,0.));
#4973=CARTESIAN_POINT('',(75.,2.,2.));
#4974=VECTOR('',#4975,1.);
#4975=DIRECTION('',(-1.,0.,0.));
#4976=CARTESIAN_POINT('',(53.,2.,22.));
#4977=VECTOR('',#4978,1.);
#4978=DIRECTION('',(1.,0.,0.));
#4979=CARTESIAN_POINT('',(53.,2.,2.));
#4980=VECTOR('',#4981,1.);
#4981=DIRECTION('',(-1.,0.,0.));
#4982=CARTESIAN_POINT('',(31.,2.,22.));
#4983=VECTOR('',#4984,1.);
#4984=DIRECTION('',(1.,0.,0.));
#4985=CARTESIAN_POINT('',(31.,2.,2.));
#4986=VECTOR('',#4987,1.);
#4987=DIRECTION('',(-1.,0.,0.));
#4988=CARTESIAN_POINT('',(163.,22.5,55.));
#4989=VECTOR('',#4990,1.);
#4990=DIRECTION('',(1.,0.,0.));
#4991=CARTESIAN_POINT('',(163.,22.5,49.));
#4992=VECTOR('',#4993,1.);
#4993=DIRECTION('',(1.,0.,0.));
#4994=CARTESIAN_POINT('',(163.,37.5,49.));
#4995=VECTOR('',#4996,1.);
#4996=DIRECTION('',(1.,0.,0.));
#4997=CARTESIAN_POINT('',(163.,37.5000000000001,55.));
#4998=VECTOR('',#4999,1.);
#4999=DIRECTION('',(1.,0.,0.));
ENDSEC;
END-ISO-10303-21;
